subject_nr,group,lang,trial_nr,block_index,position,img_left,img_right,x_left,y_left,x_right,y_right,first_fix_side,first_fix_rt_ms,response_time_ms,correct,arrangement,first_fix_direction,csvlog_fixated_clock,csvlog_physical_side,csvlog_physical_vert,reading_start_side,fix_matches_reading_onset,fpog_first_fix_direction,fpog_first_fix_rt_ms,fpog_first_fix_x,fpog_first_fix_y,fpog_median_ecc_px,fpog_exclusion_reason,fpog_excluded,fpog_fixated_clock,fpog_physical_side,fpog_physical_vert,bpog_first_fix_direction,bpog_first_fix_rt_ms,bpog_exclusion_reason,bpog_excluded,bpog_fixated_clock,bpog_physical_side,bpog_physical_vert
43,LTR,Deutsch,1,0,2,000.png,001.png,-267,-154,267,154,000.png,92.43739999987883,3277.8136000001687,undefined,"(10, 4)",left,10.0,left,up,left,True,left,461.82999999996355,682.2426666666667,384.41550000000007,318.36405711181413,none,False,10.0,left,up,left,408.5099999999784,none,False,10.0,left,up
43,LTR,Deutsch,2,0,5,002.png,003.png,-154,267,154,-267,none,-1.0,4907.792599999986,undefined,"(7, 1)",none,,,,left,,right,5385.199999999997,1084.9001142857144,320.08615714285713,269.660025667783,none,False,1.0,right,up,right,5344.879999999989,none,False,1.0,right,up
43,LTR,Deutsch,3,0,3,004.png,005.png,-154,-267,154,267,004.png,31.158699999868983,2478.232100000023,undefined,"(11, 5)",left,11.0,left,up,left,True,left,341.73000000004095,823.417756097561,315.0652390243902,296.90012422664967,none,False,11.0,left,up,left,321.68000000001484,none,False,11.0,left,up
43,LTR,Deutsch,4,0,2,006.png,007.png,-267,-154,267,154,006.png,32.59490000005462,2120.3760000000766,undefined,"(10, 4)",left,10.0,left,up,left,True,left,274.65999999998303,711.6433655172414,374.6244413793104,298.37910999382603,none,False,10.0,left,up,left,241.20999999996684,none,False,10.0,left,up
43,LTR,Deutsch,5,0,6,008.png,009.png,-267,154,267,-154,none,-1.0,2042.5995000000696,undefined,"(8, 2)",none,,,,left,,right,5331.9099999999935,1218.4155428571428,359.5946785714286,319.1608621957047,none,False,2.0,right,up,right,5291.839999999979,none,False,2.0,right,up
43,LTR,Deutsch,6,0,3,010.png,011.png,-154,-267,154,267,010.png,31.408800000004703,2010.8172000000195,undefined,"(11, 5)",left,11.0,left,up,left,True,left,334.59999999996626,814.9527272727272,324.25363636363636,304.708272825554,none,False,11.0,left,up,left,314.91999999997233,none,False,11.0,left,up
43,LTR,Deutsch,7,0,2,012.png,013.png,-267,-154,267,154,012.png,30.948700000182725,1906.9380999999412,undefined,"(10, 4)",left,10.0,left,up,left,True,left,281.31000000001904,706.1742857142857,355.40543571428566,312.0010137212839,none,False,10.0,left,up,left,254.58000000003267,none,False,10.0,left,up
43,LTR,Deutsch,8,0,4,014.png,015.png,0,-308,0,308,014.png,135.6160999998974,1940.0206000000471,undefined,"(12, 6)",left,12.0,,up,left,True,left,422.03000000000657,929.3061565217391,249.77410434782607,239.56522741197261,none,False,12.0,,up,left,381.870000000049,none,False,12.0,,up
43,LTR,Deutsch,9,1,5,000.png,001.png,-154,267,154,-267,none,-1.0,2309.390500000067,undefined,"(7, 1)",none,,,,left,,right,5411.900000000003,1111.0122305084744,252.4922847457627,325.26442714312316,none,False,1.0,right,up,right,5371.8000000000075,none,False,1.0,right,up
43,LTR,Deutsch,10,1,6,002.png,003.png,-267,154,267,-154,002.png,2443.969400000031,1646.513300000166,undefined,"(8, 2)",left,8.0,left,down,left,True,left,2699.4100000000003,647.7227162790698,649.7259906976744,327.81227908306164,none,False,8.0,left,down,left,2672.2499999999627,none,False,8.0,left,down
43,LTR,Deutsch,11,1,5,004.png,005.png,-154,267,154,-267,none,-1.0,1251.7038000000755,undefined,"(7, 1)",none,,,,left,,left,5291.409999999985,864.6615272727272,694.2829090909091,314.8264509404764,none,False,7.0,left,down,left,5110.5400000000145,none,False,7.0,left,down
43,LTR,Deutsch,12,1,4,006.png,007.png,0,-308,0,308,none,-1.0,1658.6529000001028,undefined,"(12, 6)",none,,,,left,,left,5358.150000000023,946.7739428571429,259.04664,281.2645002179189,none,False,12.0,,up,right,602.6299999999765,none,False,6.0,,down
43,LTR,Deutsch,13,1,1,008.png,009.png,-308,0,308,0,008.png,31.45530000005965,1949.9783000000753,undefined,"(9, 3)",left,9.0,left,,left,True,left,267.76000000000977,628.210427586207,539.5097172413792,356.75212599227916,none,False,9.0,left,,left,241.0199999999918,none,False,9.0,left,
43,LTR,Deutsch,14,1,1,010.png,011.png,-308,0,308,0,010.png,168.16990000003716,1193.24370000005,undefined,"(9, 3)",left,9.0,left,,left,True,left,401.6199999999799,621.6327272727273,493.55509090909095,358.8341783114275,none,False,9.0,left,,left,374.88000000001875,none,False,9.0,left,
43,LTR,Deutsch,15,1,6,012.png,013.png,-267,154,267,-154,012.png,30.755000000004657,1318.2973999998649,undefined,"(8, 2)",left,8.0,left,down,left,True,left,555.9700000000021,678.6750608695652,618.4141826086956,271.5204893569792,none,False,8.0,left,down,left,354.7100000000114,none,False,8.0,left,down
43,LTR,Deutsch,16,1,5,014.png,015.png,-154,267,154,-267,014.png,2547.9519000000437,3707.303200000082,undefined,"(7, 1)",left,7.0,left,down,left,True,left,2853.490000000022,808.1046857142858,696.7334571428571,291.7282167689471,none,False,7.0,left,down,left,1245.8799999999997,none,False,7.0,left,down
43,LTR,Deutsch,17,2,3,000.png,001.png,-154,-267,154,267,000.png,31.382099999987982,3345.820799999929,undefined,"(11, 5)",left,11.0,left,up,left,True,left,267.91000000002896,787.5688421052631,361.0673052631579,282.70420598590266,none,False,11.0,left,up,left,247.7999999999838,none,False,11.0,left,up
43,LTR,Deutsch,18,2,4,002.png,003.png,0,-308,0,308,none,-1.0,1938.7357000000193,undefined,"(12, 6)",none,,,,left,,left,5311.339999999973,914.6112,275.3359448275862,275.65310587216163,none,False,12.0,,up,right,354.7999999999547,none,False,6.0,,down
43,LTR,Deutsch,19,2,1,004.png,005.png,-308,0,308,0,004.png,95.18170000001555,1361.4749999999185,undefined,"(9, 3)",left,9.0,left,,left,True,left,348.28999999996313,657.9976421052631,532.4216684210526,316.9984048854886,none,False,9.0,left,,left,321.52999999999565,none,False,9.0,left,
43,LTR,Deutsch,20,2,1,006.png,007.png,-308,0,308,0,006.png,30.19820000010077,1059.3655000000144,undefined,"(9, 3)",left,9.0,left,,left,True,left,341.609999999946,664.3642434782608,543.313252173913,299.8398792421306,none,False,9.0,left,,left,308.1600000000435,none,False,9.0,left,
43,LTR,Deutsch,21,2,4,008.png,009.png,0,-308,0,308,none,-1.0,1410.436499999836,undefined,"(12, 6)",none,,,,left,,left,5425.360000000069,902.6944000000001,291.26250000000005,293.8152382724482,none,False,12.0,,up,right,153.99999999999636,none,False,6.0,,down
43,LTR,Deutsch,22,2,5,010.png,011.png,-154,267,154,-267,010.png,32.32240000012098,1535.5580999999074,undefined,"(7, 1)",left,7.0,left,down,left,True,right,422.00000000002547,1094.2869942857142,278.48448,292.76452594882477,none,False,1.0,right,up,right,375.0,none,False,1.0,right,up
43,LTR,Deutsch,23,2,6,012.png,013.png,-267,154,267,-154,none,-1.0,2230.5209999999497,undefined,"(8, 2)",none,,,,left,,right,5372.010000000046,1213.3241379310348,385.3052689655172,314.4370537544544,none,False,2.0,right,up,right,5338.570000000004,none,False,2.0,right,up
43,LTR,Deutsch,24,2,5,014.png,015.png,-154,267,154,-267,none,-1.0,1601.320000000007,undefined,"(7, 1)",none,,,,left,,right,5284.96999999993,1113.8912,274.0384285714286,274.25808143685333,none,False,1.0,right,up,right,1433.8299999999435,none,False,1.0,right,up
43,LTR,Deutsch,25,3,5,000.png,001.png,-154,267,154,-267,000.png,32.68430000002263,1250.5106999999844,undefined,"(7, 1)",left,7.0,left,down,left,True,right,401.31000000008044,1097.409476923077,266.4726923076923,338.9676567228509,none,False,1.0,right,up,right,375.0,none,False,1.0,right,up
43,LTR,Deutsch,26,3,1,002.png,003.png,-308,0,308,0,002.png,193.02710000012303,1204.3091000000131,undefined,"(9, 3)",left,9.0,left,,left,True,left,535.5200000000195,671.716224,502.4157839999999,312.77336507320916,none,False,9.0,left,,left,481.93000000003394,none,False,9.0,left,
43,LTR,Deutsch,27,3,5,004.png,005.png,-154,267,154,-267,004.png,31.570200000016484,1236.347199999902,undefined,"(7, 1)",left,7.0,left,down,left,True,right,455.87000000000444,1119.4262709677419,260.97468387096774,312.9207777002189,none,False,1.0,right,up,right,422.18000000002576,none,False,1.0,right,up
43,LTR,Deutsch,28,3,3,006.png,007.png,-154,-267,154,267,006.png,29.757199999934528,1131.6662000001525,undefined,"(11, 5)",left,11.0,left,up,left,True,left,261.1100000000306,804.7633920000001,272.57904,290.19882313431185,none,False,11.0,left,up,left,234.01000000001204,none,False,11.0,left,up
43,LTR,Deutsch,29,3,4,008.png,009.png,0,-308,0,308,none,-1.0,1603.1940999998478,undefined,"(12, 6)",none,,,,left,,left,5325.260000000071,950.5742769230769,302.78464615384615,292.6972549305811,none,False,12.0,,up,right,2446.109999999976,none,False,6.0,,down
43,LTR,Deutsch,30,3,4,010.png,011.png,0,-308,0,308,none,-1.0,1864.0544000000227,undefined,"(12, 6)",none,,,,left,,left,5271.61000000001,933.1629714285714,338.51108571428574,305.64660430059365,none,False,12.0,,up,right,643.0100000000039,none,False,6.0,,down
43,LTR,Deutsch,31,3,2,012.png,013.png,-267,-154,267,154,012.png,30.87790000019595,1366.6139000001713,undefined,"(10, 4)",left,10.0,left,up,left,True,left,314.7599999999784,680.069052631579,346.706147368421,305.09707231703266,none,False,10.0,left,up,left,267.879999999991,none,False,10.0,left,up
43,LTR,Deutsch,32,3,6,014.png,015.png,-267,154,267,-154,014.png,2004.2668999999296,1568.7257000001846,undefined,"(8, 2)",left,8.0,left,down,left,True,left,2257.509999999911,707.4745756097561,594.903512195122,317.1596506371289,none,False,8.0,left,down,left,2210.389999999961,none,False,8.0,left,down
43,LTR,Deutsch,33,4,2,000.png,001.png,-267,-154,267,154,000.png,31.42809999990277,1154.2343000001274,undefined,"(10, 4)",left,10.0,left,up,left,True,left,288.14999999997326,695.6872119402985,371.37911641791044,267.5640465596697,none,False,10.0,left,up,left,254.76000000003296,none,False,10.0,left,up
43,LTR,Deutsch,34,4,6,002.png,003.png,-267,154,267,-154,002.png,770.3168000000296,1481.111600000062,undefined,"(8, 2)",left,8.0,left,down,left,True,left,1018.1299999999283,677.8362514285715,606.0882857142856,333.15189409008985,none,False,8.0,left,down,right,288.0799999999226,none,False,2.0,right,up
43,LTR,Deutsch,35,4,1,004.png,005.png,-308,0,308,0,004.png,85.88879999984056,1382.5377999999328,undefined,"(9, 3)",left,9.0,left,,left,True,left,408.5700000000543,691.8737142857142,455.0948357142857,340.42784587733127,none,False,9.0,left,,left,382.0100000000366,none,False,9.0,left,
43,LTR,Deutsch,36,4,4,006.png,007.png,0,-308,0,308,none,-1.0,1658.2989999998829,undefined,"(12, 6)",none,,,,left,,left,5271.239999999921,921.9373714285714,266.0429571428571,295.9317943654125,none,False,12.0,,up,right,3215.149999999994,none,False,6.0,,down
43,LTR,Deutsch,37,4,3,008.png,009.png,-154,-267,154,267,008.png,30.731299999868497,1975.461999999941,undefined,"(11, 5)",left,11.0,left,up,left,True,left,281.3700000000381,803.8378666666667,309.9387,256.57809713130547,none,False,11.0,left,up,left,254.58000000003267,none,False,11.0,left,up
43,LTR,Deutsch,38,4,2,010.png,011.png,-267,-154,267,154,010.png,31.424900000100024,611.5712000001222,undefined,"(10, 4)",left,10.0,left,up,left,True,left,301.3899999999694,735.97824,375.93395999999996,307.30568886087826,none,False,10.0,left,up,left,254.40000000003238,none,False,10.0,left,up
43,LTR,Deutsch,39,4,2,012.png,013.png,-267,-154,267,154,012.png,403.83170000021346,1036.9904000002423,undefined,"(10, 4)",left,10.0,left,up,left,True,left,870.7899999999427,653.9648470588235,347.2422352941176,320.8617411900374,none,False,10.0,left,up,right,468.8099999999622,none,False,4.0,right,down
43,LTR,Deutsch,40,4,3,014.png,015.png,-154,-267,154,267,014.png,31.332500000018623,1326.3660000000382,undefined,"(11, 5)",left,11.0,left,up,left,True,left,415.2800000000525,778.8343578947367,288.30401052631584,282.09722951171017,none,False,11.0,left,up,left,348.3200000000579,none,False,11.0,left,up
43,LTR,Deutsch,41,5,2,000.png,001.png,-267,-154,267,154,000.png,32.296399999875575,1303.207700000028,undefined,"(10, 4)",left,10.0,left,up,left,True,left,282.05000000002656,689.0047135135135,371.12842702702704,307.2252172436544,none,False,10.0,left,up,left,255.31000000000859,none,False,10.0,left,up
43,LTR,Deutsch,42,5,1,002.png,003.png,-308,0,308,0,002.png,31.47439999994822,757.7930000000633,undefined,"(9, 3)",left,9.0,left,,left,True,left,267.879999999991,622.5880615384615,561.4828615384615,353.05307215378525,none,False,9.0,left,,left,247.54999999993288,none,False,9.0,left,
43,LTR,Deutsch,43,5,6,004.png,005.png,-267,154,267,-154,none,-1.0,973.2684999998892,undefined,"(8, 2)",none,,,,left,,left,5271.489999999972,695.31456,709.2126000000001,307.44692816828695,none,False,8.0,left,down,left,5211.42999999995,none,False,8.0,left,down
43,LTR,Deutsch,44,5,6,006.png,007.png,-267,154,267,-154,006.png,4325.069000000018,1440.1794000000227,undefined,"(8, 2)",left,8.0,left,down,left,True,left,4568.419999999946,677.004243478261,681.0858782608695,316.2148371818633,none,False,8.0,left,down,left,4534.539999999993,none,False,8.0,left,down
43,LTR,Deutsch,45,5,4,008.png,009.png,0,-308,0,308,none,-1.0,991.1779999999562,undefined,"(12, 6)",none,,,,left,,left,5338.250000000016,947.5554461538461,241.6578923076923,296.6692471474007,none,False,12.0,,up,left,5318.480000000022,none,False,12.0,,up
43,LTR,Deutsch,46,5,3,010.png,011.png,-154,-267,154,267,010.png,30.902899999986403,1043.4444000000367,undefined,"(11, 5)",left,11.0,left,up,left,True,left,267.94999999992797,823.59024,268.34463,317.0336751617328,none,False,11.0,left,up,left,247.80999999995856,none,False,11.0,left,up
43,LTR,Deutsch,47,5,1,012.png,013.png,-308,0,308,0,012.png,30.865999999805354,2197.1231999999145,undefined,"(9, 3)",left,9.0,left,,left,True,left,374.8799999999619,662.8975542857144,516.6775542857143,336.5869392666408,none,False,9.0,left,,left,341.62000000003445,none,False,9.0,left,
43,LTR,Deutsch,48,5,3,014.png,015.png,-154,-267,154,267,014.png,32.18550000002142,2416.4688000000315,undefined,"(11, 5)",left,11.0,left,up,left,True,left,287.89999999992233,782.0309333333335,327.53,309.48010136498755,none,False,11.0,left,up,left,281.25,none,False,11.0,left,up
44,RTL,Arabic,1,0,2,000.png,001.png,-267,-154,267,154,000.png,31.195200000176555,4761.707800000295,undefined,"(10, 4)",left,10.0,left,up,right,False,left,361.76000000000386,669.0704000000001,426.86789999999996,345.56498121096354,none,False,10.0,left,up,left,328.28000000000657,none,False,10.0,left,up
44,RTL,Arabic,2,0,4,002.png,003.png,0,-308,0,308,none,-1.0,3673.680200000046,undefined,"(12, 6)",none,,,,right,,left,5392.51999999999,951.42784,222.9756,334.1133620853857,none,False,12.0,,up,right,1447.240000000022,none,False,6.0,,down
44,RTL,Arabic,3,0,1,004.png,005.png,-308,0,308,0,004.png,60.35179999981483,1902.056100000205,undefined,"(9, 3)",left,9.0,left,,right,False,left,314.81999999999744,614.0074105263158,533.7527684210527,346.04898478843484,none,False,9.0,left,,left,288.0000000000109,none,False,9.0,left,
44,RTL,Arabic,4,0,2,006.png,007.png,-267,-154,267,154,006.png,30.33499999990454,1556.297199999768,undefined,"(10, 4)",left,10.0,left,up,right,False,left,327.94000000001233,680.0788114285715,427.59792,327.97774848450285,none,False,10.0,left,up,left,307.5200000000109,none,False,10.0,left,up
44,RTL,Arabic,5,0,4,008.png,009.png,0,-308,0,308,none,-1.0,2696.8271999999124,undefined,"(12, 6)",none,,,,right,,left,5325.040000000001,939.5643428571428,239.6824714285714,303.52701339376756,none,False,12.0,,up,right,3998.5300000000166,none,False,6.0,,down
44,RTL,Arabic,6,0,3,010.png,011.png,-154,-267,154,267,010.png,32.230500000412576,1307.28900000031,undefined,"(11, 5)",left,11.0,left,up,right,False,left,334.67999999999165,799.5243428571428,314.3837571428572,339.2724244768682,none,False,11.0,left,up,left,301.44999999998845,none,False,11.0,left,up
44,RTL,Arabic,7,0,5,012.png,013.png,-154,267,154,-267,012.png,2194.749400000088,2796.6705999997503,undefined,"(7, 1)",left,7.0,left,down,right,False,right,2444.850000000031,1152.4299636363637,301.3651636363636,314.80703936830884,none,False,1.0,right,up,left,1018.0900000000292,none,False,7.0,left,down
44,RTL,Arabic,8,0,6,014.png,015.png,-267,154,267,-154,none,-1.0,2962.013299999875,undefined,"(8, 2)",none,,,,right,,right,5304.719999999975,1233.0462,404.6047875,366.8205300068392,none,False,2.0,right,up,right,5278.039999999975,none,False,2.0,right,up
44,RTL,Arabic,9,1,6,000.png,001.png,-267,154,267,-154,000.png,252.35089999978663,1641.4113000000652,undefined,"(8, 2)",left,8.0,left,down,right,False,left,643.0700000000229,674.4874666666667,601.9984000000001,341.2270819683324,none,False,8.0,left,down,left,602.9100000000085,none,False,8.0,left,down
44,RTL,Arabic,10,1,6,002.png,003.png,-267,154,267,-154,002.png,3913.554000000207,1327.1876999997476,undefined,"(8, 2)",left,8.0,left,down,right,False,right,4300.080000000036,1214.4648827586207,422.4427448275862,380.7233704221536,none,False,2.0,right,up,right,4239.869999999996,none,False,2.0,right,up
44,RTL,Arabic,11,1,2,004.png,005.png,-267,-154,267,154,004.png,31.28639999977895,1377.5514999997397,undefined,"(10, 4)",left,10.0,left,up,right,False,left,341.2500000000023,713.053935483871,423.40877419354837,326.42339889236183,none,False,10.0,left,up,left,307.7400000000239,none,False,10.0,left,up
44,RTL,Arabic,12,1,6,006.png,007.png,-267,154,267,-154,006.png,203.13690000012863,1475.267599999817,undefined,"(8, 2)",left,8.0,left,down,right,False,right,515.7200000000444,1301.4922239999999,387.92304,325.09994173153274,none,False,2.0,right,up,right,482.2700000000282,none,False,2.0,right,up
44,RTL,Arabic,13,1,5,008.png,009.png,-154,267,154,-267,008.png,1176.7709000000614,1803.7260999999417,undefined,"(7, 1)",left,7.0,left,down,right,False,right,1440.46000000003,1113.9648000000002,320.9655724137931,312.5460713160837,none,False,1.0,right,up,right,1406.9800000000328,none,False,1.0,right,up
44,RTL,Arabic,14,1,3,010.png,011.png,-154,-267,154,267,010.png,481.65059999976074,870.1661999998614,undefined,"(11, 5)",left,11.0,left,up,right,False,left,817.1900000000392,801.2642042553192,287.79541276595745,301.42561310657936,none,False,11.0,left,up,left,803.7700000000427,none,False,11.0,left,up
44,RTL,Arabic,15,1,4,012.png,013.png,0,-308,0,308,none,-1.0,1351.611399999936,undefined,"(12, 6)",none,,,,right,,left,5304.71,945.2286,253.0477125,301.5671915603627,none,False,12.0,,up,right,1801.809999999989,none,False,6.0,,down
44,RTL,Arabic,16,1,6,014.png,015.png,-267,154,267,-154,none,-1.0,1560.4861000001547,undefined,"(8, 2)",none,,,,right,,right,5365.659999999991,1189.914703448276,453.2476965517242,333.2396063699441,none,False,2.0,right,up,right,5345.23999999999,none,False,2.0,right,up
44,RTL,Arabic,17,2,4,000.png,001.png,0,-308,0,308,none,-1.0,602.7825999999768,undefined,"(12, 6)",none,,,,right,,left,5271.1100000000215,990.9115636363638,234.67221818181818,306.8885451046621,none,False,12.0,,up,right,957.7300000000264,none,False,6.0,,down
44,RTL,Arabic,18,2,6,002.png,003.png,-267,154,267,-154,002.png,31.17070000007516,1132.9324000002816,undefined,"(8, 2)",left,8.0,left,down,right,False,left,348.2699999999568,713.7512,574.4024999999999,341.6832590186654,none,False,8.0,left,down,left,321.22999999990043,none,False,8.0,left,down
44,RTL,Arabic,19,2,4,004.png,005.png,0,-308,0,308,none,-1.0,422.2211999999709,undefined,"(12, 6)",none,,,,right,,left,5291.380000000004,967.0023111111111,232.1048,308.20372572426294,none,False,12.0,,up,right,2056.3399999999774,none,False,6.0,,down
44,RTL,Arabic,20,2,2,006.png,007.png,-267,-154,267,154,006.png,31.69269999989774,537.3846000002231,undefined,"(10, 4)",left,10.0,left,up,right,False,right,401.92000000001826,1310.0918237288136,752.2871796610169,359.1580848723631,none,False,4.0,right,down,right,375.0600000000759,none,False,4.0,right,down
44,RTL,Arabic,21,2,3,008.png,009.png,-154,-267,154,267,008.png,31.355399999883957,1449.940999999817,undefined,"(11, 5)",left,11.0,left,up,right,False,left,281.4300000000003,758.2626461538462,333.43130769230766,306.4065510390413,none,False,11.0,left,up,left,241.1499999999478,none,False,11.0,left,up
44,RTL,Arabic,22,2,1,010.png,011.png,-308,0,308,0,010.png,1391.2196000001277,1415.290199999581,undefined,"(9, 3)",left,9.0,left,,right,False,left,1634.5800000000281,639.8573268292683,508.1671317073171,321.7214053939234,none,False,9.0,left,,left,1607.7300000000605,none,False,9.0,left,
44,RTL,Arabic,23,2,5,012.png,013.png,-154,267,154,-267,none,-1.0,1160.0136000001803,undefined,"(7, 1)",none,,,,right,,right,5304.8,1127.2486399999998,281.21184,339.26487236423,none,False,1.0,right,up,left,3589.900000000057,none,False,7.0,left,down
44,RTL,Arabic,24,2,4,014.png,015.png,0,-308,0,308,none,-1.0,1304.142800000147,undefined,"(12, 6)",none,,,,right,,left,5345.090000000027,963.9874909090909,314.4969818181818,330.3654396669764,none,False,12.0,,up,right,26.79000000000542,first_fix_anticipatory,True,,,
44,RTL,Arabic,25,3,1,000.png,001.png,-308,0,308,0,000.png,66.29220000014175,1077.7728999996907,undefined,"(9, 3)",left,9.0,left,,right,False,left,327.88000000005013,635.2471813953489,531.8731255813954,378.9699882250832,none,False,9.0,left,,left,288.03000000004886,none,False,9.0,left,
44,RTL,Arabic,26,3,6,002.png,003.png,-267,154,267,-154,none,-1.0,764.8266000000876,undefined,"(8, 2)",none,,,,right,,right,5278.389999999945,1239.1620413793105,432.4077931034482,377.7803556756811,none,False,2.0,right,up,left,683.659999999918,none,False,8.0,left,down
44,RTL,Arabic,27,3,5,004.png,005.png,-154,267,154,-267,none,-1.0,586.2878999996465,undefined,"(7, 1)",none,,,,right,,right,5264.460000000099,1152.7399783783785,311.0067243243243,346.1890411257666,none,False,1.0,right,up,left,2819.7600000000875,none,False,7.0,left,down
44,RTL,Arabic,28,3,4,006.png,007.png,0,-308,0,308,none,-1.0,453.95409999991534,undefined,"(12, 6)",none,,,,right,,left,5298.219999999901,966.4038400000001,242.19768000000002,297.8711650430904,none,False,12.0,,up,right,2665.589999999952,none,False,6.0,,down
44,RTL,Arabic,29,3,1,008.png,009.png,-308,0,308,0,008.png,30.348300000245217,1374.4538999999058,undefined,"(9, 3)",left,9.0,left,,right,False,left,281.06000000002496,606.175843902439,521.5823121951219,354.3031818403966,none,False,9.0,left,,left,247.56000000002132,none,False,9.0,left,
44,RTL,Arabic,30,3,3,010.png,011.png,-154,-267,154,267,010.png,30.626900000264868,489.3472000003094,undefined,"(11, 5)",left,11.0,left,up,right,False,left,328.48999999998796,779.2864,362.26664999999997,324.926329114126,none,False,11.0,left,up,left,281.620000000089,none,False,11.0,left,up
44,RTL,Arabic,31,3,5,012.png,013.png,-154,267,154,-267,012.png,950.6513999999734,1252.018499999831,undefined,"(7, 1)",left,7.0,left,down,right,False,right,1212.5200000000405,1128.1384988764044,274.3889258426966,315.5079261326085,none,False,1.0,right,up,right,1185.8499999999594,none,False,1.0,right,up
44,RTL,Arabic,32,3,2,014.png,015.png,-267,-154,267,154,014.png,30.463599999668077,576.1915999996709,undefined,"(10, 4)",left,10.0,left,up,right,False,left,287.89999999992233,682.7283692307692,417.1159384615384,322.3365592006856,none,False,10.0,left,up,left,261.3499999999931,none,False,10.0,left,up
44,RTL,Arabic,33,4,3,000.png,001.png,-154,-267,154,267,000.png,32.23540000000503,1287.529700000072,undefined,"(11, 5)",left,11.0,left,up,right,False,left,288.09000000001106,786.490368,345.372336,354.8334125968674,none,False,11.0,left,up,left,254.69999999995707,none,False,11.0,left,up
44,RTL,Arabic,34,4,5,002.png,003.png,-154,267,154,-267,none,-1.0,444.5818000003928,undefined,"(7, 1)",none,,,,right,,right,5271.3699999999335,1126.6806260869564,251.77852173913044,340.9467667990439,none,False,1.0,right,up,left,2022.9499999999234,none,False,7.0,left,down
44,RTL,Arabic,35,4,1,004.png,005.png,-308,0,308,0,004.png,30.878399999812245,1429.38619999995,undefined,"(9, 3)",left,9.0,left,,right,False,left,267.879999999991,685.6416,527.5222615384615,324.7983389840798,none,False,9.0,left,,left,261.2900000000309,none,False,9.0,left,
44,RTL,Arabic,36,4,1,006.png,007.png,-308,0,308,0,006.png,31.59310000005644,514.7584000001661,undefined,"(9, 3)",left,9.0,left,,right,False,left,294.3200000000843,719.9364923076923,543.2031692307693,367.7223688830306,none,False,9.0,left,,left,280.9500000000753,none,False,9.0,left,
44,RTL,Arabic,37,4,2,008.png,009.png,-267,-154,267,154,008.png,78.47409999975935,1505.778899999801,undefined,"(10, 4)",left,10.0,left,up,right,False,left,327.87999999993644,667.9685999999999,429.373575,354.7188143473563,none,False,10.0,left,up,left,301.19999999999436,none,False,10.0,left,up
44,RTL,Arabic,38,4,5,010.png,011.png,-154,267,154,-267,none,-1.0,807.8879000004381,undefined,"(7, 1)",none,,,,right,,right,5264.829999999961,1144.8155428571429,360.9889714285714,344.38517273015134,none,False,1.0,right,up,left,636.7199999999684,none,False,7.0,left,down
44,RTL,Arabic,39,4,2,012.png,013.png,-267,-154,267,154,012.png,27.25,1752.1742000003578,undefined,"(10, 4)",left,10.0,left,up,right,False,left,375.1200000000381,682.1507657142857,423.4729371428572,333.3311168030156,none,False,10.0,left,up,left,341.6100000000597,none,False,10.0,left,up
44,RTL,Arabic,40,4,1,014.png,015.png,-308,0,308,0,014.png,65.84650000010151,1110.8793000002624,undefined,"(9, 3)",left,9.0,left,,right,False,left,328.1299999999874,609.5096000000001,549.987525,332.1336198281667,none,False,9.0,left,,left,294.4400000000087,none,False,9.0,left,
44,RTL,Arabic,41,5,3,000.png,001.png,-154,-267,154,267,000.png,31.046099999919537,824.2632999999914,undefined,"(11, 5)",left,11.0,left,up,right,False,left,274.47000000006483,796.16192,316.93212,316.82803681558863,none,False,11.0,left,up,left,254.39000000005763,none,False,11.0,left,up
44,RTL,Arabic,42,5,1,002.png,003.png,-308,0,308,0,002.png,32.03759999992326,1423.9904999999562,undefined,"(9, 3)",left,9.0,left,,right,False,left,274.6600000000399,617.826,534.4663499999999,310.43793882126033,none,False,9.0,left,,left,247.8600000000597,none,False,9.0,left,
44,RTL,Arabic,43,5,6,004.png,005.png,-267,154,267,-154,004.png,3385.7615000001388,1135.5770000000484,undefined,"(8, 2)",left,8.0,left,down,right,False,left,3690.249999999992,648.8462769230769,607.9959692307692,330.36655209316075,none,False,8.0,left,down,left,3670.2300000000605,none,False,8.0,left,down
44,RTL,Arabic,44,5,2,006.png,007.png,-267,-154,267,154,006.png,33.00880000006873,1231.0096000001067,undefined,"(10, 4)",left,10.0,left,up,right,False,left,307.91999999996733,736.5215999999999,481.74659999999994,299.40867166411624,none,False,10.0,left,up,left,287.7799999999979,none,False,10.0,left,up
44,RTL,Arabic,45,5,3,008.png,009.png,-154,-267,154,267,008.png,30.71860000002198,553.7791999999899,undefined,"(11, 5)",left,11.0,left,up,right,False,left,308.3399999999301,772.8139636363636,285.6401181818182,323.711537813753,none,False,11.0,left,up,left,281.11999999998716,none,False,11.0,left,up
44,RTL,Arabic,46,5,5,010.png,011.png,-154,267,154,-267,none,-1.0,1296.4209000001429,undefined,"(7, 1)",none,,,,right,,right,5298.340000000053,1091.2981333333332,325.54560000000004,339.27544596609766,none,False,1.0,right,up,left,475.89000000004944,none,False,7.0,left,down
44,RTL,Arabic,47,5,4,012.png,013.png,0,-308,0,308,none,-1.0,1162.0508999999147,undefined,"(12, 6)",none,,,,right,,left,5311.339999999973,968.8386,276.2872875,305.89567785975845,none,False,12.0,,up,right,2457.7600000000075,none,False,6.0,,down
44,RTL,Arabic,48,5,3,014.png,015.png,-154,-267,154,267,014.png,31.795599999953993,987.935999999987,undefined,"(11, 5)",left,11.0,left,up,right,False,left,334.9000000000615,815.161945945946,291.8288432432432,309.5070222373845,none,False,11.0,left,up,left,308.17000000001826,none,False,11.0,left,up
51,LTR,English,1,0,4,000.png,001.png,0,-308,0,308,000.png,310.03680000139866,3222.460000004503,undefined,"(12, 6)",left,12.0,,up,left,True,left,328.49000000010165,790.8653419354839,128.3593935483871,442.6706023878774,none,False,12.0,,up,left,295.04000000019914,none,False,12.0,,up
51,LTR,English,2,0,3,002.png,003.png,-154,-267,154,267,002.png,206.90509999985807,2063.776400005736,undefined,"(11, 5)",left,11.0,left,up,left,True,left,214.71999999994296,633.8541176470588,344.94374117647055,508.03999798312145,none,False,11.0,left,up,left,194.57999999985987,none,False,11.0,left,up
51,LTR,English,3,0,1,004.png,005.png,-308,0,308,0,004.png,199.6923999977298,1217.523200000869,undefined,"(9, 3)",left,9.0,left,,left,True,left,214.47999999986678,586.9404,476.0532,461.9699928712878,none,False,9.0,left,,left,194.45999999993546,none,False,9.0,left,
51,LTR,English,4,0,6,006.png,007.png,-267,154,267,-154,007.png,234.72929999843473,1038.5148999994271,undefined,"(8, 2)",right,2.0,right,up,left,False,right,234.13000000005013,1195.2400457142855,368.69626285714287,399.7610101360377,none,False,2.0,right,up,right,220.57999999992717,none,False,2.0,right,up
51,LTR,English,5,0,5,008.png,009.png,-154,267,154,-267,009.png,207.4790999977267,770.771399998921,undefined,"(7, 1)",right,1.0,right,up,left,False,right,221.07000000005428,1096.6546285714287,311.0749714285714,371.5815347714962,none,False,1.0,right,up,right,194.08999999996013,none,False,1.0,right,up
51,LTR,English,6,0,2,010.png,011.png,-267,-154,267,154,011.png,222.8090999997221,1045.4633999979706,undefined,"(10, 4)",right,4.0,right,down,left,False,right,221.07000000005428,1326.6989419354838,621.9286258064517,481.03816634509633,none,False,4.0,right,down,right,207.65000000005784,none,False,4.0,right,down
51,LTR,English,7,1,1,012.png,013.png,-308,0,308,0,012.png,186.3773000004585,575.51290000265,undefined,"(9, 3)",left,9.0,left,,left,True,left,154.06000000007225,736.49472,484.26768,405.5843840670759,none,False,9.0,left,,left,180.79000000011547,none,False,9.0,left,
51,LTR,English,8,1,2,014.png,015.png,-267,-154,267,154,014.png,202.2279000011622,895.5134999996517,undefined,"(10, 4)",left,10.0,left,up,left,True,left,221.0699999998269,496.0014545454546,447.56574545454544,478.56165973425755,none,False,10.0,left,up,left,194.34000000001106,none,False,10.0,left,up
51,LTR,English,9,1,6,000.png,001.png,-267,154,267,-154,000.png,200.83400000294205,951.6720000028728,undefined,"(8, 2)",left,8.0,left,down,left,True,left,221.18999999997868,549.6679384615385,639.2441076923078,431.8917289068054,none,False,8.0,left,down,left,187.6199999999244,none,False,8.0,left,down
51,LTR,English,10,1,4,002.png,003.png,0,-308,0,308,002.png,306.8282000022009,1466.6356000016094,undefined,"(12, 6)",left,12.0,,up,left,True,left,341.1900000000969,801.7336,229.69619999999998,420.8793834847318,none,False,12.0,,up,left,294.9300000000221,none,False,12.0,,up
51,LTR,English,11,1,3,004.png,005.png,-154,-267,154,267,005.png,349.54039999865927,1170.4329999993206,undefined,"(11, 5)",right,5.0,right,down,left,False,right,361.5700000000288,1158.2355692307694,753.8740615384617,465.33011431369874,none,False,5.0,right,down,right,341.67999999999665,none,False,5.0,right,down
51,LTR,English,12,1,5,006.png,007.png,-154,267,154,-267,007.png,210.89090000168653,667.7217999967979,undefined,"(7, 1)",right,1.0,right,up,left,False,right,221.06000000007953,1080.43392,311.20092,379.39707623287774,none,False,1.0,right,up,right,194.2100000001119,none,False,1.0,right,up
51,LTR,English,13,2,1,008.png,009.png,-308,0,308,0,008.png,172.9979000010644,806.8357000011019,undefined,"(9, 3)",left,9.0,left,,left,True,left,421.88000000010106,475.57302857142855,502.16811428571424,475.7609919748676,none,False,9.0,left,,left,167.1200000000681,none,False,9.0,left,
51,LTR,English,14,2,2,010.png,011.png,-267,-154,267,154,010.png,231.91159999987576,2557.194499997422,undefined,"(10, 4)",left,10.0,left,up,left,True,left,227.78999999991356,591.1552,476.19809999999995,509.875994615256,none,False,10.0,left,up,left,221.07000000005428,none,False,10.0,left,up
51,LTR,English,15,2,4,012.png,013.png,0,-308,0,308,012.png,206.91810000425903,1087.534999998752,undefined,"(12, 6)",left,12.0,,up,left,True,left,234.86000000002605,843.2078769230769,321.31412307692307,434.0489584132662,none,False,12.0,,up,left,194.70000000001164,none,False,12.0,,up
51,LTR,English,16,2,3,014.png,015.png,-154,-267,154,267,014.png,190.93770000472432,1016.3966999971308,undefined,"(11, 5)",left,11.0,left,up,left,True,left,227.40999999996347,654.78784,357.50736,506.67783403949943,none,False,11.0,left,up,left,180.89999999983775,none,False,11.0,left,up
51,LTR,English,17,2,5,000.png,001.png,-154,267,154,-267,001.png,312.48719999712193,833.2278000016231,undefined,"(7, 1)",right,1.0,right,up,left,False,right,348.63000000018474,1077.2186181818183,211.87440000000004,398.8032024651036,none,False,1.0,right,up,right,301.7500000000837,none,False,1.0,right,up
51,LTR,English,18,2,6,002.png,003.png,-267,154,267,-154,003.png,211.02329999848735,894.7028000038699,undefined,"(8, 2)",right,2.0,right,up,left,False,right,220.94000000015512,1222.1171409836065,320.98980983606555,422.42027787225845,none,False,2.0,right,up,right,200.55999999999585,none,False,2.0,right,up
51,LTR,English,19,3,2,004.png,005.png,-267,-154,267,154,004.png,192.67720000061672,599.5746999979019,undefined,"(10, 4)",left,10.0,left,up,left,True,left,227.6600000000144,516.2413714285714,492.5802857142857,454.35754341006066,none,False,10.0,left,up,left,180.79000000011547,none,False,10.0,left,up
51,LTR,English,20,3,1,006.png,007.png,-308,0,308,0,007.png,205.64130000275327,940.5075000031502,undefined,"(9, 3)",right,3.0,right,,left,False,right,207.51999999993131,1363.8033599999999,503.43228000000005,548.8980441804047,none,False,3.0,right,,right,194.08999999996013,none,False,3.0,right,
51,LTR,English,21,3,5,008.png,009.png,-154,267,154,-267,009.png,482.9771000004257,832.0840999949723,undefined,"(7, 1)",right,1.0,right,up,left,False,right,509.0299999999388,1056.0822857142857,170.37655714285717,353.7514510725566,none,False,1.0,right,up,right,468.8699999999244,none,False,1.0,right,up
51,LTR,English,22,3,6,010.png,011.png,-267,154,267,-154,010.png,184.67189999500988,4293.7773000012385,undefined,"(8, 2)",left,8.0,left,down,left,True,left,207.6400000000831,519.3467586206897,672.7632827586207,395.63067806796744,none,False,8.0,left,down,left,174.44000000000415,none,False,8.0,left,down
51,LTR,English,23,3,3,012.png,013.png,-154,-267,154,267,012.png,267.6253000026918,1187.70869999571,undefined,"(11, 5)",left,11.0,left,up,left,True,left,221.07000000005428,625.278,383.32575,445.7407175928589,none,False,11.0,left,up,left,261.1100000001443,none,False,11.0,left,up
51,LTR,English,24,3,4,014.png,015.png,0,-308,0,308,014.png,223.4087000033469,680.4642999995849,undefined,"(12, 6)",left,12.0,,up,left,True,left,220.95000000012988,832.5837473684211,309.6200842105263,417.9039452671326,none,False,12.0,,up,left,207.6400000000831,none,False,12.0,,up
51,LTR,English,25,4,4,000.png,001.png,0,-308,0,308,000.png,320.15149999642745,918.2008999996468,undefined,"(12, 6)",left,12.0,,up,left,True,left,355.22999999989224,807.8963612903225,163.5834193548387,461.64533675686994,none,False,12.0,,up,left,308.7199999999939,none,False,12.0,,up
51,LTR,English,26,4,2,002.png,003.png,-267,-154,267,154,003.png,310.99019999965094,1067.320899994229,undefined,"(10, 4)",right,4.0,right,down,left,False,right,354.9800000000687,1287.2169290322581,669.9835741935484,472.5577597837996,none,False,4.0,right,down,right,301.1500000000069,none,False,4.0,right,down
51,LTR,English,27,4,5,004.png,005.png,-154,267,154,-267,005.png,221.50049999618204,1261.6507999991882,undefined,"(7, 1)",right,1.0,right,up,left,False,right,227.7799999999388,1102.321694117647,370.8218117647059,360.2556463651333,none,False,1.0,right,up,right,207.7600000000075,none,False,1.0,right,up
51,LTR,English,28,4,3,006.png,007.png,-154,-267,154,267,006.png,200.3802000035648,789.7874000045704,undefined,"(11, 5)",left,11.0,left,up,left,True,left,361.5700000000288,615.14624,271.98288,457.7735203013311,none,False,11.0,left,up,left,187.13000000002467,none,False,11.0,left,up
51,LTR,English,29,4,6,008.png,009.png,-267,154,267,-154,009.png,216.6362999996636,1193.1777999998303,undefined,"(8, 2)",right,2.0,right,up,left,False,right,368.29000000011547,1255.5392,365.21856,378.1063963623475,none,False,2.0,right,up,right,207.5200000001587,none,False,2.0,right,up
51,LTR,English,30,4,1,010.png,011.png,-308,0,308,0,010.png,266.87390000006417,3019.4090999939363,undefined,"(9, 3)",left,9.0,left,,left,True,left,301.5100000000075,559.1963076923076,491.0298923076923,433.45181903774386,none,False,9.0,left,,left,254.64000000010856,none,False,9.0,left,
51,LTR,English,31,5,1,012.png,013.png,-308,0,308,0,012.png,181.85120000271127,1016.2649000048988,undefined,"(9, 3)",left,9.0,left,,left,True,left,207.8799999999319,461.95199999999994,512.2245073170732,487.6527418134061,none,False,9.0,left,,left,174.44000000000415,none,False,9.0,left,
51,LTR,English,32,5,5,014.png,015.png,-154,267,154,-267,014.png,264.1299999959301,1229.524100002891,undefined,"(7, 1)",left,7.0,left,down,left,True,left,254.52000000018415,934.1550545454546,752.4644727272728,405.35010884516254,none,False,7.0,left,down,left,254.52000000018415,none,False,7.0,left,down
51,LTR,English,33,5,4,000.png,001.png,0,-308,0,308,000.png,240.01819999830332,554.1249000016251,undefined,"(12, 6)",left,12.0,,up,left,True,left,227.91000000006534,825.0449454545454,240.57392727272725,405.6214259649584,none,False,12.0,,up,left,220.95000000012988,none,False,12.0,,up
51,LTR,English,34,5,3,002.png,003.png,-154,-267,154,267,002.png,213.0063999939011,777.2067999976571,undefined,"(11, 5)",left,11.0,left,up,left,True,left,221.30999999990308,655.9669333333334,339.267,458.0339075957749,none,False,11.0,left,up,left,200.9299999999712,none,False,11.0,left,up
51,LTR,English,35,5,2,004.png,005.png,-267,-154,267,154,004.png,183.54050000198183,503.1044999996084,undefined,"(10, 4)",left,10.0,left,up,left,True,left,207.63999999985572,561.00224,499.7196,480.21495288713095,none,False,10.0,left,up,left,174.0700000000288,none,False,10.0,left,up
51,LTR,English,36,5,6,006.png,007.png,-267,154,267,-154,007.png,305.9142999991309,695.2562000005855,undefined,"(8, 2)",right,2.0,right,up,left,False,right,341.3100000000213,1264.38336,372.9726,417.5468579002469,none,False,2.0,right,up,right,294.54999999984466,none,False,2.0,right,up
51,LTR,English,37,6,6,008.png,009.png,-267,154,267,-154,008.png,189.75309999950696,1013.0812999996124,undefined,"(8, 2)",left,8.0,left,down,left,True,left,214.22999999981585,468.74111999999997,615.667392,389.1509434936861,none,False,8.0,left,down,left,180.77999999991334,none,False,8.0,left,down
51,LTR,English,38,6,5,010.png,011.png,-154,267,154,-267,011.png,200.255499999912,975.9584999992512,undefined,"(7, 1)",right,1.0,right,up,left,False,right,234.61999999994987,1046.1266285714287,257.1711428571428,390.2539968566665,none,False,1.0,right,up,right,194.45999999993546,none,False,1.0,right,up
51,LTR,English,39,6,1,012.png,013.png,-308,0,308,0,012.png,318.30769999942277,1030.0768999950378,undefined,"(9, 3)",left,9.0,left,,left,True,left,361.70000000015534,408.25600000000003,448.90965,460.01438862275006,none,False,9.0,left,,left,308.11000000016975,none,False,9.0,left,
51,LTR,English,40,6,2,014.png,015.png,-267,-154,267,154,015.png,200.60409999859985,2727.9739000005065,undefined,"(10, 4)",right,4.0,right,down,left,False,right,221.07000000005428,1265.7451354838709,607.0139999999999,446.2458662413603,none,False,4.0,right,down,right,193.72999999995955,none,False,4.0,right,down
51,LTR,English,41,6,4,000.png,001.png,0,-308,0,308,000.png,261.6568000012194,989.7529000008944,undefined,"(12, 6)",left,12.0,,up,left,True,left,274.54000000011547,772.669572413793,211.94329655172413,411.86553702058035,none,False,12.0,,up,left,247.81000000007225,none,False,12.0,,up
51,LTR,English,42,6,3,002.png,003.png,-154,-267,154,267,002.png,223.81989999848884,680.1636000018334,undefined,"(11, 5)",left,11.0,left,up,left,True,left,241.0899999999856,592.0481032258065,276.95206451612904,492.0994156800374,none,False,11.0,left,up,left,214.35999999994237,none,False,11.0,left,up
51,LTR,English,43,7,6,004.png,005.png,-267,154,267,-154,004.png,190.6662999972468,1533.9597999991383,undefined,"(8, 2)",left,8.0,left,down,left,True,left,395.26999999998225,572.9964,713.808675,360.7697400795381,none,False,8.0,left,down,left,180.91000000003987,none,False,8.0,left,down
51,LTR,English,44,7,3,006.png,007.png,-154,-267,154,267,006.png,200.74619999650167,451.82130000466714,undefined,"(11, 5)",left,11.0,left,up,left,True,left,201.05000000012296,582.104832,328.79735999999997,433.8441854824383,none,False,11.0,left,up,left,187.6199999999244,none,False,11.0,left,up
51,LTR,English,45,7,5,008.png,009.png,-154,267,154,-267,009.png,276.7755000022589,914.5821999991311,undefined,"(7, 1)",right,1.0,right,up,left,False,right,328.2400000000507,1035.7645714285713,191.2815,386.22081590752737,none,False,1.0,right,up,right,261.1100000001443,none,False,1.0,right,up
51,LTR,English,46,7,1,010.png,011.png,-308,0,308,0,010.png,196.49829999980284,777.3230000020703,undefined,"(9, 3)",left,9.0,left,,left,True,left,221.07000000005428,422.1421714285715,512.7176571428572,462.5730299475334,none,False,9.0,left,,left,187.5,none,False,9.0,left,
51,LTR,English,47,7,4,012.png,013.png,0,-308,0,308,013.png,221.90770000452176,994.0706999987016,undefined,"(12, 6)",right,6.0,,down,left,False,right,401.9799999998668,947.9081513513514,818.0331567567569,386.1546303639618,none,False,6.0,,down,right,214.35999999994237,none,False,6.0,,down
51,LTR,English,48,7,2,014.png,015.png,-267,-154,267,154,015.png,245.70390000002223,1346.6001999985892,undefined,"(10, 4)",right,4.0,right,down,left,False,right,274.6600000000399,1303.6117333333332,717.3696,445.6182667944251,none,False,4.0,right,down,right,234.2599999999493,none,False,4.0,right,down
52,RTL,Farsi,1,0,5,000.png,001.png,-154,267,154,-267,000.png,322.37709999026265,2888.5529000108363,undefined,"(7, 1)",left,7.0,left,down,right,False,left,334.9000000000615,871.8665142857143,747.4660714285715,413.03258121457645,none,False,7.0,left,down,left,314.57000000000335,none,False,7.0,left,down
52,RTL,Farsi,2,0,6,002.png,003.png,-267,154,267,-154,002.png,238.97270001180004,1493.7328999949386,undefined,"(8, 2)",left,8.0,left,down,right,False,left,261.1699999999928,717.4336,605.4552,437.2749375831644,none,False,8.0,left,down,left,227.6600000000144,none,False,8.0,left,down
52,RTL,Farsi,3,0,2,004.png,005.png,-267,-154,267,154,004.png,261.4749999920605,1206.9247999897923,undefined,"(10, 4)",left,10.0,left,up,right,False,left,281.3099999999622,614.7106285714286,351.24222857142854,386.14064367331827,none,False,10.0,left,up,left,247.61999999998352,none,False,10.0,left,up
52,RTL,Farsi,4,0,4,006.png,007.png,0,-308,0,308,007.png,27.568799996515736,999.7214000031818,undefined,"(12, 6)",right,6.0,,down,right,True,left,341.91999999995915,1001.1975272727274,106.51303636363635,383.90965158069207,none,False,12.0,,up,right,20.139999999969405,first_fix_anticipatory,True,,,
52,RTL,Farsi,5,0,1,008.png,009.png,-308,0,308,0,008.png,217.16149999701884,1020.8356999937678,undefined,"(9, 3)",left,9.0,left,,right,False,left,234.61999999994987,640.056064,503.788464,390.8162706949635,none,False,9.0,left,,left,207.94999999998254,none,False,9.0,left,
52,RTL,Farsi,6,0,3,010.png,011.png,-154,-267,154,267,010.png,200.4839000001084,925.6023000052664,undefined,"(11, 5)",left,11.0,left,up,right,False,left,220.8899999999403,748.0747471698113,212.33635471698113,381.7643099729925,none,False,11.0,left,up,left,194.34000000001106,none,False,11.0,left,up
52,RTL,Farsi,7,1,3,012.png,013.png,-154,-267,154,267,012.png,223.35270000621676,993.790499996976,undefined,"(11, 5)",left,11.0,left,up,right,False,left,240.72000000001026,777.8797714285714,227.2560244897959,382.29252849074874,none,False,11.0,left,up,left,214.10999999989144,none,False,11.0,left,up
52,RTL,Farsi,8,1,6,014.png,015.png,-267,154,267,-154,015.png,215.0997999997344,1072.9633000009926,undefined,"(8, 2)",right,2.0,right,up,right,True,right,227.53999999986263,1157.2992,380.9974909090909,353.8841607489761,none,False,2.0,right,up,right,207.51999999993131,none,False,2.0,right,up
52,RTL,Farsi,9,1,4,000.png,001.png,0,-308,0,308,000.png,246.6291999880923,873.4472999931313,undefined,"(12, 6)",left,12.0,,up,right,False,left,267.8200000000288,1004.8084897959184,106.55103673469387,386.1298367620594,none,False,12.0,,up,left,234.50000000002547,none,False,12.0,,up
52,RTL,Farsi,10,1,5,002.png,003.png,-154,267,154,-267,003.png,275.34340000420343,865.581399993971,undefined,"(7, 1)",right,1.0,right,up,right,True,right,308.23000000009415,1209.2616827586207,171.91104827586207,464.9710556120245,none,False,1.0,right,up,right,267.9399999999532,none,False,1.0,right,up
52,RTL,Farsi,11,1,2,004.png,005.png,-267,-154,267,154,004.png,246.6573999990942,533.3725000091363,undefined,"(10, 4)",left,10.0,left,up,right,False,left,260.86000000009335,695.6195555555556,376.10506666666663,370.4334371749395,none,False,10.0,left,up,left,234.24999999997453,none,False,10.0,left,up
52,RTL,Farsi,12,1,1,006.png,007.png,-308,0,308,0,007.png,249.10760000057053,640.0766000006115,undefined,"(9, 3)",right,3.0,right,,right,True,right,267.9399999999532,1393.8511999999998,481.3362,423.5961191583574,none,False,3.0,right,,right,240.83999999993466,none,False,3.0,right,
52,RTL,Farsi,13,2,6,008.png,009.png,-267,154,267,-154,009.png,193.2297000021208,1289.8720999946818,undefined,"(8, 2)",right,2.0,right,up,right,True,right,200.91999999999643,1386.012741818182,274.9352072727272,396.6139836951573,none,False,2.0,right,up,right,180.53999999983716,none,False,2.0,right,up
52,RTL,Farsi,14,2,2,010.png,011.png,-267,-154,267,154,010.png,258.01989999308717,565.80669998948,undefined,"(10, 4)",left,10.0,left,up,right,False,left,267.7000000001044,631.8992516129033,360.1305290322581,392.7938425895799,none,False,10.0,left,up,left,247.56000000002132,none,False,10.0,left,up
52,RTL,Farsi,15,2,5,012.png,013.png,-154,267,154,-267,013.png,235.2221999899484,679.0944000094896,undefined,"(7, 1)",right,1.0,right,up,right,True,right,267.4499999998261,1184.0130000000001,220.2622875,395.2891000751231,none,False,1.0,right,up,right,220.82000000000335,none,False,1.0,right,up
52,RTL,Farsi,16,2,1,014.png,015.png,-308,0,308,0,014.png,291.95030000119004,841.4657999965129,undefined,"(9, 3)",left,9.0,left,,right,False,left,301.1500000000069,631.7192533333333,521.6737200000001,366.8500897791759,none,False,9.0,left,,left,281.37999999989916,none,False,9.0,left,
52,RTL,Farsi,17,2,4,000.png,001.png,0,-308,0,308,001.png,24.5574000000488,619.1415000066627,undefined,"(12, 6)",right,6.0,,down,right,True,left,361.81999999985237,994.5105454545456,182.7104727272727,406.28114004099746,none,False,12.0,,up,right,13.429999999971187,first_fix_anticipatory,True,,,
52,RTL,Farsi,18,2,3,002.png,003.png,-154,-267,154,267,002.png,226.53439998975955,1002.9517999937524,undefined,"(11, 5)",left,11.0,left,up,right,False,left,227.7799999999388,787.73568,172.089576,372.28987418603,none,False,11.0,left,up,left,214.34999999996762,none,False,11.0,left,up
52,RTL,Farsi,19,3,6,004.png,005.png,-267,154,267,-154,005.png,241.76520000037272,547.553099997458,undefined,"(8, 2)",right,2.0,right,up,right,True,right,221.07000000005428,1180.8802909090907,426.4321090909091,395.29518912615055,none,False,2.0,right,up,right,227.6600000000144,none,False,2.0,right,up
52,RTL,Farsi,20,3,3,006.png,007.png,-154,-267,154,267,006.png,247.3094000015408,457.20049999363255,undefined,"(11, 5)",left,11.0,left,up,right,False,left,261.3499999999931,781.704,184.5298125,418.90768693682224,none,False,11.0,left,up,left,234.73999999987427,none,False,11.0,left,up
52,RTL,Farsi,21,3,5,008.png,009.png,-154,267,154,-267,008.png,382.6985000050626,468.46290001121815,undefined,"(7, 1)",left,7.0,left,down,right,False,left,536.010000000033,804.575232,799.207992,393.1472071303654,none,False,7.0,left,down,left,375.2400000000762,none,False,7.0,left,down
52,RTL,Farsi,22,3,2,010.png,011.png,-267,-154,267,154,010.png,222.5597000069683,411.1787000001641,undefined,"(10, 4)",left,10.0,left,up,right,False,left,227.30000000001382,625.1102814814815,343.35653333333335,389.46690458973933,none,False,10.0,left,up,left,207.4000000000069,none,False,10.0,left,up
52,RTL,Farsi,23,3,1,012.png,013.png,-308,0,308,0,012.png,325.21369999449234,681.5112000040244,undefined,"(9, 3)",left,9.0,left,,right,False,left,355.10999999996784,649.5926857142857,511.0197428571429,409.6719671381852,none,False,9.0,left,,left,315.06999999987784,none,False,9.0,left,
52,RTL,Farsi,24,3,4,014.png,015.png,0,-308,0,308,014.png,245.5961999949068,971.3397000014083,undefined,"(12, 6)",left,12.0,,up,right,False,left,274.40999999998894,982.9558690909091,105.54702545454545,364.14890979895137,none,False,12.0,,up,left,234.00999999989835,none,False,12.0,,up
52,RTL,Farsi,25,4,1,000.png,001.png,-308,0,308,0,000.png,246.90610000106972,765.6701000087196,undefined,"(9, 3)",left,9.0,left,,right,False,left,254.38999999983025,641.4460061538462,475.6009292307693,409.07803360339403,none,False,9.0,left,,left,227.53999999986263,none,False,9.0,left,
52,RTL,Farsi,26,4,5,002.png,003.png,-154,267,154,-267,002.png,291.7775999958394,628.2418000046164,undefined,"(7, 1)",left,7.0,left,down,right,False,left,283.81999999987784,814.6543448275862,707.9455862068966,433.8595756257292,none,False,7.0,left,down,left,274.8999999998887,none,False,7.0,left,down
52,RTL,Farsi,27,4,3,004.png,005.png,-154,-267,154,267,004.png,224.330099998042,594.3630000110716,undefined,"(11, 5)",left,11.0,left,up,right,False,left,241.0899999999856,807.0491773584906,190.3074113207547,375.46656533475317,none,False,11.0,left,up,left,214.47999999986678,none,False,11.0,left,up
52,RTL,Farsi,28,4,6,006.png,007.png,-267,154,267,-154,007.png,224.7265000041807,806.846499996027,undefined,"(8, 2)",right,2.0,right,up,right,True,right,228.02999999998974,1399.8111219512195,263.95963902439024,373.7595099067162,none,False,2.0,right,up,right,207.7600000000075,none,False,2.0,right,up
52,RTL,Farsi,29,4,4,008.png,009.png,0,-308,0,308,008.png,327.0133000041824,1236.284099999466,undefined,"(12, 6)",left,12.0,,up,right,False,left,368.5299999999643,998.3085714285714,144.13474285714287,397.7145313634873,none,False,12.0,,up,left,321.4100000000144,none,False,12.0,,up
52,RTL,Farsi,30,4,2,010.png,011.png,-267,-154,267,154,010.png,376.9939999911003,584.5017999963602,undefined,"(10, 4)",left,10.0,left,up,right,False,left,370.600000000195,636.9157565217391,391.4342608695652,395.83189523387887,none,False,10.0,left,up,left,361.4500000001044,none,False,10.0,left,up
52,RTL,Farsi,31,5,2,012.png,013.png,-267,-154,267,154,013.png,11.631700006546453,471.6210000042338,undefined,"(10, 4)",right,4.0,right,down,right,True,right,26.619999999866195,1187.9712,869.32395,386.25037485959865,first_fix_anticipatory,True,,,,right,0.0,first_fix_anticipatory,True,,,
52,RTL,Farsi,32,5,3,014.png,015.png,-154,-267,154,267,014.png,248.54239998967387,852.9026999894995,undefined,"(11, 5)",left,11.0,left,up,right,False,left,254.76000000003296,814.9950315789474,248.83683157894734,382.1093869334455,none,False,11.0,left,up,left,241.20999999991,none,False,11.0,left,up
52,RTL,Farsi,33,5,1,000.png,001.png,-308,0,308,0,000.png,328.1367000017781,741.3411000015913,undefined,"(9, 3)",left,9.0,left,,right,False,left,361.81999999985237,619.9908765957447,496.9953191489362,401.1147808653742,none,False,9.0,left,,left,314.6999999999025,none,False,9.0,left,
52,RTL,Farsi,34,5,5,002.png,003.png,-154,267,154,-267,003.png,214.78270000079647,1263.3532000036212,undefined,"(7, 1)",right,1.0,right,up,right,True,right,375.36999999997533,1223.9219999999998,173.4854625,314.9564505090407,none,False,1.0,right,up,right,201.16999999982,none,False,1.0,right,up
52,RTL,Farsi,35,5,6,004.png,005.png,-267,154,267,-154,004.png,236.66419999790375,497.2983000043314,undefined,"(8, 2)",left,8.0,left,down,right,False,left,267.9399999999532,728.1113302325581,647.3374325581395,397.9462958559148,none,False,8.0,left,down,left,234.38000000010106,none,False,8.0,left,down
52,RTL,Farsi,36,5,4,006.png,007.png,0,-308,0,308,006.png,229.00169999047648,1225.6892000004882,undefined,"(12, 6)",left,12.0,,up,right,False,left,254.51999999995678,1025.5996235294117,103.0584705882353,377.26375021120174,none,False,12.0,,up,left,221.07000000005428,none,False,12.0,,up
52,RTL,Farsi,37,6,6,008.png,009.png,-267,154,267,-154,009.png,216.53269999660552,1090.2335999999195,undefined,"(8, 2)",right,2.0,right,up,right,True,right,220.8299999999781,1330.9773714285714,317.8859142857143,388.56878449575987,none,False,2.0,right,up,right,201.05000000012296,none,False,2.0,right,up
52,RTL,Farsi,38,6,2,010.png,011.png,-267,-154,267,154,010.png,310.58169998868834,670.189800002845,undefined,"(10, 4)",left,10.0,left,up,right,False,left,314.5800000002055,655.3419636363636,342.3694909090909,374.98020685617087,none,False,10.0,left,up,left,294.80000000012296,none,False,10.0,left,up
52,RTL,Farsi,39,6,3,012.png,013.png,-154,-267,154,267,012.png,200.6419000099413,663.7587000004714,undefined,"(11, 5)",left,11.0,left,up,right,False,left,213.9900000001944,818.1149866666666,208.28328000000002,374.9051711575378,none,False,11.0,left,up,left,187.3800000000756,none,False,11.0,left,up
52,RTL,Farsi,40,6,1,014.png,015.png,-308,0,308,0,014.png,217.7057000080822,680.1319000078365,undefined,"(9, 3)",left,9.0,left,,right,False,left,234.4900000000507,659.0592,513.8127870967742,341.44165401918394,none,False,9.0,left,,left,207.7600000000075,none,False,9.0,left,
52,RTL,Farsi,41,6,4,000.png,001.png,0,-308,0,308,000.png,271.06600000115577,452.66180000908207,undefined,"(12, 6)",left,12.0,,up,right,False,left,314.44999999985157,1004.5833365853659,143.23644878048782,408.7927540052449,none,False,12.0,,up,left,260.7399999999416,none,False,12.0,,up
52,RTL,Farsi,42,6,5,002.png,003.png,-154,267,154,-267,002.png,426.7128000064986,979.7645999933592,undefined,"(7, 1)",left,7.0,left,down,right,False,left,441.9000000000324,841.8159157894737,772.7360210526315,323.72224732989093,none,False,7.0,left,down,left,415.29000000014094,none,False,7.0,left,down
52,RTL,Farsi,43,7,5,004.png,005.png,-154,267,154,-267,005.png,209.01299999968617,3885.113000011188,undefined,"(7, 1)",right,1.0,right,up,right,True,right,247.92999999999665,1285.5000774193547,108.71802580645162,436.04351488556597,none,False,1.0,right,up,right,201.0499999998956,none,False,1.0,right,up
52,RTL,Farsi,44,7,4,006.png,007.png,0,-308,0,308,007.png,54.2824999865843,639.8644000000786,undefined,"(12, 6)",right,6.0,,down,right,True,left,241.0899999999856,975.4256,313.9965,363.8743983580243,none,False,12.0,,up,right,39.79999999978645,first_fix_anticipatory,True,,,
52,RTL,Farsi,45,7,1,008.png,009.png,-308,0,308,0,009.png,224.22789999109227,993.1884000106947,undefined,"(9, 3)",right,3.0,right,,right,True,right,247.81000000007225,1403.386924137931,471.9981724137931,410.53553289859155,none,False,3.0,right,,right,214.24000000001797,none,False,3.0,right,
52,RTL,Farsi,46,7,2,010.png,011.png,-267,-154,267,154,010.png,227.4011999979848,387.2597000008682,undefined,"(10, 4)",left,10.0,left,up,right,False,left,227.66999999998916,683.7857882352941,329.5128705882353,386.8646209210319,none,False,10.0,left,up,left,207.64999999983047,none,False,10.0,left,up
52,RTL,Farsi,47,7,3,012.png,013.png,-154,-267,154,267,012.png,227.44040000543464,496.708500009845,undefined,"(11, 5)",left,11.0,left,up,right,False,left,268.30999999992855,764.813052631579,178.9032789473684,339.2878179070401,none,False,11.0,left,up,left,214.71999999994296,none,False,11.0,left,up
52,RTL,Farsi,48,7,6,014.png,015.png,-267,154,267,-154,015.png,249.927500000922,756.8738999980269,undefined,"(8, 2)",right,2.0,right,up,right,True,right,254.63999999988118,1261.7872,318.5676,366.0376232903468,none,False,2.0,right,up,right,241.3299999998344,none,False,2.0,right,up
54,RTL,Farsi,1,0,1,000.png,001.png,-308,0,308,0,000.png,325.1012999971863,5584.410099996603,undefined,"(9, 3)",left,9.0,left,,right,False,left,341.7899999999463,574.2699428571428,615.0758142857143,397.5772075308815,none,False,9.0,left,,left,314.94000000020606,none,False,9.0,left,
54,RTL,Farsi,2,0,5,002.png,003.png,-154,267,154,-267,003.png,213.67199999804143,3209.3179999938,undefined,"(7, 1)",right,1.0,right,up,right,True,right,214.60000000024593,1180.78208,349.71479999999997,440.61558996598023,none,False,1.0,right,up,right,208.0100000002858,none,False,1.0,right,up
54,RTL,Farsi,3,0,6,004.png,005.png,-267,154,267,-154,005.png,184.5270000048913,978.1070000026376,undefined,"(8, 2)",right,2.0,right,up,right,True,right,234.3799999998737,1356.8426057142858,420.5189828571428,488.7334998101717,none,False,2.0,right,up,right,174.0700000000288,none,False,2.0,right,up
54,RTL,Farsi,4,0,3,006.png,007.png,-154,-267,154,267,006.png,206.93390000087675,723.8766000082251,undefined,"(11, 5)",left,11.0,left,up,right,False,left,214.34999999974025,840.4053818181818,312.60992727272725,356.16877116117917,none,False,11.0,left,up,left,194.34000000001106,none,False,11.0,left,up
54,RTL,Farsi,5,0,4,008.png,009.png,0,-308,0,308,008.png,201.395500000217,1171.7157999955816,undefined,"(12, 6)",left,12.0,,up,right,False,left,214.11999999963882,994.0789894736843,306.1453263157895,383.5684624694137,none,False,12.0,,up,left,187.74999999959618,none,False,12.0,,up
54,RTL,Farsi,6,0,2,010.png,011.png,-267,-154,267,154,010.png,258.703700004844,1666.449800002738,undefined,"(10, 4)",left,10.0,left,up,right,False,left,268.07000000007974,724.4663351351351,423.81301621621617,407.38717722460353,none,False,10.0,left,up,left,247.8000000000975,none,False,10.0,left,up
54,RTL,Farsi,7,1,1,012.png,013.png,-308,0,308,0,013.png,305.7307999988552,1309.0725999936694,undefined,"(9, 3)",right,3.0,right,,right,True,right,334.96999999988475,1363.4007272727272,557.3035636363636,447.24765323240683,none,False,3.0,right,,right,294.9300000000221,none,False,3.0,right,
54,RTL,Farsi,8,1,3,014.png,015.png,-154,-267,154,267,014.png,208.08219999889843,1099.153999995906,undefined,"(11, 5)",left,11.0,left,up,right,False,left,214.35999999994237,854.9472000000001,361.6831285714286,363.15571973712935,none,False,11.0,left,up,left,194.08999999996013,none,False,11.0,left,up
54,RTL,Farsi,9,1,5,000.png,001.png,-154,267,154,-267,000.png,235.86050000449177,1024.6151999890571,undefined,"(7, 1)",left,7.0,left,down,right,False,left,254.39000000005763,716.426112,913.18212,477.77807821843373,none,False,7.0,left,down,left,227.78000000016618,none,False,7.0,left,down
54,RTL,Farsi,10,1,6,002.png,003.png,-267,154,267,-154,003.png,207.096600002842,810.3728999994928,undefined,"(8, 2)",right,2.0,right,up,right,True,right,247.80999999984488,1357.15456,422.66988000000003,488.0562526688559,none,False,2.0,right,up,right,200.9299999999712,none,False,2.0,right,up
54,RTL,Farsi,11,1,2,004.png,005.png,-267,-154,267,154,004.png,225.38590000476688,703.4737999929348,undefined,"(10, 4)",left,10.0,left,up,right,False,left,240.96999999983382,742.1510037735849,464.0297433962265,362.73439721643035,none,False,10.0,left,up,left,213.87000000004264,none,False,10.0,left,up
54,RTL,Farsi,12,1,4,006.png,007.png,0,-308,0,308,006.png,208.31010000256356,639.3208000081358,undefined,"(12, 6)",left,12.0,,up,right,False,left,214.350000000195,1035.59744,317.0826,386.3929657544558,none,False,12.0,,up,left,187.98999999989974,none,False,12.0,,up
54,RTL,Farsi,13,2,4,008.png,009.png,0,-308,0,308,009.png,112.99490000237712,1288.220000002184,undefined,"(12, 6)",right,6.0,,down,right,True,left,415.5300000002171,1069.1475063829787,265.5756765957447,387.9507052667801,none,False,12.0,,up,right,107.67000000032567,none,False,6.0,,down
54,RTL,Farsi,14,2,3,010.png,011.png,-154,-267,154,267,011.png,154.95880000526083,572.7711000072304,undefined,"(11, 5)",right,5.0,right,down,right,True,left,341.5500000000975,933.6947612903226,343.28078709677413,345.7552777817454,none,False,11.0,left,up,right,140.6200000001263,none,False,5.0,right,down
54,RTL,Farsi,15,2,5,012.png,013.png,-154,267,154,-267,012.png,247.19629999890455,718.1721999950241,undefined,"(7, 1)",left,7.0,left,down,right,False,left,261.2300000000687,785.0400000000001,798.9427636363637,457.96348216708276,none,False,7.0,left,down,left,234.12999999982276,none,False,7.0,left,down
54,RTL,Farsi,16,2,1,014.png,015.png,-308,0,308,0,015.png,228.61249999550637,1117.3911999940174,undefined,"(9, 3)",right,3.0,right,,right,True,right,261.2300000000687,1433.7065739130435,551.4155999999999,431.58210356269126,none,False,3.0,right,,right,220.95000000035725,none,False,3.0,right,
54,RTL,Farsi,17,2,6,000.png,001.png,-267,154,267,-154,001.png,196.18379999883473,593.2155999907991,undefined,"(8, 2)",right,2.0,right,up,right,True,right,227.78000000016618,1199.96928,466.27704,466.71556317381385,none,False,2.0,right,up,right,187.5,none,False,2.0,right,up
54,RTL,Farsi,18,2,2,002.png,003.png,-267,-154,267,154,003.png,194.26239999302197,483.5667000006651,undefined,"(10, 4)",right,4.0,right,down,right,True,left,321.28999999986263,704.0489513513513,424.9543135135135,391.3604581519363,none,False,10.0,left,up,right,187.5,none,False,4.0,right,down
54,RTL,Farsi,19,3,6,004.png,005.png,-267,154,267,-154,005.png,225.7396999921184,815.5133000109345,undefined,"(8, 2)",right,2.0,right,up,right,True,right,254.8900000001595,1224.93408,481.89869999999996,459.49189659283593,none,False,2.0,right,up,right,214.10999999989144,none,False,2.0,right,up
54,RTL,Farsi,20,3,2,006.png,007.png,-267,-154,267,154,006.png,211.5131000027759,722.6009000005433,undefined,"(10, 4)",left,10.0,left,up,right,False,left,227.78000000016618,767.18592,473.35104,402.0182992626143,none,False,10.0,left,up,left,201.16999999982,none,False,10.0,left,up
54,RTL,Farsi,21,3,4,008.png,009.png,0,-308,0,308,008.png,201.49680000031367,595.575800005463,undefined,"(12, 6)",left,12.0,,up,right,False,left,220.9499999999025,1029.950806779661,265.55149830508475,372.8071888818957,none,False,12.0,,up,left,187.75000000005093,none,False,12.0,,up
54,RTL,Farsi,22,3,3,010.png,011.png,-154,-267,154,267,010.png,200.9262000065064,801.0198999982094,undefined,"(11, 5)",left,11.0,left,up,right,False,left,214.35999999994237,870.1618604651162,345.4756744186047,391.94503170817734,none,False,11.0,left,up,left,194.34000000001106,none,False,11.0,left,up
54,RTL,Farsi,23,3,1,012.png,013.png,-308,0,308,0,013.png,310.11690000013914,826.2294000014663,undefined,"(9, 3)",right,3.0,right,,right,True,right,327.87999999982276,1332.75392,536.45724,471.6117481703138,none,False,3.0,right,,right,294.42999999992026,none,False,3.0,right,
54,RTL,Farsi,24,3,5,014.png,015.png,-154,267,154,-267,014.png,266.46400000026915,708.6449000053108,undefined,"(7, 1)",left,7.0,left,down,right,False,left,274.6600000000399,777.0478545454546,803.1685090909091,448.19430683039394,none,False,7.0,left,down,left,254.64000000010856,none,False,7.0,left,down
54,RTL,Farsi,25,4,5,000.png,001.png,-154,267,154,-267,001.png,207.82320000580512,844.4232000038028,undefined,"(7, 1)",right,1.0,right,up,right,True,right,227.54000000031738,1244.1259789473684,310.6206947368421,448.88381929792416,none,False,1.0,right,up,right,200.9299999999712,none,False,1.0,right,up
54,RTL,Farsi,26,4,6,002.png,003.png,-267,154,267,-154,003.png,194.49860000167973,468.1001999997534,undefined,"(8, 2)",right,2.0,right,up,right,True,right,254.39000000005763,1284.3862588235293,463.34858823529413,491.2805472258555,none,False,2.0,right,up,right,187.5,none,False,2.0,right,up
54,RTL,Farsi,27,4,1,004.png,005.png,-308,0,308,0,004.png,223.0513999966206,600.8945000066888,undefined,"(9, 3)",left,9.0,left,,right,False,left,247.8000000000975,685.5434926829269,585.4240097560976,431.41950155342676,none,False,9.0,left,,left,214.34999999974025,none,False,9.0,left,
54,RTL,Farsi,28,4,2,006.png,007.png,-267,-154,267,154,006.png,227.97449999779928,699.5929999975488,undefined,"(10, 4)",left,10.0,left,up,right,False,left,234.62000000017724,792.3619555555556,443.9036,341.77390953440533,none,False,10.0,left,up,left,221.19000000020606,none,False,10.0,left,up
54,RTL,Farsi,29,4,3,008.png,009.png,-154,-267,154,267,009.png,228.04400000313765,631.3140999991447,undefined,"(11, 5)",right,5.0,right,down,right,True,right,254.14999999975407,1184.625135483871,814.914,389.89864696875605,none,False,5.0,right,down,right,220.9499999999025,none,False,5.0,right,down
54,RTL,Farsi,30,4,4,010.png,011.png,0,-308,0,308,010.png,214.1053999948781,805.0928000011481,undefined,"(12, 6)",left,12.0,,up,right,False,left,214.34999999974025,1117.4005894736842,281.5409368421053,408.8028089288147,none,False,12.0,,up,left,207.51999999993131,none,False,12.0,,up
54,RTL,Farsi,31,5,6,012.png,013.png,-267,154,267,-154,013.png,219.2081999965012,1308.356299996376,undefined,"(8, 2)",right,2.0,right,up,right,True,right,247.31999999994514,1301.9826,434.427975,495.27938803524825,none,False,2.0,right,up,right,214.35999999994237,none,False,2.0,right,up
54,RTL,Farsi,32,5,5,014.png,015.png,-154,267,154,-267,015.png,190.12620000285096,1131.7014999949606,undefined,"(7, 1)",right,1.0,right,up,right,True,right,221.19000000020606,1222.7446153846154,336.78747692307695,498.19265737633606,none,False,1.0,right,up,right,180.9000000002925,none,False,1.0,right,up
54,RTL,Farsi,33,5,2,000.png,001.png,-267,-154,267,154,000.png,228.8183999917237,692.0420999958878,undefined,"(10, 4)",left,10.0,left,up,right,False,left,268.07000000007974,745.2036923076923,448.9140461538462,334.59098402492964,none,False,10.0,left,up,left,214.350000000195,none,False,10.0,left,up
54,RTL,Farsi,34,5,1,002.png,003.png,-308,0,308,0,003.png,238.11609999393113,686.7186000017682,undefined,"(9, 3)",right,3.0,right,,right,True,right,268.06000000033237,1270.6648615384615,579.0021230769231,451.46433025354463,none,False,3.0,right,,right,227.53999999986263,none,False,3.0,right,
54,RTL,Farsi,35,5,4,004.png,005.png,0,-308,0,308,004.png,283.79640000639483,1249.8705000034531,undefined,"(12, 6)",left,12.0,,up,right,False,left,294.42999999992026,1085.3138285714288,269.32628571428575,364.56940168979276,none,False,12.0,,up,left,274.40999999998894,none,False,12.0,,up
54,RTL,Farsi,36,5,3,006.png,007.png,-154,-267,154,267,006.png,214.40670000447423,864.9501000036253,undefined,"(11, 5)",left,11.0,left,up,right,False,left,227.53999999986263,865.837572413793,291.31268275862067,360.7257253720509,none,False,11.0,left,up,left,201.17000000027474,none,False,11.0,left,up
54,RTL,Farsi,37,6,2,008.png,009.png,-267,-154,267,154,009.png,189.770299999509,497.8135999990627,undefined,"(10, 4)",right,4.0,right,down,right,True,right,241.21000000013737,1287.3371428571427,668.9628,416.04679246693803,none,False,4.0,right,down,right,180.65999999998894,none,False,4.0,right,down
54,RTL,Farsi,38,6,5,010.png,011.png,-154,267,154,-267,011.png,201.54779999575112,631.7495999974199,undefined,"(7, 1)",right,1.0,right,up,right,True,right,220.70999999959895,1194.7434666666668,380.78460000000007,415.09381723380216,none,False,1.0,right,up,right,193.84999999965657,none,False,1.0,right,up
54,RTL,Farsi,39,6,4,012.png,013.png,0,-308,0,308,012.png,200.60219999868423,1365.6462999933865,undefined,"(12, 6)",left,12.0,,up,right,False,left,214.35999999994237,1081.9467789473686,245.68692631578946,414.531072302274,none,False,12.0,,up,left,194.34000000001106,none,False,12.0,,up
54,RTL,Farsi,40,6,1,014.png,015.png,-308,0,308,0,014.png,276.1217000079341,891.59529999597,undefined,"(9, 3)",left,9.0,left,,right,False,left,288.0800000002637,744.6208,545.3456400000001,385.04941851176613,none,False,9.0,left,,left,268.06000000033237,none,False,9.0,left,
54,RTL,Farsi,41,6,6,000.png,001.png,-267,154,267,-154,001.png,415.4336999927182,775.8470999979181,undefined,"(8, 2)",right,2.0,right,up,right,True,right,428.23000000043976,1363.4409931034481,407.49517241379306,413.24363540134925,none,False,2.0,right,up,right,408.21000000050844,none,False,2.0,right,up
54,RTL,Farsi,42,6,3,002.png,003.png,-154,-267,154,267,003.png,307.69049999071285,769.1178999957629,undefined,"(11, 5)",right,5.0,right,down,right,True,right,341.30999999979394,1178.9371826086956,790.221443478261,408.84247548505033,none,False,5.0,right,down,right,294.42999999992026,none,False,5.0,right,down
54,RTL,Farsi,43,7,5,004.png,005.png,-154,267,154,-267,005.png,202.97100000607315,4409.400300006382,undefined,"(7, 1)",right,1.0,right,up,right,True,right,180.6700000006458,1188.256,352.4352,432.95184596428237,none,False,1.0,right,up,right,187.5,none,False,1.0,right,up
54,RTL,Farsi,44,7,3,006.png,007.png,-154,-267,154,267,006.png,289.48329998820554,815.7300000020768,undefined,"(11, 5)",left,11.0,left,up,right,False,left,321.28999999986263,882.3221333333333,329.2269,346.1276548942603,none,False,11.0,left,up,left,281.7400000003545,none,False,11.0,left,up
54,RTL,Farsi,45,7,1,008.png,009.png,-308,0,308,0,009.png,213.37409999978263,582.050299999537,undefined,"(9, 3)",right,3.0,right,,right,True,right,241.21000000013737,1418.6522482758621,583.9973379310344,384.9045944356634,none,False,3.0,right,,right,200.67999999992026,none,False,3.0,right,
54,RTL,Farsi,46,7,4,010.png,011.png,0,-308,0,308,010.png,212.09539999836124,595.1979999954347,undefined,"(12, 6)",left,12.0,,up,right,False,left,207.51999999993131,1077.6093090909092,303.64363636363635,418.5245503122574,none,False,12.0,,up,left,200.68999999966763,none,False,12.0,,up
54,RTL,Farsi,47,7,6,012.png,013.png,-267,154,267,-154,013.png,187.29970000276808,659.5736000017496,undefined,"(8, 2)",right,2.0,right,up,right,True,right,220.71000000050844,1272.1067520000001,457.68888,458.8030848999116,none,False,2.0,right,up,right,180.6700000006458,none,False,2.0,right,up
54,RTL,Farsi,48,7,2,014.png,015.png,-267,-154,267,154,015.png,194.30460000876337,540.5885999934981,undefined,"(10, 4)",right,4.0,right,down,right,True,right,221.18999999929656,1334.0628000000002,669.7258875,370.6568215846848,none,False,4.0,right,down,right,180.65999999998894,none,False,4.0,right,down
60,LTR,English,1,0,5,000.png,001.png,-154,267,154,-267,000.png,17.522100009955466,16504.26679989323,undefined,"(7, 1)",left,7.0,left,down,left,True,left,308.53000000001884,699.809476923077,722.6961230769232,355.8018735535711,none,False,7.0,left,down,left,0.0,first_fix_anticipatory,True,,,
60,LTR,English,2,0,1,002.png,003.png,-308,0,308,0,002.png,241.02120008319616,3433.437000028789,undefined,"(9, 3)",left,9.0,left,,left,True,left,254.52000000007047,543.8460759493671,501.6310177215189,411.1951268689248,none,False,9.0,left,,left,227.7800000000525,none,False,9.0,left,
60,LTR,English,3,0,4,004.png,005.png,0,-308,0,308,004.png,306.3092000083998,2281.0501999920234,undefined,"(12, 6)",left,12.0,,up,left,True,left,355.16999999993004,950.0084363636364,167.0616,334.32307563586653,none,False,12.0,,up,left,294.9300000000221,none,False,12.0,,up
60,LTR,English,4,0,2,006.png,007.png,-267,-154,267,154,006.png,241.86079995706675,1707.8438000753522,undefined,"(10, 4)",left,10.0,left,up,left,True,left,260.85999999997966,634.69104,376.44129000000004,369.32020034307664,none,False,10.0,left,up,left,233.6999999999989,none,False,10.0,left,up
60,LTR,English,5,0,6,008.png,009.png,-267,154,267,-154,009.png,214.34850001242012,2830.48880007118,undefined,"(8, 2)",right,2.0,right,up,left,False,right,234.4900000000507,1207.9766709677417,380.6404258064516,392.98181601316935,none,False,2.0,right,up,right,207.21000000003187,none,False,2.0,right,up
60,LTR,English,6,0,3,010.png,011.png,-154,-267,154,267,010.png,193.44179995823652,2884.768799995072,undefined,"(11, 5)",left,11.0,left,up,left,True,left,221.05999999996584,803.16096,258.17796,369.029211339267,none,False,11.0,left,up,left,187.7399999999625,none,False,11.0,left,up
60,LTR,English,7,1,2,012.png,013.png,-267,-154,267,154,012.png,289.5061000017449,3678.69180010166,undefined,"(10, 4)",left,10.0,left,up,left,True,left,321.5300000000525,620.8060235294117,383.8564588235294,380.5926219156752,none,False,10.0,left,up,left,274.47000000006483,none,False,10.0,left,up
60,LTR,English,8,1,5,014.png,015.png,-154,267,154,-267,014.png,285.00400006305426,815.5538999708369,undefined,"(7, 1)",left,7.0,left,down,left,True,left,255.17999999999574,707.0473846153847,690.7356000000001,348.55100857997815,none,False,7.0,left,down,left,275.26000000000295,none,False,7.0,left,down
60,LTR,English,9,1,1,000.png,001.png,-308,0,308,0,000.png,201.73240010626617,2339.0714999986812,undefined,"(9, 3)",left,9.0,left,,left,True,left,234.19000000001233,602.9184,520.4804399999999,427.91934977146593,none,False,9.0,left,,left,193.84999999999764,none,False,9.0,left,
60,LTR,English,10,1,3,002.png,003.png,-154,-267,154,267,002.png,221.80499997921288,1875.0052000395951,undefined,"(11, 5)",left,11.0,left,up,left,True,left,240.7900000000609,752.0591999999999,266.6412,409.28872547032006,none,False,11.0,left,up,left,207.4000000000069,none,False,11.0,left,up
60,LTR,English,11,1,6,004.png,005.png,-267,154,267,-154,005.png,219.65199999976903,746.5023000258952,undefined,"(8, 2)",right,2.0,right,up,left,False,right,241.15000000006148,1220.5022608695654,349.11516521739134,368.6627168626616,none,False,2.0,right,up,right,207.65000000005784,none,False,2.0,right,up
60,LTR,English,12,1,4,006.png,007.png,0,-308,0,308,006.png,213.32670003175735,1613.407599972561,undefined,"(12, 6)",left,12.0,,up,left,True,left,234.42999999997483,888.7224888888888,253.01600000000002,367.45355081711784,none,False,12.0,,up,left,200.97999999995864,none,False,12.0,,up
60,LTR,English,13,2,3,008.png,009.png,-154,-267,154,267,008.png,237.7940999576822,1248.1498999986798,undefined,"(11, 5)",left,11.0,left,up,left,True,left,254.75999999991927,744.3760941176472,380.49861176470586,409.5395277824385,none,False,11.0,left,up,left,227.8999999999769,none,False,11.0,left,up
60,LTR,English,14,2,1,010.png,011.png,-308,0,308,0,010.png,225.070400047116,1248.6544999992475,undefined,"(9, 3)",left,9.0,left,,left,True,left,241.3299999999481,595.4037818181819,527.7898636363636,364.8006164228653,none,False,9.0,left,,left,214.59999999990487,none,False,9.0,left,
60,LTR,English,15,2,4,012.png,013.png,0,-308,0,308,012.png,214.02210008818656,1279.887199983932,undefined,"(12, 6)",left,12.0,,up,left,True,left,227.8999999999769,881.4253714285715,337.5138857142857,458.09398318561506,none,False,12.0,,up,left,207.8199999999697,none,False,12.0,,up
60,LTR,English,16,2,5,014.png,015.png,-154,267,154,-267,015.png,244.4551000371575,1180.3659999277445,undefined,"(7, 1)",right,1.0,right,up,left,False,right,247.56000000002132,1118.0775079646019,153.7937203539823,380.7479751752628,none,False,1.0,right,up,right,234.44000000006326,none,False,1.0,right,up
60,LTR,English,17,2,2,000.png,001.png,-267,-154,267,154,001.png,263.7393999611959,1529.7141999471933,undefined,"(10, 4)",right,4.0,right,down,left,False,left,375.0,676.8926117647059,377.3793176470588,405.3777725201855,none,False,10.0,left,up,right,254.52000000007047,none,False,4.0,right,down
60,LTR,English,18,2,6,002.png,003.png,-267,154,267,-154,002.png,248.64909995812923,1357.6836000429466,undefined,"(8, 2)",left,8.0,left,down,left,True,left,281.3100000000759,642.6179657142857,593.3344114285715,408.27047017422854,none,False,8.0,left,down,left,241.0300000000234,none,False,8.0,left,down
60,LTR,English,19,3,6,004.png,005.png,-267,154,267,-154,004.png,286.43340000417084,3426.0405000532046,undefined,"(8, 2)",left,8.0,left,down,left,True,left,301.089999999931,613.6649142857143,616.2649714285715,366.9739563249415,none,False,8.0,left,down,left,274.4199999999637,none,False,8.0,left,down
60,LTR,English,20,3,5,006.png,007.png,-154,267,154,-267,007.png,196.6226999647915,3016.3806000491604,undefined,"(7, 1)",right,1.0,right,up,left,False,right,221.13000000001648,1118.9676000000002,235.5881625,402.9885098164335,none,False,1.0,right,up,right,194.3899999999985,none,False,1.0,right,up
60,LTR,English,21,3,3,008.png,009.png,-154,-267,154,267,008.png,212.4010999687016,1241.9371999567377,undefined,"(11, 5)",left,11.0,left,up,left,True,left,241.21000000002368,732.003323076923,213.52285384615385,392.34667938653934,none,False,11.0,left,up,left,207.7000000000453,none,False,11.0,left,up
60,LTR,English,22,3,4,010.png,011.png,0,-308,0,308,010.png,233.951999922283,1172.038699965924,undefined,"(12, 6)",left,12.0,,up,left,True,left,241.27999999996064,896.216,211.6335,397.6979482003264,none,False,12.0,,up,left,221.0699999999406,none,False,12.0,,up
60,LTR,English,23,3,1,012.png,013.png,-308,0,308,0,012.png,200.29409998096529,1303.4376000287011,undefined,"(9, 3)",left,9.0,left,,left,True,left,234.19999999998709,551.857324137931,520.0913172413793,367.96187525481764,none,False,9.0,left,,left,187.63000000001284,none,False,9.0,left,
60,LTR,English,24,3,2,014.png,015.png,-267,-154,267,154,014.png,192.48119997791943,3187.205799971707,undefined,"(10, 4)",left,10.0,left,up,left,True,left,227.22999999996318,582.9127111111111,411.98279999999994,415.88460614712216,none,False,10.0,left,up,left,180.65999999998894,none,False,10.0,left,up
60,LTR,English,25,4,4,000.png,001.png,0,-308,0,308,000.png,268.0263000074774,3685.891899978742,undefined,"(12, 6)",left,12.0,,up,left,True,left,288.20999999993546,869.9529142857142,238.068,416.00376935648865,none,False,12.0,,up,left,261.41999999993004,none,False,12.0,,up
60,LTR,English,26,4,1,002.png,003.png,-308,0,308,0,002.png,217.31440001167357,1420.2830999856817,undefined,"(9, 3)",left,9.0,left,,left,True,left,241.26999999998588,589.30992,509.88203999999996,414.3848117785319,none,False,9.0,left,,left,207.7600000000075,none,False,9.0,left,
60,LTR,English,27,4,5,004.png,005.png,-154,267,154,-267,005.png,228.5658000037074,697.3393000662327,undefined,"(7, 1)",right,1.0,right,up,left,False,right,247.7999999999838,1097.3567999999998,278.296992,393.66257812758215,none,False,1.0,right,up,right,220.9500000000162,none,False,1.0,right,up
60,LTR,English,28,4,6,006.png,007.png,-267,154,267,-154,007.png,216.69099992141128,1314.529300085269,undefined,"(8, 2)",right,2.0,right,up,left,False,right,234.61999999994987,1217.8085333333333,410.16600000000005,417.571780032496,none,False,2.0,right,up,right,200.870000000009,none,False,2.0,right,up
60,LTR,English,29,4,3,008.png,009.png,-154,-267,154,267,008.png,272.1982999937609,1867.509900010191,undefined,"(11, 5)",left,11.0,left,up,left,True,left,308.1600000000435,714.6620160000001,212.82458400000002,387.2183461891246,none,False,11.0,left,up,left,261.3499999999931,none,False,11.0,left,up
60,LTR,English,30,4,2,010.png,011.png,-267,-154,267,154,010.png,206.26080001238736,1479.8127999529245,undefined,"(10, 4)",left,10.0,left,up,left,True,left,214.7899999999936,650.56896,362.4270171428571,410.4534581597753,none,False,10.0,left,up,left,194.7099999999864,none,False,10.0,left,up
60,LTR,English,31,5,3,012.png,013.png,-154,-267,154,267,012.png,203.1784999417141,1095.7373999990525,undefined,"(11, 5)",left,11.0,left,up,left,True,left,221.37000000009266,695.00288,256.2858,359.6676712739518,none,False,11.0,left,up,left,194.58000000008724,none,False,11.0,left,up
60,LTR,English,32,5,4,014.png,015.png,0,-308,0,308,014.png,214.58030003122985,813.7591000413522,undefined,"(12, 6)",left,12.0,,up,left,True,left,234.24999999997453,906.0632150943397,179.0328226415094,365.79370142701356,none,False,12.0,,up,left,207.22000000000662,none,False,12.0,,up
60,LTR,English,33,5,2,000.png,001.png,-267,-154,267,154,000.png,221.28130006603897,742.0409000478685,undefined,"(10, 4)",left,10.0,left,up,left,True,left,234.44000000006326,600.0846545454546,329.00334545454547,427.259571531107,none,False,10.0,left,up,left,207.5800000000072,none,False,10.0,left,up
60,LTR,English,34,5,1,002.png,003.png,-308,0,308,0,002.png,225.43829993810505,1286.4530999213457,undefined,"(9, 3)",left,9.0,left,,left,True,left,274.95999999996457,532.3424542372882,477.8494779661017,372.67870197271526,none,False,9.0,left,,left,214.29000000000542,none,False,9.0,left,
60,LTR,English,35,5,6,004.png,005.png,-267,154,267,-154,004.png,242.55790002644065,677.0635999273509,undefined,"(8, 2)",left,8.0,left,down,left,True,left,301.7600000000584,679.1932235294119,595.3442823529413,403.1140686591897,none,False,8.0,left,down,left,234.73999999998796,none,False,8.0,left,down
60,LTR,English,36,5,5,006.png,007.png,-154,267,154,-267,007.png,304.30159997195005,739.3582999939099,undefined,"(7, 1)",right,1.0,right,up,left,False,right,328.25000000002547,1164.8988,276.70005000000003,394.1379880374418,none,False,1.0,right,up,right,294.6800000000849,none,False,1.0,right,up
60,LTR,English,37,6,3,008.png,009.png,-154,-267,154,267,008.png,321.77879998926073,2333.106799982488,undefined,"(11, 5)",left,11.0,left,up,left,True,left,341.62000000003445,715.7217882352941,243.918,444.32906014293144,none,False,11.0,left,up,left,314.7599999999784,none,False,11.0,left,up
60,LTR,English,38,6,6,010.png,011.png,-267,154,267,-154,011.png,240.6860999763012,638.4035999653861,undefined,"(8, 2)",right,2.0,right,up,left,False,right,254.45000000001983,1222.5968842105265,338.2159263157895,404.9069901062001,none,False,2.0,right,up,right,234.31000000005042,none,False,2.0,right,up
60,LTR,English,39,6,4,012.png,013.png,0,-308,0,308,012.png,789.2462000017986,1277.5029999902472,undefined,"(12, 6)",left,12.0,,up,left,True,left,797.1200000000636,896.3212799999999,256.928976,366.55542098845973,none,False,12.0,,up,left,776.7900000000054,none,False,12.0,,up
60,LTR,English,40,6,2,014.png,015.png,-267,-154,267,154,014.png,197.5170000223443,745.3672999981791,undefined,"(10, 4)",left,10.0,left,up,left,True,left,227.7800000000525,658.0772000000001,399.854925,362.4791766887851,none,False,10.0,left,up,left,187.6200000000381,none,False,10.0,left,up
60,LTR,English,41,6,5,000.png,001.png,-154,267,154,-267,000.png,241.1091000540182,563.1668000714853,undefined,"(7, 1)",left,7.0,left,down,left,True,left,268.01000000000386,723.7883076923076,691.8172615384616,390.58610102485085,none,False,7.0,left,down,left,234.55999999998767,none,False,7.0,left,down
60,LTR,English,42,6,1,002.png,003.png,-308,0,308,0,002.png,203.50290008354932,857.2459999704733,undefined,"(9, 3)",left,9.0,left,,left,True,left,227.53999999997632,594.0778666666666,542.7592,381.1473884241279,none,False,9.0,left,,left,194.28000000004886,none,False,9.0,left,
60,LTR,English,43,7,2,004.png,005.png,-267,-154,267,154,004.png,223.10249996371567,1452.1987000480294,undefined,"(10, 4)",left,10.0,left,up,left,True,left,241.26999999998588,624.3066739726028,324.8685863013698,411.02191494072247,none,False,10.0,left,up,left,207.5800000000072,none,False,10.0,left,up
60,LTR,English,44,7,6,006.png,007.png,-267,154,267,-154,007.png,215.97759996075183,1269.3285000277683,undefined,"(8, 2)",right,2.0,right,up,left,False,right,234.50000000002547,1246.8496,358.91010000000006,395.6886961219137,none,False,2.0,right,up,right,207.6399999999694,none,False,2.0,right,up
60,LTR,English,45,7,4,008.png,009.png,0,-308,0,308,008.png,251.17489998228848,2992.97830008436,undefined,"(12, 6)",left,12.0,,up,left,True,left,294.6799999999712,932.7131076923076,271.6162615384615,375.16339685282827,none,False,12.0,,up,left,240.95999999997275,none,False,12.0,,up
60,LTR,English,46,7,1,010.png,011.png,-308,0,308,0,010.png,203.1196999596432,637.4250999651849,undefined,"(9, 3)",left,9.0,left,,left,True,left,227.7199999999766,564.3949090909091,541.3038545454546,395.6712455528311,none,False,9.0,left,,left,194.3899999999985,none,False,9.0,left,
60,LTR,English,47,7,3,012.png,013.png,-154,-267,154,267,012.png,196.01029995828867,662.9850000608712,undefined,"(11, 5)",left,11.0,left,up,left,True,left,220.94000000015512,733.3472,298.51064999999994,376.1183185325975,none,False,11.0,left,up,left,187.5,none,False,11.0,left,up
60,LTR,English,48,7,5,014.png,015.png,-154,267,154,-267,014.png,245.794799993746,1288.370999973267,undefined,"(7, 1)",left,7.0,left,down,left,True,right,381.4700000000357,1126.8713411764707,218.52254117647058,362.2068484135386,none,False,1.0,right,up,left,234.74000000010165,none,False,7.0,left,down
62,LTR,English,1,0,3,000.png,001.png,-154,-267,154,267,000.png,216.70270000000164,1159.5954000000056,undefined,"(11, 5)",left,11.0,left,up,left,True,left,227.72000000000503,736.5711567567567,265.8358702702703,393.1292586898417,none,False,11.0,left,up,left,207.67000000000024,none,False,11.0,left,up
62,LTR,English,2,0,6,002.png,003.png,-267,154,267,-154,002.png,359.5142000000051,629.6045000000013,undefined,"(8, 2)",left,8.0,left,down,left,True,left,394.94999999999436,571.3731692307693,675.996923076923,389.53033766620035,none,False,8.0,left,down,left,348.28999999999866,none,False,8.0,left,down
62,LTR,English,3,0,4,004.png,005.png,0,-308,0,308,004.png,255.7476999999999,677.9170000000086,undefined,"(12, 6)",left,12.0,,up,left,True,left,274.6800000000036,978.9489230769233,164.37572307692307,376.3808746605075,none,False,12.0,,up,left,247.90000000000134,none,False,12.0,,up
62,LTR,English,4,0,1,006.png,007.png,-308,0,308,0,006.png,207.93589999999676,540.3450999999914,undefined,"(9, 3)",left,9.0,left,,left,True,left,221.49000000000285,536.3536,483.6636,427.3757856944167,none,False,9.0,left,,left,194.2900000000094,none,False,9.0,left,
62,LTR,English,5,0,2,008.png,009.png,-267,-154,267,154,008.png,202.71249999997963,3983.625499999994,undefined,"(10, 4)",left,10.0,left,up,left,True,left,234.2000000000013,551.0452,328.02885,458.79456004795145,none,False,10.0,left,up,left,187.59000000000015,none,False,10.0,left,up
62,LTR,English,6,0,5,010.png,011.png,-154,267,154,-267,011.png,249.65549999999348,490.5975000000035,undefined,"(7, 1)",right,1.0,right,up,left,False,right,281.3899999999876,1122.716611764706,256.3824705882353,416.66550785726645,none,False,1.0,right,up,right,241.1899999999889,none,False,1.0,right,up
62,LTR,English,7,1,4,012.png,013.png,0,-308,0,308,012.png,216.84700000000885,478.4511000000057,undefined,"(12, 6)",left,12.0,,up,left,True,left,227.71000000000186,894.61248,209.722176,405.44908210268875,none,False,12.0,,up,left,200.5099999999942,none,False,12.0,,up
62,LTR,English,8,1,1,014.png,015.png,-308,0,308,0,014.png,219.22289999997884,383.486699999994,undefined,"(9, 3)",left,9.0,left,,left,True,left,254.22000000000367,556.9947428571428,580.3296685714286,440.20403864513617,none,False,9.0,left,,left,207.579999999993,none,False,9.0,left,
62,LTR,English,9,1,5,000.png,001.png,-154,267,154,-267,001.png,256.89599999999336,440.0056000000041,undefined,"(7, 1)",right,1.0,right,up,left,False,right,281.36999999999546,1090.9242181818183,232.76487272727272,391.3722624419255,none,False,1.0,right,up,right,247.75999999999954,none,False,1.0,right,up
62,LTR,English,10,1,2,002.png,003.png,-267,-154,267,154,002.png,212.69470000002184,709.8155999999872,undefined,"(10, 4)",left,10.0,left,up,left,True,left,254.5199999999994,577.6704000000001,363.7818,445.6990194634967,none,False,10.0,left,up,left,200.91999999999643,none,False,10.0,left,up
62,LTR,English,11,1,6,004.png,005.png,-267,154,267,-154,004.png,222.22490000000107,2478.2891999999993,undefined,"(8, 2)",left,8.0,left,down,left,True,left,274.6500000000083,609.9283862068966,667.1484,434.74268321008094,none,False,8.0,left,down,left,214.0100000000018,none,False,8.0,left,down
62,LTR,English,12,1,3,006.png,007.png,-154,-267,154,267,006.png,240.2153999999864,354.5541000000085,undefined,"(11, 5)",left,11.0,left,up,left,True,left,254.52999999998838,734.6102857142857,292.52674285714284,437.5669922444591,none,False,11.0,left,up,left,227.23999999999478,none,False,11.0,left,up
62,LTR,English,13,2,6,008.png,009.png,-267,154,267,-154,009.png,267.5046999999904,518.2644999999902,undefined,"(8, 2)",right,2.0,right,up,left,False,right,288.2200000000239,1238.4581485714286,489.1770514285714,396.59968443439607,none,False,2.0,right,up,right,254.82000000002358,none,False,2.0,right,up
62,LTR,English,14,2,5,010.png,011.png,-154,267,154,-267,010.png,6.3650999999954365,473.32260000001406,undefined,"(7, 1)",left,7.0,left,down,left,True,right,287.65999999998826,1181.3957485714286,329.93197714285714,422.6002605355102,none,False,1.0,right,up,left,0.0,first_fix_anticipatory,True,,,
62,LTR,English,15,2,4,012.png,013.png,0,-308,0,308,013.png,141.61960000000545,372.4429999999993,undefined,"(12, 6)",right,6.0,,down,left,False,left,247.64999999999304,961.1328000000002,342.33732000000003,406.4823674386671,none,False,12.0,,up,right,127.22999999999729,none,False,6.0,,down
62,LTR,English,16,2,3,014.png,015.png,-154,-267,154,267,014.png,205.7697000000044,1023.0885000000126,undefined,"(11, 5)",left,11.0,left,up,left,True,left,227.73999999998296,687.0215314285715,272.1408685714286,437.069180178602,none,False,11.0,left,up,left,194.32999999997946,none,False,11.0,left,up
62,LTR,English,17,2,1,000.png,001.png,-308,0,308,0,000.png,216.21470000004047,328.0819999999949,undefined,"(9, 3)",left,9.0,left,,left,True,left,241.12000000002354,558.1555199999999,642.0816,429.73277902027036,none,False,9.0,left,,left,200.9299999999996,none,False,9.0,left,
62,LTR,English,18,2,2,002.png,003.png,-267,-154,267,154,002.png,279.2418999999936,384.49009999999544,undefined,"(10, 4)",left,10.0,left,up,left,True,left,301.479999999998,567.0813957446809,362.22005106382977,415.08970727374776,none,False,10.0,left,up,left,268.0000000000007,none,False,10.0,left,up
62,LTR,English,19,3,3,004.png,005.png,-154,-267,154,267,004.png,272.7196999999869,400.1113000000478,undefined,"(11, 5)",left,11.0,left,up,left,True,left,261.5700000000061,689.2700689655172,288.03823448275864,407.5432677232966,none,False,11.0,left,up,left,261.5700000000061,none,False,11.0,left,up
62,LTR,English,20,3,5,006.png,007.png,-154,267,154,-267,007.png,230.3066000000108,420.07709999996587,undefined,"(7, 1)",right,1.0,right,up,left,False,right,187.56000000001904,1062.34368,364.28076,412.51249415750056,none,False,1.0,right,up,right,214.10000000000196,none,False,1.0,right,up
62,LTR,English,21,3,2,008.png,009.png,-267,-154,267,154,008.png,223.6702000000223,419.04099999999744,undefined,"(10, 4)",left,10.0,left,up,left,True,left,261.17999999999597,592.670652631579,310.979747368421,431.8708608571291,none,False,10.0,left,up,left,214.13999999998623,none,False,10.0,left,up
62,LTR,English,22,3,4,010.png,011.png,0,-308,0,308,010.png,249.1992999999784,358.3085999999894,undefined,"(12, 6)",left,12.0,,up,left,True,left,267.54999999999995,920.6345142857142,137.85768,399.1082436086368,none,False,12.0,,up,left,241.14000000000146,none,False,12.0,,up
62,LTR,English,23,3,6,012.png,013.png,-267,154,267,-154,012.png,223.3704000000143,410.53410000001895,undefined,"(8, 2)",left,8.0,left,down,left,True,left,240.52999999997837,617.3166545454544,699.4202727272727,427.44088708074656,none,False,8.0,left,down,left,214.23999999998955,none,False,8.0,left,down
62,LTR,English,24,3,1,014.png,015.png,-308,0,308,0,014.png,211.58279999997467,603.2700000000186,undefined,"(9, 3)",left,9.0,left,,left,True,left,180.82999999998606,756.9139200000001,588.9164400000001,402.7805746820561,none,False,9.0,left,,left,201.0299999999745,none,False,9.0,left,
62,LTR,English,25,4,4,000.png,001.png,0,-308,0,308,000.png,224.2212999999465,405.95410000003176,undefined,"(12, 6)",left,12.0,,up,left,True,left,234.5899999999972,940.5456,195.21405,420.7320878402305,none,False,12.0,,up,left,214.24999999999272,none,False,12.0,,up
62,LTR,English,26,4,1,002.png,003.png,-308,0,308,0,002.png,210.9045000000333,351.44470000002184,undefined,"(9, 3)",left,9.0,left,,left,True,left,254.81999999999516,569.9871085714285,545.091737142857,343.4120792886159,none,False,9.0,left,,left,200.870000000009,none,False,9.0,left,
62,LTR,English,27,4,6,004.png,005.png,-267,154,267,-154,004.png,202.61590000000433,387.6649000000034,undefined,"(8, 2)",left,8.0,left,down,left,True,left,221.04000000001633,704.3502545454545,607.3291636363637,396.090764094496,none,False,8.0,left,down,left,194.21999999997297,none,False,8.0,left,down
62,LTR,English,28,4,2,006.png,007.png,-267,-154,267,154,006.png,213.67639999999665,482.7270999999601,undefined,"(10, 4)",left,10.0,left,up,left,True,left,247.34000000000833,593.7224533333333,388.71864,445.7985020118519,none,False,10.0,left,up,left,207.51999999998816,none,False,10.0,left,up
62,LTR,English,29,4,5,008.png,009.png,-154,267,154,-267,009.png,210.73810000001689,496.6667999999481,undefined,"(7, 1)",right,1.0,right,up,left,False,right,214.31999999998652,1188.9659428571429,215.94265714285712,368.2107850959691,none,False,1.0,right,up,right,194.26999999996042,none,False,1.0,right,up
62,LTR,English,30,4,3,010.png,011.png,-154,-267,154,267,010.png,224.7772999999579,3570.113400000031,undefined,"(11, 5)",left,11.0,left,up,left,True,left,261.6599999999494,743.29344,294.63120000000004,377.62008249825504,none,False,11.0,left,up,left,207.76999999998225,none,False,11.0,left,up
62,LTR,English,31,5,5,012.png,013.png,-154,267,154,-267,013.png,267.1308999999892,504.5537999999942,undefined,"(7, 1)",right,1.0,right,up,left,False,right,281.4000000000192,1137.0615652173913,269.67506086956524,381.97725634054933,none,False,1.0,right,up,right,254.58000000003267,none,False,1.0,right,up
62,LTR,English,32,5,2,014.png,015.png,-267,-154,267,154,014.png,207.51430000003893,596.9048000000184,undefined,"(10, 4)",left,10.0,left,up,left,True,left,241.1199999999667,607.4770285714286,502.7076,382.97694872114675,none,False,10.0,left,up,left,200.86999999995214,none,False,10.0,left,up
62,LTR,English,33,5,4,000.png,001.png,0,-308,0,308,000.png,202.05329999997048,431.81709999998566,undefined,"(12, 6)",left,12.0,,up,left,True,left,234.8299999999881,919.7338536585365,223.79997073170733,437.19876364044813,none,False,12.0,,up,left,194.6699999999737,none,False,12.0,,up
62,LTR,English,34,5,3,002.png,003.png,-154,-267,154,267,002.png,225.42979999998352,316.28370000002906,undefined,"(11, 5)",left,11.0,left,up,left,True,left,247.9600000000346,712.7947636363635,224.15939999999998,401.0806820254017,none,False,11.0,left,up,left,214.42000000001826,none,False,11.0,left,up
62,LTR,English,35,5,1,004.png,005.png,-308,0,308,0,004.png,228.3065999999526,827.0405999999493,undefined,"(9, 3)",left,9.0,left,,left,True,left,254.33000000003858,531.8984533333332,584.60592,453.26129545545905,none,False,9.0,left,,left,220.82000000000335,none,False,9.0,left,
62,LTR,English,36,5,6,006.png,007.png,-267,154,267,-154,006.png,233.62229999998817,1326.7357000000193,undefined,"(8, 2)",left,8.0,left,down,left,True,left,254.60000000003902,598.5416347826086,708.2433391304348,434.6812326485947,none,False,8.0,left,down,left,221.10000000003538,none,False,8.0,left,down
62,LTR,English,37,6,6,008.png,009.png,-267,154,267,-154,008.png,217.87100000004284,3200.9322000000393,undefined,"(8, 2)",left,8.0,left,down,left,True,left,241.15000000000464,563.8557405405405,671.8189621621623,441.75121545107675,none,False,8.0,left,down,left,207.6099999999883,none,False,8.0,left,down
62,LTR,English,38,6,3,010.png,011.png,-154,-267,154,267,010.png,221.59939999994825,402.8780000000843,undefined,"(11, 5)",left,11.0,left,up,left,True,left,227.69999999997026,682.091076923077,239.59010769230767,459.6732280229792,none,False,11.0,left,up,left,207.6099999999883,none,False,11.0,left,up
62,LTR,English,39,6,2,012.png,013.png,-267,-154,267,154,012.png,239.59659999998985,461.3692000000155,undefined,"(10, 4)",left,10.0,left,up,left,True,left,261.20000000003074,594.457945945946,425.274227027027,404.0066571662942,none,False,10.0,left,up,left,234.37000000001262,none,False,10.0,left,up
62,LTR,English,40,6,4,014.png,015.png,0,-308,0,308,014.png,244.15239999996265,344.3774000000558,undefined,"(12, 6)",left,12.0,,up,left,True,left,254.27000000001954,943.5200000000001,183.7038857142857,369.1493485374975,none,False,12.0,,up,left,234.1599999999744,none,False,12.0,,up
62,LTR,English,41,6,1,000.png,001.png,-308,0,308,0,000.png,217.8084000000381,430.4060000000172,undefined,"(9, 3)",left,9.0,left,,left,True,left,234.42999999997483,529.4508,534.913875,407.93721955615507,none,False,9.0,left,,left,207.6399999999694,none,False,9.0,left,
62,LTR,English,42,6,5,002.png,003.png,-154,267,154,-267,003.png,10.887099999992644,388.1190999999526,undefined,"(7, 1)",right,1.0,right,up,left,False,right,33.35000000004129,1007.6233142857144,224.05062857142855,446.65601510406725,first_fix_anticipatory,True,,,,right,0.0,first_fix_anticipatory,True,,,
62,LTR,English,43,7,5,004.png,005.png,-154,267,154,-267,005.png,27.3175999999512,1305.9103000000468,undefined,"(7, 1)",right,1.0,right,up,left,False,right,254.58000000003267,1190.5288258064516,267.46652903225805,415.70901786845667,none,False,1.0,right,up,right,13.43000000002803,first_fix_anticipatory,True,,,
62,LTR,English,44,7,6,006.png,007.png,-267,154,267,-154,007.png,402.48769999999786,864.0185000000056,undefined,"(8, 2)",right,2.0,right,up,left,False,right,388.5799999999904,1374.1906909090908,397.1432454545455,439.90916676660834,none,False,2.0,right,up,right,388.5799999999904,none,False,2.0,right,up
62,LTR,English,45,7,2,008.png,009.png,-267,-154,267,154,008.png,308.50459999998566,484.5632999999798,undefined,"(10, 4)",left,10.0,left,up,left,True,left,240.79000000000406,809.3088,506.9214,440.5758584624365,none,False,10.0,left,up,left,294.4400000000087,none,False,10.0,left,up
62,LTR,English,46,7,1,010.png,011.png,-308,0,308,0,010.png,245.4678000000422,492.81339999998454,undefined,"(9, 3)",left,9.0,left,,left,True,left,261.25999999999294,517.4129454545455,600.2308636363637,446.66660697393013,none,False,9.0,left,,left,234.53000000000657,none,False,9.0,left,
62,LTR,English,47,7,4,012.png,013.png,0,-308,0,308,012.png,213.63629999995464,335.66319999995176,undefined,"(12, 6)",left,12.0,,up,left,True,left,241.24000000000478,909.0896,65.1708,396.79925413142644,none,False,12.0,,up,left,201.05000000000928,none,False,12.0,,up
62,LTR,English,48,7,3,014.png,015.png,-154,-267,154,267,014.png,57.59519999998156,497.3618000000133,undefined,"(11, 5)",left,11.0,left,up,left,True,left,261.07999999999265,710.391652173913,193.8341739130435,405.90327870117034,none,False,11.0,left,up,left,46.80999999999358,first_fix_anticipatory,True,,,
63,LTR,English,1,0,1,000.png,001.png,-308,0,308,0,000.png,325.0119999999879,9375.569099999935,undefined,"(9, 3)",left,9.0,left,,left,True,left,354.91000000001804,610.9366588235295,514.3703294117647,356.2613669934609,none,False,9.0,left,,left,314.50000000000955,none,False,9.0,left,
63,LTR,English,2,0,5,002.png,003.png,-154,267,154,-267,002.png,316.901499999949,1204.935199999978,undefined,"(7, 1)",left,7.0,left,down,left,True,left,328.0700000000252,769.0849959183674,764.5879836734694,357.1305647843894,none,False,7.0,left,down,left,314.5300000000191,none,False,7.0,left,down
63,LTR,English,3,0,2,004.png,005.png,-267,-154,267,154,004.png,285.35679999997956,1450.3883000000203,undefined,"(10, 4)",left,10.0,left,up,left,True,left,328.2300000000191,665.6648861538462,332.5592492307692,382.6601611760764,none,False,10.0,left,up,left,274.8100000000022,none,False,10.0,left,up
63,LTR,English,4,0,3,006.png,007.png,-154,-267,154,267,006.png,208.8469000000332,1256.4163000000117,undefined,"(11, 5)",left,11.0,left,up,left,True,left,241.27999999998906,787.9827692307692,272.7794769230769,365.34665598441273,none,False,11.0,left,up,left,200.94000000000278,none,False,11.0,left,up
63,LTR,English,5,0,6,008.png,009.png,-267,154,267,-154,009.png,315.11610000001383,1113.6690999999992,undefined,"(8, 2)",right,2.0,right,up,left,False,right,361.73000000002276,1295.4339839999998,403.316064,405.2767880239969,none,False,2.0,right,up,right,308.0900000000213,none,False,2.0,right,up
63,LTR,English,6,0,4,010.png,011.png,0,-308,0,308,010.png,193.4327999999805,981.5593000000226,undefined,"(12, 6)",left,12.0,,up,left,True,left,388.25000000002774,920.3423999999999,153.6552947368421,352.8334962745314,none,False,12.0,,up,left,187.5,none,False,12.0,,up
63,LTR,English,7,1,2,012.png,013.png,-267,-154,267,154,012.png,222.67220000003,727.5574999999953,undefined,"(10, 4)",left,10.0,left,up,left,True,left,281.6500000000133,655.98336,380.367792,390.4725658653974,none,False,10.0,left,up,left,214.44999999999936,none,False,10.0,left,up
63,LTR,English,8,1,5,014.png,015.png,-154,267,154,-267,014.png,299.6889000000374,787.2785999999905,undefined,"(7, 1)",left,7.0,left,down,left,True,left,301.24000000000706,770.2501463414634,795.9044195121951,350.58382194550853,none,False,7.0,left,down,left,288.0000000000109,none,False,7.0,left,down
63,LTR,English,9,1,3,000.png,001.png,-154,-267,154,267,000.png,217.7627999999968,1016.6431999999912,undefined,"(11, 5)",left,11.0,left,up,left,True,left,233.7999999999738,817.6924444444444,234.1288,408.6074031022192,none,False,11.0,left,up,left,207.12999999994963,none,False,11.0,left,up
63,LTR,English,10,1,4,002.png,003.png,0,-308,0,308,002.png,295.9313999999722,1359.6412999999593,undefined,"(12, 6)",left,12.0,,up,left,True,left,307.95999999998,952.2423272727274,179.4262909090909,360.6571518405243,none,False,12.0,,up,left,287.5699999999597,none,False,12.0,,up
63,LTR,English,11,1,1,004.png,005.png,-308,0,308,0,004.png,249.87240000002205,995.3827000000164,undefined,"(9, 3)",left,9.0,left,,left,True,left,268.24999999996635,611.952929032258,507.8013677419355,370.49937320740787,none,False,9.0,left,,left,241.60999999998012,none,False,9.0,left,
63,LTR,English,12,1,6,006.png,007.png,-267,154,267,-154,006.png,303.6249999999418,814.8808999999892,undefined,"(8, 2)",left,8.0,left,down,left,True,left,261.43999999999323,675.4544,550.0989,384.39584524428506,none,False,8.0,left,down,left,294.73999999999023,none,False,8.0,left,down
63,LTR,English,13,2,4,008.png,009.png,0,-308,0,308,008.png,290.6785999999556,1135.2858000000124,undefined,"(12, 6)",left,12.0,,up,left,True,left,308.1099999999992,943.7743058823528,230.4570705882353,356.32851942671897,none,False,12.0,,up,left,281.31000000001904,none,False,12.0,,up
63,LTR,English,14,2,5,010.png,011.png,-154,267,154,-267,011.png,314.8327000000281,947.1863000000012,undefined,"(7, 1)",right,1.0,right,up,left,False,right,355.0400000000309,1111.1088,262.20015,327.55640018977346,none,False,1.0,right,up,right,307.45999999999185,none,False,1.0,right,up
63,LTR,English,15,2,6,012.png,013.png,-267,154,267,-154,012.png,224.67410000000385,917.57150000002,undefined,"(8, 2)",left,8.0,left,down,left,True,left,247.8399999999965,721.7052444444445,555.392,362.0654703906046,none,False,8.0,left,down,left,214.20999999998003,none,False,8.0,left,down
63,LTR,English,16,2,3,014.png,015.png,-154,-267,154,267,014.png,213.57140000007348,775.4899999999907,undefined,"(11, 5)",left,11.0,left,up,left,True,left,227.7300000000082,861.9346285714286,349.24062857142854,388.23791557553716,none,False,11.0,left,up,left,200.96000000000913,none,False,11.0,left,up
63,LTR,English,17,2,2,000.png,001.png,-267,-154,267,154,000.png,242.4829000000027,728.5706000000355,undefined,"(10, 4)",left,10.0,left,up,left,True,left,254.34000000001333,684.8239542857143,406.1988,399.7695842355664,none,False,10.0,left,up,left,234.38000000004422,none,False,10.0,left,up
63,LTR,English,18,2,1,002.png,003.png,-308,0,308,0,002.png,223.39080000005197,812.8414999999804,undefined,"(9, 3)",left,9.0,left,,left,True,left,261.20000000003074,653.0693485714285,489.2217942857143,351.6876595989344,none,False,9.0,left,,left,214.12000000003673,none,False,9.0,left,
63,LTR,English,19,3,2,004.png,005.png,-267,-154,267,154,004.png,239.5075000000652,791.6744000000181,undefined,"(10, 4)",left,10.0,left,up,left,True,left,287.7200000000357,663.51552,397.40723999999994,393.0580522909855,none,False,10.0,left,up,left,234.25000000003138,none,False,10.0,left,up
63,LTR,English,20,3,3,006.png,007.png,-154,-267,154,267,006.png,207.59530000004452,822.8966000000364,undefined,"(11, 5)",left,11.0,left,up,left,True,left,227.77999999999565,752.1481846153846,225.0985846153846,377.3132366746684,none,False,11.0,left,up,left,194.21999999997297,none,False,11.0,left,up
63,LTR,English,21,3,4,008.png,009.png,0,-308,0,308,008.png,418.82890000002226,888.8547999999719,undefined,"(12, 6)",left,12.0,,up,left,True,left,428.70999999996684,894.9792,179.55107999999998,354.036891396595,none,False,12.0,,up,left,401.8899999999803,none,False,12.0,,up
63,LTR,English,22,3,1,010.png,011.png,-308,0,308,0,010.png,264.850599999947,822.0836999999592,undefined,"(9, 3)",left,9.0,left,,left,True,left,281.4300000000003,694.2413837837838,513.199654054054,364.7059951825645,none,False,9.0,left,,left,254.61000000001377,none,False,9.0,left,
63,LTR,English,23,3,5,012.png,013.png,-154,267,154,-267,013.png,295.4090000000433,1243.1060999999754,undefined,"(7, 1)",right,1.0,right,up,left,False,right,334.8399999999856,1158.946683870968,334.3450064516129,317.10814006082387,none,False,1.0,right,up,right,287.4800000000164,none,False,1.0,right,up
63,LTR,English,24,3,6,014.png,015.png,-267,154,267,-154,014.png,243.06680000008785,762.4719000000041,undefined,"(8, 2)",left,8.0,left,down,left,True,left,294.73999999999023,689.1390171428571,599.76072,358.58310988910733,none,False,8.0,left,down,left,234.44000000000642,none,False,8.0,left,down
63,LTR,English,25,4,5,000.png,001.png,-154,267,154,-267,001.png,281.5760999999475,915.6736999999848,undefined,"(7, 1)",right,1.0,right,up,left,False,right,294.8000000000093,1107.296,310.65552,344.3015667402862,none,False,1.0,right,up,right,274.87000000002126,none,False,1.0,right,up
63,LTR,English,26,4,1,002.png,003.png,-308,0,308,0,002.png,240.9145000000135,932.1407000000472,undefined,"(9, 3)",left,9.0,left,,left,True,left,261.6899999999873,662.8997052631578,479.9159052631578,371.06397337825393,none,False,9.0,left,,left,228.24000000002798,none,False,9.0,left,
63,LTR,English,27,4,4,004.png,005.png,0,-308,0,308,004.png,262.40240000007907,2010.4185999999752,undefined,"(12, 6)",left,12.0,,up,left,True,left,388.48999999999023,991.1799272727272,171.82701818181818,317.1702423538369,none,False,12.0,,up,left,254.43000000001348,none,False,12.0,,up
63,LTR,English,28,4,6,006.png,007.png,-267,154,267,-154,007.png,302.98540000000503,994.9535000000616,undefined,"(8, 2)",right,2.0,right,up,left,False,right,308.0699999999865,1322.9448,373.66812,391.72751677105816,none,False,2.0,right,up,right,294.66999999999643,none,False,2.0,right,up
63,LTR,English,29,4,2,008.png,009.png,-267,-154,267,154,008.png,244.29039999993984,839.5405999999493,undefined,"(10, 4)",left,10.0,left,up,left,True,left,267.88999999996577,694.4172,435.2535,404.14803164258717,none,False,10.0,left,up,left,234.40999999996848,none,False,10.0,left,up
63,LTR,English,30,4,3,010.png,011.png,-154,-267,154,267,010.png,267.42170000000624,1254.7633999999962,undefined,"(11, 5)",left,11.0,left,up,left,True,left,294.8000000000093,776.1954909090908,238.0863272727273,370.37872375810144,none,False,11.0,left,up,left,261.320000000012,none,False,11.0,left,up
63,LTR,English,31,5,3,012.png,013.png,-154,-267,154,267,012.png,279.3886000000639,886.9376000000047,undefined,"(11, 5)",left,11.0,left,up,left,True,left,287.7799999999979,833.1682461538461,271.66043076923074,407.07246212856546,none,False,11.0,left,up,left,267.78999999999087,none,False,11.0,left,up
63,LTR,English,32,5,4,014.png,015.png,0,-308,0,308,014.png,208.7066000000341,410.179300000018,undefined,"(12, 6)",left,12.0,,up,left,True,left,221.10000000003538,981.7248,330.84774000000004,341.49930522722855,none,False,12.0,,up,left,200.73999999999614,none,False,12.0,,up
63,LTR,English,33,5,6,000.png,001.png,-267,154,267,-154,000.png,236.05299999995623,1245.199800000002,undefined,"(8, 2)",left,8.0,left,down,left,True,left,227.72000000003345,671.247,630.4419,410.86203286430555,none,False,8.0,left,down,left,227.72000000003345,none,False,8.0,left,down
63,LTR,English,34,5,2,002.png,003.png,-267,-154,267,154,002.png,265.38409999990836,1211.7374000000418,undefined,"(10, 4)",left,10.0,left,up,left,True,left,274.4200000000774,706.2826666666666,405.58160000000004,396.12415637765923,none,False,10.0,left,up,left,247.87000000003445,none,False,10.0,left,up
63,LTR,English,35,5,5,004.png,005.png,-154,267,154,-267,005.png,355.0557999999728,402.733499999973,undefined,"(7, 1)",right,1.0,right,up,left,False,right,388.3100000000468,1165.3259520000001,336.342672,335.439736912739,none,False,1.0,right,up,right,341.80000000003474,none,False,1.0,right,up
63,LTR,English,36,5,1,006.png,007.png,-308,0,308,0,006.png,227.78700000006936,992.3820000000414,undefined,"(9, 3)",left,9.0,left,,left,True,left,254.93999999991956,649.3002418604651,509.3571348837209,364.9705541847628,none,False,9.0,left,,left,214.95999999990545,none,False,9.0,left,
63,LTR,English,37,6,2,008.png,009.png,-267,-154,267,154,008.png,241.17940000008093,547.5478000000585,undefined,"(10, 4)",left,10.0,left,up,left,True,left,267.51999999999043,676.7731200000001,386.288784,356.8520602541094,none,False,10.0,left,up,left,234.01000000001204,none,False,10.0,left,up
63,LTR,English,38,6,1,010.png,011.png,-308,0,308,0,010.png,243.43250000005355,2814.094299999939,undefined,"(9, 3)",left,9.0,left,,left,True,left,274.5400000000018,624.0414,477.84465,388.79676088404506,none,False,9.0,left,,left,234.49999999991178,none,False,9.0,left,
63,LTR,English,39,6,5,012.png,013.png,-154,267,154,-267,013.png,6.058100000023842,1047.9848000000347,undefined,"(7, 1)",right,1.0,right,up,left,False,right,335.2100000000746,1112.5212000000001,255.24450000000002,325.1059013346768,none,False,1.0,right,up,right,0.0,first_fix_anticipatory,True,,,
63,LTR,English,40,6,6,014.png,015.png,-267,154,267,-154,014.png,237.42680000001565,1239.0735000000568,undefined,"(8, 2)",left,8.0,left,down,left,True,left,268.0599999999913,686.3924363636364,563.2821818181818,386.8964342944795,none,False,8.0,left,down,left,227.8999999999769,none,False,8.0,left,down
63,LTR,English,41,6,3,000.png,001.png,-154,-267,154,267,000.png,220.07399999996417,1016.1508999999496,undefined,"(11, 5)",left,11.0,left,up,left,True,left,254.09000000001924,800.1610971428572,302.56138285714286,353.30780258635343,none,False,11.0,left,up,left,214.11999999997988,none,False,11.0,left,up
63,LTR,English,42,6,4,002.png,003.png,0,-308,0,308,002.png,221.9544999999343,614.1136000000406,undefined,"(12, 6)",left,12.0,,up,left,True,left,247.61000000000877,946.2365866666667,154.08408,323.01566028827085,none,False,12.0,,up,left,214.29000000000542,none,False,12.0,,up
63,LTR,English,43,7,4,004.png,005.png,0,-308,0,308,004.png,424.2558999999892,2092.103599999973,undefined,"(12, 6)",left,12.0,,up,left,True,left,442.009999999982,888.1035789473684,175.15354736842104,349.9501664984141,none,False,12.0,,up,left,415.2799999999388,none,False,12.0,,up
63,LTR,English,44,7,3,006.png,007.png,-154,-267,154,267,007.png,330.7914999999339,965.7782000000587,undefined,"(11, 5)",right,5.0,right,down,left,False,left,347.9700000000321,805.2137739130435,261.71499130434785,366.1594721123232,none,False,11.0,left,up,right,314.640000000054,none,False,5.0,right,down
63,LTR,English,45,7,2,008.png,009.png,-267,-154,267,154,008.png,232.20819999999367,2747.362599999993,undefined,"(10, 4)",left,10.0,left,up,left,True,left,241.21000000002368,680.7427459459459,372.4955027027027,374.69468420026885,none,False,10.0,left,up,left,220.93999999992775,none,False,10.0,left,up
63,LTR,English,46,7,5,010.png,011.png,-154,267,154,-267,011.png,126.18429999996442,839.8409000000684,undefined,"(7, 1)",right,1.0,right,up,left,False,right,301.270000000045,1090.4668444444444,267.16679999999997,300.20032071204446,none,False,1.0,right,up,right,113.65000000000691,none,False,1.0,right,up
63,LTR,English,47,7,6,012.png,013.png,-267,154,267,-154,012.png,276.77780000003986,920.375,undefined,"(8, 2)",left,8.0,left,down,left,True,left,301.2699999999313,696.9675130434783,620.1129913043478,370.5077182504473,none,False,8.0,left,down,left,267.6999999999907,none,False,8.0,left,down
63,LTR,English,48,7,1,014.png,015.png,-308,0,308,0,014.png,276.28120000008494,1811.9177999999376,undefined,"(9, 3)",left,9.0,left,,left,True,left,261.3600000000815,663.8840727272727,504.4969636363636,376.031659556522,none,False,9.0,left,,left,261.3600000000815,none,False,9.0,left,
64,RTL,Farsi,1,0,2,000.png,001.png,-267,-154,267,154,000.png,396.8334000092,27302.33780000708,undefined,"(10, 4)",left,10.0,left,up,right,False,left,408.5099999999784,621.3196800000001,340.4798742857143,409.4504262939014,none,False,10.0,left,up,left,388.4899999999334,none,False,10.0,left,up
64,RTL,Farsi,2,0,5,002.png,003.png,-154,267,154,-267,002.png,325.19719999982044,6416.034399997443,undefined,"(7, 1)",left,7.0,left,down,right,False,left,348.8200000000461,805.9764,779.87745,421.59541018725537,none,False,7.0,left,down,left,315.3700000000299,none,False,7.0,left,down
64,RTL,Farsi,3,0,3,004.png,005.png,-154,-267,154,267,005.png,10.716100019635633,1814.0262000088112,undefined,"(11, 5)",right,5.0,right,down,right,True,right,348.1400000000576,1244.8891826086956,818.043652173913,404.4483264654509,none,False,5.0,right,down,right,308.0400000000054,none,False,5.0,right,down
64,RTL,Farsi,4,0,6,006.png,007.png,-267,154,267,-154,006.png,249.7234999900684,2039.5525000058117,undefined,"(8, 2)",left,8.0,left,down,right,False,left,214.60000000001855,791.3402181818182,586.8906545454545,385.9179124776523,none,False,8.0,left,down,left,234.79999999995016,none,False,8.0,left,down
64,RTL,Farsi,5,0,1,008.png,009.png,-308,0,308,0,008.png,320.5504000070505,2566.967699996894,undefined,"(9, 3)",left,9.0,left,,right,False,left,341.5499999999838,531.5580631578948,511.1611578947368,412.29586769402323,none,False,9.0,left,,left,314.57000000000335,none,False,9.0,left,
64,RTL,Farsi,6,0,4,010.png,011.png,0,-308,0,308,010.png,190.62570002279244,1173.8003000209574,undefined,"(12, 6)",left,12.0,,up,right,False,left,214.34999999996762,1029.790141935484,238.45529032258065,380.7383943994122,none,False,12.0,,up,left,180.78000000002703,none,False,12.0,,up
64,RTL,Farsi,7,1,4,012.png,013.png,0,-308,0,308,012.png,210.01029998296872,2921.922400011681,undefined,"(12, 6)",left,12.0,,up,right,False,left,227.7199999999766,977.2096,237.2061,383.54487123787516,none,False,12.0,,up,left,200.870000000009,none,False,12.0,,up
64,RTL,Farsi,8,1,1,014.png,015.png,-308,0,308,0,015.png,312.12100002449006,1540.8466999942902,undefined,"(9, 3)",right,3.0,right,,right,True,right,315.1899999999159,1300.2518400000001,473.87862,439.6147353675268,none,False,3.0,right,,right,301.75999999994474,none,False,3.0,right,
64,RTL,Farsi,9,1,5,000.png,001.png,-154,267,154,-267,001.png,214.9941000097897,1856.755199987674,undefined,"(7, 1)",right,1.0,right,up,right,True,right,408.14000000000306,1146.0914400000001,99.404145,430.46249947291324,none,False,1.0,right,up,right,200.99000000004708,none,False,1.0,right,up
64,RTL,Farsi,10,1,6,002.png,003.png,-267,154,267,-154,002.png,21.645300003001463,1975.7380000082776,undefined,"(8, 2)",left,8.0,left,down,right,False,right,475.71000000004915,1317.2215466666667,264.95664000000005,438.32953328242394,none,False,2.0,right,up,left,6.8400000000110595,first_fix_anticipatory,True,,,
64,RTL,Farsi,11,1,3,004.png,005.png,-154,-267,154,267,005.png,303.65509999683127,1042.8777000051923,undefined,"(11, 5)",right,5.0,right,down,right,True,right,321.7100000000528,1199.0475130434784,823.687356521739,398.37604542398594,none,False,5.0,right,down,right,294.92000000004737,none,False,5.0,right,down
64,RTL,Farsi,12,1,2,006.png,007.png,-267,-154,267,154,007.png,267.75880000786856,1496.8615999969188,undefined,"(10, 4)",right,4.0,right,down,right,True,right,281.6100000000006,1261.383936,584.54784,448.618938914135,none,False,4.0,right,down,right,261.5299999999934,none,False,4.0,right,down
64,RTL,Farsi,13,2,2,008.png,009.png,-267,-154,267,154,009.png,205.63209999818355,2123.4560000011697,undefined,"(10, 4)",right,4.0,right,down,right,True,right,234.49999999991178,1354.7887304347826,626.8761391304347,403.81277268742895,none,False,4.0,right,down,right,194.27999999993517,none,False,4.0,right,down
64,RTL,Farsi,14,2,3,010.png,011.png,-154,-267,154,267,010.png,317.67410002066754,1866.6917999798895,undefined,"(11, 5)",left,11.0,left,up,right,False,left,328.25000000002547,747.5019636363636,111.09698181818182,447.503203433276,none,False,11.0,left,up,left,301.3899999999694,none,False,11.0,left,up
64,RTL,Farsi,15,2,6,012.png,013.png,-267,154,267,-154,013.png,244.9670000059996,6475.545599998441,undefined,"(8, 2)",right,2.0,right,up,right,True,right,261.1699999999928,1326.4278857142856,273.5184857142857,417.3570009117608,none,False,2.0,right,up,right,233.94999999993615,none,False,2.0,right,up
64,RTL,Farsi,16,2,5,014.png,015.png,-154,267,154,-267,015.png,233.8025000062771,1508.7955000053626,undefined,"(7, 1)",right,1.0,right,up,right,True,right,261.410000000069,1086.2051555555554,268.03000000000003,357.36122015323974,none,False,1.0,right,up,right,221.25000000005457,none,False,1.0,right,up
64,RTL,Farsi,17,2,4,000.png,001.png,0,-308,0,308,000.png,271.38960000593215,8832.70959998481,undefined,"(12, 6)",left,12.0,,up,right,False,left,281.38000000001284,1003.7332363636365,269.8974,380.6578660772408,none,False,12.0,,up,left,255.61999999990803,none,False,12.0,,up
64,RTL,Farsi,18,2,1,002.png,003.png,-308,0,308,0,003.png,324.77759997709654,2007.874400005676,undefined,"(9, 3)",right,3.0,right,,right,True,right,361.6900000000669,1357.070652631579,517.3177263157895,408.3283101593501,none,False,3.0,right,,right,314.8200000000543,none,False,3.0,right,
64,RTL,Farsi,19,3,2,004.png,005.png,-267,-154,267,154,005.png,305.3271000098903,1283.7921000027563,undefined,"(10, 4)",right,4.0,right,down,right,True,right,321.6499999999769,1287.7824000000003,600.7526068965517,466.0276380012229,none,False,4.0,right,down,right,294.98000000000957,none,False,4.0,right,down
64,RTL,Farsi,20,3,3,006.png,007.png,-154,-267,154,267,006.png,365.44510000385344,833.1474999722559,undefined,"(11, 5)",left,11.0,left,up,right,False,left,381.8300000000363,706.7664,81.85428,398.34822045744846,none,False,11.0,left,up,left,355.34000000006927,none,False,11.0,left,up
64,RTL,Farsi,21,3,5,008.png,009.png,-154,267,154,-267,009.png,337.83499998389743,1665.372399991611,undefined,"(7, 1)",right,1.0,right,up,right,True,right,361.94000000000415,1139.413730232558,82.53962790697675,362.7108359727671,none,False,1.0,right,up,right,328.4999999999627,none,False,1.0,right,up
64,RTL,Farsi,22,3,6,010.png,011.png,-267,154,267,-154,011.png,223.54409997933544,1890.5336000025272,undefined,"(8, 2)",right,2.0,right,up,right,True,right,221.3800000000674,1262.4974769230769,286.7566153846154,394.6244041153947,none,False,2.0,right,up,right,214.54000000005635,none,False,2.0,right,up
64,RTL,Farsi,23,3,4,012.png,013.png,0,-308,0,308,012.png,204.4332000077702,1489.545700023882,undefined,"(12, 6)",left,12.0,,up,right,False,left,227.7800000000525,950.53056,250.0227,394.51169082813,none,False,12.0,,up,left,194.26999999996042,none,False,12.0,,up
64,RTL,Farsi,24,3,1,014.png,015.png,-308,0,308,0,015.png,312.0864999946207,1355.3635000134818,undefined,"(9, 3)",right,3.0,right,,right,True,right,334.9000000000615,1420.5641739130433,442.773,456.69195401433103,none,False,3.0,right,,right,301.2100000000828,none,False,3.0,right,
64,RTL,Farsi,25,4,4,000.png,001.png,0,-308,0,308,000.png,249.7686999849975,1999.1661999956705,undefined,"(12, 6)",left,12.0,,up,right,False,left,267.69999999987704,949.4033454545454,291.5116363636364,411.25565128601494,none,False,12.0,,up,left,234.36999999989894,none,False,12.0,,up
64,RTL,Farsi,26,4,2,002.png,003.png,-267,-154,267,154,002.png,245.78669999027625,1847.094599972479,undefined,"(10, 4)",left,10.0,left,up,right,False,left,301.3899999998557,777.5252210526315,388.29069473684206,476.13415207350545,none,False,10.0,left,up,left,234.9899999999252,none,False,10.0,left,up
64,RTL,Farsi,27,4,3,004.png,005.png,-154,-267,154,267,004.png,203.83069998933937,1192.5023999938276,undefined,"(11, 5)",left,11.0,left,up,right,False,left,234.50000000002547,726.4784,148.9302,367.95018274688516,none,False,11.0,left,up,left,193.96999999980835,none,False,11.0,left,up
64,RTL,Farsi,28,4,6,006.png,007.png,-267,154,267,-154,007.png,205.52299998234955,1019.247499993071,undefined,"(8, 2)",right,2.0,right,up,right,True,right,248.17000000007283,1260.46272,206.41176,388.4561508884513,none,False,2.0,right,up,right,194.34000000001106,none,False,2.0,right,up
64,RTL,Farsi,29,4,5,008.png,009.png,-154,267,154,-267,009.png,310.8460999792442,1476.5783000038937,undefined,"(7, 1)",right,1.0,right,up,right,True,right,328.2400000000507,1125.500509090909,55.987854545454546,383.8743209503749,none,False,1.0,right,up,right,301.5100000000075,none,False,1.0,right,up
64,RTL,Farsi,30,4,1,010.png,011.png,-308,0,308,0,011.png,306.6108000057284,1010.888499993598,undefined,"(9, 3)",right,3.0,right,,right,True,right,355.0999999999931,1394.9514666666666,392.9292,354.14727083978227,none,False,3.0,right,,right,301.5100000000075,none,False,3.0,right,
64,RTL,Farsi,31,5,4,012.png,013.png,0,-308,0,308,012.png,203.95960001042113,1537.5186000019312,undefined,"(12, 6)",left,12.0,,up,right,False,left,221.3200000001052,958.98112,144.61236000000002,419.05163896319783,none,False,12.0,,up,left,194.58000000008724,none,False,12.0,,up
64,RTL,Farsi,32,5,3,014.png,015.png,-154,-267,154,267,015.png,236.8631999997888,1242.5678999861702,undefined,"(11, 5)",right,5.0,right,down,right,True,right,261.2300000000687,1165.3824,744.3890181818182,437.06358034263815,none,False,5.0,right,down,right,227.6600000000144,none,False,5.0,right,down
64,RTL,Farsi,33,5,1,000.png,001.png,-308,0,308,0,001.png,320.63500001095235,972.6490000030026,undefined,"(9, 3)",right,3.0,right,,right,True,right,355.350000000044,1358.7919609756098,461.78956097560973,403.15229181974985,none,False,3.0,right,,right,315.18000000005486,none,False,3.0,right,
64,RTL,Farsi,34,5,6,002.png,003.png,-267,154,267,-154,003.png,206.3075000187382,1764.4380000128876,undefined,"(8, 2)",right,2.0,right,up,right,True,right,274.6600000000399,1381.2298105263158,239.81968421052633,505.70076669304626,none,False,2.0,right,up,right,201.05000000012296,none,False,2.0,right,up
64,RTL,Farsi,35,5,5,004.png,005.png,-154,267,154,-267,005.png,224.66420001001097,1331.581699982053,undefined,"(7, 1)",right,1.0,right,up,right,True,right,234.85999999979867,1156.8030315789474,30.782273684210526,461.86898400175596,none,False,1.0,right,up,right,214.83999999986736,none,False,1.0,right,up
64,RTL,Farsi,36,5,2,006.png,007.png,-267,-154,267,154,007.png,250.53550000302496,1309.8534000164364,undefined,"(10, 4)",right,4.0,right,down,right,True,right,214.35999999994237,1112.69376,572.72292,413.66079991291906,none,False,4.0,right,down,right,241.0899999999856,none,False,4.0,right,down
64,RTL,Farsi,37,6,3,008.png,009.png,-154,-267,154,267,008.png,236.0300000000279,1834.94630001951,undefined,"(11, 5)",left,11.0,left,up,right,False,left,241.0899999999856,756.6321454545455,208.84336363636365,387.78344074208405,none,False,11.0,left,up,left,220.9499999999025,none,False,11.0,left,up
64,RTL,Farsi,38,6,1,010.png,011.png,-308,0,308,0,011.png,279.93329998571426,1952.053100016201,undefined,"(9, 3)",right,3.0,right,,right,True,right,294.6799999999712,1408.68288,403.51986,437.738819520822,none,False,3.0,right,,right,267.9399999999532,none,False,3.0,right,
64,RTL,Farsi,39,6,5,012.png,013.png,-154,267,154,-267,013.png,200.62670001061633,700.5582999845501,undefined,"(7, 1)",right,1.0,right,up,right,True,right,227.6600000000144,1129.1702400000001,114.36066,456.14942975915216,none,False,1.0,right,up,right,194.2100000001119,none,False,1.0,right,up
64,RTL,Farsi,40,6,2,014.png,015.png,-267,-154,267,154,014.png,361.82809999445453,1175.1082000264432,undefined,"(10, 4)",left,10.0,left,up,right,False,left,401.6199999998662,548.3560421052632,174.3728210526316,418.9616262636604,none,False,10.0,left,up,left,354.8599999999169,none,False,10.0,left,up
64,RTL,Farsi,41,6,6,000.png,001.png,-267,154,267,-154,001.png,337.85579999675974,795.2201000007335,undefined,"(8, 2)",right,2.0,right,up,right,True,right,381.95999999993546,1292.4252000000001,216.39690000000002,437.52153023367,none,False,2.0,right,up,right,328.36999999994987,none,False,2.0,right,up
64,RTL,Farsi,42,6,4,002.png,003.png,0,-308,0,308,003.png,136.43869999214076,1263.952300010715,undefined,"(12, 6)",right,6.0,,down,right,True,left,348.0200000001332,957.0062769230769,204.82366153846152,409.7260137877803,none,False,12.0,,up,right,120.36000000011882,none,False,6.0,,down
64,RTL,Farsi,43,7,1,004.png,005.png,-308,0,308,0,005.png,214.39100001589395,795.1569999859203,undefined,"(9, 3)",right,3.0,right,,right,True,right,261.3499999999931,1320.3779368421053,439.2263368421053,372.13270910696076,none,False,3.0,right,,right,207.7600000000075,none,False,3.0,right,
64,RTL,Farsi,44,7,2,006.png,007.png,-267,-154,267,154,007.png,231.27259998000227,767.4142000032589,undefined,"(10, 4)",right,4.0,right,down,right,True,right,268.060000000105,1211.3663999999999,609.48396,405.18594524934565,none,False,4.0,right,down,right,221.07000000005428,none,False,4.0,right,down
64,RTL,Farsi,45,7,6,008.png,009.png,-267,154,267,-154,009.png,477.9942999884952,1465.876300004311,undefined,"(8, 2)",right,2.0,right,up,right,True,right,502.4399999999787,1335.8340923076923,323.5098461538462,373.7506955206231,none,False,2.0,right,up,right,469.1100000000006,none,False,2.0,right,up
64,RTL,Farsi,46,7,3,010.png,011.png,-154,-267,154,267,010.png,27.072600001702085,821.5344999916852,undefined,"(11, 5)",left,11.0,left,up,right,False,right,388.55000000012296,1183.4926702702703,756.3607783783783,363.9545190000196,none,False,5.0,right,down,left,20.269999999982247,first_fix_anticipatory,True,,,
64,RTL,Farsi,47,7,4,012.png,013.png,0,-308,0,308,012.png,114.009500015527,1499.1261000104714,undefined,"(12, 6)",left,12.0,,up,right,False,left,334.96000000013737,974.3888842105264,77.89698947368421,395.33631427670286,none,False,12.0,,up,left,100.5800000000363,none,False,12.0,,up
64,RTL,Farsi,48,7,5,014.png,015.png,-154,267,154,-267,014.png,358.0904999980703,1340.3574000112712,undefined,"(7, 1)",left,7.0,left,down,right,False,left,395.2700000002096,795.2789333333333,760.0908000000001,382.82766645377393,none,False,7.0,left,down,left,348.39000000010856,none,False,7.0,left,down
65,RTL,Farsi,1,0,2,000.png,001.png,-267,-154,267,154,000.png,260.65149999340065,9080.211499996947,undefined,"(10, 4)",left,10.0,left,up,right,False,left,281.3700000001518,659.3217103448276,359.5835793103448,396.28936206828797,none,False,10.0,left,up,left,247.8000000000975,none,False,10.0,left,up
65,RTL,Farsi,2,0,1,002.png,003.png,-308,0,308,0,002.png,245.5463999940548,1661.189500009641,undefined,"(9, 3)",left,9.0,left,,right,False,left,267.9399999999532,618.5326222222222,507.82020000000006,379.1292486433267,none,False,9.0,left,,left,234.50000000002547,none,False,9.0,left,
65,RTL,Farsi,3,0,6,004.png,005.png,-267,154,267,-154,005.png,264.7741000109818,962.539400003152,undefined,"(8, 2)",right,2.0,right,up,right,True,right,280.76000000010026,1233.9943384615383,278.13239999999996,383.92530857039253,none,False,2.0,right,up,right,254.27000000013322,none,False,2.0,right,up
65,RTL,Farsi,4,0,5,006.png,007.png,-154,267,154,-267,007.png,234.38350000651553,2054.75780001143,undefined,"(7, 1)",right,1.0,right,up,right,True,right,254.64000000010856,1104.702,273.7128375,365.99148476753396,none,False,1.0,right,up,right,221.07000000005428,none,False,1.0,right,up
65,RTL,Farsi,5,0,3,008.png,009.png,-154,-267,154,267,008.png,283.1865999905858,1874.9467000016011,undefined,"(11, 5)",left,11.0,left,up,right,False,left,288.33000000008724,760.6170352941177,239.2041176470588,390.21501357684565,none,False,11.0,left,up,left,274.90000000011605,none,False,11.0,left,up
65,RTL,Farsi,6,0,4,010.png,011.png,0,-308,0,308,010.png,251.4759000041522,68.4851000260096,undefined,"(12, 6)",left,12.0,,up,right,False,left,294.80000000012296,942.5112,191.480625,395.13339175052977,none,False,12.0,,up,left,241.21000000013737,none,False,12.0,,up
65,RTL,Farsi,7,1,1,012.png,013.png,-308,0,308,0,013.png,224.5089999923948,2536.5690999897197,undefined,"(9, 3)",right,3.0,right,,right,True,right,247.56000000002132,1252.9818947368422,498.02722105263155,414.9221909244411,none,False,3.0,right,,right,214.24000000001797,none,False,3.0,right,
65,RTL,Farsi,8,1,2,014.png,015.png,-267,-154,267,154,014.png,347.93389998958446,1027.4346999940462,undefined,"(10, 4)",left,10.0,left,up,right,False,left,354.9800000000687,643.2102,366.41261249999997,409.6600185540567,none,False,10.0,left,up,left,334.71000000008644,none,False,10.0,left,up
65,RTL,Farsi,9,1,3,000.png,001.png,-154,-267,154,267,000.png,274.19140000711195,1871.2129999767055,undefined,"(11, 5)",left,11.0,left,up,right,False,left,287.97000000008666,798.6426352941178,282.1083882352941,379.5257626826427,none,False,11.0,left,up,left,261.2300000000687,none,False,11.0,left,up
65,RTL,Farsi,10,1,5,002.png,003.png,-154,267,154,-267,003.png,234.7328999894671,1519.950300018536,undefined,"(7, 1)",right,1.0,right,up,right,True,right,254.99999999988177,1068.3813333333333,266.3556,400.5779151809475,none,False,1.0,right,up,right,221.4299999998275,none,False,1.0,right,up
65,RTL,Farsi,11,1,6,004.png,005.png,-267,154,267,-154,004.png,300.0256000086665,666.1465000070166,undefined,"(8, 2)",left,8.0,left,down,right,False,left,267.7000000001044,806.44992,605.17152,353.18287582636367,none,False,8.0,left,down,left,287.9600000001119,none,False,8.0,left,down
65,RTL,Farsi,12,1,4,006.png,007.png,0,-308,0,308,006.png,267.0978000096511,3456.076000002213,undefined,"(12, 6)",left,12.0,,up,right,False,left,287.97000000008666,965.7480533333332,271.49352,416.8281584264743,none,False,12.0,,up,left,254.27000000013322,none,False,12.0,,up
65,RTL,Farsi,13,2,3,008.png,009.png,-154,-267,154,267,008.png,299.8582999862265,2030.3301000094507,undefined,"(11, 5)",left,11.0,left,up,right,False,left,314.9500000001808,798.8635826086957,231.40103478260866,421.6676056241983,none,False,11.0,left,up,left,288.09000000001106,none,False,11.0,left,up
65,RTL,Farsi,14,2,5,010.png,011.png,-154,267,154,-267,011.png,235.32199999317527,2106.3010999932885,undefined,"(7, 1)",right,1.0,right,up,right,True,right,254.64000000010856,1130.6603707317074,203.9018926829268,343.23874719319866,none,False,1.0,right,up,right,221.19999999995343,none,False,1.0,right,up
65,RTL,Farsi,15,2,1,012.png,013.png,-308,0,308,0,013.png,298.7928000220563,579.0820000111125,undefined,"(9, 3)",right,3.0,right,,right,True,right,321.4100000000144,1290.2690742857144,527.1856457142857,403.2161124718591,none,False,3.0,right,,right,287.95999999988453,none,False,3.0,right,
65,RTL,Farsi,16,2,2,014.png,015.png,-267,-154,267,154,015.png,284.56300002289936,709.9525000085123,undefined,"(10, 4)",right,4.0,right,down,right,True,right,315.1900000000296,1269.50272,662.1040800000001,434.18581606903854,none,False,4.0,right,down,right,274.9100000000908,none,False,4.0,right,down
65,RTL,Farsi,17,2,4,000.png,001.png,0,-308,0,308,000.png,244.61160000646487,2503.0378000228666,undefined,"(12, 6)",left,12.0,,up,right,False,left,254.51999999995678,943.0109538461538,217.4874923076923,387.77201439830094,none,False,12.0,,up,left,234.50000000002547,none,False,12.0,,up
65,RTL,Farsi,18,2,6,002.png,003.png,-267,154,267,-154,003.png,234.29089999990535,1665.5255999939982,undefined,"(8, 2)",right,2.0,right,up,right,True,right,201.05000000012296,1117.80672,411.21216000000004,477.58900772709444,none,False,2.0,right,up,right,221.18999999997868,none,False,2.0,right,up
65,RTL,Farsi,19,3,5,004.png,005.png,-154,267,154,-267,005.png,261.0086999775376,1171.1652999802027,undefined,"(7, 1)",right,1.0,right,up,right,True,right,267.94999999992797,1124.284509090909,217.31759999999997,378.1238169660342,none,False,1.0,right,up,right,254.51999999995678,none,False,1.0,right,up
65,RTL,Farsi,20,3,1,006.png,007.png,-308,0,308,0,007.png,273.17200001562014,646.6435999900568,undefined,"(9, 3)",right,3.0,right,,right,True,right,301.2699999999313,1335.9058285714286,542.5333714285714,439.92816936302694,none,False,3.0,right,,right,261.09999999994216,none,False,3.0,right,
65,RTL,Farsi,21,3,6,008.png,009.png,-267,154,267,-154,009.png,240.16459999256767,1282.7464999863878,undefined,"(8, 2)",right,2.0,right,up,right,True,right,260.98000000001775,1246.0212705882354,431.12138823529415,384.7639382982245,none,False,2.0,right,up,right,234.48999999982334,none,False,2.0,right,up
65,RTL,Farsi,22,3,4,010.png,011.png,0,-308,0,308,010.png,233.9753999840468,1109.5103999832645,undefined,"(12, 6)",left,12.0,,up,right,False,left,254.87999999995736,940.2560000000001,203.6019272727273,358.9664393158397,none,False,12.0,,up,left,221.31000000013046,none,False,12.0,,up
65,RTL,Farsi,23,3,2,012.png,013.png,-267,-154,267,154,012.png,304.9634000053629,438.5957000195049,undefined,"(10, 4)",left,10.0,left,up,right,False,left,328.2499999997981,671.3116097560976,330.5505951219512,358.3941514252035,none,False,10.0,left,up,left,294.6799999999712,none,False,10.0,left,up
65,RTL,Farsi,24,3,3,014.png,015.png,-154,-267,154,267,014.png,240.04449998028576,1727.4850999820046,undefined,"(11, 5)",left,11.0,left,up,right,False,left,254.76000000003296,737.6361411764706,206.9277882352941,407.335164144877,none,False,11.0,left,up,left,227.7799999999388,none,False,11.0,left,up
65,RTL,Farsi,25,4,4,000.png,001.png,0,-308,0,308,000.png,325.5343000055291,1460.8570999989752,undefined,"(12, 6)",left,12.0,,up,right,False,left,361.94000000000415,932.0559157894738,234.40547368421053,435.70126645092273,none,False,12.0,,up,left,315.309999999954,none,False,12.0,,up
65,RTL,Farsi,26,4,5,002.png,003.png,-154,267,154,-267,003.png,287.5322999898344,586.1507999943569,undefined,"(7, 1)",right,1.0,right,up,right,True,right,422.12000000017724,1128.1470857142858,179.28212142857143,422.31675716167797,none,False,1.0,right,up,right,275.51000000016757,none,False,1.0,right,up
65,RTL,Farsi,27,4,6,004.png,005.png,-267,154,267,-154,005.png,264.4117999880109,7251.169199997093,undefined,"(8, 2)",right,2.0,right,up,right,True,right,294.92000000004737,1273.0257454545456,342.3298909090909,373.03197896155916,none,False,2.0,right,up,right,254.39000000005763,none,False,2.0,right,up
65,RTL,Farsi,28,4,2,006.png,007.png,-267,-154,267,154,007.png,310.65769999986514,797.0226000179537,undefined,"(10, 4)",right,4.0,right,down,right,True,right,321.89999999991414,1270.5880615384615,673.5042,395.4517051408348,none,False,4.0,right,down,right,295.1700000000983,none,False,4.0,right,down
65,RTL,Farsi,29,4,1,008.png,009.png,-308,0,308,0,009.png,283.2877000037115,962.2660999884828,undefined,"(9, 3)",right,3.0,right,,right,True,right,248.16999999984546,1172.70912,535.6897200000001,354.0387227790166,none,False,3.0,right,,right,274.8999999998887,none,False,3.0,right,
65,RTL,Farsi,30,4,3,010.png,011.png,-154,-267,154,267,010.png,443.0166000092868,2710.339199984446,undefined,"(11, 5)",left,11.0,left,up,right,False,left,435.90999999992164,799.2155076923077,196.29685384615385,420.9691626259102,none,False,11.0,left,up,left,428.5899999999856,none,False,11.0,left,up
65,RTL,Farsi,31,5,5,012.png,013.png,-154,267,154,-267,013.png,224.6241999964695,2039.794800017262,undefined,"(7, 1)",right,1.0,right,up,right,True,right,261.09999999994216,1150.1308394366197,219.97516056338029,369.38404036815524,none,False,1.0,right,up,right,214.23000000004322,none,False,1.0,right,up
65,RTL,Farsi,32,5,4,014.png,015.png,0,-308,0,308,014.png,392.88120000856,942.3699000035411,undefined,"(12, 6)",left,12.0,,up,right,False,left,415.2799999999388,946.7909052631578,206.56364210526314,367.6481069667712,none,False,12.0,,up,left,381.8300000000363,none,False,12.0,,up
65,RTL,Farsi,33,5,3,000.png,001.png,-154,-267,154,267,000.png,244.1026000014972,2184.366400004365,undefined,"(11, 5)",left,11.0,left,up,right,False,left,261.2300000000687,852.1167567567568,212.86537297297295,364.57131376366107,none,False,11.0,left,up,left,234.62000000017724,none,False,11.0,left,up
65,RTL,Farsi,34,5,2,002.png,003.png,-267,-154,267,154,002.png,298.734100011643,675.6287000025623,undefined,"(10, 4)",left,10.0,left,up,right,False,left,334.71000000008644,638.2129777777777,349.4516,420.71151400039116,none,False,10.0,left,up,left,288.0800000000363,none,False,10.0,left,up
65,RTL,Farsi,35,5,1,004.png,005.png,-308,0,308,0,004.png,415.5484999937471,1250.5999999993946,undefined,"(9, 3)",left,9.0,left,,right,False,left,428.58000000001084,583.6297142857143,498.7774285714286,376.6682899744848,none,False,9.0,left,,left,408.5600000000795,none,False,9.0,left,
65,RTL,Farsi,36,5,6,006.png,007.png,-267,154,267,-154,007.png,233.83000001194887,623.6505000269972,undefined,"(8, 2)",right,2.0,right,up,right,True,right,261.2299999998413,1277.8949647058826,356.32884705882356,404.14084896016254,none,False,2.0,right,up,right,220.9499999999025,none,False,2.0,right,up
65,RTL,Farsi,37,6,2,008.png,009.png,-267,-154,267,154,009.png,251.51199998799711,3077.6677999820095,undefined,"(10, 4)",right,4.0,right,down,right,True,right,267.94999999992797,1140.5699368421053,555.5554105263158,397.94890362872036,none,False,4.0,right,down,right,234.2599999999493,none,False,4.0,right,down
65,RTL,Farsi,38,6,1,010.png,011.png,-308,0,308,0,011.png,243.91009999089871,954.8748999950476,undefined,"(9, 3)",right,3.0,right,,right,True,right,281.0100000001512,1308.2194909090908,511.2327272727273,424.55899956689467,none,False,3.0,right,,right,227.79000000014094,none,False,3.0,right,
65,RTL,Farsi,39,6,4,012.png,013.png,0,-308,0,308,012.png,297.53020001226105,3319.808100000955,undefined,"(12, 6)",left,12.0,,up,right,False,left,308.23000000009415,979.19072,133.85664,407.40784582278866,none,False,12.0,,up,left,288.20999999993546,none,False,12.0,,up
65,RTL,Farsi,40,6,6,014.png,015.png,-267,154,267,-154,015.png,261.23780000489205,594.2818000039551,undefined,"(8, 2)",right,2.0,right,up,right,True,right,307.0099999999911,1228.7032163265308,385.6834285714286,379.504677539224,none,False,2.0,right,up,right,246.46000000007007,none,False,2.0,right,up
65,RTL,Farsi,41,6,5,000.png,001.png,-154,267,154,-267,001.png,256.0171000077389,548.7147999810986,undefined,"(7, 1)",right,1.0,right,up,right,True,right,267.94999999992797,1180.1885866666667,192.60288,402.9996448788747,none,False,1.0,right,up,right,241.45999999996093,none,False,1.0,right,up
65,RTL,Farsi,42,6,3,002.png,003.png,-154,-267,154,267,002.png,323.27140000415966,1069.9716999952216,undefined,"(11, 5)",left,11.0,left,up,right,False,left,335.1999999999862,773.5395555555556,211.95799999999997,400.7491913615285,none,False,11.0,left,up,left,308.46999999994296,none,False,11.0,left,up
65,RTL,Farsi,43,7,1,004.png,005.png,-308,0,308,0,005.png,228.96969999419525,1711.0250999976415,undefined,"(9, 3)",right,3.0,right,,right,True,right,247.92999999999665,1348.0791272727274,514.2223636363636,338.6249985440219,none,False,3.0,right,,right,221.07000000005428,none,False,3.0,right,
65,RTL,Farsi,44,7,3,006.png,007.png,-154,-267,154,267,006.png,237.94920000364073,609.9867000011727,undefined,"(11, 5)",left,11.0,left,up,right,False,left,261.2300000000687,788.5275428571429,213.81284571428571,418.9522012650053,none,False,11.0,left,up,left,227.6600000000144,none,False,11.0,left,up
65,RTL,Farsi,45,7,5,008.png,009.png,-154,267,154,-267,009.png,243.15340002067387,4660.445299989078,undefined,"(7, 1)",right,1.0,right,up,right,True,right,261.600000000044,1127.4073263157895,246.5802,392.3560935524485,none,False,1.0,right,up,right,234.7500000000764,none,False,1.0,right,up
65,RTL,Farsi,46,7,4,010.png,011.png,0,-308,0,308,010.png,250.37480000173673,472.7949999796692,undefined,"(12, 6)",left,12.0,,up,right,False,left,247.92999999999665,1000.7789714285714,200.5374857142857,406.8480571008779,none,False,12.0,,up,left,240.9700000000612,none,False,12.0,,up
65,RTL,Farsi,47,7,2,012.png,013.png,-267,-154,267,154,012.png,271.1763000115752,578.4670000139158,undefined,"(10, 4)",left,10.0,left,up,right,False,left,308.0999999999676,668.3941463414634,364.06720975609755,387.78665559164364,none,False,10.0,left,up,left,261.2299999998413,none,False,10.0,left,up
65,RTL,Farsi,48,7,6,014.png,015.png,-267,154,267,-154,015.png,246.83760001789776,729.4196999864653,undefined,"(8, 2)",right,2.0,right,up,right,True,right,267.9399999999532,1215.7401945945946,354.762,343.6649057866453,none,False,2.0,right,up,right,240.9700000000612,none,False,2.0,right,up
66,RTL,Farsi,1,0,5,000.png,001.png,-154,267,154,-267,001.png,358.73680002987385,3291.2536999210715,undefined,"(7, 1)",right,1.0,right,up,right,True,right,375.24000000001934,1131.7824,233.197488,352.0836316902911,none,False,1.0,right,up,right,348.3499999999822,none,False,1.0,right,up
66,RTL,Farsi,2,0,2,002.png,003.png,-267,-154,267,154,002.png,250.65419997554272,2403.2639000797644,undefined,"(10, 4)",left,10.0,left,up,right,False,left,267.84999999995307,811.6746666666667,454.7454,400.65171128319435,none,False,10.0,left,up,left,241.0499999999729,none,False,10.0,left,up
66,RTL,Farsi,3,0,6,004.png,005.png,-267,154,267,-154,005.png,222.71439991891384,4790.498499991372,undefined,"(8, 2)",right,2.0,right,up,right,True,right,254.17999999996255,1109.0628,449.287425,397.6640061881443,none,False,2.0,right,up,right,214.29999999998017,none,False,2.0,right,up
66,RTL,Farsi,4,0,4,006.png,007.png,0,-308,0,308,007.png,10.512800072319806,775.7932000095025,undefined,"(12, 6)",right,6.0,,down,right,True,left,381.79999999999836,968.2100363636365,158.8068,379.42211353707677,none,False,12.0,,up,left,355.03999999997404,none,False,12.0,,up
66,RTL,Farsi,5,0,3,008.png,009.png,-154,-267,154,267,009.png,338.20959995500743,1915.3978000395,undefined,"(11, 5)",right,5.0,right,down,right,True,right,328.0899999999747,1192.9615058823529,695.6832705882354,341.2672717694587,none,False,5.0,right,down,right,328.0899999999747,none,False,5.0,right,down
66,RTL,Farsi,6,0,1,010.png,011.png,-308,0,308,0,011.png,238.8940000673756,815.1926000136882,undefined,"(9, 3)",right,3.0,right,,right,True,right,254.45999999999458,1267.4378322580646,419.4845419354839,451.1976660930231,none,False,3.0,right,,right,227.64000000000806,none,False,3.0,right,
66,RTL,Farsi,7,1,4,012.png,013.png,0,-308,0,308,012.png,337.72259997203946,1065.7331999391315,undefined,"(12, 6)",left,12.0,,up,right,False,left,355.23000000000593,991.2430344827585,230.8272827586207,392.9863351791651,none,False,12.0,,up,left,328.3700000000067,none,False,12.0,,up
66,RTL,Farsi,8,1,2,014.png,015.png,-267,-154,267,154,015.png,359.3370000598952,2555.8686000294983,undefined,"(10, 4)",right,4.0,right,down,right,True,right,381.59000000001697,1290.104260465116,576.0604465116279,348.8951178316707,none,False,4.0,right,down,right,348.4500000000139,none,False,4.0,right,down
66,RTL,Farsi,9,1,5,000.png,001.png,-154,267,154,-267,001.png,223.3540000161156,656.3534999731928,undefined,"(7, 1)",right,1.0,right,up,right,True,right,220.69999999996526,1106.638747826087,300.5001391304348,400.58827546208914,none,False,1.0,right,up,right,214.11000000000513,none,False,1.0,right,up
66,RTL,Farsi,10,1,1,002.png,003.png,-308,0,308,0,003.png,228.6521000787616,3360.031699994579,undefined,"(9, 3)",right,3.0,right,,right,True,right,274.35000000002674,1327.344,446.46119999999996,343.7667065939492,none,False,3.0,right,,right,221.07000000005428,none,False,3.0,right,
66,RTL,Farsi,11,1,6,004.png,005.png,-267,154,267,-154,005.png,223.59539999160916,701.8770000431687,undefined,"(8, 2)",right,2.0,right,up,right,True,right,248.23000000003503,1290.9296639999998,411.31108800000004,347.85357607705197,none,False,2.0,right,up,right,207.94999999998254,none,False,2.0,right,up
66,RTL,Farsi,12,1,3,006.png,007.png,-154,-267,154,267,007.png,434.2144000111148,464.01780005544424,undefined,"(11, 5)",right,5.0,right,down,right,True,right,449.3399999998928,1202.5910153846155,780.9460615384615,359.15700995888403,none,False,5.0,right,down,right,422.41999999998825,none,False,5.0,right,down
66,RTL,Farsi,13,2,5,008.png,009.png,-154,267,154,-267,009.png,245.47319998964667,660.4137000394985,undefined,"(7, 1)",right,1.0,right,up,right,True,right,287.59999999999764,1108.1674105263157,294.8382947368421,384.80270320994026,none,False,1.0,right,up,right,241.21000000002368,none,False,1.0,right,up
66,RTL,Farsi,14,2,1,010.png,011.png,-308,0,308,0,011.png,229.1024000151083,1861.040799994953,undefined,"(9, 3)",right,3.0,right,,right,True,right,261.0499999999547,1292.5817142857143,403.3179,367.9938707031954,none,False,3.0,right,,right,221.0099999999784,none,False,3.0,right,
66,RTL,Farsi,15,2,3,012.png,013.png,-154,-267,154,267,013.png,501.90010003279895,722.5371999666095,undefined,"(11, 5)",right,5.0,right,down,right,True,left,743.4700000000021,817.248,254.0091789473684,334.1951429998809,none,False,11.0,left,up,right,488.8300000000072,none,False,5.0,right,down
66,RTL,Farsi,16,2,6,014.png,015.png,-267,154,267,-154,015.png,246.4252000208944,711.1811999930069,undefined,"(8, 2)",right,2.0,right,up,right,True,right,268.1199999999535,1254.895542857143,395.97891428571427,337.48800685850154,none,False,2.0,right,up,right,234.61999999994987,none,False,2.0,right,up
66,RTL,Farsi,17,2,4,000.png,001.png,0,-308,0,308,000.png,218.8062999630347,1047.9135001078248,undefined,"(12, 6)",left,12.0,,up,right,False,left,227.59999999993852,989.85856,131.98716000000002,407.6082122697832,none,False,12.0,,up,left,207.8199999999697,none,False,12.0,,up
66,RTL,Farsi,18,2,2,002.png,003.png,-267,-154,267,154,003.png,309.91010006982833,975.9850999107584,undefined,"(10, 4)",right,4.0,right,down,right,True,left,656.1300000000756,652.36352,380.38032000000004,331.97171918907964,none,False,10.0,left,up,right,301.3900000000831,none,False,4.0,right,down
66,RTL,Farsi,19,3,1,004.png,005.png,-308,0,308,0,005.png,267.7086000330746,1449.2090999847278,undefined,"(9, 3)",right,3.0,right,,right,True,right,314.80999999996584,1327.09824,494.79228,340.06681262615507,none,False,3.0,right,,right,261.09999999994216,none,False,3.0,right,
66,RTL,Farsi,20,3,5,006.png,007.png,-154,267,154,-267,007.png,266.90040004905313,668.3150999015197,undefined,"(7, 1)",right,1.0,right,up,right,True,right,281.25,1156.541305263158,139.9589052631579,399.2614335395366,none,False,1.0,right,up,right,260.8099999999922,none,False,1.0,right,up
66,RTL,Farsi,21,3,4,008.png,009.png,0,-308,0,308,008.png,220.9640999790281,632.5924000702798,undefined,"(12, 6)",left,12.0,,up,right,False,left,227.7199999999766,993.1954285714287,111.65718857142858,429.62716462134176,none,False,12.0,,up,left,214.36000000005606,none,False,12.0,,up
66,RTL,Farsi,22,3,2,010.png,011.png,-267,-154,267,154,010.png,279.38180009368807,682.2066999739036,undefined,"(10, 4)",left,10.0,left,up,right,False,left,294.8000000000093,720.645,389.45002500000004,385.2051583904402,none,False,10.0,left,up,left,268.13000000004195,none,False,10.0,left,up
66,RTL,Farsi,23,3,3,012.png,013.png,-154,-267,154,267,012.png,259.7933999495581,664.5248999120668,undefined,"(11, 5)",left,11.0,left,up,right,False,left,268.24999999996635,791.357184,264.591792,349.48329775170424,none,False,11.0,left,up,left,247.49999999994543,none,False,11.0,left,up
66,RTL,Farsi,24,3,6,014.png,015.png,-267,154,267,-154,015.png,316.9413999421522,380.079900030978,undefined,"(8, 2)",right,2.0,right,up,right,True,right,368.5299999999643,1292.8055172413792,359.1204827586207,361.37572714652697,none,False,2.0,right,up,right,308.29000000005635,none,False,2.0,right,up
66,RTL,Farsi,25,4,2,000.png,001.png,-267,-154,267,154,000.png,257.2437999770045,409.92630005348474,undefined,"(10, 4)",left,10.0,left,up,right,False,left,287.96999999997297,665.9903999999999,455.2308,316.06593302846227,none,False,10.0,left,up,left,247.86999999992076,none,False,10.0,left,up
66,RTL,Farsi,26,4,4,002.png,003.png,0,-308,0,308,002.png,262.2789000160992,477.99549996852875,undefined,"(12, 6)",left,12.0,,up,right,False,left,274.7100000000273,946.6890418604651,137.16477209302326,382.1465581872509,none,False,12.0,,up,left,254.57000000005792,none,False,12.0,,up
66,RTL,Farsi,27,4,3,004.png,005.png,-154,-267,154,267,004.png,316.8707999866456,409.1655000811443,undefined,"(11, 5)",left,11.0,left,up,right,False,left,334.9600000000237,802.4464,134.6814,318.7656772807796,none,False,11.0,left,up,left,308.22999999998046,none,False,11.0,left,up
66,RTL,Farsi,28,4,1,006.png,007.png,-308,0,308,0,007.png,240.8778000390157,717.8672000300139,undefined,"(9, 3)",right,3.0,right,,right,True,right,274.58999999998923,1318.4117760000001,489.67632000000003,400.92796404789243,none,False,3.0,right,,right,221.0099999999784,none,False,3.0,right,
66,RTL,Farsi,29,4,5,008.png,009.png,-154,267,154,-267,009.png,217.69149997271597,480.5770000675693,undefined,"(7, 1)",right,1.0,right,up,right,True,right,234.56000000010135,1183.2616727272728,170.70283636363638,342.99337268309773,none,False,1.0,right,up,right,207.7000000000453,none,False,1.0,right,up
66,RTL,Farsi,30,4,6,010.png,011.png,-267,154,267,-154,011.png,288.9976999722421,691.6474000317976,undefined,"(8, 2)",right,2.0,right,up,right,True,right,307.91999999996733,1340.1821538461538,331.8017538461539,402.1156332408666,none,False,2.0,right,up,right,281.3699999999244,none,False,2.0,right,up
66,RTL,Farsi,31,5,5,012.png,013.png,-154,267,154,-267,013.png,245.46620005276057,662.8838999895379,undefined,"(7, 1)",right,1.0,right,up,right,True,right,267.46000000002823,1136.9957877551021,247.8921795918367,353.1103503650019,none,False,1.0,right,up,right,234.19999999998709,none,False,1.0,right,up
66,RTL,Farsi,32,5,6,014.png,015.png,-267,154,267,-154,015.png,256.0265999054536,1214.6200999850407,undefined,"(8, 2)",right,2.0,right,up,right,True,right,267.9399999999532,1206.3343304347825,426.72020869565216,316.93348649091723,none,False,2.0,right,up,right,240.84000000004835,none,False,2.0,right,up
66,RTL,Farsi,33,5,1,000.png,001.png,-308,0,308,0,001.png,230.20770004950464,3999.522399972193,undefined,"(9, 3)",right,3.0,right,,right,True,right,247.7400000000216,1328.9804307692307,459.28952307692305,405.86315404409464,none,False,3.0,right,,right,213.93000000000484,none,False,3.0,right,
66,RTL,Farsi,34,5,3,002.png,003.png,-154,-267,154,267,003.png,244.9803000781685,743.7258999561891,undefined,"(11, 5)",right,5.0,right,down,right,True,right,267.879999999991,1107.0720000000001,742.7052,261.1137169595738,none,False,5.0,right,down,right,234.56000000010135,none,False,5.0,right,down
66,RTL,Farsi,35,5,2,004.png,005.png,-267,-154,267,154,005.png,241.96090002078563,400.72119992692024,undefined,"(10, 4)",right,4.0,right,down,right,True,right,247.859999999946,1225.955657142857,589.7613857142858,320.21703486529077,none,False,4.0,right,down,right,234.50000000002547,none,False,4.0,right,down
66,RTL,Farsi,36,5,4,006.png,007.png,0,-308,0,308,006.png,261.0337999649346,528.5085999639705,undefined,"(12, 6)",left,12.0,,up,right,False,left,274.6600000000399,995.3258666666666,266.157,381.5121874141408,none,False,12.0,,up,left,254.70000000007076,none,False,12.0,,up
66,RTL,Farsi,37,6,5,008.png,009.png,-154,267,154,-267,009.png,267.20860006753355,754.6302999835461,undefined,"(7, 1)",right,1.0,right,up,right,True,right,274.6599999999262,1131.104,327.37968,343.01271217405696,none,False,1.0,right,up,right,254.57999999991898,none,False,1.0,right,up
66,RTL,Farsi,38,6,1,010.png,011.png,-308,0,308,0,011.png,343.8074999721721,712.7416000002995,undefined,"(9, 3)",right,3.0,right,,right,True,right,354.7399999999925,1295.030016,483.16564800000003,408.0843163452944,none,False,3.0,right,,right,334.9600000000237,none,False,3.0,right,
66,RTL,Farsi,39,6,3,012.png,013.png,-154,-267,154,267,013.png,324.34250006917864,999.74330002442,undefined,"(11, 5)",right,5.0,right,down,right,True,right,334.9000000000615,1132.2554181818184,769.829890909091,353.76204135625125,none,False,5.0,right,down,right,314.8800000000165,none,False,5.0,right,down
66,RTL,Farsi,40,6,4,014.png,015.png,0,-308,0,308,015.png,364.1982999397442,994.138199952431,undefined,"(12, 6)",right,6.0,,down,right,True,right,388.05999999999585,968.4222545454545,842.0070272727273,345.6642664034681,none,False,6.0,,down,right,354.8600000000306,none,False,6.0,,down
66,RTL,Farsi,41,6,2,000.png,001.png,-267,-154,267,154,001.png,240.1184000773355,566.878299927339,undefined,"(10, 4)",right,4.0,right,down,right,True,right,247.7999999999838,1238.0425531914893,653.7391659574469,332.6932557943695,none,False,4.0,right,down,right,227.7199999999766,none,False,4.0,right,down
66,RTL,Farsi,42,6,6,002.png,003.png,-267,154,267,-154,003.png,229.8702000407502,673.7791000632569,undefined,"(8, 2)",right,2.0,right,up,right,True,right,261.5899999999556,1251.990646153846,363.96415384615386,367.2148321304142,none,False,2.0,right,up,right,221.42999999994117,none,False,2.0,right,up
66,RTL,Farsi,43,7,5,004.png,005.png,-154,267,154,-267,005.png,338.9796999981627,538.5557999834418,undefined,"(7, 1)",right,1.0,right,up,right,True,right,327.76000000001204,1139.7517395348837,312.7353488372093,331.2582075454958,none,False,1.0,right,up,right,321.109999999976,none,False,1.0,right,up
66,RTL,Farsi,44,7,1,006.png,007.png,-308,0,308,0,007.png,257.3909000493586,741.7258999776095,undefined,"(9, 3)",right,3.0,right,,right,True,right,281.25,1342.5874285714285,506.58981428571434,372.95317072393175,none,False,3.0,right,,right,247.61999999998352,none,False,3.0,right,
66,RTL,Farsi,45,7,2,008.png,009.png,-267,-154,267,154,009.png,215.6837999355048,2231.251399964094,undefined,"(10, 4)",right,4.0,right,down,right,True,right,227.7800000000525,1254.6870857142858,615.8751428571429,346.9475666305451,none,False,4.0,right,down,right,207.5800000000072,none,False,4.0,right,down
66,RTL,Farsi,46,7,4,010.png,011.png,0,-308,0,308,011.png,447.43619998916984,888.007799978368,undefined,"(12, 6)",right,6.0,,down,right,True,right,482.3700000000599,983.4261333333334,824.7876,315.595512703184,none,False,6.0,,down,right,435.55000000003474,none,False,6.0,,down
66,RTL,Farsi,47,7,3,012.png,013.png,-154,-267,154,267,013.png,337.48470002319664,443.16519994754344,undefined,"(11, 5)",right,5.0,right,down,right,True,right,375.6099999999378,1135.4806588235292,754.3958823529413,373.77953012815453,none,False,5.0,right,down,right,328.72999999995045,none,False,5.0,right,down
66,RTL,Farsi,48,7,6,014.png,015.png,-267,154,267,-154,015.png,342.20029995776713,1251.0440000332892,undefined,"(8, 2)",right,2.0,right,up,right,True,right,361.3900000000285,1134.0252,440.790525,289.24362744030725,none,False,2.0,right,up,right,334.9600000000237,none,False,2.0,right,up
101,LTR,Deutsch,1,0,4,000.png,001.png,0,-308,0,308,001.png,366.6262000333518,6018.228299973998,undefined,"(12, 6)",right,6.0,,down,left,False,right,401.7999999999802,968.5529142857142,796.2739714285714,321.21099964682156,none,False,6.0,,down,right,361.70000000004165,none,False,6.0,,down
101,LTR,Deutsch,2,0,1,002.png,003.png,-308,0,308,0,002.png,262.6890999963507,1952.7214999543503,undefined,"(9, 3)",left,9.0,left,,left,True,left,274.599999999964,505.44353684210523,544.4794421052632,395.5096228805903,none,False,9.0,left,,left,254.2799999999943,none,False,9.0,left,
101,LTR,Deutsch,3,0,6,004.png,005.png,-267,154,267,-154,004.png,248.3977000229061,1346.0809999960477,undefined,"(8, 2)",left,8.0,left,down,left,True,left,274.4799999999259,646.9576000000001,660.16125,429.9933539485588,none,False,8.0,left,down,left,241.0899999999856,none,False,8.0,left,down
101,LTR,Deutsch,4,0,3,006.png,007.png,-154,-267,154,267,007.png,233.70790004264563,1421.9919999595731,undefined,"(11, 5)",right,5.0,right,down,left,False,right,375.31000000001313,1168.9742222222224,830.6795999999999,376.445916879344,none,False,5.0,right,down,right,228.02999999998974,none,False,5.0,right,down
101,LTR,Deutsch,5,0,2,008.png,009.png,-267,-154,267,154,008.png,223.82219997234645,1089.2873000120744,undefined,"(10, 4)",left,10.0,left,up,left,True,left,241.15000000006148,619.348992,459.18748800000003,409.832040150641,none,False,10.0,left,up,left,214.29000000000542,none,False,10.0,left,up
101,LTR,Deutsch,6,0,5,010.png,011.png,-154,267,154,-267,010.png,223.501100030262,6446.903300005943,undefined,"(7, 1)",left,7.0,left,down,left,True,left,241.1499999999478,821.0391272727273,703.1192727272727,394.68521055561143,none,False,7.0,left,down,left,214.41999999990458,none,False,7.0,left,down
101,LTR,Deutsch,7,1,4,012.png,013.png,0,-308,0,308,012.png,251.16099999286232,1632.3270000284538,undefined,"(12, 6)",left,12.0,,up,left,True,left,281.25,927.6383999999999,253.773,391.6730891632029,none,False,12.0,,up,left,241.1499999999478,none,False,12.0,,up
101,LTR,Deutsch,8,1,1,014.png,015.png,-308,0,308,0,014.png,225.9423999930732,1131.5021999762394,undefined,"(9, 3)",left,9.0,left,,left,True,left,247.81000000007225,503.3672597014925,545.865528358209,416.4168888926118,none,False,9.0,left,,left,214.36000000005606,none,False,9.0,left,
101,LTR,Deutsch,9,1,3,000.png,001.png,-154,-267,154,267,001.png,646.1450000060722,1214.1389999887906,undefined,"(11, 5)",right,5.0,right,down,left,False,right,656.4300000000003,1284.7394909090908,808.5802909090909,382.7118865722897,none,False,5.0,right,down,right,629.1499999999814,none,False,5.0,right,down
101,LTR,Deutsch,10,1,2,002.png,003.png,-267,-154,267,154,003.png,225.67870002239945,1254.526300006546,undefined,"(10, 4)",right,4.0,right,down,left,False,right,247.56000000002132,1229.14624,705.59208,399.059241345031,none,False,4.0,right,down,right,214.11000000000513,none,False,4.0,right,down
101,LTR,Deutsch,11,1,5,004.png,005.png,-154,267,154,-267,004.png,303.76830004388466,3250.4213000065647,undefined,"(7, 1)",left,7.0,left,down,left,True,left,348.38999999999487,751.25376,858.2271300000001,472.3830193217214,none,False,7.0,left,down,left,294.7400000000471,none,False,7.0,left,down
101,LTR,Deutsch,12,1,6,006.png,007.png,-267,154,267,-154,006.png,203.59290001215413,905.4919000482188,undefined,"(8, 2)",left,8.0,left,down,left,True,left,174.19999999992797,766.90368,659.95236,411.7022101929674,none,False,8.0,left,down,left,194.33999999989737,none,False,8.0,left,down
101,LTR,Deutsch,13,2,1,008.png,009.png,-308,0,308,0,008.png,241.8848000233993,1778.8554999860935,undefined,"(9, 3)",left,9.0,left,,left,True,left,260.9300000000303,581.0183441860464,559.2036558139534,382.1608749078009,none,False,9.0,left,,left,227.66999999998916,none,False,9.0,left,
101,LTR,Deutsch,14,2,6,010.png,011.png,-267,154,267,-154,010.png,257.15560000389814,961.9179000146688,undefined,"(8, 2)",left,8.0,left,down,left,True,left,281.3100000000759,645.6675555555555,607.4596,395.7280934381885,none,False,8.0,left,down,left,241.15000000006148,none,False,8.0,left,down
101,LTR,Deutsch,15,2,5,012.png,013.png,-154,267,154,-267,013.png,247.0642999978736,720.9623000235297,undefined,"(7, 1)",right,1.0,right,up,left,False,right,294.7399999999334,1179.756342857143,245.4566142857143,418.76015720883197,none,False,1.0,right,up,right,234.37000000001262,none,False,1.0,right,up
101,LTR,Deutsch,16,2,2,014.png,015.png,-267,-154,267,154,015.png,644.9274999904446,2075.0313000171445,undefined,"(10, 4)",right,4.0,right,down,left,False,right,676.5100000000075,1336.8218947368423,694.9002315789472,407.41725797550026,none,False,4.0,right,down,right,636.2899999999172,none,False,4.0,right,down
101,LTR,Deutsch,17,2,4,000.png,001.png,0,-308,0,308,000.png,268.271500011906,951.8623000476508,undefined,"(12, 6)",left,12.0,,up,left,True,left,281.8600000000515,907.4141538461539,260.4349384615385,409.48836883228154,none,False,12.0,,up,left,255.0700000000461,none,False,12.0,,up
101,LTR,Deutsch,18,2,3,002.png,003.png,-154,-267,154,267,003.png,283.840499992948,1270.6477000028826,undefined,"(11, 5)",right,5.0,right,down,left,False,right,294.6799999999712,1156.4004324324326,839.9101621621621,389.1558555781517,none,False,5.0,right,down,right,267.88999999996577,none,False,5.0,right,down
101,LTR,Deutsch,19,3,4,004.png,005.png,0,-308,0,308,004.png,279.96220003115013,1417.5878000096418,undefined,"(12, 6)",left,12.0,,up,left,True,left,288.20999999993546,936.8075294117648,161.8392705882353,378.4964775128693,none,False,12.0,,up,left,268.0599999999913,none,False,12.0,,up
101,LTR,Deutsch,20,3,5,006.png,007.png,-154,267,154,-267,007.png,202.77930004522204,923.7371000344864,undefined,"(7, 1)",right,1.0,right,up,left,False,right,234.42999999997483,1147.83696,227.07513,403.77892904747983,none,False,1.0,right,up,right,194.02999999999793,none,False,1.0,right,up
101,LTR,Deutsch,21,3,6,008.png,009.png,-267,154,267,-154,008.png,213.6737999971956,1973.4570999862624,undefined,"(8, 2)",left,8.0,left,down,left,True,left,227.85000000010314,576.0568615384615,676.0397076923077,417.08990924946625,none,False,8.0,left,down,left,201.05000000000928,none,False,8.0,left,down
101,LTR,Deutsch,22,3,2,010.png,011.png,-267,-154,267,154,010.png,216.4465999812819,1005.6856000446714,undefined,"(10, 4)",left,10.0,left,up,left,True,left,247.7999999999838,677.5650461538461,504.01273846153845,385.5882665590146,none,False,10.0,left,up,left,207.6399999999694,none,False,10.0,left,up
101,LTR,Deutsch,23,3,3,012.png,013.png,-154,-267,154,267,012.png,283.93499995581806,1290.2077000471763,undefined,"(11, 5)",left,11.0,left,up,left,True,left,294.6799999999712,778.2865655172413,223.2460551724138,411.2462081925772,none,False,11.0,left,up,left,274.34999999991305,none,False,11.0,left,up
101,LTR,Deutsch,24,3,1,014.png,015.png,-308,0,308,0,014.png,327.5635000318289,2994.10720000742,undefined,"(9, 3)",left,9.0,left,,left,True,left,341.9099999999844,552.7857230769231,564.5484,406.1485964650168,none,False,9.0,left,,left,314.80999999996584,none,False,9.0,left,
101,LTR,Deutsch,25,4,6,000.png,001.png,-267,154,267,-154,000.png,207.37479999661448,1407.893099996727,undefined,"(8, 2)",left,8.0,left,down,left,True,left,234.19000000001233,631.7909333333333,593.7112,374.2547874546616,none,False,8.0,left,down,left,200.870000000009,none,False,8.0,left,down
101,LTR,Deutsch,26,4,2,002.png,003.png,-267,-154,267,154,003.png,203.14800000051036,2314.9682999937795,undefined,"(10, 4)",right,4.0,right,down,left,False,right,234.61999999994987,1274.8891118644067,669.0883728813559,394.41175088241596,none,False,4.0,right,down,right,194.45999999993546,none,False,4.0,right,down
101,LTR,Deutsch,27,4,1,004.png,005.png,-308,0,308,0,004.png,237.8568000276573,973.9387000445276,undefined,"(9, 3)",left,9.0,left,,left,True,left,254.57000000005792,567.6360827586208,569.5517793103447,402.0771133048284,none,False,9.0,left,,left,227.7800000000525,none,False,9.0,left,
101,LTR,Deutsch,28,4,3,006.png,007.png,-154,-267,154,267,007.png,244.7750000283122,1645.571100001689,undefined,"(11, 5)",right,5.0,right,down,left,False,right,261.3499999999931,1208.5824000000002,773.5677428571428,403.1939283216258,none,False,5.0,right,down,right,234.56000000010135,none,False,5.0,right,down
101,LTR,Deutsch,29,4,5,008.png,009.png,-154,267,154,-267,009.png,278.87229999760166,1515.3957000002265,undefined,"(7, 1)",right,1.0,right,up,left,False,right,294.7399999999334,1182.4481684210525,279.1959157894737,366.5352191377718,none,False,1.0,right,up,right,267.9999999999154,none,False,1.0,right,up
101,LTR,Deutsch,30,4,4,010.png,011.png,0,-308,0,308,010.png,221.04579996084792,924.351599998772,undefined,"(12, 6)",left,12.0,,up,left,True,left,234.50000000002547,958.9467428571428,299.02037142857137,371.0418261209594,none,False,12.0,,up,left,214.29000000000542,none,False,12.0,,up
101,LTR,Deutsch,31,5,6,012.png,013.png,-267,154,267,-154,012.png,204.5780000044033,1578.5594999906607,undefined,"(8, 2)",left,8.0,left,down,left,True,left,226.9900000000007,615.0816,616.86684,382.52391511274055,none,False,8.0,left,down,left,194.26999999996042,none,False,8.0,left,down
101,LTR,Deutsch,32,5,1,014.png,015.png,-308,0,308,0,015.png,222.87140000844377,969.7270999895408,undefined,"(9, 3)",right,3.0,right,,left,False,right,254.27000000001954,1327.7094,539.925075,351.4289749472031,none,False,3.0,right,,right,214.36000000005606,none,False,3.0,right,
101,LTR,Deutsch,33,5,5,000.png,001.png,-154,267,154,-267,001.png,305.6097000371665,1058.5011999937706,undefined,"(7, 1)",right,1.0,right,up,left,False,right,328.1800000000885,1196.1929142857143,166.1394857142857,400.3201178632321,none,False,1.0,right,up,right,294.61000000003423,none,False,1.0,right,up
101,LTR,Deutsch,34,5,4,002.png,003.png,0,-308,0,308,002.png,246.28160003339872,1086.5847999812104,undefined,"(12, 6)",left,12.0,,up,left,True,left,254.32999999998174,952.7503448275862,240.74615172413792,418.96150028378656,none,False,12.0,,up,left,233.95000000004984,none,False,12.0,,up
101,LTR,Deutsch,35,5,2,004.png,005.png,-267,-154,267,154,005.png,234.79740001494065,906.1149999615736,undefined,"(10, 4)",right,4.0,right,down,left,False,right,254.76000000003296,1239.8561684210526,748.4235157894736,403.10732329867926,none,False,4.0,right,down,right,227.8400000000147,none,False,4.0,right,down
101,LTR,Deutsch,36,5,3,006.png,007.png,-154,-267,154,267,006.png,237.25379997631535,713.806800020393,undefined,"(11, 5)",left,11.0,left,up,left,True,left,234.13000000005013,794.5645714285715,348.2465142857143,378.3006788546259,none,False,11.0,left,up,left,221.0099999999784,none,False,11.0,left,up
101,LTR,Deutsch,37,6,3,008.png,009.png,-154,-267,154,267,008.png,240.29169999994335,1248.839300009422,undefined,"(11, 5)",left,11.0,left,up,left,True,left,247.61999999998352,714.6212571428572,380.49377142857145,395.2296636803397,none,False,11.0,left,up,left,227.7799999999388,none,False,11.0,left,up
101,LTR,Deutsch,38,6,6,010.png,011.png,-267,154,267,-154,010.png,245.04469998646528,1274.5703000109645,undefined,"(8, 2)",left,8.0,left,down,left,True,right,375.19000000008873,1307.25,240.6564,423.2591750903476,none,False,2.0,right,up,left,234.50000000002547,none,False,8.0,left,down
101,LTR,Deutsch,39,6,2,012.png,013.png,-267,-154,267,154,012.png,208.22909998241812,819.4678000290878,undefined,"(10, 4)",left,10.0,left,up,left,True,left,221.31000000001677,616.438272,376.61803199999997,421.8178734489329,none,False,10.0,left,up,left,201.17000000004737,none,False,10.0,left,up
101,LTR,Deutsch,40,6,5,014.png,015.png,-154,267,154,-267,014.png,279.4273999752477,518.4199000359513,undefined,"(7, 1)",left,7.0,left,down,left,True,left,288.38999999993575,712.0485517241378,839.6322206896552,384.95273881490175,none,False,7.0,left,down,left,268.24999999996635,none,False,7.0,left,down
101,LTR,Deutsch,41,6,4,000.png,001.png,0,-308,0,308,001.png,216.0001000156626,1107.6899000327105,undefined,"(12, 6)",right,6.0,,down,left,False,right,214.35999999994237,956.3014095238095,855.6351428571429,366.09340685388247,none,False,6.0,,down,right,201.10999999997148,none,False,6.0,,down
101,LTR,Deutsch,42,6,1,002.png,003.png,-308,0,308,0,002.png,265.4616999789141,744.8858999996446,undefined,"(9, 3)",left,9.0,left,,left,True,left,281.6800000000512,549.5111314285714,547.1588571428572,435.68861876459425,none,False,9.0,left,,left,254.81999999999516,none,False,9.0,left,
101,LTR,Deutsch,43,7,6,004.png,005.png,-267,154,267,-154,004.png,179.77139999857172,1452.6524000102654,undefined,"(8, 2)",left,8.0,left,down,left,True,left,227.6600000000144,701.5313454545454,574.8142909090909,408.5932015392888,none,False,8.0,left,down,left,167.479999999955,none,False,8.0,left,down
101,LTR,Deutsch,44,7,2,006.png,007.png,-267,-154,267,154,006.png,213.0784000037238,1503.314700035844,undefined,"(10, 4)",left,10.0,left,up,left,True,left,227.41999999993823,620.3362909090908,351.7879090909091,382.16593951065573,none,False,10.0,left,up,left,200.7499999999709,none,False,10.0,left,up
101,LTR,Deutsch,45,7,4,008.png,009.png,0,-308,0,308,009.png,224.41900003468615,581.121199997142,undefined,"(12, 6)",right,6.0,,down,left,False,right,234.73999999998796,971.2764631578948,862.3354736842105,335.5495670785946,none,False,6.0,,down,right,214.29000000000542,none,False,6.0,,down
101,LTR,Deutsch,46,7,3,010.png,011.png,-154,-267,154,267,010.png,59.273999999277294,534.7568999859504,undefined,"(11, 5)",left,11.0,left,up,left,True,left,261.5400000000818,747.3134769230769,250.64806153846152,359.63841603204287,none,False,11.0,left,up,left,47.240000000101645,first_fix_anticipatory,True,,,
101,LTR,Deutsch,47,7,5,012.png,013.png,-154,267,154,-267,013.png,374.7418000129983,769.2675000289455,undefined,"(7, 1)",right,1.0,right,up,left,False,right,408.390000000054,1164.363475862069,188.9690896551724,407.53463808987885,none,False,1.0,right,up,right,368.2900000000018,none,False,1.0,right,up
101,LTR,Deutsch,48,7,1,014.png,015.png,-308,0,308,0,014.png,211.55609999550504,2782.515999977477,undefined,"(9, 3)",left,9.0,left,,left,True,left,221.0099999999784,547.6398545454545,582.5127272727273,373.47961401130925,none,False,9.0,left,,left,194.08999999996013,none,False,9.0,left,
102,LTR,English,1,0,6,000.png,001.png,-267,154,267,-154,000.png,236.0888000112027,4982.02570003923,undefined,"(8, 2)",left,8.0,left,down,left,True,left,274.6599999998125,585.0312,663.228,419.43419351799395,none,False,8.0,left,down,left,220.70999999982632,none,False,8.0,left,down
102,LTR,English,2,0,4,002.png,003.png,0,-308,0,308,003.png,208.0271000158973,2205.906299990602,undefined,"(12, 6)",right,6.0,,down,left,False,right,221.07000000005428,909.0113560975611,823.1117268292684,409.18271940549573,none,False,6.0,,down,right,194.2100000001119,none,False,6.0,,down
102,LTR,English,3,0,1,004.png,005.png,-308,0,308,0,004.png,315.4876999906264,1799.405099998694,undefined,"(9, 3)",left,9.0,left,,left,True,left,307.9800000000432,583.3130264150943,570.7117358490566,423.54777686644815,none,False,9.0,left,,left,301.3900000000831,none,False,9.0,left,
102,LTR,English,4,0,3,006.png,007.png,-154,-267,154,267,006.png,213.40249996865168,876.6250999760814,undefined,"(11, 5)",left,11.0,left,up,left,True,left,221.18999999997868,821.5917176470588,356.92602352941174,382.53017843068824,none,False,11.0,left,up,left,201.0499999998956,none,False,11.0,left,up
102,LTR,English,5,0,5,008.png,009.png,-154,267,154,-267,009.png,397.3812999902293,3313.4857999975793,undefined,"(7, 1)",right,1.0,right,up,left,False,right,415.2799999999388,1187.8335085714286,165.88013142857145,429.51776582656163,none,False,1.0,right,up,right,388.05999999999585,none,False,1.0,right,up
102,LTR,English,6,0,2,010.png,011.png,-267,-154,267,154,010.png,195.86199999321252,1118.777299998328,undefined,"(10, 4)",left,10.0,left,up,left,True,left,220.94000000015512,592.9001142857143,415.4011714285714,382.56777308442423,none,False,10.0,left,up,left,187.5,none,False,10.0,left,up
102,LTR,English,7,1,2,012.png,013.png,-267,-154,267,154,012.png,257.57509999675676,1257.2634000098333,undefined,"(10, 4)",left,10.0,left,up,left,True,left,281.4900000000762,631.9689142857144,419.08448571428573,392.1694035829032,none,False,10.0,left,up,left,248.05000000014843,none,False,10.0,left,up
102,LTR,English,8,1,1,014.png,015.png,-308,0,308,0,014.png,301.61369999404997,1906.3406000495888,undefined,"(9, 3)",left,9.0,left,,left,True,left,321.6500000000906,507.7018666666668,588.9576,418.90329756085464,none,False,9.0,left,,left,294.6799999999712,none,False,9.0,left,
102,LTR,English,9,1,5,000.png,001.png,-154,267,154,-267,001.png,245.99249998573217,1171.1065000272356,undefined,"(7, 1)",right,1.0,right,up,left,False,right,241.33000000006177,1161.9528,247.6868625,404.962843829389,none,False,1.0,right,up,right,228.14999999991414,none,False,1.0,right,up
102,LTR,English,10,1,6,002.png,003.png,-267,154,267,-154,003.png,213.597199996002,873.2875999994576,undefined,"(8, 2)",right,2.0,right,up,left,False,right,227.6600000000144,1258.696,411.41610000000003,453.13283268220255,none,False,2.0,right,up,right,200.91999999999643,none,False,2.0,right,up
102,LTR,English,11,1,3,004.png,005.png,-154,-267,154,267,004.png,276.10269997967407,772.7608000277542,undefined,"(11, 5)",left,11.0,left,up,left,True,left,321.4100000000144,841.4202181818181,234.5809090909091,368.08555052170976,none,False,11.0,left,up,left,267.8200000000288,none,False,11.0,left,up
102,LTR,English,12,1,4,006.png,007.png,0,-308,0,308,006.png,327.42309995228425,938.5180000099352,undefined,"(12, 6)",left,12.0,,up,left,True,left,354.8599999999169,1014.1205014925372,64.90912835820896,390.7980314642015,none,False,12.0,,up,left,321.5299999999388,none,False,12.0,,up
102,LTR,English,13,2,1,008.png,009.png,-308,0,308,0,008.png,217.6655999501236,1403.553500014823,undefined,"(9, 3)",left,9.0,left,,left,True,left,234.00999999989835,583.4069999999999,516.5339625,410.76495402829335,none,False,9.0,left,,left,207.14999999995598,none,False,9.0,left,
102,LTR,English,14,2,4,010.png,011.png,0,-308,0,308,010.png,283.4429999929853,1663.2321000215595,undefined,"(12, 6)",left,12.0,,up,left,True,left,308.23000000009415,1040.2834285714284,269.1905142857143,418.6717328652273,none,False,12.0,,up,left,274.9100000000908,none,False,12.0,,up
102,LTR,English,15,2,3,012.png,013.png,-154,-267,154,267,012.png,316.6544000268914,1048.4901000163518,undefined,"(11, 5)",left,11.0,left,up,left,True,left,335.4500000000371,796.1770666666666,203.0904,415.8922277606942,none,False,11.0,left,up,left,308.5999999998421,none,False,11.0,left,up
102,LTR,English,16,2,2,014.png,015.png,-267,-154,267,154,014.png,206.13259996753183,429.7678000293672,undefined,"(10, 4)",left,10.0,left,up,left,True,left,227.91000000006534,599.4588279069768,364.2294976744186,365.7263124092121,none,False,10.0,left,up,left,194.45999999993546,none,False,10.0,left,up
102,LTR,English,17,2,5,000.png,001.png,-154,267,154,-267,001.png,256.4093999681063,681.0318999923766,undefined,"(7, 1)",right,1.0,right,up,left,False,right,281.25,1192.1300571428571,284.3127,401.07656625443076,none,False,1.0,right,up,right,247.56000000002132,none,False,1.0,right,up
102,LTR,English,18,2,6,002.png,003.png,-267,154,267,-154,003.png,202.66820001415908,706.2893999973312,undefined,"(8, 2)",right,2.0,right,up,left,False,right,234.13000000005013,1295.5872,386.4807,457.7783017429593,none,False,2.0,right,up,right,194.08999999996013,none,False,2.0,right,up
102,LTR,English,19,3,6,004.png,005.png,-267,154,267,-154,004.png,240.11630000313744,943.6147999949752,undefined,"(8, 2)",left,8.0,left,down,left,True,left,268.30999999992855,601.8273758241759,694.5786197802198,418.27636873305414,none,False,8.0,left,down,left,228.14999999991414,none,False,8.0,left,down
102,LTR,English,20,3,3,006.png,007.png,-154,-267,154,267,006.png,196.9637000001967,1845.6808000337332,undefined,"(11, 5)",left,11.0,left,up,left,True,left,214.34999999996762,831.9365485714285,215.36696571428573,351.8528806571991,none,False,11.0,left,up,left,187.6199999999244,none,False,11.0,left,up
102,LTR,English,21,3,1,008.png,009.png,-308,0,308,0,009.png,317.01169995358214,1052.6069999905303,undefined,"(9, 3)",right,3.0,right,,left,False,right,328.48999999987427,1398.747068852459,492.2572721311475,440.0887625172745,none,False,3.0,right,,right,308.219999999892,none,False,3.0,right,
102,LTR,English,22,3,5,010.png,011.png,-154,267,154,-267,011.png,339.8614999605343,1048.0257999734022,undefined,"(7, 1)",right,1.0,right,up,left,False,right,334.47000000001026,1225.2172799999998,294.94314,413.753101772484,none,False,1.0,right,up,right,328.1200000001263,none,False,1.0,right,up
102,LTR,English,23,3,2,012.png,013.png,-267,-154,267,154,013.png,224.02109997346997,1050.216100004036,undefined,"(10, 4)",right,4.0,right,down,left,False,right,254.51999999995678,1331.1162181818183,655.5534545454545,400.23423057535933,none,False,4.0,right,down,right,214.34999999996762,none,False,4.0,right,down
102,LTR,English,24,3,4,014.png,015.png,0,-308,0,308,014.png,265.40380000369623,562.3664000304416,undefined,"(12, 6)",left,12.0,,up,left,True,left,287.8399999999601,971.2789333333333,207.3492,390.32606437383146,none,False,12.0,,up,left,247.43999999986954,none,False,12.0,,up
102,LTR,English,25,4,5,000.png,001.png,-154,267,154,-267,000.png,398.9181999932043,444.3534999736585,undefined,"(7, 1)",left,7.0,left,down,left,True,left,414.9099999999635,668.1146181818182,897.7068,417.57716584511286,none,False,7.0,left,down,left,388.17999999992026,none,False,7.0,left,down
102,LTR,English,26,4,1,002.png,003.png,-308,0,308,0,002.png,387.1988999890163,1040.3319000033662,undefined,"(9, 3)",left,9.0,left,,left,True,left,401.8499999999676,524.272695652174,521.0499913043478,467.477274598199,none,False,9.0,left,,left,375.2400000000762,none,False,9.0,left,
102,LTR,English,27,4,3,004.png,005.png,-154,-267,154,267,004.png,256.6159000271,951.3233999605292,undefined,"(11, 5)",left,11.0,left,up,left,True,left,301.51999999998225,764.3638857142856,337.67022857142854,365.44591648984857,none,False,11.0,left,up,left,247.44000000009692,none,False,11.0,left,up
102,LTR,English,28,4,4,006.png,007.png,0,-308,0,308,007.png,273.83809996536,697.7635999792255,undefined,"(12, 6)",right,6.0,,down,left,False,right,314.32999999992717,1003.3038,893.457675,399.75365111255246,none,False,6.0,,down,right,261.2299999998413,none,False,6.0,,down
102,LTR,English,29,4,2,008.png,009.png,-267,-154,267,154,008.png,224.3713000207208,756.517999980133,undefined,"(10, 4)",left,10.0,left,up,left,True,left,267.83000000000357,686.2626461538462,364.7421692307692,414.679816495679,none,False,10.0,left,up,left,214.60000000001855,none,False,10.0,left,up
102,LTR,English,30,4,6,010.png,011.png,-267,154,267,-154,010.png,299.88359997514635,657.7083999873139,undefined,"(8, 2)",left,8.0,left,down,left,True,left,321.6500000000906,585.95584,762.23844,430.7433676775769,none,False,8.0,left,down,left,294.92000000004737,none,False,8.0,left,down
102,LTR,English,31,5,1,012.png,013.png,-308,0,308,0,012.png,284.2730999691412,765.979400021024,undefined,"(9, 3)",left,9.0,left,,left,True,left,294.6700000002238,568.2579692307693,524.7150923076923,383.16982353881804,none,False,9.0,left,,left,274.6500000000651,none,False,9.0,left,
102,LTR,English,32,5,3,014.png,015.png,-154,-267,154,267,014.png,322.5475000217557,1816.95419998141,undefined,"(11, 5)",left,11.0,left,up,left,True,left,341.80000000014843,743.2001280000001,260.143704,375.5756329650344,none,False,11.0,left,up,left,314.94000000020606,none,False,11.0,left,up
102,LTR,English,33,5,4,000.png,001.png,0,-308,0,308,000.png,217.2108000377193,742.8026999696158,undefined,"(12, 6)",left,12.0,,up,left,True,left,261.3499999999931,998.360832,210.14424,371.2887808936546,none,False,12.0,,up,left,207.51999999993131,none,False,12.0,,up
102,LTR,English,34,5,2,002.png,003.png,-267,-154,267,154,002.png,215.5874000163749,844.961200025864,undefined,"(10, 4)",left,10.0,left,up,left,True,left,247.8000000000975,655.054747826087,382.55149565217386,404.5747403881859,none,False,10.0,left,up,left,207.4000000000069,none,False,10.0,left,up
102,LTR,English,35,5,5,004.png,005.png,-154,267,154,-267,005.png,319.3971000146121,935.1281999843196,undefined,"(7, 1)",right,1.0,right,up,left,False,right,368.4100000000399,1178.2673454545454,264.82663636363634,435.6051132195177,none,False,1.0,right,up,right,308.11000000016975,none,False,1.0,right,up
102,LTR,English,36,5,6,006.png,007.png,-267,154,267,-154,007.png,195.95109997317195,609.9940999993123,undefined,"(8, 2)",right,2.0,right,up,left,False,right,214.34999999996762,1317.7494,316.28036249999997,441.3153319387134,none,False,2.0,right,up,right,187.74000000007618,none,False,2.0,right,up
102,LTR,English,37,6,2,008.png,009.png,-267,-154,267,154,009.png,272.7405999903567,1019.4829999818468,undefined,"(10, 4)",right,4.0,right,down,left,False,right,227.7799999999388,1203.92256,561.82464,380.08196237147286,none,False,4.0,right,down,right,261.3499999999931,none,False,4.0,right,down
102,LTR,English,38,6,3,010.png,011.png,-154,-267,154,267,010.png,257.81179999466985,1179.7236000420526,undefined,"(11, 5)",left,11.0,left,up,left,True,left,274.6600000000399,803.2662857142857,229.90268571428572,394.6273005694338,none,False,11.0,left,up,left,247.81000000007225,none,False,11.0,left,up
102,LTR,English,39,6,5,012.png,013.png,-154,267,154,-267,012.png,12.360099994111806,576.3810999924317,undefined,"(7, 1)",left,7.0,left,down,left,True,left,347.89999999998145,681.3966101694915,804.0261355932204,410.5388296227236,none,False,7.0,left,down,left,314.45000000007894,none,False,7.0,left,down
102,LTR,English,40,6,1,014.png,015.png,-308,0,308,0,015.png,213.13230000669137,647.9594999691471,undefined,"(9, 3)",right,3.0,right,,left,False,right,227.54000000009,1333.975542857143,504.7731,418.97299378247527,none,False,3.0,right,,right,200.80000000007203,none,False,3.0,right,
102,LTR,English,41,6,4,000.png,001.png,0,-308,0,308,000.png,299.4232000201009,697.0526999793947,undefined,"(12, 6)",left,12.0,,up,left,True,left,321.5299999999388,974.5710933333332,123.59040000000002,398.9761050867621,none,False,12.0,,up,left,288.09000000001106,none,False,12.0,,up
102,LTR,English,42,6,6,002.png,003.png,-267,154,267,-154,002.png,133.23850004235285,1474.4100000243634,undefined,"(8, 2)",left,8.0,left,down,left,True,left,160.15999999990527,702.5175272727273,577.5211636363637,422.54211762426905,none,False,8.0,left,down,left,120.23999999996704,none,False,8.0,left,down
102,LTR,English,43,7,1,004.png,005.png,-308,0,308,0,004.png,246.86040001688525,641.9387999922037,undefined,"(9, 3)",left,9.0,left,,left,True,left,274.6500000000651,542.8445090909091,523.5856363636364,395.32146357164225,none,False,9.0,left,,left,234.4900000000507,none,False,9.0,left,
102,LTR,English,44,7,5,006.png,007.png,-154,267,154,-267,006.png,234.85309997340664,895.9276999812573,undefined,"(7, 1)",left,7.0,left,down,left,True,left,248.0399999999463,686.1416228571428,765.2293714285713,437.81249257623665,none,False,7.0,left,down,left,227.8999999998632,none,False,7.0,left,down
102,LTR,English,45,7,6,008.png,009.png,-267,154,267,-154,009.png,212.61769998818636,1157.3717999854125,undefined,"(8, 2)",right,2.0,right,up,left,False,right,247.31000000019776,1314.1290666666666,329.8048,417.5286262107928,none,False,2.0,right,up,right,200.9200000002238,none,False,2.0,right,up
102,LTR,English,46,7,2,010.png,011.png,-267,-154,267,154,010.png,214.5808000350371,748.5137999756262,undefined,"(10, 4)",left,10.0,left,up,left,True,left,241.20999999968262,569.38432,417.75587999999993,409.29724447696543,none,False,10.0,left,up,left,201.16999999982,none,False,10.0,left,up
102,LTR,English,47,7,4,012.png,013.png,0,-308,0,308,012.png,306.4095000154339,824.8422999749891,undefined,"(12, 6)",left,12.0,,up,left,True,left,348.149999999805,988.161391304348,145.9573043478261,413.7350614000825,none,False,12.0,,up,left,294.6799999999712,none,False,12.0,,up
102,LTR,English,48,7,3,014.png,015.png,-154,-267,154,267,014.png,238.5700999875553,853.7576000089757,undefined,"(11, 5)",left,11.0,left,up,left,True,left,207.76000000023487,815.1475200000001,391.02155999999997,360.8404720079827,none,False,11.0,left,up,left,227.78000000016618,none,False,11.0,left,up
103,RTL,Farsi,1,0,5,000.png,001.png,-154,267,154,-267,001.png,217.76490000047488,5865.883200000098,undefined,"(7, 1)",right,1.0,right,up,right,True,right,247.72000000001526,1167.4721828571428,249.69121714285714,303.32298230868594,none,False,1.0,right,up,right,208.01000000000158,none,False,1.0,right,up
103,RTL,Farsi,2,0,1,002.png,003.png,-308,0,308,0,002.png,381.64039999901433,4461.715100000234,undefined,"(9, 3)",left,9.0,left,,right,False,left,395.150000000001,552.3513931034482,518.2688172413792,380.88358482504435,none,False,9.0,left,,left,368.40999999998303,none,False,9.0,left,
103,RTL,Farsi,3,0,3,004.png,005.png,-154,-267,154,267,004.png,283.0751999990607,1348.7053000007872,undefined,"(11, 5)",left,11.0,left,up,right,False,left,314.39000000000306,823.4755200000001,306.6984,315.90427759545594,none,False,11.0,left,up,left,274.6000000000208,none,False,11.0,left,up
103,RTL,Farsi,4,0,2,006.png,007.png,-267,-154,267,154,006.png,235.22670000055223,580.2313000003633,undefined,"(10, 4)",left,10.0,left,up,right,False,left,240.9600000000296,712.2568615384615,355.45437692307695,311.98728330855647,none,False,10.0,left,up,left,220.9399999999846,none,False,10.0,left,up
103,RTL,Farsi,5,0,4,008.png,009.png,0,-308,0,308,009.png,21.870300000940915,1163.4826000008616,undefined,"(12, 6)",right,6.0,,down,right,True,left,288.17000000003645,1025.3285999999998,252.0531,308.80085383398574,none,False,12.0,,up,right,6.709999999998217,first_fix_anticipatory,True,,,
103,RTL,Farsi,6,0,6,010.png,011.png,-267,154,267,-154,011.png,297.76820000007865,1093.6531000006362,undefined,"(8, 2)",right,2.0,right,up,right,True,right,321.54000000002725,1347.7645879518072,340.515021686747,371.05750438690393,none,False,2.0,right,up,right,288.09000000001106,none,False,2.0,right,up
103,RTL,Farsi,7,1,6,012.png,013.png,-267,154,267,-154,013.png,229.89289999898756,1002.2994999999646,undefined,"(8, 2)",right,2.0,right,up,right,True,right,234.43000000003167,1188.1455157894738,429.69164210526316,383.3926990501907,none,False,2.0,right,up,right,214.29000000000542,none,False,2.0,right,up
103,RTL,Farsi,8,1,3,014.png,015.png,-154,-267,154,267,014.png,200.9874000013806,1263.9478000001109,undefined,"(11, 5)",left,11.0,left,up,right,False,left,207.6799999999821,807.8691428571428,248.74000714285714,324.1145332583287,none,False,11.0,left,up,left,187.3799999999619,none,False,11.0,left,up
103,RTL,Farsi,9,1,2,000.png,001.png,-267,-154,267,154,000.png,231.06349999943632,1779.0992999998853,undefined,"(10, 4)",left,10.0,left,up,right,False,left,241.46000000001777,704.2601890909091,351.56179636363635,356.65255434369556,none,False,10.0,left,up,left,221.56000000001086,none,False,10.0,left,up
103,RTL,Farsi,10,1,4,002.png,003.png,0,-308,0,308,002.png,207.74529999837975,1248.1398000000045,undefined,"(12, 6)",left,12.0,,up,right,False,left,221.27999999997883,1005.6566857142856,230.8026857142857,324.77565566696825,none,False,12.0,,up,left,194.45000000001755,none,False,12.0,,up
103,RTL,Farsi,11,1,1,004.png,005.png,-308,0,308,0,004.png,239.29719999979716,1726.9042999996743,undefined,"(9, 3)",left,9.0,left,,right,False,left,241.30000000002383,664.1358545454545,453.4821818181818,384.230800107759,none,False,9.0,left,,left,227.7199999999766,none,False,9.0,left,
103,RTL,Farsi,12,1,5,006.png,007.png,-154,267,154,-267,006.png,216.5665000011213,888.5554999996966,undefined,"(7, 1)",left,7.0,left,down,right,False,left,227.29999999995698,818.6451999999999,724.6577249999999,340.49115971836386,none,False,7.0,left,down,left,207.4599999999691,none,False,7.0,left,down
103,RTL,Farsi,13,2,2,008.png,009.png,-267,-154,267,154,009.png,320.55899999977555,1145.3877000003704,undefined,"(10, 4)",right,4.0,right,down,right,True,right,348.3599999999569,1411.40352,639.25488,359.5021033403115,none,False,4.0,right,down,right,314.84999999997854,none,False,4.0,right,down
103,RTL,Farsi,14,2,3,010.png,011.png,-154,-267,154,267,010.png,236.55040000085137,861.8093000004592,undefined,"(11, 5)",left,11.0,left,up,right,False,left,248.13999999997804,848.7432827586206,299.177875862069,355.11094888711665,none,False,11.0,left,up,left,221.09999999997854,none,False,11.0,left,up
103,RTL,Farsi,15,2,5,012.png,013.png,-154,267,154,-267,013.png,211.949900000036,790.7524000002013,undefined,"(7, 1)",right,1.0,right,up,right,True,right,234.16000000003123,1155.228104347826,208.0836,288.47025076827265,none,False,1.0,right,up,right,200.93000000002803,none,False,1.0,right,up
103,RTL,Farsi,16,2,4,014.png,015.png,0,-308,0,308,015.png,71.15630000043893,561.8928999992786,undefined,"(12, 6)",right,6.0,,down,right,True,left,355.00999999999294,1038.0714666666668,273.8184,321.78489986625084,none,False,12.0,,up,right,60.180000000002565,first_fix_anticipatory,True,,,
103,RTL,Farsi,17,2,1,000.png,001.png,-308,0,308,0,000.png,246.35619999936895,361.1915999990888,undefined,"(9, 3)",left,9.0,left,,right,False,left,247.77999999997746,708.219648,509.244624,358.0258341745898,none,False,9.0,left,,left,241.15000000000464,none,False,9.0,left,
103,RTL,Farsi,18,2,6,002.png,003.png,-267,154,267,-154,002.png,248.20550000004005,96.61180000146852,undefined,"(8, 2)",left,8.0,left,down,right,False,left,261.1999999999739,740.4853333333333,614.2455,415.1942610905878,none,False,8.0,left,down,left,234.24999999997453,none,False,8.0,left,down
103,RTL,Farsi,19,3,6,004.png,005.png,-267,154,267,-154,005.png,218.16009999928065,843.5687999990187,undefined,"(8, 2)",right,2.0,right,up,right,True,right,220.7400000000348,1179.0744,374.44815000000006,388.8377768183889,none,False,2.0,right,up,right,207.4000000000069,none,False,2.0,right,up
103,RTL,Farsi,20,3,3,006.png,007.png,-154,-267,154,267,007.png,333.82750000053784,205.88040000072215,undefined,"(11, 5)",right,5.0,right,down,right,True,right,355.28999999996813,1307.7584202531646,747.1747594936708,390.5569825468226,none,False,5.0,right,down,right,321.75000000000864,none,False,5.0,right,down
103,RTL,Farsi,21,3,4,008.png,009.png,0,-308,0,308,008.png,263.77260000118986,1422.29670000053,undefined,"(12, 6)",left,12.0,,up,right,False,left,281.34000000000015,1045.59872,252.68688,314.31966747074523,none,False,12.0,,up,left,254.39000000000078,none,False,12.0,,up
103,RTL,Farsi,22,3,1,010.png,011.png,-308,0,308,0,010.png,219.92589999898337,621.5998000006657,undefined,"(9, 3)",left,9.0,left,,right,False,left,234.26000000000613,655.8548000000001,484.045875,396.02802257271225,none,False,9.0,left,,left,207.7099999999632,none,False,9.0,left,
103,RTL,Farsi,23,3,5,012.png,013.png,-154,267,154,-267,013.png,240.51150000013877,733.8584999997984,undefined,"(7, 1)",right,1.0,right,up,right,True,right,234.7700000000259,1167.5412705882354,262.52036470588234,329.8824138118173,none,False,1.0,right,up,right,228.09000000000879,none,False,1.0,right,up
103,RTL,Farsi,24,3,2,014.png,015.png,-267,-154,267,154,014.png,318.3159999989439,489.9226000015624,undefined,"(10, 4)",left,10.0,left,up,right,False,left,328.1799999999748,686.6421152542373,276.5554169491526,379.64138537771737,none,False,10.0,left,up,left,307.9799999999864,none,False,10.0,left,up
103,RTL,Farsi,25,4,4,000.png,001.png,0,-308,0,308,000.png,288.47689999931026,1626.9893999997294,undefined,"(12, 6)",left,12.0,,up,right,False,left,301.3000000000261,1007.4499764705884,188.3016,324.29912040241476,none,False,12.0,,up,left,281.31000000001904,none,False,12.0,,up
103,RTL,Farsi,26,4,5,002.png,003.png,-154,267,154,-267,003.png,242.08720000024184,2043.237900001288,undefined,"(7, 1)",right,1.0,right,up,right,True,right,401.93999999996777,1213.2530086956522,207.4773913043478,390.9493566716844,none,False,1.0,right,up,right,227.77999999999565,none,False,1.0,right,up
103,RTL,Farsi,27,4,6,004.png,005.png,-267,154,267,-154,005.png,2727.5762000008253,855.8807999998098,undefined,"(8, 2)",right,2.0,right,up,right,True,right,2873.5900000000356,1333.2331354838711,274.6938193548387,386.3577713288917,none,False,2.0,right,up,right,2718.84,none,False,2.0,right,up
103,RTL,Farsi,28,4,3,006.png,007.png,-154,-267,154,267,007.png,348.1860999999917,1467.4608000004664,undefined,"(11, 5)",right,5.0,right,down,right,True,right,355.03999999997404,1315.0928372093024,720.4760372093024,305.7772946315065,none,False,5.0,right,down,right,334.47000000001026,none,False,5.0,right,down
103,RTL,Farsi,29,4,2,008.png,009.png,-267,-154,267,154,009.png,242.8184999989462,538.2508000002126,undefined,"(10, 4)",right,4.0,right,down,right,True,right,348.36000000001377,1424.7125333333333,586.7046,377.32492877880554,none,False,4.0,right,down,right,234.46999999998752,none,False,4.0,right,down
103,RTL,Farsi,30,4,1,010.png,011.png,-308,0,308,0,010.png,10.72170000046026,1406.1701999998768,undefined,"(9, 3)",left,9.0,left,,right,False,left,207.6099999999883,581.032,502.965,380.77333972981876,none,False,9.0,left,,left,0.0,first_fix_anticipatory,True,,,
103,RTL,Farsi,31,5,2,012.png,013.png,-267,-154,267,154,013.png,234.2437999996473,924.2333999991532,undefined,"(10, 4)",right,4.0,right,down,right,True,right,254.40000000003238,1425.2640000000001,551.3726842105264,375.6312402382441,none,False,4.0,right,down,right,227.48000000001412,none,False,4.0,right,down
103,RTL,Farsi,32,5,3,014.png,015.png,-154,-267,154,267,014.png,277.05049999896437,571.2882999996655,undefined,"(11, 5)",left,11.0,left,up,right,False,left,247.67999999994572,879.7138285714286,362.16179999999997,332.29894819094176,none,False,11.0,left,up,left,267.6999999999907,none,False,11.0,left,up
103,RTL,Farsi,33,5,1,000.png,001.png,-308,0,308,0,000.png,9.49120000039693,336.3990999987582,undefined,"(9, 3)",left,9.0,left,,right,False,left,3141.240000000039,625.4363076923078,514.407323076923,370.0998022539542,none,False,9.0,left,,left,0.0,first_fix_anticipatory,True,,,
103,RTL,Farsi,34,5,4,002.png,003.png,0,-308,0,308,002.png,224.8662999990629,415.9341000012937,undefined,"(12, 6)",left,12.0,,up,right,False,left,241.08000000001084,1003.7523199999999,175.47696000000002,300.2925370047532,none,False,12.0,,up,left,214.3500000000813,none,False,12.0,,up
103,RTL,Farsi,35,5,5,004.png,005.png,-154,267,154,-267,004.png,10.955599998880643,554.7139999998617,undefined,"(7, 1)",left,7.0,left,down,right,False,right,294.8000000000093,1013.46816,393.37272,417.30285452891883,none,False,1.0,right,up,right,120.61000000005606,none,False,1.0,right,up
103,RTL,Farsi,36,5,6,006.png,007.png,-267,154,267,-154,006.png,210.4773999999743,603.5914999993402,undefined,"(8, 2)",left,8.0,left,down,right,False,left,247.92999999999665,692.7869023255814,571.7032744186048,360.5035249434587,none,False,8.0,left,down,left,200.49999999991996,none,False,8.0,left,down
103,RTL,Farsi,37,6,4,008.png,009.png,0,-308,0,308,008.png,309.88609999982873,859.6727000003448,undefined,"(12, 6)",left,12.0,,up,right,False,left,354.9800000000687,1055.5346285714286,189.33042857142857,341.5352367394652,none,False,12.0,,up,left,301.46000000002005,none,False,12.0,,up
103,RTL,Farsi,38,6,6,010.png,011.png,-267,154,267,-154,011.png,663.4776999999303,452.80389999970794,undefined,"(8, 2)",right,2.0,right,up,right,True,left,864.0699999999697,775.5664695652174,699.5305565217391,334.45186682099165,none,False,8.0,left,down,right,656.060000000025,none,False,2.0,right,up
103,RTL,Farsi,39,6,5,012.png,013.png,-154,267,154,-267,012.png,485.2307000000728,357.6984999999404,undefined,"(7, 1)",left,7.0,left,down,right,False,left,489.0699999999697,845.0133333333333,711.0948,261.4317373980445,none,False,7.0,left,down,left,475.3399999999601,none,False,7.0,left,down
103,RTL,Farsi,40,6,2,014.png,015.png,-267,-154,267,154,015.png,10.95949999941513,325.3115000007092,undefined,"(10, 4)",right,4.0,right,down,right,True,left,274.599999999964,809.1020108108108,452.0310810810811,311.80574429552394,none,False,10.0,left,up,right,0.0,first_fix_anticipatory,True,,,
103,RTL,Farsi,41,6,3,000.png,001.png,-154,-267,154,267,001.png,159.24780000024475,363.23970000009285,undefined,"(11, 5)",right,5.0,right,down,right,True,left,388.4899999999334,852.7126468085107,243.2639106382979,315.53586624108425,none,False,11.0,left,up,right,147.3999999999478,none,False,5.0,right,down
103,RTL,Farsi,42,6,1,002.png,003.png,-308,0,308,0,002.png,244.26789999962784,386.4851000016788,undefined,"(9, 3)",left,9.0,left,,right,False,left,234.12999999993644,716.4704,428.4864,423.6902865193201,none,False,9.0,left,,left,234.12999999993644,none,False,9.0,left,
103,RTL,Farsi,43,7,1,004.png,005.png,-308,0,308,0,004.png,8.099099999526516,477.25629999878583,undefined,"(9, 3)",left,9.0,left,,right,False,left,730.160000000069,437.4112,640.1214,415.28822517907156,none,False,9.0,left,,left,0.0,first_fix_anticipatory,True,,,
103,RTL,Farsi,44,7,3,006.png,007.png,-154,-267,154,267,006.png,65.4696999990847,391.95639999891864,undefined,"(11, 5)",left,11.0,left,up,right,False,left,851.069999999936,798.4058181818183,294.81741818181814,510.08520800295116,none,False,11.0,left,up,left,60.29999999998381,first_fix_anticipatory,True,,,
103,RTL,Farsi,45,7,2,008.png,009.png,-267,-154,267,154,none,-1.0,640.7093000016175,undefined,"(10, 4)",none,,,,right,,none,,,,,no_first_fixation_registered,True,,,,none,,no_first_fixation_registered,True,,,
103,RTL,Farsi,46,7,4,010.png,011.png,0,-308,0,308,none,-1.0,633.9230999983847,undefined,"(12, 6)",none,,,,right,,none,,,,,no_first_fixation_registered,True,,,,none,,no_first_fixation_registered,True,,,
103,RTL,Farsi,47,7,5,012.png,013.png,-154,267,154,-267,none,-1.0,575.4752000011504,undefined,"(7, 1)",none,,,,right,,none,,,,,no_first_fixation_registered,True,,,,none,,no_first_fixation_registered,True,,,
103,RTL,Farsi,48,7,6,014.png,015.png,-267,154,267,-154,none,-1.0,666.9648999995552,undefined,"(8, 2)",none,,,,right,,none,,,,,no_first_fixation_registered,True,,,,none,,no_first_fixation_registered,True,,,
104,LTR,English,1,0,6,000.png,001.png,-267,154,267,-154,001.png,356.22329999750946,3878.364700001839,undefined,"(8, 2)",right,2.0,right,up,left,False,right,368.7800000000152,1282.0806857142857,430.11019285714286,366.6382068065247,none,False,2.0,right,up,right,348.2699999999568,none,False,2.0,right,up
104,LTR,English,2,0,3,002.png,003.png,-154,-267,154,267,002.png,206.50360000217916,1763.2750999982818,undefined,"(11, 5)",left,11.0,left,up,left,True,left,234.13000000005013,774.5697882352941,220.0932,455.75475114594906,none,False,11.0,left,up,left,193.85000000011132,none,False,11.0,left,up
104,LTR,English,3,0,4,004.png,005.png,0,-308,0,308,004.png,199.72929999858025,14113.156600000366,undefined,"(12, 6)",left,12.0,,up,left,True,left,214.36000000016975,925.9893333333334,155.7852,369.1274458770385,none,False,12.0,,up,left,194.22000000008666,none,False,12.0,,up
104,LTR,English,4,0,5,006.png,007.png,-154,267,154,-267,007.png,230.1492999977199,2582.9233000004024,undefined,"(7, 1)",right,1.0,right,up,left,False,right,241.33000000006177,1158.2616,249.97477500000002,388.7730441105101,none,False,1.0,right,up,right,214.48000000009415,none,False,1.0,right,up
104,LTR,English,5,0,2,008.png,009.png,-267,-154,267,154,008.png,220.12140000151703,1200.9677999994892,undefined,"(10, 4)",left,10.0,left,up,left,True,left,247.92999999999665,735.9035076923077,409.45500000000004,446.6650067433859,none,False,10.0,left,up,left,207.63999999985572,none,False,10.0,left,up
104,LTR,English,6,0,1,010.png,011.png,-308,0,308,0,011.png,317.89690000005066,1684.5931999996535,undefined,"(9, 3)",right,3.0,right,,left,False,right,468.75,1275.7705846153847,564.4026,401.87578048823246,none,False,3.0,right,,right,299.6800000000803,none,False,3.0,right,
104,LTR,English,7,1,5,012.png,013.png,-154,267,154,-267,013.png,212.2635999985505,1600.5461000022478,undefined,"(7, 1)",right,1.0,right,up,left,False,right,207.65000000005784,1114.4124000000002,246.7081125,397.5471621235602,none,False,1.0,right,up,right,194.34000000001106,none,False,1.0,right,up
104,LTR,English,8,1,3,014.png,015.png,-154,-267,154,267,014.png,17.317599998932565,1857.719100000395,undefined,"(11, 5)",left,11.0,left,up,left,True,left,167.7199999999175,893.5732363636364,360.0906545454545,458.52936098753986,none,False,11.0,left,up,left,6.830000000036307,first_fix_anticipatory,True,,,
104,LTR,English,9,1,4,000.png,001.png,0,-308,0,308,000.png,202.15409999946132,1725.465700001223,undefined,"(12, 6)",left,12.0,,up,left,True,left,207.6400000000831,947.4934956521739,158.89089130434783,393.0028267146188,none,False,12.0,,up,left,187.63000000012653,none,False,12.0,,up
104,LTR,English,10,1,6,002.png,003.png,-267,154,267,-154,003.png,202.4700000001758,2224.554700002045,undefined,"(8, 2)",right,2.0,right,up,left,False,right,221.07000000005428,1259.749090909091,335.5817727272727,423.94227345352704,none,False,2.0,right,up,right,194.08999999996013,none,False,2.0,right,up
104,LTR,English,11,1,2,004.png,005.png,-267,-154,267,154,004.png,215.01750000243192,1324.1514999972424,undefined,"(10, 4)",left,10.0,left,up,left,True,left,234.24999999997453,690.146648275862,334.38364137931035,413.3161573162742,none,False,10.0,left,up,left,200.55999999999585,none,False,10.0,left,up
104,LTR,English,12,1,1,006.png,007.png,-308,0,308,0,006.png,224.2471999998088,771.1102000030223,undefined,"(9, 3)",left,9.0,left,,left,True,left,234.4999999997981,721.9355675675675,479.1720648648649,437.51867509365894,none,False,9.0,left,,left,213.62999999996646,none,False,9.0,left,
104,LTR,English,13,2,4,008.png,009.png,0,-308,0,308,008.png,202.06949999922657,660.0216999977129,undefined,"(12, 6)",left,12.0,,up,left,True,left,213.74999999989086,907.4064,199.02509999999998,391.0144055830288,none,False,12.0,,up,left,193.61000000003514,none,False,12.0,,up
104,LTR,English,14,2,6,010.png,011.png,-267,154,267,-154,011.png,201.1612000023597,655.1419999995851,undefined,"(8, 2)",right,2.0,right,up,left,False,right,227.7799999999388,1250.9163428571428,375.1646142857143,416.1194575074886,none,False,2.0,right,up,right,194.20999999988453,none,False,2.0,right,up
104,LTR,English,15,2,3,012.png,013.png,-154,-267,154,267,013.png,202.0778000005521,980.4709000018192,undefined,"(11, 5)",right,5.0,right,down,left,False,left,448.8600000001952,772.194742857143,228.8622857142857,399.73350127191964,none,False,11.0,left,up,right,194.22000000008666,none,False,5.0,right,down
104,LTR,English,16,2,5,014.png,015.png,-154,267,154,-267,015.png,221.00900000077672,647.0248000004794,undefined,"(7, 1)",right,1.0,right,up,left,False,right,174.20000000015534,968.4462545454544,391.7994545454545,390.0516236332618,none,False,1.0,right,up,right,214.36000000016975,none,False,1.0,right,up
104,LTR,English,17,2,1,000.png,001.png,-308,0,308,0,001.png,218.81299999949988,1065.7108000013975,undefined,"(9, 3)",right,3.0,right,,left,False,right,220.9499999999025,1203.2371200000002,457.19478000000004,428.56154195667364,none,False,3.0,right,,right,207.4000000000069,none,False,3.0,right,
104,LTR,English,18,2,2,002.png,003.png,-267,-154,267,154,002.png,202.25260000006529,1585.3960999993724,undefined,"(10, 4)",left,10.0,left,up,left,True,left,247.8000000000975,669.0825846153847,368.5284,505.9072548295934,none,False,10.0,left,up,left,193.72000000021217,none,False,10.0,left,up
104,LTR,English,19,3,5,004.png,005.png,-154,267,154,-267,005.png,201.7984000012511,1120.3722999998718,undefined,"(7, 1)",right,1.0,right,up,left,False,right,207.51999999993131,1156.7548800000002,272.57958,407.41794076405614,none,False,1.0,right,up,right,187.6199999999244,none,False,1.0,right,up
104,LTR,English,20,3,4,006.png,007.png,0,-308,0,308,006.png,8.033000001858454,1008.5528000017512,undefined,"(12, 6)",left,12.0,,up,left,True,left,72.87999999994099,1023.5423999999999,284.6903142857143,367.17896317921577,first_fix_anticipatory,True,,,,left,0.0,first_fix_anticipatory,True,,,
104,LTR,English,21,3,6,008.png,009.png,-267,154,267,-154,009.png,224.82719999970868,1136.8855000000913,undefined,"(8, 2)",right,2.0,right,up,left,False,right,234.50000000002547,1235.7737142857143,352.0803857142857,412.67967737865115,none,False,2.0,right,up,right,214.35999999994237,none,False,2.0,right,up
104,LTR,English,22,3,2,010.png,011.png,-267,-154,267,154,010.png,224.70400000020163,658.9461000002921,undefined,"(10, 4)",left,10.0,left,up,left,True,left,368.4100000000399,714.3906000000001,329.4894375,475.15602822623725,none,False,10.0,left,up,left,207.6400000000831,none,False,10.0,left,up
104,LTR,English,23,3,1,012.png,013.png,-308,0,308,0,012.png,215.0787999999011,666.9900000015623,undefined,"(9, 3)",left,9.0,left,,left,True,left,220.95000000012988,646.9242810810811,496.4024432432433,433.23784186521254,none,False,9.0,left,,left,200.68000000014763,none,False,9.0,left,
104,LTR,English,24,3,3,014.png,015.png,-154,-267,154,267,014.png,197.88610000244807,673.054900002142,undefined,"(11, 5)",left,11.0,left,up,left,True,left,213.98999999996704,809.1809032258064,251.07665806451615,464.1086789350045,none,False,11.0,left,up,left,187.75000000005093,none,False,11.0,left,up
104,LTR,English,25,4,1,000.png,001.png,-308,0,308,0,000.png,223.6653999970877,1821.7215000004508,undefined,"(9, 3)",left,9.0,left,,left,True,left,234.62000000017724,567.0144,434.86092,407.8328203526927,none,False,9.0,left,,left,214.60000000001855,none,False,9.0,left,
104,LTR,English,26,4,6,002.png,003.png,-267,154,267,-154,002.png,204.0430999987293,520.9457000019029,undefined,"(8, 2)",left,8.0,left,down,left,True,left,227.4200000001656,676.4332137931035,582.8130620689656,426.7033427646686,none,False,8.0,left,down,left,194.2100000001119,none,False,8.0,left,down
104,LTR,English,27,4,5,004.png,005.png,-154,267,154,-267,005.png,192.522799999977,879.4723999999696,undefined,"(7, 1)",right,1.0,right,up,left,False,right,207.6400000000831,1137.070523076923,244.71013846153846,427.48431152511705,none,False,1.0,right,up,right,180.91000000003987,none,False,1.0,right,up
104,LTR,English,28,4,2,006.png,007.png,-267,-154,267,154,006.png,283.3792999990401,800.9308000000892,undefined,"(10, 4)",left,10.0,left,up,left,True,left,301.1500000000069,666.8661,342.77023125,437.7734615101997,none,False,10.0,left,up,left,274.16999999991276,none,False,10.0,left,up
104,LTR,English,29,4,3,008.png,009.png,-154,-267,154,267,008.png,191.2725000001956,409.2921000010683,undefined,"(11, 5)",left,11.0,left,up,left,True,left,220.70000000007894,798.1498046511628,193.77033488372095,427.97949481727096,none,False,11.0,left,up,left,174.18999999995322,none,False,11.0,left,up
104,LTR,English,30,4,4,010.png,011.png,0,-308,0,308,010.png,200.89070000173524,1126.2833000000685,undefined,"(12, 6)",left,12.0,,up,left,True,left,221.0699999998269,1001.2096000000001,145.01460000000003,443.2994716735507,none,False,12.0,,up,left,187.6199999999244,none,False,12.0,,up
104,LTR,English,31,5,3,012.png,013.png,-154,-267,154,267,012.png,16.333600000536535,847.6321999987122,undefined,"(11, 5)",left,11.0,left,up,left,True,left,214.83999999986736,790.2791441860466,219.09784186046514,413.72121213270947,none,False,11.0,left,up,left,0.0,first_fix_anticipatory,True,,,
104,LTR,English,32,5,5,014.png,015.png,-154,267,154,-267,015.png,194.40000000031432,536.7870000009425,undefined,"(7, 1)",right,1.0,right,up,left,False,right,161.13000000018474,977.5583999999999,349.37028000000004,352.74256619311086,none,False,1.0,right,up,right,187.9900000001271,none,False,1.0,right,up
104,LTR,English,33,5,2,000.png,001.png,-267,-154,267,154,001.png,198.6107000011252,429.35470000159694,undefined,"(10, 4)",right,4.0,right,down,left,False,right,221.07000000005428,1256.15488,648.81504,385.8870043084022,none,False,4.0,right,down,right,187.6199999999244,none,False,4.0,right,down
104,LTR,English,34,5,6,002.png,003.png,-267,154,267,-154,002.png,202.3129000008339,1817.0184999980847,undefined,"(8, 2)",left,8.0,left,down,left,True,left,267.83000000000357,732.7974399999999,586.81152,408.38957577888505,none,False,8.0,left,down,left,193.85000000011132,none,False,8.0,left,down
104,LTR,English,35,5,1,004.png,005.png,-308,0,308,0,004.png,263.27000000310363,695.599200000288,undefined,"(9, 3)",left,9.0,left,,left,True,left,301.2700000001587,574.1005241379311,510.24525517241375,428.8176492531882,none,False,9.0,left,,left,247.56000000002132,none,False,9.0,left,
104,LTR,English,36,5,4,006.png,007.png,0,-308,0,308,006.png,218.87259999854723,576.2235000001965,undefined,"(12, 6)",left,12.0,,up,left,True,left,247.79999999987012,988.6695384615383,252.9587076923077,394.39891604795963,none,False,12.0,,up,left,207.63999999985572,none,False,12.0,,up
104,LTR,English,37,6,5,008.png,009.png,-154,267,154,-267,009.png,220.15969999850495,1140.8771999995224,undefined,"(7, 1)",right,1.0,right,up,left,False,right,234.61999999994987,1116.53184,245.67192,401.29676192152476,none,False,1.0,right,up,right,207.76999999998225,none,False,1.0,right,up
104,LTR,English,38,6,6,010.png,011.png,-267,154,267,-154,011.png,235.1913000020431,679.0434999966528,undefined,"(8, 2)",right,2.0,right,up,left,False,right,247.19000000004598,1223.9407542857143,453.3673371428572,383.98712547286055,none,False,2.0,right,up,right,227.41999999993823,none,False,2.0,right,up
104,LTR,English,39,6,4,012.png,013.png,0,-308,0,308,012.png,10.715899999951944,1122.235400001984,undefined,"(12, 6)",left,12.0,,up,left,True,left,47.11999999994987,961.8883764705882,316.0410352941176,355.20396872933924,first_fix_anticipatory,True,,,,left,0.0,first_fix_anticipatory,True,,,
104,LTR,English,40,6,1,014.png,015.png,-308,0,308,0,014.png,227.76249999878928,533.7790999984136,undefined,"(9, 3)",left,9.0,left,,left,True,left,254.50999999998203,637.569488372093,454.148288372093,383.89601477716724,none,False,9.0,left,,left,214.34999999996762,none,False,9.0,left,
104,LTR,English,41,6,2,000.png,001.png,-267,-154,267,154,000.png,202.0938000023598,964.8680999998468,undefined,"(10, 4)",left,10.0,left,up,left,True,left,214.350000000195,690.4635428571428,257.0461714285714,429.5884748228557,none,False,10.0,left,up,left,187.5,none,False,10.0,left,up
104,LTR,English,42,6,3,002.png,003.png,-154,-267,154,267,002.png,340.0474000008544,821.4830999968108,undefined,"(11, 5)",left,11.0,left,up,left,True,left,381.34999999988395,773.5730526315789,246.3985894736842,446.180190544463,none,False,11.0,left,up,left,334.479999999985,none,False,11.0,left,up
104,LTR,English,43,7,6,004.png,005.png,-267,154,267,-154,005.png,268.36419999750797,774.7534999980126,undefined,"(8, 2)",right,2.0,right,up,left,False,right,288.0800000000363,1133.3247999999999,429.65280000000007,433.4566256479189,none,False,2.0,right,up,right,254.26999999990585,none,False,2.0,right,up
104,LTR,English,44,7,3,006.png,007.png,-154,-267,154,267,006.png,220.74629999767055,1130.0450000016715,undefined,"(11, 5)",left,11.0,left,up,left,True,left,241.21000000013737,804.396,201.4696125,423.4318192782524,none,False,11.0,left,up,left,207.77000000020962,none,False,11.0,left,up
104,LTR,English,45,7,4,008.png,009.png,0,-308,0,308,008.png,266.81059999822173,1066.0123999987263,undefined,"(12, 6)",left,12.0,,up,left,True,left,294.6799999999712,955.1316705882352,73.1268,382.34521844265544,none,False,12.0,,up,left,254.27000000013322,none,False,12.0,,up
104,LTR,English,46,7,2,010.png,011.png,-267,-154,267,154,010.png,225.27880000055305,805.9014999999199,undefined,"(10, 4)",left,10.0,left,up,left,True,left,241.45999999996093,661.1706181818182,270.6496363636363,433.48505955224704,none,False,10.0,left,up,left,214.47999999986678,none,False,10.0,left,up
104,LTR,English,47,7,1,012.png,013.png,-308,0,308,0,012.png,210.5619999966584,2269.519899997278,undefined,"(9, 3)",left,9.0,left,,left,True,left,241.21000000013737,652.2613028571429,408.7803085714286,492.32000679062844,none,False,9.0,left,,left,201.18000000002212,none,False,9.0,left,
104,LTR,English,48,7,5,014.png,015.png,-154,267,154,-267,015.png,224.67479999980424,514.7771000011126,undefined,"(7, 1)",right,1.0,right,up,left,False,right,221.0699999998269,1125.4797473684212,293.5906105263158,407.0598565278631,none,False,1.0,right,up,right,214.60000000001855,none,False,1.0,right,up
105,LTR,English,1,0,6,000.png,001.png,-267,154,267,-154,000.png,196.2866000030772,2728.7385999989056,undefined,"(8, 2)",left,8.0,left,down,left,True,left,220.7100000000537,660.192,561.7158206896552,356.5419499846105,none,False,8.0,left,down,left,187.01999999984764,none,False,8.0,left,down
105,LTR,English,2,0,2,002.png,003.png,-267,-154,267,154,002.png,180.01879999792436,1982.172499996523,undefined,"(10, 4)",left,10.0,left,up,left,True,left,214.12000000009357,625.9112727272727,403.9116545454545,449.07655996337223,none,False,10.0,left,up,left,174.0799999997762,none,False,10.0,left,up
105,LTR,English,3,0,4,004.png,005.png,0,-308,0,308,004.png,182.17189999995753,1331.1476999988372,undefined,"(12, 6)",left,12.0,,up,left,True,left,187.5,932.9172,186.3840375,365.53183239280577,none,False,12.0,,up,left,167.48000000006869,none,False,12.0,,up
105,LTR,English,4,0,1,006.png,007.png,-308,0,308,0,006.png,195.77969999954803,5058.945500000846,undefined,"(9, 3)",left,9.0,left,,left,True,left,207.52000000038606,610.75456,502.20288,423.04880564725477,none,False,9.0,left,,left,180.91000000003987,none,False,9.0,left,
105,LTR,English,5,0,3,008.png,009.png,-154,-267,154,267,008.png,180.3527000010945,1359.6709000012197,undefined,"(11, 5)",left,11.0,left,up,left,True,left,200.9299999999712,712.5474461538461,188.26144615384615,357.04779569105995,none,False,11.0,left,up,left,167.48000000006869,none,False,11.0,left,up
105,LTR,English,6,0,5,010.png,011.png,-154,267,154,-267,011.png,207.88849999735248,1459.230500000558,undefined,"(7, 1)",right,1.0,right,up,left,False,right,234.3700000001263,1109.8978909090908,192.888,440.4566520322206,none,False,1.0,right,up,right,194.08999999996013,none,False,1.0,right,up
105,LTR,English,7,1,4,012.png,013.png,0,-308,0,308,012.png,208.31050000197135,1493.7067999999272,undefined,"(12, 6)",left,12.0,,up,left,True,left,214.35999999994237,943.8001548387097,194.40139354838712,460.2657723913534,none,False,12.0,,up,left,194.34000000001106,none,False,12.0,,up
105,LTR,English,8,1,1,014.png,015.png,-308,0,308,0,014.png,201.55830000294372,1731.058600002143,undefined,"(9, 3)",left,9.0,left,,left,True,left,342.03999999999724,588.5009655172414,498.57542068965523,444.87603038587713,none,False,9.0,left,,left,194.08999999996013,none,False,9.0,left,
105,LTR,English,9,1,2,000.png,001.png,-267,-154,267,154,000.png,16.29230000253301,1141.934900002525,undefined,"(10, 4)",left,10.0,left,up,left,True,left,214.34999999974025,673.6759466666667,383.82528,346.3173610785051,none,False,10.0,left,up,left,6.829999999808933,first_fix_anticipatory,True,,,
105,LTR,English,10,1,3,002.png,003.png,-154,-267,154,267,002.png,179.79689999992843,5771.210799997789,undefined,"(11, 5)",left,11.0,left,up,left,True,left,207.51999999993131,745.0656,255.0557076923077,391.16782656192964,none,False,11.0,left,up,left,174.0700000000288,none,False,11.0,left,up
105,LTR,English,11,1,6,004.png,005.png,-267,154,267,-154,004.png,214.70789999875703,1208.151299997553,undefined,"(8, 2)",left,8.0,left,down,left,True,left,227.78000000016618,674.9729684210527,589.3741894736842,354.01965802816756,none,False,8.0,left,down,left,200.93000000042593,none,False,8.0,left,down
105,LTR,English,12,1,5,006.png,007.png,-154,267,154,-267,007.png,202.60570000027656,878.8347999980033,undefined,"(7, 1)",right,1.0,right,up,left,False,right,207.75999999978012,1032.8668799999998,318.98394,398.73265262596453,none,False,1.0,right,up,right,187.25999999969645,none,False,1.0,right,up
105,LTR,English,13,2,6,008.png,009.png,-267,154,267,-154,008.png,224.80849999922793,1357.6052000026102,undefined,"(8, 2)",left,8.0,left,down,left,True,left,240.9599999996317,690.5565405405406,599.3719783783785,379.00403649816235,none,False,8.0,left,down,left,214.58999999958905,none,False,8.0,left,down
105,LTR,English,14,2,4,010.png,011.png,0,-308,0,308,010.png,196.32609999825945,625.8971000025049,undefined,"(12, 6)",left,12.0,,up,left,True,left,221.43000000005486,862.2966857142856,259.8546857142857,452.9202730100678,none,False,12.0,,up,left,187.99000000035448,none,False,12.0,,up
105,LTR,English,15,2,1,012.png,013.png,-308,0,308,0,012.png,163.2251000010292,895.8268999995198,undefined,"(9, 3)",left,9.0,left,,left,True,left,194.09000000041488,557.6827259259259,462.5466666666667,371.71468886979545,none,False,9.0,left,,left,154.30000000014843,none,False,9.0,left,
105,LTR,English,16,2,5,014.png,015.png,-154,267,154,-267,015.png,245.79820000147447,2571.62199999945,undefined,"(7, 1)",right,1.0,right,up,left,False,right,274.42000000019107,1066.37088,282.5469,368.2581481235618,none,False,1.0,right,up,right,234.38000000032844,none,False,1.0,right,up
105,LTR,English,17,2,2,000.png,001.png,-267,-154,267,154,000.png,70.88669999939157,835.4958999989321,undefined,"(10, 4)",left,10.0,left,up,left,True,left,194.34000000001106,637.6354285714286,320.66511428571425,376.8889078344121,none,False,10.0,left,up,left,60.06000000024869,first_fix_anticipatory,True,,,
105,LTR,English,18,2,3,002.png,003.png,-154,-267,154,267,002.png,10.269700000237208,1004.5176999992692,undefined,"(11, 5)",left,11.0,left,up,left,True,left,301.0199999998804,623.0820923076923,224.26407692307694,371.52081562559374,none,False,11.0,left,up,left,0.0,first_fix_anticipatory,True,,,
105,LTR,English,19,3,1,004.png,005.png,-308,0,308,0,004.png,186.0216000023065,384.12289999908535,undefined,"(9, 3)",left,9.0,left,,left,True,left,214.350000000195,538.6580210526315,452.33810526315784,381.58117750395354,none,False,9.0,left,,left,174.30999999987762,none,False,9.0,left,
105,LTR,English,20,3,5,006.png,007.png,-154,267,154,-267,007.png,201.9813000006252,3063.38500000129,undefined,"(7, 1)",right,1.0,right,up,left,False,right,214.1100000003462,1144.6080000000002,178.58565000000002,385.5053499341309,none,False,1.0,right,up,right,187.5,none,False,1.0,right,up
105,LTR,English,21,3,6,008.png,009.png,-267,154,267,-154,008.png,230.467100001988,724.6883000006783,undefined,"(8, 2)",left,8.0,left,down,left,True,left,381.8300000002637,578.3299199999999,729.4077,383.40662674041795,none,False,8.0,left,down,left,214.350000000195,none,False,8.0,left,down
105,LTR,English,22,3,4,010.png,011.png,0,-308,0,308,010.png,409.3791000013589,337.95420000026934,undefined,"(12, 6)",left,12.0,,up,left,True,left,435.5399999999463,986.7257142857143,97.18418571428572,410.54854112187974,none,False,12.0,,up,left,401.850000000195,none,False,12.0,,up
105,LTR,English,23,3,2,012.png,013.png,-267,-154,267,154,012.png,119.7375000010943,434.72290000133216,undefined,"(10, 4)",left,10.0,left,up,left,True,left,140.3800000002775,665.7021,258.85996875,381.99940181442054,none,False,10.0,left,up,left,113.76999999993131,none,False,10.0,left,up
105,LTR,English,24,3,3,014.png,015.png,-154,-267,154,267,014.png,190.33859999768904,899.284400002216,undefined,"(11, 5)",left,11.0,left,up,left,True,left,214.35999999994237,760.3872,169.5703090909091,414.883138534697,none,False,11.0,left,up,left,174.0700000000288,none,False,11.0,left,up
105,LTR,English,25,4,5,000.png,001.png,-154,267,154,-267,001.png,269.15680000092834,652.2972999991616,undefined,"(7, 1)",right,1.0,right,up,left,False,right,288.09000000001106,1160.1939692307692,187.77876923076923,409.1758132888176,none,False,1.0,right,up,right,260.74000000016895,none,False,1.0,right,up
105,LTR,English,26,4,1,002.png,003.png,-308,0,308,0,002.png,311.14829999930225,1135.605499999656,undefined,"(9, 3)",left,9.0,left,,left,True,left,348.37999999990643,563.5190153846154,516.718523076923,397.16394389383413,none,False,9.0,left,,left,301.5099999997801,none,False,9.0,left,
105,LTR,English,27,4,3,004.png,005.png,-154,-267,154,267,004.png,173.50359999906505,323.88910000008764,undefined,"(11, 5)",left,11.0,left,up,left,True,left,200.9299999999712,774.5776761904762,215.046,374.1343879983821,none,False,11.0,left,up,left,167.48000000006869,none,False,11.0,left,up
105,LTR,English,28,4,2,006.png,007.png,-267,-154,267,154,006.png,176.029499998549,927.6743000010028,undefined,"(10, 4)",left,10.0,left,up,left,True,left,193.85000000011132,626.1218594594594,367.24028108108104,432.8135674103364,none,False,10.0,left,up,left,166.99000000016895,none,False,10.0,left,up
105,LTR,English,29,4,6,008.png,009.png,-267,154,267,-154,008.png,322.10510000004433,586.5512999990024,undefined,"(8, 2)",left,8.0,left,down,left,True,left,361.82000000007974,639.825852631579,664.0908631578948,344.6353581727893,none,False,8.0,left,down,left,314.44999999985157,none,False,8.0,left,down
105,LTR,English,30,4,4,010.png,011.png,0,-308,0,308,010.png,166.31839999899967,528.8356999990647,undefined,"(12, 6)",left,12.0,,up,left,True,left,187.24999999994907,939.2650378378378,192.9387891891892,445.5892221269727,none,False,12.0,,up,left,154.0500000000975,none,False,12.0,,up
105,LTR,English,31,5,4,012.png,013.png,0,-308,0,308,012.png,11.254700002609752,762.7432000008412,undefined,"(12, 6)",left,12.0,,up,left,True,left,146.96999999978289,920.54016,284.599872,435.261339570911,none,False,12.0,,up,left,0.0,first_fix_anticipatory,True,,,
105,LTR,English,32,5,2,014.png,015.png,-267,-154,267,154,014.png,153.21210000186693,791.5315999998711,undefined,"(10, 4)",left,10.0,left,up,left,True,left,175.29000000013184,643.3378909090909,369.17492727272725,392.45406012245564,none,False,10.0,left,up,left,141.3500000003296,none,False,10.0,left,up
105,LTR,English,33,5,1,000.png,001.png,-308,0,308,0,000.png,196.75850000209175,413.19559999828925,undefined,"(9, 3)",left,9.0,left,,left,True,left,201.16999999982,566.2404413793104,435.1584413793104,415.91868762111665,none,False,9.0,left,,left,180.91000000003987,none,False,9.0,left,
105,LTR,English,34,5,6,002.png,003.png,-267,154,267,-154,002.png,196.8640000013984,2789.9687999997404,undefined,"(8, 2)",left,8.0,left,down,left,True,left,194.57999999985987,609.23904,601.65936,428.3616981753875,none,False,8.0,left,down,left,181.14999999988868,none,False,8.0,left,down
105,LTR,English,35,5,3,004.png,005.png,-154,-267,154,267,004.png,207.06119999889052,336.253300003591,undefined,"(11, 5)",left,11.0,left,up,left,True,left,200.9299999999712,782.5866666666667,304.0059,349.1551551193498,none,False,11.0,left,up,left,194.32999999980893,none,False,11.0,left,up
105,LTR,English,36,5,5,006.png,007.png,-154,267,154,-267,007.png,214.11949999677017,405.5231000020867,undefined,"(7, 1)",right,1.0,right,up,left,False,right,227.78999999991356,1160.771328,154.46808,398.9590564869164,none,False,1.0,right,up,right,207.76999999998225,none,False,1.0,right,up
105,LTR,English,37,6,2,008.png,009.png,-267,-154,267,154,008.png,136.50020000210498,435.03100000089034,undefined,"(10, 4)",left,10.0,left,up,left,True,left,146.97000000023763,704.0700631578948,333.9175263157895,395.2797512062854,none,False,10.0,left,up,left,126.95000000030632,none,False,10.0,left,up
105,LTR,English,38,6,6,010.png,011.png,-267,154,267,-154,010.png,262.6596000009449,349.30030000035185,undefined,"(8, 2)",left,8.0,left,down,left,True,left,288.32999999985987,678.0277333333333,627.0159,391.50068859566596,none,False,8.0,left,down,left,254.8900000001595,none,False,8.0,left,down
105,LTR,English,39,6,4,012.png,013.png,0,-308,0,308,012.png,187.07849999924656,937.6269999993964,undefined,"(12, 6)",left,12.0,,up,left,True,left,207.76999999998225,945.6250666666667,127.8264,442.48909938035,none,False,12.0,,up,left,180.91000000003987,none,False,12.0,,up
105,LTR,English,40,6,3,014.png,015.png,-154,-267,154,267,014.png,191.0941999994684,667.6612000010209,undefined,"(11, 5)",left,11.0,left,up,left,True,left,208.00999999983105,816.6692571428572,199.41557142857144,463.0235457560899,none,False,11.0,left,up,left,181.14999999988868,none,False,11.0,left,up
105,LTR,English,41,6,1,000.png,001.png,-308,0,308,0,000.png,217.72730000159936,892.2738000001409,undefined,"(9, 3)",left,9.0,left,,left,True,left,234.62000000017724,644.6772705882353,412.39736470588235,397.44348412652727,none,False,9.0,left,,left,207.76000000023487,none,False,9.0,left,
105,LTR,English,42,6,5,002.png,003.png,-154,267,154,-267,003.png,207.15060000296216,664.5883999990765,undefined,"(7, 1)",right,1.0,right,up,left,False,right,220.9499999999025,1133.6098285714286,198.7092,398.13265936759944,none,False,1.0,right,up,right,200.67999999992026,none,False,1.0,right,up
105,LTR,English,43,7,1,004.png,005.png,-308,0,308,0,004.png,187.35019999812357,900.5139000000199,undefined,"(9, 3)",left,9.0,left,,left,True,left,200.91999999976906,593.56096,465.35292,359.3859640847055,none,False,9.0,left,,left,174.0700000000288,none,False,9.0,left,
105,LTR,English,44,7,2,006.png,007.png,-267,-154,267,154,006.png,186.34129999915604,741.0256000002846,undefined,"(10, 4)",left,10.0,left,up,left,True,left,222.90000000020882,608.2533209302326,339.35182325581394,416.6563463796584,none,False,10.0,left,up,left,174.32000000007974,none,False,10.0,left,up
105,LTR,English,45,7,3,008.png,009.png,-154,-267,154,267,008.png,124.46930000081193,456.51209999772254,undefined,"(11, 5)",left,11.0,left,up,left,True,left,140.61999999967156,841.4528,293.2614,361.5749276140407,none,False,11.0,left,up,left,113.76999999993131,none,False,11.0,left,up
105,LTR,English,46,7,5,010.png,011.png,-154,267,154,-267,011.png,202.28359999961685,639.4777999994112,undefined,"(7, 1)",right,1.0,right,up,left,False,right,221.20000000040818,1072.848,164.69335384615383,342.38829880400044,none,False,1.0,right,up,right,194.34000000001106,none,False,1.0,right,up
105,LTR,English,47,7,4,012.png,013.png,0,-308,0,308,012.png,202.02509999950416,887.9589999996824,undefined,"(12, 6)",left,12.0,,up,left,True,left,220.95000000035725,973.9922285714287,177.90094285714287,425.49166219706035,none,False,12.0,,up,left,194.33000000026368,none,False,12.0,,up
105,LTR,English,48,7,6,014.png,015.png,-267,154,267,-154,015.png,204.33200000121724,1992.6451999999117,undefined,"(8, 2)",right,2.0,right,up,left,False,right,260.98999999976513,1236.377936842105,339.39,421.8355606267886,none,False,2.0,right,up,right,194.34000000001106,none,False,2.0,right,up
106,LTR,English,1,0,5,000.png,001.png,-154,267,154,-267,000.png,257.43729999882635,2920.5962999985786,undefined,"(7, 1)",left,7.0,left,down,left,True,left,268.30999999992855,831.5485090909091,689.9688,281.3215919124217,none,False,7.0,left,down,left,247.98999999995885,none,False,7.0,left,down
106,LTR,English,2,0,2,002.png,003.png,-267,-154,267,154,003.png,469.417300002533,1986.3814000019336,undefined,"(10, 4)",right,4.0,right,down,left,False,right,575.9299999999712,1220.4584727272727,699.4561090909091,318.46633668142806,none,False,4.0,right,down,right,461.85000000002674,none,False,4.0,right,down
106,LTR,English,3,0,3,004.png,005.png,-154,-267,154,267,005.png,22.33720000006724,2652.5438000026625,undefined,"(11, 5)",right,5.0,right,down,left,False,left,482.6699999999846,896.0585142857143,372.9988285714286,302.97941534596714,none,False,11.0,left,up,right,13.800000000060209,first_fix_anticipatory,True,,,
106,LTR,English,4,0,1,006.png,007.png,-308,0,308,0,007.png,308.81229999801144,300.97309999831486,undefined,"(9, 3)",right,3.0,right,,left,False,right,2786.7499999999836,1508.384914285714,540.8496,601.0139888280261,none,False,3.0,right,,right,301.69999999998254,none,False,3.0,right,
106,LTR,English,5,0,4,008.png,009.png,0,-308,0,308,009.png,58.63940000208095,1524.1284000003943,undefined,"(12, 6)",right,6.0,,down,left,False,right,187.6800000000003,965.9794285714286,797.8014000000001,330.735759550181,none,False,6.0,,down,right,47.000000000025466,first_fix_anticipatory,True,,,
106,LTR,English,6,0,6,010.png,011.png,-267,154,267,-154,011.png,121.4752000013832,370.828499999363,undefined,"(8, 2)",right,2.0,right,up,left,False,right,562.6200000000381,1329.4102588235296,380.9935058823529,419.0315184371117,none,False,2.0,right,up,right,113.7100000000828,none,False,2.0,right,up
106,LTR,English,7,1,5,012.png,013.png,-154,267,154,-267,012.png,318.5397000015946,5841.332300002221,undefined,"(7, 1)",left,7.0,left,down,left,True,left,576.0500000000093,620.4522666666667,740.2056,412.89028589457973,none,False,7.0,left,down,left,309.02000000003227,none,False,7.0,left,down
106,LTR,English,8,1,2,014.png,015.png,-267,-154,267,154,015.png,1813.4253000025635,997.9848000002094,undefined,"(10, 4)",right,4.0,right,down,left,False,left,2067.4399999999196,638.4192,363.78720000000004,366.2131140022159,none,False,10.0,left,up,right,1811.1599999999726,none,False,4.0,right,down
106,LTR,English,9,1,4,000.png,001.png,0,-308,0,308,001.png,28.965100002125837,3642.4279999992577,undefined,"(12, 6)",right,6.0,,down,left,False,right,87.470000000053,1067.43936,1015.50564,414.1232124956032,none,False,6.0,,down,right,20.570000000020627,first_fix_anticipatory,True,,,
106,LTR,English,10,1,6,002.png,003.png,-267,154,267,-154,003.png,99.19199999782722,3755.5334999996703,undefined,"(8, 2)",right,2.0,right,up,left,False,left,268.37000000000444,695.4432,610.5389538461538,466.42132367696865,none,False,8.0,left,down,right,94.11000000000058,none,False,2.0,right,up
106,LTR,English,11,1,3,004.png,005.png,-154,-267,154,267,004.png,317.8292999982368,1137.0843000004534,undefined,"(11, 5)",left,11.0,left,up,left,True,left,609.3799999999874,877.250742857143,168.35117142857143,433.43403449384317,none,False,11.0,left,up,left,307.990000000018,none,False,11.0,left,up
106,LTR,English,12,1,1,006.png,007.png,-308,0,308,0,006.png,312.70260000019334,52.13599999842699,undefined,"(9, 3)",left,9.0,left,,left,True,left,462.7100000000155,566.09408,525.38184,342.4558984234774,none,False,9.0,left,,left,296.8100000000504,none,False,9.0,left,
106,LTR,English,13,2,1,008.png,009.png,-308,0,308,0,009.png,469.7209000005387,2843.7398000023095,undefined,"(9, 3)",right,3.0,right,,left,False,right,555.6599999999889,1429.5295999999998,408.46139999999997,539.0864891398919,none,False,3.0,right,,right,461.66999999991276,none,False,3.0,right,
106,LTR,English,14,2,2,010.png,011.png,-267,-154,267,154,011.png,10.880499998223968,1264.907500000787,undefined,"(10, 4)",right,4.0,right,down,left,False,right,0.0,1324.9001739130435,705.1479652173913,305.10881469624275,first_fix_anticipatory,True,,,,right,0.0,first_fix_anticipatory,True,,,
106,LTR,English,15,2,6,012.png,013.png,-267,154,267,-154,012.png,316.02600000042,1811.860300000291,undefined,"(8, 2)",left,8.0,left,down,left,True,left,361.82000000007974,700.72,751.4297999999999,338.40642993768654,none,False,8.0,left,down,left,307.8600000001188,none,False,8.0,left,down
106,LTR,English,16,2,5,014.png,015.png,-154,267,154,-267,014.png,271.6894000004977,1541.3069000024116,undefined,"(7, 1)",left,7.0,left,down,left,True,left,307.7299999999923,909.1789241379311,816.746275862069,422.86882168021714,none,False,7.0,left,down,left,261.2300000000687,none,False,7.0,left,down
106,LTR,English,17,2,4,000.png,001.png,0,-308,0,308,001.png,365.2230999978492,731.7149999981048,undefined,"(12, 6)",right,6.0,,down,left,False,right,375.12999999989916,979.6032000000001,848.657895652174,336.6533632021406,none,False,6.0,,down,right,355.10999999996784,none,False,6.0,,down
106,LTR,English,18,2,3,002.png,003.png,-154,-267,154,267,003.png,40.282599999103695,1220.211700001499,undefined,"(11, 5)",right,5.0,right,down,left,False,right,40.040000000090004,1229.3904,696.1239,408.99240338574646,first_fix_anticipatory,True,,,,right,33.43999999992775,first_fix_anticipatory,True,,,
106,LTR,English,19,3,1,004.png,005.png,-308,0,308,0,004.png,354.49549999972805,1432.1449000018183,undefined,"(9, 3)",left,9.0,left,,left,True,left,381.7100000001119,655.1710372881357,512.0743118644068,326.344790084572,none,False,9.0,left,,left,348.1400000000576,none,False,9.0,left,
106,LTR,English,20,3,3,006.png,007.png,-154,-267,154,267,007.png,211.78369999688584,1254.5294999981998,undefined,"(11, 5)",right,5.0,right,down,left,False,right,254.50999999998203,1076.318208,814.714848,344.4086990556873,none,False,5.0,right,down,right,207.6400000000831,none,False,5.0,right,down
106,LTR,English,21,3,5,008.png,009.png,-154,267,154,-267,009.png,94.17060000123456,1231.8477999978932,undefined,"(7, 1)",right,1.0,right,up,left,False,left,328.36999999994987,819.9384,757.67238,430.66381041859273,none,False,7.0,left,down,right,87.27999999996428,none,False,1.0,right,up
106,LTR,English,22,3,4,010.png,011.png,0,-308,0,308,010.png,322.7645000006305,1034.3241000009002,undefined,"(12, 6)",left,12.0,,up,left,True,left,384.0300000001662,1048.96512,227.18808,422.15413009900396,none,False,12.0,,up,left,314.8200000000543,none,False,12.0,,up
106,LTR,English,23,3,2,012.png,013.png,-267,-154,267,154,013.png,213.24040000047535,1022.3158999979496,undefined,"(10, 4)",right,4.0,right,down,left,False,right,207.5200000001587,1274.89472,668.30868,322.42192479762616,none,False,4.0,right,down,right,200.81000000004678,none,False,4.0,right,down
106,LTR,English,24,3,6,014.png,015.png,-267,154,267,-154,014.png,176.77289999846835,1889.5130999990504,undefined,"(8, 2)",left,8.0,left,down,left,True,left,167.22999999979038,703.4453333333333,645.0336,460.3278427480547,none,False,8.0,left,down,left,160.51999999990585,none,False,8.0,left,down
106,LTR,English,25,4,1,000.png,001.png,-308,0,308,0,001.png,245.60720000229776,64.8375999990385,undefined,"(9, 3)",right,3.0,right,,left,False,right,475.5800000000363,1314.8561454545454,508.9730727272727,311.713380178866,none,False,3.0,right,,right,234.3700000001263,none,False,3.0,right,
106,LTR,English,26,4,3,002.png,003.png,-154,-267,154,267,002.png,409.7602000001352,1950.5376999987056,undefined,"(11, 5)",left,11.0,left,up,left,True,left,414.9200000001656,845.30688,270.8829,318.2358266574734,none,False,11.0,left,up,left,395.2600000000075,none,False,11.0,left,up
106,LTR,English,27,4,4,004.png,005.png,0,-308,0,308,005.png,218.99660000065344,1177.95980000298,undefined,"(12, 6)",right,6.0,,down,left,False,right,234.00999999989835,790.4286,824.77305,356.7511487920981,none,False,6.0,,down,right,207.39999999977954,none,False,6.0,,down
106,LTR,English,28,4,5,006.png,007.png,-154,267,154,-267,006.png,23.13629999838304,1233.1365000027,undefined,"(7, 1)",left,7.0,left,down,left,True,right,274.54000000011547,1169.2276363636363,274.92087272727275,343.33627255423767,none,False,1.0,right,up,left,13.310000000046784,first_fix_anticipatory,True,,,
106,LTR,English,29,4,2,008.png,009.png,-267,-154,267,154,008.png,213.86749999865424,1321.980499997153,undefined,"(10, 4)",left,10.0,left,up,left,True,left,234.60999999997512,686.7113513513513,359.92751351351353,357.88931905519814,none,False,10.0,left,up,left,207.8799999999319,none,False,10.0,left,up
106,LTR,English,30,4,6,010.png,011.png,-267,154,267,-154,011.png,201.40710000123363,875.8178999996744,undefined,"(8, 2)",right,2.0,right,up,left,False,right,227.7799999999388,1302.06144,345.19014,362.2083493516997,none,False,2.0,right,up,right,194.93999999986045,none,False,2.0,right,up
106,LTR,English,31,5,6,012.png,013.png,-267,154,267,-154,013.png,522.9499999986729,1195.0404000018025,undefined,"(8, 2)",right,2.0,right,up,left,False,right,575.6799999999203,1282.59072,450.0742628571428,220.2997970175831,none,False,2.0,right,up,right,515.7500000000255,none,False,2.0,right,up
106,LTR,English,32,5,5,014.png,015.png,-154,267,154,-267,014.png,43.187999999616295,797.8578999972669,undefined,"(7, 1)",left,7.0,left,down,left,True,left,301.3900000000831,941.8752,987.8328,242.44682802348402,none,False,7.0,left,down,left,33.200000000078944,first_fix_anticipatory,True,,,
106,LTR,English,33,5,2,000.png,001.png,-267,-154,267,154,001.png,103.9770999995526,706.0383999997284,undefined,"(10, 4)",right,4.0,right,down,left,False,right,843.9900000000762,1396.7188114285716,626.7489942857143,348.2425553392218,none,False,4.0,right,down,right,93.75,none,False,4.0,right,down
106,LTR,English,34,5,1,002.png,003.png,-308,0,308,0,002.png,229.70720000006256,1244.4757000012323,undefined,"(9, 3)",left,9.0,left,,left,True,left,341.5500000000975,595.1615999999999,505.3331076923077,384.6255443697018,none,False,9.0,left,,left,220.94000000015512,none,False,9.0,left,
106,LTR,English,35,5,3,004.png,005.png,-154,-267,154,267,005.png,37.57970000151545,1002.5161999983249,undefined,"(11, 5)",right,5.0,right,down,left,False,left,422.36000000002605,893.24,167.09328,338.2375386731777,none,False,11.0,left,up,right,33.560000000079526,first_fix_anticipatory,True,,,
106,LTR,English,36,5,4,006.png,007.png,0,-308,0,308,007.png,323.8726999989012,459.3812999991933,undefined,"(12, 6)",right,6.0,,down,left,False,right,348.13999999983025,1090.9418057142857,816.2689371428572,350.92259944757757,none,False,6.0,,down,right,308.219999999892,none,False,6.0,,down
106,LTR,English,37,6,6,008.png,009.png,-267,154,267,-154,009.png,65.72790000063833,1439.243799999589,undefined,"(8, 2)",right,2.0,right,up,left,False,left,220.9499999999025,742.6087384615383,563.6315076923077,254.29141935127655,none,False,8.0,left,down,right,53.589999999985594,first_fix_anticipatory,True,,,
106,LTR,English,38,6,1,010.png,011.png,-308,0,308,0,011.png,29.42919999989681,917.2068999978948,undefined,"(9, 3)",right,3.0,right,,left,False,right,529.1799999999967,1447.968768,426.590064,377.24858318437805,none,False,3.0,right,,right,20.150000000057844,first_fix_anticipatory,True,,,
106,LTR,English,39,6,4,012.png,013.png,0,-308,0,308,013.png,347.27180000115186,1456.77639999846,undefined,"(12, 6)",right,6.0,,down,left,False,left,569.4599999999355,1142.1078857142857,157.6418142857143,484.34314893571525,none,False,12.0,,up,right,334.7199999998338,none,False,6.0,,down
106,LTR,English,40,6,5,014.png,015.png,-154,267,154,-267,014.png,323.2261000012513,1092.469600000186,undefined,"(7, 1)",left,7.0,left,down,left,True,left,481.93000000014763,882.6292363636363,689.7719454545455,277.63491675124504,none,False,7.0,left,down,left,314.8200000000543,none,False,7.0,left,down
106,LTR,English,41,6,2,000.png,001.png,-267,-154,267,154,001.png,169.9752000021981,944.2856999994256,undefined,"(10, 4)",right,4.0,right,down,left,False,left,220.9499999999025,772.51968,356.3532,378.15053878064157,none,False,10.0,left,up,right,154.0500000000975,none,False,4.0,right,down
106,LTR,English,42,6,3,002.png,003.png,-154,-267,154,267,002.png,334.86590000020806,942.3543000011704,undefined,"(11, 5)",left,11.0,left,up,left,True,left,462.1600000000399,945.6225882352942,180.96225882352942,373.0660753389158,none,False,11.0,left,up,left,328.25000000002547,none,False,11.0,left,up
106,LTR,English,43,7,2,004.png,005.png,-267,-154,267,154,004.png,427.65940000035334,2212.6688000026625,undefined,"(10, 4)",left,10.0,left,up,left,True,left,462.40000000011605,730.9904,251.865,365.2027789034624,none,False,10.0,left,up,left,415.4000000000906,none,False,10.0,left,up
106,LTR,English,44,7,4,006.png,007.png,0,-308,0,308,007.png,309.5952000003308,2018.6934000013864,undefined,"(12, 6)",right,6.0,,down,left,False,right,321.6499999998632,1117.9594666666667,796.4282999999999,379.9126061721977,none,False,6.0,,down,right,301.2699999999313,none,False,6.0,,down
106,LTR,English,45,7,5,008.png,009.png,-154,267,154,-267,009.png,22.16469999984838,2270.2893000023905,undefined,"(7, 1)",right,1.0,right,up,left,False,right,455.69000000000415,1246.0816,179.97209999999998,383.9377456811455,none,False,1.0,right,up,right,13.550000000122964,first_fix_anticipatory,True,,,
106,LTR,English,46,7,3,010.png,011.png,-154,-267,154,267,011.png,202.8241000007838,2378.6767000018153,undefined,"(11, 5)",right,5.0,right,down,left,False,right,569.3400000000111,1225.3959529411763,700.0852235294117,355.96516549401383,none,False,5.0,right,down,right,194.22000000008666,none,False,5.0,right,down
106,LTR,English,47,7,6,012.png,013.png,-267,154,267,-154,013.png,44.1380999982357,1824.9960000028368,undefined,"(8, 2)",right,2.0,right,up,left,False,right,247.6800000001731,1454.4144000000001,390.86730000000006,454.8824023823462,none,False,2.0,right,up,right,40.160000000014406,first_fix_anticipatory,True,,,
106,LTR,English,48,7,1,014.png,015.png,-308,0,308,0,014.png,256.7803000018466,1917.7727999994531,undefined,"(9, 3)",left,9.0,left,,left,True,left,274.7799999999643,628.3136914285715,584.5103485714285,494.1819042406663,none,False,9.0,left,,left,247.92999999999665,none,False,9.0,left,
108,LTR,English,1,0,5,000.png,001.png,-154,267,154,-267,000.png,290.7717999769375,15114.826000062749,undefined,"(7, 1)",left,7.0,left,down,left,True,left,321.4399999999955,745.5042782608696,743.7077217391304,360.75704616562837,none,False,7.0,left,down,left,281.28000000003794,none,False,7.0,left,down
108,LTR,English,2,0,6,002.png,003.png,-267,154,267,-154,002.png,280.7056000456214,4015.7387999352063,undefined,"(8, 2)",left,8.0,left,down,left,True,left,320.60999999998785,627.8473411764705,654.4815882352941,385.9124836659522,none,False,8.0,left,down,left,273.77000000001317,none,False,8.0,left,down
108,LTR,English,3,0,3,004.png,005.png,-154,-267,154,267,004.png,236.6335999686271,1858.0571999773383,undefined,"(11, 5)",left,11.0,left,up,left,True,left,254.51999999995678,765.537476923077,243.41843076923078,422.0324774456753,none,False,11.0,left,up,left,227.73000000006505,none,False,11.0,left,up
108,LTR,English,4,0,4,006.png,007.png,0,-308,0,308,006.png,308.27969999518245,1584.5601999899372,undefined,"(12, 6)",left,12.0,,up,left,True,left,328.0600000000504,949.7188173913044,257.8805217391304,398.93727778266094,none,False,12.0,,up,left,308.2200000000057,none,False,12.0,,up
108,LTR,English,5,0,1,008.png,009.png,-308,0,308,0,009.png,343.3462999528274,3136.957599897869,undefined,"(9, 3)",right,3.0,right,,left,False,right,372.74999999999636,1279.1534545454545,528.3451636363636,416.1799393666019,none,False,3.0,right,,right,339.4199999999046,none,False,3.0,right,
108,LTR,English,6,0,2,010.png,011.png,-267,-154,267,154,011.png,456.0838000616058,1553.3665000693873,undefined,"(10, 4)",right,4.0,right,down,left,False,right,475.59000000001106,1298.3798857142856,755.4767142857144,407.32796811835163,none,False,4.0,right,down,right,441.8399999999565,none,False,4.0,right,down
108,LTR,English,7,1,3,012.png,013.png,-154,-267,154,267,012.png,283.602699986659,1601.1701000388712,undefined,"(11, 5)",left,11.0,left,up,left,True,left,295.0499999999465,776.4140307692307,209.54866153846154,415.81945670890366,none,False,11.0,left,up,left,274.599999999964,none,False,11.0,left,up
108,LTR,English,8,1,6,014.png,015.png,-267,154,267,-154,014.png,242.2546000452712,1393.674200051464,undefined,"(8, 2)",left,8.0,left,down,left,True,left,254.3399999999565,567.75072,686.15856,407.5207897699446,none,False,8.0,left,down,left,227.53999999997632,none,False,8.0,left,down
108,LTR,English,9,1,5,000.png,001.png,-154,267,154,-267,000.png,242.305799969472,1633.5585000924766,undefined,"(7, 1)",left,7.0,left,down,left,True,left,254.50999999998203,716.2710260869566,760.3016869565217,340.81607136709505,none,False,7.0,left,down,left,234.55999999998767,none,False,7.0,left,down
108,LTR,English,10,1,1,002.png,003.png,-308,0,308,0,002.png,260.8372999820858,1854.8313999781385,undefined,"(9, 3)",left,9.0,left,,left,True,left,288.21000000004915,600.5857523809525,524.2421142857144,386.68631878824425,none,False,9.0,left,,left,254.70000000007076,none,False,9.0,left,
108,LTR,English,11,1,2,004.png,005.png,-267,-154,267,154,004.png,291.3951000664383,1535.3130999719724,undefined,"(10, 4)",left,10.0,left,up,left,True,left,314.8800000000165,584.0681513513514,332.8530810810811,431.95974814353167,none,False,10.0,left,up,left,281.3700000000381,none,False,10.0,left,up
108,LTR,English,12,1,4,006.png,007.png,0,-308,0,308,006.png,253.2431000145152,1549.959299969487,undefined,"(12, 6)",left,12.0,,up,left,True,left,287.7799999999979,906.7579826086956,246.3637304347826,408.1380809889915,none,False,12.0,,up,left,247.56000000002132,none,False,12.0,,up
108,LTR,English,13,2,5,008.png,009.png,-154,267,154,-267,008.png,251.05780002195388,2109.944999916479,undefined,"(7, 1)",left,7.0,left,down,left,True,left,261.2300000000687,696.5054117647059,757.3150588235294,391.06298547199987,none,False,7.0,left,down,left,241.0899999999856,none,False,7.0,left,down
108,LTR,English,14,2,4,010.png,011.png,0,-308,0,308,010.png,262.0341000147164,1594.2624000599608,undefined,"(12, 6)",left,12.0,,up,left,True,left,281.25,893.0857411764705,205.63263529411765,340.9971445837323,none,False,12.0,,up,left,254.26999999990585,none,False,12.0,,up
108,LTR,English,15,2,1,012.png,013.png,-308,0,308,0,012.png,285.4648999636993,1289.4833999453112,undefined,"(9, 3)",left,9.0,left,,left,True,left,314.9399999999787,557.3537032258064,507.6106258064516,406.12652881745294,none,False,9.0,left,,left,274.5400000000018,none,False,9.0,left,
108,LTR,English,16,2,3,014.png,015.png,-154,-267,154,267,014.png,266.57380000688136,1390.1419000467286,undefined,"(11, 5)",left,11.0,left,up,left,True,left,295.03999999997177,747.0466415094339,183.90525283018866,419.21823035204284,none,False,11.0,left,up,left,261.5299999999934,none,False,11.0,left,up
108,LTR,English,17,2,6,000.png,001.png,-267,154,267,-154,000.png,247.4692000541836,1598.434399929829,undefined,"(8, 2)",left,8.0,left,down,left,True,left,268.0000000000291,648.525696,653.04684,331.3545383517027,none,False,8.0,left,down,left,234.31000000005042,none,False,8.0,left,down
108,LTR,English,18,2,2,002.png,003.png,-267,-154,267,154,002.png,269.79529997333884,1245.4435999970883,undefined,"(10, 4)",left,10.0,left,up,left,True,left,286.4999999999327,635.6856,385.06455000000005,411.395093723845,none,False,10.0,left,up,left,260.06999999992786,none,False,10.0,left,up
108,LTR,English,19,3,3,004.png,005.png,-154,-267,154,267,004.png,263.20100005250424,1331.4739000052214,undefined,"(11, 5)",left,11.0,left,up,left,True,left,261.41999999993004,752.0217600000001,199.60961142857144,421.4657796673123,none,False,11.0,left,up,left,247.86999999992076,none,False,11.0,left,up
108,LTR,English,20,3,6,006.png,007.png,-267,154,267,-154,006.png,263.54539999738336,1411.9568000314755,undefined,"(8, 2)",left,8.0,left,down,left,True,left,294.42999999992026,655.5620571428572,761.7048685714286,410.1629684943425,none,False,8.0,left,down,left,254.56999999994423,none,False,8.0,left,down
108,LTR,English,21,3,5,008.png,009.png,-154,267,154,-267,008.png,262.01080007012933,2833.511200034991,undefined,"(7, 1)",left,7.0,left,down,left,True,left,274.6500000000651,735.9818847457627,789.0298779661017,354.61074611241133,none,False,7.0,left,down,left,247.8600000000597,none,False,7.0,left,down
108,LTR,English,22,3,4,010.png,011.png,0,-308,0,308,010.png,235.67500000353905,1280.3630999987945,undefined,"(12, 6)",left,12.0,,up,left,True,left,254.52000000007047,899.1912727272728,203.7492,410.910907388865,none,False,12.0,,up,left,227.73000000006505,none,False,12.0,,up
108,LTR,English,23,3,1,012.png,013.png,-308,0,308,0,012.png,83.37059989571571,1189.1695000231266,undefined,"(9, 3)",left,9.0,left,,left,True,left,280.3399999999101,649.3095529411764,521.8512352941176,420.55536125490437,none,False,9.0,left,,left,69.8299999999108,first_fix_anticipatory,True,,,
108,LTR,English,24,3,2,014.png,015.png,-267,-154,267,154,014.png,247.6829999359325,2667.199599905871,undefined,"(10, 4)",left,10.0,left,up,left,True,left,274.35000000002674,608.0502153846154,398.36409230769226,372.7192899411762,none,False,10.0,left,up,left,234.44000000006326,none,False,10.0,left,up
108,LTR,English,25,4,5,000.png,001.png,-154,267,154,-267,000.png,273.7218999536708,1472.1588999964297,undefined,"(7, 1)",left,7.0,left,down,left,True,left,267.1499999999014,742.859294117647,708.2951294117648,322.0106418582217,none,False,7.0,left,down,left,259.45999999999003,none,False,7.0,left,down
108,LTR,English,26,4,1,002.png,003.png,-308,0,308,0,002.png,421.2115000700578,1327.2255000192672,undefined,"(9, 3)",left,9.0,left,,left,True,left,448.6100000000306,503.57024000000007,524.08656,391.9202053098136,none,False,9.0,left,,left,401.8500000000813,none,False,9.0,left,
108,LTR,English,27,4,3,004.png,005.png,-154,-267,154,267,004.png,257.14380003046244,1354.713800013997,undefined,"(11, 5)",left,11.0,left,up,left,True,left,266.89999999996417,737.3475096774193,205.51825161290324,401.81111414560945,none,False,11.0,left,up,left,246.93999999999505,none,False,11.0,left,up
108,LTR,English,28,4,2,006.png,007.png,-267,-154,267,154,006.png,241.19579989928752,1401.5268000075594,undefined,"(10, 4)",left,10.0,left,up,left,True,left,248.05000000003474,608.3314285714285,348.0971142857143,440.990761863138,none,False,10.0,left,up,left,228.02999999998974,none,False,10.0,left,up
108,LTR,English,29,4,4,008.png,009.png,0,-308,0,308,008.png,300.9073999710381,1575.8626000024378,undefined,"(12, 6)",left,12.0,,up,left,True,left,314.8199999999406,889.33792,117.80946,426.97675210184747,none,False,12.0,,up,left,288.0899999998974,none,False,12.0,,up
108,LTR,English,30,4,6,010.png,011.png,-267,154,267,-154,010.png,262.0253999484703,1358.983000041917,undefined,"(8, 2)",left,8.0,left,down,left,True,left,301.51999999998225,602.2842514285713,677.2846628571428,383.0589145260352,none,False,8.0,left,down,left,254.51999999995678,none,False,8.0,left,down
108,LTR,English,31,5,3,012.png,013.png,-154,-267,154,267,012.png,264.7104999050498,1194.354600040242,undefined,"(11, 5)",left,11.0,left,up,left,True,left,301.2099999999691,757.0774588235294,217.31855294117648,451.48389355520754,none,False,11.0,left,up,left,254.57000000005792,none,False,11.0,left,up
108,LTR,English,32,5,2,014.png,015.png,-267,-154,267,154,014.png,235.7829000102356,1269.2631999962032,undefined,"(10, 4)",left,10.0,left,up,left,True,left,260.80000000001746,619.11,401.1555375,416.19665068923865,none,False,10.0,left,up,left,227.7199999999766,none,False,10.0,left,up
108,LTR,English,33,5,1,000.png,001.png,-308,0,308,0,000.png,300.9427000069991,1450.8782000048086,undefined,"(9, 3)",left,9.0,left,,left,True,left,328.0700000000252,591.7984581818183,508.18516363636365,390.8425287970747,none,False,9.0,left,,left,287.8399999999601,none,False,9.0,left,
108,LTR,English,34,5,4,002.png,003.png,0,-308,0,308,002.png,336.38029999565333,1316.0199000267312,undefined,"(12, 6)",left,12.0,,up,left,True,left,334.9000000000615,880.2889531914893,76.00649361702128,404.50620353855004,none,False,12.0,,up,left,321.54000000002725,none,False,12.0,,up
108,LTR,English,35,5,5,004.png,005.png,-154,267,154,-267,004.png,251.83449999894947,5325.433699996211,undefined,"(7, 1)",left,7.0,left,down,left,True,left,248.04999999992106,712.3584,763.97148,403.0591289698701,none,False,7.0,left,down,left,241.27999999996064,none,False,7.0,left,down
108,LTR,English,36,5,6,006.png,007.png,-267,154,267,-154,006.png,268.54800002183765,1447.546900017187,undefined,"(8, 2)",left,8.0,left,down,left,True,left,281.56000000001313,636.5104207792208,650.171922077922,411.939685823065,none,False,8.0,left,down,left,254.81999999999516,none,False,8.0,left,down
108,LTR,English,37,6,5,008.png,009.png,-154,267,154,-267,008.png,235.93720002099872,1202.7589000063017,undefined,"(7, 1)",left,7.0,left,down,left,True,left,267.5100000000157,727.6299130434783,729.0098608695653,365.01152393918676,none,False,7.0,left,down,left,227.7199999999766,none,False,7.0,left,down
108,LTR,English,38,6,4,010.png,011.png,0,-308,0,308,010.png,240.8784000435844,1201.5456999652088,undefined,"(12, 6)",left,12.0,,up,left,True,left,288.0800000000363,907.2951652173913,196.9387043478261,434.65122612085565,none,False,12.0,,up,left,227.9600000000528,none,False,12.0,,up
108,LTR,English,39,6,1,012.png,013.png,-308,0,308,0,012.png,313.27949999831617,1464.841500041075,undefined,"(9, 3)",left,9.0,left,,left,True,left,328.1899999999496,589.0672,533.0817000000001,443.7586529408817,none,False,9.0,left,,left,301.270000000045,none,False,9.0,left,
108,LTR,English,40,6,2,014.png,015.png,-267,-154,267,154,014.png,286.25250002369285,1105.7943999767303,undefined,"(10, 4)",left,10.0,left,up,left,True,left,307.9299999999421,603.0737066666667,332.2188,413.1000859976788,none,False,10.0,left,up,left,267.27999999991425,none,False,10.0,left,up
108,LTR,English,41,6,3,000.png,001.png,-154,-267,154,267,000.png,333.33059994038194,1433.859300101176,undefined,"(11, 5)",left,11.0,left,up,left,True,left,381.650000000036,712.2653538461539,116.89903384615386,406.472391210507,none,False,11.0,left,up,left,321.5900000000147,none,False,11.0,left,up
108,LTR,English,42,6,6,002.png,003.png,-267,154,267,-154,002.png,285.6309999478981,2461.3016999792308,undefined,"(8, 2)",left,8.0,left,down,left,True,left,289.05999999994947,629.1904000000001,675.1434857142857,357.34962317479403,none,False,8.0,left,down,left,277.39999999994325,none,False,8.0,left,down
108,LTR,English,43,7,3,004.png,005.png,-154,-267,154,267,005.png,126.8512000096962,1711.9663000339642,undefined,"(11, 5)",right,5.0,right,down,left,False,left,288.09000000001106,646.8602181818181,345.2769818181818,417.1519106522047,none,False,11.0,left,up,right,113.52999999996882,none,False,5.0,right,down
108,LTR,English,44,7,4,006.png,007.png,0,-308,0,308,007.png,21.52229996863753,1189.0735999913886,undefined,"(12, 6)",right,6.0,,down,left,False,left,382.02000000001135,891.63456,309.258,415.34047470599523,none,False,12.0,,up,right,13.670000000047366,first_fix_anticipatory,True,,,
108,LTR,English,45,7,6,008.png,009.png,-267,154,267,-154,008.png,262.227899977006,1710.1336000487208,undefined,"(8, 2)",left,8.0,left,down,left,True,left,281.38000000001284,638.5672421052632,678.2920105263157,385.02524861503474,none,False,8.0,left,down,left,248.05000000003474,none,False,8.0,left,down
108,LTR,English,46,7,5,010.png,011.png,-154,267,154,-267,010.png,313.1452000234276,1452.2091000108048,undefined,"(7, 1)",left,7.0,left,down,left,True,left,314.8199999999406,794.1392842105264,849.0897473684211,412.7265805805962,none,False,7.0,left,down,left,301.3899999999694,none,False,7.0,left,down
108,LTR,English,47,7,1,012.png,013.png,-308,0,308,0,012.png,350.2087000524625,755.5229000281543,undefined,"(9, 3)",left,9.0,left,,left,True,left,374.8199999999997,584.9134829268293,526.8432292682927,389.75377009265407,none,False,9.0,left,,left,341.62000000003445,none,False,9.0,left,
108,LTR,English,48,7,2,014.png,015.png,-267,-154,267,154,014.png,286.3338999450207,1140.442100004293,undefined,"(10, 4)",left,10.0,left,up,left,True,left,300.35000000009404,575.9262315789474,295.1770736842105,384.4088956474223,none,False,10.0,left,up,left,273.7400000000889,none,False,10.0,left,up
109,RTL,Arabic,1,0,6,000.png,001.png,-267,154,267,-154,000.png,295.0,1661.0,undefined,"(8, 2)",left,8.0,left,down,right,False,left,314.36000000002196,667.3754482758621,572.3914344827587,419.27174997429046,none,False,8.0,left,down,left,287.84000000001697,none,False,8.0,left,down
109,RTL,Arabic,2,0,1,002.png,003.png,-308,0,308,0,002.png,181.0,1307.0,undefined,"(9, 3)",left,9.0,left,,right,False,left,375.11999999998125,633.0250378378379,428.1931459459459,400.72029942174265,none,False,9.0,left,,left,167.25999999999885,none,False,9.0,left,
109,RTL,Arabic,3,0,5,004.png,005.png,-154,267,154,-267,005.png,220.0,727.0,undefined,"(7, 1)",right,1.0,right,up,right,True,right,247.58000000002767,1175.765514893617,118.4155659574468,454.55912016516464,none,False,1.0,right,up,right,207.29999999997517,none,False,1.0,right,up
109,RTL,Arabic,4,0,4,006.png,007.png,0,-308,0,308,006.png,285.0,772.0,undefined,"(12, 6)",left,12.0,,up,right,False,left,294.71000000000913,960.4673828571429,144.97858285714284,410.9722214390249,none,False,12.0,,up,left,274.58999999998923,none,False,12.0,,up
109,RTL,Arabic,5,0,2,008.png,009.png,-267,-154,267,154,008.png,213.0,742.0,undefined,"(10, 4)",left,10.0,left,up,right,False,left,221.04000000001633,708.4096,271.70009999999996,404.1450725086985,none,False,10.0,left,up,left,200.9299999999712,none,False,10.0,left,up
109,RTL,Arabic,6,0,3,010.png,011.png,-154,-267,154,267,010.png,182.0,759.0,undefined,"(11, 5)",left,11.0,left,up,right,False,left,200.96000000000913,771.0035027027027,187.3697837837838,403.23415676563604,none,False,11.0,left,up,left,174.16000000002896,none,False,11.0,left,up
109,RTL,Arabic,7,1,3,012.png,013.png,-154,-267,154,267,012.png,218.0,700.0,undefined,"(11, 5)",left,11.0,left,up,right,False,left,227.6899999999955,791.9797028571428,202.37009142857144,377.127001703571,none,False,11.0,left,up,left,207.54999999996926,none,False,11.0,left,up
109,RTL,Arabic,8,1,6,014.png,015.png,-267,154,267,-154,015.png,229.0,623.0,undefined,"(8, 2)",right,2.0,right,up,right,True,right,234.50000000002547,1270.8554057142858,252.67078285714285,413.7874995840603,none,False,2.0,right,up,right,214.42000000001826,none,False,2.0,right,up
109,RTL,Arabic,9,1,5,000.png,001.png,-154,267,154,-267,001.png,194.0,580.0,undefined,"(7, 1)",right,1.0,right,up,right,True,right,207.5800000000072,1107.3444571428572,153.70842857142858,410.0451185527616,none,False,1.0,right,up,right,180.97000000000207,none,False,1.0,right,up
109,RTL,Arabic,10,1,4,002.png,003.png,0,-308,0,308,002.png,186.0,554.0,undefined,"(12, 6)",left,12.0,,up,right,False,left,208.01000000005843,970.2747428571429,97.10742857142857,413.8084324371556,none,False,12.0,,up,left,174.1900000000669,none,False,12.0,,up
109,RTL,Arabic,11,1,2,004.png,005.png,-267,-154,267,154,004.png,241.0,508.0,undefined,"(10, 4)",left,10.0,left,up,right,False,left,254.58000000003267,690.1974857142857,300.8460857142857,412.5029737690535,none,False,10.0,left,up,left,227.48000000001412,none,False,10.0,left,up
109,RTL,Arabic,12,1,1,006.png,007.png,-308,0,308,0,007.png,231.0,496.0,undefined,"(9, 3)",right,3.0,right,,right,True,right,254.58000000003267,1301.714086956522,454.1132347826087,447.9182017438512,none,False,3.0,right,,right,220.9500000000162,none,False,3.0,right,
109,RTL,Arabic,13,2,5,008.png,009.png,-154,267,154,-267,009.png,256.0,6045.0,undefined,"(7, 1)",right,1.0,right,up,right,True,right,274.70999999991363,1130.8044387096775,176.4016258064516,418.4819924483277,none,False,1.0,right,up,right,247.9799999999841,none,False,1.0,right,up
109,RTL,Arabic,14,2,1,010.png,011.png,-308,0,308,0,011.png,235.0,815.0,undefined,"(9, 3)",right,3.0,right,,right,True,right,241.15000000006148,1302.2039172413793,466.41587586206896,411.5982723991201,none,False,3.0,right,,right,221.05999999996584,none,False,3.0,right,
109,RTL,Arabic,15,2,6,012.png,013.png,-267,154,267,-154,013.png,212.0,627.0,undefined,"(8, 2)",right,2.0,right,up,right,True,right,240.95999999997275,1282.3555018867926,292.6506566037736,425.87640456533217,none,False,2.0,right,up,right,200.91999999999643,none,False,2.0,right,up
109,RTL,Arabic,16,2,3,014.png,015.png,-154,-267,154,267,014.png,169.0,700.0,undefined,"(11, 5)",left,11.0,left,up,right,False,left,187.7399999999625,814.2840685714285,207.27298285714286,415.98512655045977,none,False,11.0,left,up,left,160.94999999995707,none,False,11.0,left,up
109,RTL,Arabic,17,2,4,000.png,001.png,0,-308,0,308,000.png,225.0,537.0,undefined,"(12, 6)",left,12.0,,up,right,False,left,247.49999999994543,947.0733913043479,44.64062608695652,457.6955204651412,none,False,12.0,,up,left,214.59999999990487,none,False,12.0,,up
109,RTL,Arabic,18,2,2,002.png,003.png,-267,-154,267,154,002.png,226.0,633.0,undefined,"(10, 4)",left,10.0,left,up,right,False,left,234.30999999993674,680.8431483870968,289.2250451612904,443.1131057897302,none,False,10.0,left,up,left,214.22999999992953,none,False,10.0,left,up
109,RTL,Arabic,19,3,2,004.png,005.png,-267,-154,267,154,004.png,253.0,664.0,undefined,"(10, 4)",left,10.0,left,up,right,False,left,261.229999999955,673.0443636363636,321.26432727272726,421.1936976952772,none,False,10.0,left,up,left,241.15000000006148,none,False,10.0,left,up
109,RTL,Arabic,20,3,4,006.png,007.png,0,-308,0,308,006.png,205.0,465.0,undefined,"(12, 6)",left,12.0,,up,right,False,left,214.12000000009357,960.6643200000001,261.16488,406.43541083680196,none,False,12.0,,up,left,194.16000000001077,none,False,12.0,,up
109,RTL,Arabic,21,3,1,008.png,009.png,-308,0,308,0,008.png,298.0,1142.0,undefined,"(9, 3)",left,9.0,left,,right,False,left,301.0900000000447,604.5158399999999,463.4563885714286,385.60505734060644,none,False,9.0,left,,left,281.620000000089,none,False,9.0,left,
109,RTL,Arabic,22,3,6,010.png,011.png,-267,154,267,-154,010.png,252.0,664.0,undefined,"(8, 2)",left,8.0,left,down,right,False,left,261.229999999955,698.0910545454545,596.6371636363637,428.9607588480909,none,False,8.0,left,down,left,241.26999999998588,none,False,8.0,left,down
109,RTL,Arabic,23,3,5,012.png,013.png,-154,267,154,-267,013.png,308.0,974.0,undefined,"(7, 1)",right,1.0,right,up,right,True,right,328.9800000000014,1160.4106666666667,158.6121,370.1583379197462,none,False,1.0,right,up,right,302.120000000059,none,False,1.0,right,up
109,RTL,Arabic,24,3,3,014.png,015.png,-154,-267,154,267,014.png,204.0,2661.0,undefined,"(11, 5)",left,11.0,left,up,right,False,left,214.7899999999936,814.6605176470588,202.72838823529412,426.1000565095856,none,False,11.0,left,up,left,194.46000000004915,none,False,11.0,left,up
109,RTL,Arabic,25,4,2,000.png,001.png,-267,-154,267,154,000.png,247.0,651.0,undefined,"(10, 4)",left,10.0,left,up,right,False,left,261.2900000000309,660.6765176470589,280.8282705882353,396.7209457698522,none,False,10.0,left,up,left,234.31000000005042,none,False,10.0,left,up
109,RTL,Arabic,26,4,5,002.png,003.png,-154,267,154,-267,002.png,269.0,1150.0,undefined,"(7, 1)",left,7.0,left,down,right,False,left,288.32999999997355,819.91872,696.23064,424.17371945075826,none,False,7.0,left,down,left,254.75999999991927,none,False,7.0,left,down
109,RTL,Arabic,27,4,4,004.png,005.png,0,-308,0,308,004.png,240.0,695.0,undefined,"(12, 6)",left,12.0,,up,right,False,left,260.98000000001775,962.4267130434783,76.34191304347826,412.02588321255917,none,False,12.0,,up,left,227.22999999996318,none,False,12.0,,up
109,RTL,Arabic,28,4,3,006.png,007.png,-154,-267,154,267,006.png,136.0,550.0,undefined,"(11, 5)",left,11.0,left,up,right,False,left,107.55000000006021,932.9046857142857,391.2269142857143,331.17966784709336,none,False,11.0,left,up,left,127.63000000006741,none,False,11.0,left,up
109,RTL,Arabic,29,4,1,008.png,009.png,-308,0,308,0,008.png,231.0,860.0,undefined,"(9, 3)",left,9.0,left,,right,False,left,254.63999999999487,565.8801951219513,444.8367219512195,428.64663553848766,none,False,9.0,left,,left,214.24000000001797,none,False,9.0,left,
109,RTL,Arabic,30,4,6,010.png,011.png,-267,154,267,-154,011.png,240.0,1927.0,undefined,"(8, 2)",right,2.0,right,up,right,True,right,254.58000000003267,1304.2112000000002,269.12494285714286,401.96439676726,none,False,2.0,right,up,right,227.72999999995136,none,False,2.0,right,up
109,RTL,Arabic,31,5,1,012.png,013.png,-308,0,308,0,013.png,214.0,798.0,undefined,"(9, 3)",right,3.0,right,,right,True,right,234.37999999998738,1361.765630075188,439.73377443609024,414.0008438510125,none,False,3.0,right,,right,207.58999999998196,none,False,3.0,right,
109,RTL,Arabic,32,5,3,014.png,015.png,-154,-267,154,267,014.png,240.0,1879.0,undefined,"(11, 5)",left,11.0,left,up,right,False,left,254.45000000001983,827.213568,237.60216,390.78168854841584,none,False,11.0,left,up,left,227.6000000000522,none,False,11.0,left,up
109,RTL,Arabic,33,5,4,000.png,001.png,0,-308,0,308,000.png,185.0,449.0,undefined,"(12, 6)",left,12.0,,up,right,False,left,201.17000000004737,950.5247999999999,232.7916857142857,406.53837891702017,none,False,12.0,,up,left,174.38000000004195,none,False,12.0,,up
109,RTL,Arabic,34,5,6,002.png,003.png,-267,154,267,-154,003.png,176.0,450.0,undefined,"(8, 2)",right,2.0,right,up,right,True,right,194.63999999993575,1265.4184727272727,318.71716363636364,462.77199343450417,none,False,2.0,right,up,right,167.73000000000593,none,False,2.0,right,up
109,RTL,Arabic,35,5,5,004.png,005.png,-154,267,154,-267,005.png,180.0,593.0,undefined,"(7, 1)",right,1.0,right,up,right,True,right,214.11000000000513,1158.464206451613,192.26438709677421,453.80425094357776,none,False,1.0,right,up,right,174.18999999995322,none,False,1.0,right,up
109,RTL,Arabic,36,5,2,006.png,007.png,-267,-154,267,154,006.png,197.0,554.0,undefined,"(10, 4)",left,10.0,left,up,right,False,left,214.36000000005606,687.0036610169491,284.001193220339,421.610248027577,none,False,10.0,left,up,left,187.5600000000759,none,False,10.0,left,up
109,RTL,Arabic,37,6,6,008.png,009.png,-267,154,267,-154,009.png,251.0,607.0,undefined,"(8, 2)",right,2.0,right,up,right,True,right,275.01999999992677,1284.7229793103447,288.2680137931034,421.1770936137856,none,False,2.0,right,up,right,241.45999999996093,none,False,2.0,right,up
109,RTL,Arabic,38,6,5,010.png,011.png,-154,267,154,-267,011.png,210.0,635.0,undefined,"(7, 1)",right,1.0,right,up,right,True,right,234.9900000000389,1157.7202758620688,175.39795862068965,412.40982361898773,none,False,1.0,right,up,right,201.3600000000224,none,False,1.0,right,up
109,RTL,Arabic,39,6,1,012.png,013.png,-308,0,308,0,013.png,198.0,1069.0,undefined,"(9, 3)",right,3.0,right,,right,True,right,207.71000000002005,1345.1322181818182,354.8605090909091,433.67742304249794,none,False,3.0,right,,right,187.4400000000378,none,False,3.0,right,
109,RTL,Arabic,40,6,3,014.png,015.png,-154,-267,154,267,014.png,281.0,1896.0,undefined,"(11, 5)",left,11.0,left,up,right,False,left,314.7599999999784,789.6373621621622,161.05456216216217,433.8208597463785,none,False,11.0,left,up,left,274.46999999995114,none,False,11.0,left,up
109,RTL,Arabic,41,6,4,000.png,001.png,0,-308,0,308,000.png,169.0,553.0,undefined,"(12, 6)",left,12.0,,up,right,False,left,187.92999999993754,945.19776,213.68232,344.1246316456725,none,False,12.0,,up,left,154.0499999999838,none,False,12.0,,up
109,RTL,Arabic,42,6,2,002.png,003.png,-267,-154,267,154,003.png,240.0,723.0,undefined,"(10, 4)",right,4.0,right,down,right,True,right,261.4099999999553,1250.6319157894736,602.0982947368421,436.0667018627869,none,False,4.0,right,down,right,227.35999999997603,none,False,4.0,right,down
109,RTL,Arabic,43,7,5,004.png,005.png,-154,267,154,-267,004.png,11.0,691.0,undefined,"(7, 1)",left,7.0,left,down,right,False,right,307.549999999992,1140.3488,158.34384,448.9310569539903,none,False,1.0,right,up,left,0.0,first_fix_anticipatory,True,,,
109,RTL,Arabic,44,7,3,006.png,007.png,-154,-267,154,267,006.png,254.0,592.0,undefined,"(11, 5)",left,11.0,left,up,right,False,left,281.3699999999244,771.8953846153846,113.8074923076923,442.1557994311469,none,False,11.0,left,up,left,247.67999999994572,none,False,11.0,left,up
109,RTL,Arabic,45,7,2,008.png,009.png,-267,-154,267,154,008.png,79.0,962.0,undefined,"(10, 4)",left,10.0,left,up,right,False,left,321.109999999976,654.2045538461539,295.95212307692304,438.86331439883475,none,False,10.0,left,up,left,73.4899999999925,first_fix_anticipatory,True,,,
109,RTL,Arabic,46,7,4,010.png,011.png,0,-308,0,308,010.png,200.0,462.0,undefined,"(12, 6)",left,12.0,,up,right,False,left,220.93999999992775,924.1286400000001,181.3752,415.47139709438824,none,False,12.0,,up,left,187.5,none,False,12.0,,up
109,RTL,Arabic,47,7,6,012.png,013.png,-267,154,267,-154,013.png,218.0,1138.0,undefined,"(8, 2)",right,2.0,right,up,right,True,right,234.42999999997483,1228.129536,344.181312,397.8810186603968,none,False,2.0,right,up,right,207.5800000000072,none,False,2.0,right,up
109,RTL,Arabic,48,7,1,014.png,015.png,-308,0,308,0,014.png,229.0,477.0,undefined,"(9, 3)",left,9.0,left,,right,False,left,254.51999999995678,595.4068,393.73695000000004,441.00689025980716,none,False,9.0,left,,left,221.0099999999784,none,False,9.0,left,
110,RTL,Arabic,1,0,1,000.png,001.png,-308,0,308,0,000.png,322.0,2788.0,undefined,"(9, 3)",left,9.0,left,,right,False,left,334.8399999999856,587.095236923077,568.4568369230769,385.93848413314356,none,False,9.0,left,,left,307.9899999997906,none,False,9.0,left,
110,RTL,Arabic,2,0,3,002.png,003.png,-154,-267,154,267,002.png,267.0,1828.0,undefined,"(11, 5)",left,11.0,left,up,right,False,left,294.80000000012296,796.8834098360657,229.7331737704918,399.438401312313,none,False,11.0,left,up,left,254.76000000003296,none,False,11.0,left,up
110,RTL,Arabic,3,0,6,004.png,005.png,-267,154,267,-154,005.png,241.0,701.0,undefined,"(8, 2)",right,2.0,right,up,right,True,right,227.78999999991356,1254.4282666666666,363.30359999999996,401.3609137627753,none,False,2.0,right,up,right,227.78999999991356,none,False,2.0,right,up
110,RTL,Arabic,4,0,2,006.png,007.png,-267,-154,267,154,006.png,228.0,1233.0,undefined,"(10, 4)",left,10.0,left,up,right,False,left,240.72000000001026,636.5804307692308,372.3898153846154,342.00553680610426,none,False,10.0,left,up,left,214.23000000004322,none,False,10.0,left,up
110,RTL,Arabic,5,0,5,008.png,009.png,-154,267,154,-267,009.png,228.0,1084.0,undefined,"(7, 1)",right,1.0,right,up,right,True,right,227.7799999999388,1090.48832,225.59688000000003,379.9229395173079,none,False,1.0,right,up,right,214.23000000004322,none,False,1.0,right,up
110,RTL,Arabic,6,0,4,010.png,011.png,0,-308,0,308,010.png,226.0,914.0,undefined,"(12, 6)",left,12.0,,up,right,False,left,234.50000000002547,972.1175510204082,140.78593469387755,401.8051075318375,none,False,12.0,,up,left,214.35999999994237,none,False,12.0,,up
110,RTL,Arabic,7,1,4,012.png,013.png,0,-308,0,308,012.png,244.0,762.0,undefined,"(12, 6)",left,12.0,,up,right,False,left,254.40000000003238,959.0170838709678,215.09314838709676,411.6548993059418,none,False,12.0,,up,left,234.38000000010106,none,False,12.0,,up
110,RTL,Arabic,8,1,2,014.png,015.png,-267,-154,267,154,014.png,221.0,881.0,undefined,"(10, 4)",left,10.0,left,up,right,False,left,220.93999999992775,624.8114086956523,311.34380869565217,400.56731858246735,none,False,10.0,left,up,left,207.7600000000075,none,False,10.0,left,up
110,RTL,Arabic,9,1,5,000.png,001.png,-154,267,154,-267,001.png,213.0,3435.0,undefined,"(7, 1)",right,1.0,right,up,right,True,right,227.6600000000144,1091.2250181818183,239.9998909090909,380.54628268952115,none,False,1.0,right,up,right,200.68000000014763,none,False,1.0,right,up
110,RTL,Arabic,10,1,1,002.png,003.png,-308,0,308,0,002.png,228.0,1006.0,undefined,"(9, 3)",left,9.0,left,,right,False,left,247.67999999994572,504.50144680851065,490.26577021276603,448.7430195021121,none,False,9.0,left,,left,220.82000000000335,none,False,9.0,left,
110,RTL,Arabic,11,1,3,004.png,005.png,-154,-267,154,267,004.png,218.0,819.0,undefined,"(11, 5)",left,11.0,left,up,right,False,left,234.00999999989835,815.2198736842106,137.58006315789476,381.2850013859178,none,False,11.0,left,up,left,207.63999999985572,none,False,11.0,left,up
110,RTL,Arabic,12,1,6,006.png,007.png,-267,154,267,-154,007.png,236.0,514.0,undefined,"(8, 2)",right,2.0,right,up,right,True,right,254.14999999998145,1253.2952,337.78395,403.8353918445677,none,False,2.0,right,up,right,220.70000000007894,none,False,2.0,right,up
110,RTL,Arabic,13,2,2,008.png,009.png,-267,-154,267,154,008.png,226.0,952.0,undefined,"(10, 4)",left,10.0,left,up,right,False,left,261.2300000000687,663.27808,378.30024000000003,424.4271533152595,none,False,10.0,left,up,left,221.07000000005428,none,False,10.0,left,up
110,RTL,Arabic,14,2,6,010.png,011.png,-267,154,267,-154,011.png,240.0,467.0,undefined,"(8, 2)",right,2.0,right,up,right,True,right,261.3499999999931,1256.3782736842104,361.71530526315786,352.19402210773814,none,False,2.0,right,up,right,227.7799999999388,none,False,2.0,right,up
110,RTL,Arabic,15,2,4,012.png,013.png,0,-308,0,308,012.png,219.0,539.0,undefined,"(12, 6)",left,12.0,,up,right,False,left,234.3700000001263,935.3340000000001,186.5926125,414.52994846901663,none,False,12.0,,up,left,207.6400000000831,none,False,12.0,,up
110,RTL,Arabic,16,2,1,014.png,015.png,-308,0,308,0,014.png,251.0,995.0,undefined,"(9, 3)",left,9.0,left,,right,False,left,248.05000000014843,629.4493714285715,458.44418571428577,403.5790326918226,none,False,9.0,left,,left,234.24999999997453,none,False,9.0,left,
110,RTL,Arabic,17,2,3,000.png,001.png,-154,-267,154,267,000.png,257.0,412.0,undefined,"(11, 5)",left,11.0,left,up,right,False,left,286.86000000016065,780.7475744680851,143.35690212765957,401.0869713471636,none,False,11.0,left,up,left,247.19000000004598,none,False,11.0,left,up
110,RTL,Arabic,18,2,5,002.png,003.png,-154,267,154,-267,003.png,224.0,863.0,undefined,"(7, 1)",right,1.0,right,up,right,True,right,261.2300000000687,1132.7968,198.38664,414.72239172475577,none,False,1.0,right,up,right,214.10999999989144,none,False,1.0,right,up
110,RTL,Arabic,19,3,5,004.png,005.png,-154,267,154,-267,005.png,279.0,718.0,undefined,"(7, 1)",right,1.0,right,up,right,True,right,288.56999999993604,1135.0454857142856,182.35182857142854,403.9551509059595,none,False,1.0,right,up,right,261.70999999999367,none,False,1.0,right,up
110,RTL,Arabic,20,3,6,006.png,007.png,-267,154,267,-154,007.png,292.0,704.0,undefined,"(8, 2)",right,2.0,right,up,right,True,right,328.25000000002547,1356.14352,382.82867999999996,388.8075940725701,none,False,2.0,right,up,right,281.1299999998482,none,False,2.0,right,up
110,RTL,Arabic,21,3,3,008.png,009.png,-154,-267,154,267,008.png,229.0,736.0,undefined,"(11, 5)",left,11.0,left,up,right,False,left,227.41999999993823,784.986624,245.05113599999999,364.54027646026873,none,False,11.0,left,up,left,214.34999999996762,none,False,11.0,left,up
110,RTL,Arabic,22,3,1,010.png,011.png,-308,0,308,0,010.png,261.0,3592.0,undefined,"(9, 3)",left,9.0,left,,right,False,left,301.3899999998557,559.3540571428572,503.0740285714286,366.4172387253016,none,False,9.0,left,,left,247.80999999984488,none,False,9.0,left,
110,RTL,Arabic,23,3,4,012.png,013.png,0,-308,0,308,012.png,65.0,1210.0,undefined,"(12, 6)",left,12.0,,up,right,False,left,234.01000000012573,913.0985142857143,146.29757142857144,414.99566459885995,none,False,12.0,,up,left,53.340000000162036,first_fix_anticipatory,True,,,
110,RTL,Arabic,24,3,2,014.png,015.png,-267,-154,267,154,014.png,224.0,970.0,undefined,"(10, 4)",left,10.0,left,up,right,False,left,241.20999999991,630.3374048780488,374.0284975609756,411.4578154794046,none,False,10.0,left,up,left,214.46999999989202,none,False,10.0,left,up
110,RTL,Arabic,25,4,1,000.png,001.png,-308,0,308,0,000.png,225.0,573.0,undefined,"(9, 3)",left,9.0,left,,right,False,left,240.96000000008644,604.850440677966,531.2856813559322,369.03623784150153,none,False,9.0,left,,left,214.350000000195,none,False,9.0,left,
110,RTL,Arabic,26,4,4,002.png,003.png,0,-308,0,308,002.png,221.0,828.0,undefined,"(12, 6)",left,12.0,,up,right,False,left,227.7799999999388,960.8179200000001,156.55834285714286,385.5591096448074,none,False,12.0,,up,left,207.63999999985572,none,False,12.0,,up
110,RTL,Arabic,27,4,6,004.png,005.png,-267,154,267,-154,004.png,278.0,724.0,undefined,"(8, 2)",left,8.0,left,down,right,False,left,301.640000000134,638.253501369863,709.4312876712329,407.3392480986746,none,False,8.0,left,down,left,268.07000000007974,none,False,8.0,left,down
110,RTL,Arabic,28,4,3,006.png,007.png,-154,-267,154,267,006.png,44.0,446.0,undefined,"(11, 5)",left,11.0,left,up,right,False,left,240.9700000000612,781.9431529411764,152.10910588235296,383.8479996931016,none,False,11.0,left,up,left,26.610000000118816,first_fix_anticipatory,True,,,
110,RTL,Arabic,29,4,2,008.png,009.png,-267,-154,267,154,008.png,258.0,724.0,undefined,"(10, 4)",left,10.0,left,up,right,False,left,261.09999999994216,614.4702171428572,370.07681142857143,470.5084001446945,none,False,10.0,left,up,left,247.8000000000975,none,False,10.0,left,up
110,RTL,Arabic,30,4,5,010.png,011.png,-154,267,154,-267,011.png,261.0,719.0,undefined,"(7, 1)",right,1.0,right,up,right,True,right,287.3500000000604,1129.3152,142.128,362.7847705397073,none,False,1.0,right,up,right,247.56000000002132,none,False,1.0,right,up
110,RTL,Arabic,31,5,4,012.png,013.png,0,-308,0,308,013.png,93.0,379.0,undefined,"(12, 6)",right,6.0,,down,right,True,left,341.5499999998701,957.477775609756,125.04503414634148,381.984612817587,none,False,12.0,,up,right,80.07999999995263,none,False,6.0,,down
110,RTL,Arabic,32,5,6,014.png,015.png,-267,154,267,-154,014.png,275.0,439.0,undefined,"(8, 2)",left,8.0,left,down,right,False,left,294.92999999979475,615.6243063829787,702.3984510638298,380.74647110923513,none,False,8.0,left,down,left,268.30999999992855,none,False,8.0,left,down
110,RTL,Arabic,33,5,2,000.png,001.png,-267,-154,267,154,000.png,11.0,1162.0,undefined,"(10, 4)",left,10.0,left,up,right,False,left,200.9299999999712,680.6953411764705,244.92049411764708,406.30408222451047,none,False,10.0,left,up,left,0.0,first_fix_anticipatory,True,,,
110,RTL,Arabic,34,5,1,002.png,003.png,-308,0,308,0,002.png,224.0,483.0,undefined,"(9, 3)",left,9.0,left,,right,False,left,247.67999999994572,579.7529302325581,475.5644372093023,385.667960581223,none,False,9.0,left,,left,214.22999999981585,none,False,9.0,left,
110,RTL,Arabic,35,5,5,004.png,005.png,-154,267,154,-267,005.png,252.0,980.0,undefined,"(7, 1)",right,1.0,right,up,right,True,right,261.2299999998413,1160.895319148936,181.09899574468085,427.61219202249094,none,False,1.0,right,up,right,241.0899999999856,none,False,1.0,right,up
110,RTL,Arabic,36,5,3,006.png,007.png,-154,-267,154,267,006.png,98.0,685.0,undefined,"(11, 5)",left,11.0,left,up,right,False,left,261.4699999999175,739.94592,188.8866,335.5256130338864,none,False,11.0,left,up,left,87.16000000003987,none,False,11.0,left,up
110,RTL,Arabic,37,6,1,008.png,009.png,-308,0,308,0,008.png,236.0,630.0,undefined,"(9, 3)",left,9.0,left,,right,False,left,248.04999999969368,574.6834285714285,449.5382742857143,449.66180106060676,none,False,9.0,left,,left,221.1899999997513,none,False,9.0,left,
110,RTL,Arabic,38,6,6,010.png,011.png,-267,154,267,-154,011.png,255.0,526.0,undefined,"(8, 2)",right,2.0,right,up,right,True,right,274.4199999997363,1281.4314,341.9344125,396.62912591132175,none,False,2.0,right,up,right,240.96999999983382,none,False,2.0,right,up
110,RTL,Arabic,39,6,4,012.png,013.png,0,-308,0,308,012.png,229.0,459.0,undefined,"(12, 6)",left,12.0,,up,right,False,left,234.3799999998737,950.8785230769231,166.6764,410.13577253217545,none,False,12.0,,up,left,214.35999999994237,none,False,12.0,,up
110,RTL,Arabic,40,6,5,014.png,015.png,-154,267,154,-267,015.png,229.0,718.0,undefined,"(7, 1)",right,1.0,right,up,right,True,right,234.38000000032844,1088.4804923076924,251.47384615384618,332.6011128257842,none,False,1.0,right,up,right,213.87000000004264,none,False,1.0,right,up
110,RTL,Arabic,41,6,2,000.png,001.png,-267,-154,267,154,000.png,220.0,457.0,undefined,"(10, 4)",left,10.0,left,up,right,False,left,248.0399999999463,604.4391384615385,342.18664615384614,356.6688966429605,none,False,10.0,left,up,left,208.00999999983105,none,False,10.0,left,up
110,RTL,Arabic,42,6,3,002.png,003.png,-154,-267,154,267,002.png,214.0,657.0,undefined,"(11, 5)",left,11.0,left,up,right,False,left,234.12999999982276,762.2646153846154,177.37033846153847,394.2310390399292,none,False,11.0,left,up,left,207.27999999962776,none,False,11.0,left,up
110,RTL,Arabic,43,7,3,004.png,005.png,-154,-267,154,267,004.png,223.0,903.0,undefined,"(11, 5)",left,11.0,left,up,right,False,left,234.62000000017724,766.3593795918367,195.07488979591835,372.08670327063834,none,False,11.0,left,up,left,214.60000000024593,none,False,11.0,left,up
110,RTL,Arabic,44,7,1,006.png,007.png,-308,0,308,0,006.png,252.0,394.0,undefined,"(9, 3)",left,9.0,left,,right,False,left,274.6600000000399,547.1554723404255,545.8191319148937,421.84857961259263,none,False,9.0,left,,left,240.729999999985,none,False,9.0,left,
110,RTL,Arabic,45,7,6,008.png,009.png,-267,154,267,-154,008.png,299.0,424.0,undefined,"(8, 2)",left,8.0,left,down,right,False,left,321.5300000001662,597.2379042253522,707.1157014084508,401.6715706274822,none,False,8.0,left,down,left,294.6799999999712,none,False,8.0,left,down
110,RTL,Arabic,46,7,5,010.png,011.png,-154,267,154,-267,010.png,265.0,773.0,undefined,"(7, 1)",left,7.0,left,down,right,False,left,288.32999999985987,717.8815999999999,803.9006400000001,344.8773697488687,none,False,7.0,left,down,left,254.14999999975407,none,False,7.0,left,down
110,RTL,Arabic,47,7,2,012.png,013.png,-267,-154,267,154,012.png,226.0,346.0,undefined,"(10, 4)",left,10.0,left,up,right,False,left,248.0399999999463,635.6603076923077,336.0442153846154,383.1373097002244,none,False,10.0,left,up,left,221.19000000020606,none,False,10.0,left,up
110,RTL,Arabic,48,7,4,014.png,015.png,0,-308,0,308,014.png,254.0,585.0,undefined,"(12, 6)",left,12.0,,up,right,False,left,268.0599999998776,964.5095225806452,148.97171612903225,406.4995458429847,none,False,12.0,,up,left,241.20999999968262,none,False,12.0,,up
111,RTL,Farsi,1,0,5,000.png,001.png,-154,267,154,-267,001.png,356.29380005411804,9275.076400022954,undefined,"(7, 1)",right,1.0,right,up,right,True,right,381.1600000000226,1098.5569959183674,234.41686530612245,383.1738159272708,none,False,1.0,right,up,right,341.61000000000286,none,False,1.0,right,up
111,RTL,Farsi,2,0,6,002.png,003.png,-267,154,267,-154,003.png,305.7221000781283,10406.797599978743,undefined,"(8, 2)",right,2.0,right,up,right,True,right,348.81999999998925,1285.5721411764705,314.4844058823529,387.4403194663672,none,False,2.0,right,up,right,301.87999999998283,none,False,2.0,right,up
111,RTL,Farsi,3,0,1,004.png,005.png,-308,0,308,0,005.png,240.17169990111145,2049.3850000202656,undefined,"(9, 3)",right,3.0,right,,right,True,right,267.5800000000095,1312.66336,462.76901999999995,361.0208716379844,none,False,3.0,right,,right,234.38000000004422,none,False,3.0,right,
111,RTL,Farsi,4,0,4,006.png,007.png,0,-308,0,308,006.png,208.44600000418723,1862.6192000228912,undefined,"(12, 6)",left,12.0,,up,right,False,left,221.53000000002976,954.375724137931,197.32270344827583,368.7422870662401,none,False,12.0,,up,left,201.14000000000942,none,False,12.0,,up
111,RTL,Farsi,5,0,3,008.png,009.png,-154,-267,154,267,008.png,217.06840000115335,1673.971900017932,undefined,"(11, 5)",left,11.0,left,up,right,False,left,274.2300000000455,750.3684196721312,174.50250491803277,331.31470519951563,none,False,11.0,left,up,left,207.7600000000075,none,False,11.0,left,up
111,RTL,Farsi,6,0,2,010.png,011.png,-267,-154,267,154,010.png,213.85669999290255,1563.4560999460518,undefined,"(10, 4)",left,10.0,left,up,right,False,left,241.30000000002383,668.7195428571429,321.03906428571435,372.3971351472266,none,False,10.0,left,up,left,207.5800000000072,none,False,10.0,left,up
111,RTL,Farsi,7,1,6,012.png,013.png,-267,154,267,-154,012.png,263.1022999994457,1609.3412999762222,undefined,"(8, 2)",left,8.0,left,down,right,False,left,274.47999999998274,673.1734588235295,599.0839411764706,409.44513408369227,none,False,8.0,left,down,left,248.0199999999968,none,False,8.0,left,down
111,RTL,Farsi,8,1,1,014.png,015.png,-308,0,308,0,014.png,230.6700999615714,1876.7607000190765,undefined,"(9, 3)",left,9.0,left,,right,False,left,254.54999999999472,599.42328,495.49360499999995,364.59308997585015,none,False,9.0,left,,left,221.06999999999744,none,False,9.0,left,
111,RTL,Farsi,9,1,3,000.png,001.png,-154,-267,154,267,000.png,252.15600000228733,1532.1248000254857,undefined,"(11, 5)",left,11.0,left,up,right,False,left,281.03999999996176,817.4976,271.7515636363637,370.9768511660827,none,False,11.0,left,up,left,247.34999999998308,none,False,11.0,left,up
111,RTL,Farsi,10,1,2,002.png,003.png,-267,-154,267,154,002.png,219.8094999184832,1907.1453999495136,undefined,"(10, 4)",left,10.0,left,up,right,False,left,248.23000000003503,592.53408,332.03439,419.12069598967184,none,False,10.0,left,up,left,214.48000000009415,none,False,10.0,left,up
111,RTL,Farsi,11,1,5,004.png,005.png,-154,267,154,-267,005.png,235.24629999883473,1606.4900000346825,undefined,"(7, 1)",right,1.0,right,up,right,True,right,261.24000000004344,1129.9909224489795,171.57122448979592,392.9202448095207,none,False,1.0,right,up,right,227.84999999998945,none,False,1.0,right,up
111,RTL,Farsi,12,1,4,006.png,007.png,0,-308,0,308,006.png,7.866100058890879,1429.51130005531,undefined,"(12, 6)",left,12.0,,up,right,False,left,268.18999999989046,982.4210285714285,147.48814285714286,392.24862337252114,none,False,12.0,,up,left,100.70999999993546,none,False,12.0,,up
111,RTL,Farsi,13,2,3,008.png,009.png,-154,-267,154,267,008.png,261.5007000276819,1367.8859000792727,undefined,"(11, 5)",left,11.0,left,up,right,False,left,281.4300000000003,741.7845677419355,207.7418322580645,346.0142214075876,none,False,11.0,left,up,left,248.05000000003474,none,False,11.0,left,up
111,RTL,Farsi,14,2,5,010.png,011.png,-154,267,154,-267,011.png,54.076300002634525,1379.4905999675393,undefined,"(7, 1)",right,1.0,right,up,right,True,right,307.79999999992924,1147.004,224.27955000000003,431.15374843544276,none,False,1.0,right,up,right,40.21999999997661,first_fix_anticipatory,True,,,
111,RTL,Farsi,15,2,1,012.png,013.png,-308,0,308,0,013.png,311.85129994992167,1354.467900004238,undefined,"(9, 3)",right,3.0,right,,right,True,right,327.94000000001233,1321.5134896551724,402.7632827586207,386.9746149241695,none,False,3.0,right,,right,301.46000000002005,none,False,3.0,right,
111,RTL,Farsi,16,2,2,014.png,015.png,-267,-154,267,154,014.png,222.78640000149608,3700.099700014107,undefined,"(10, 4)",left,10.0,left,up,right,False,left,261.1699999999928,597.5172413793105,354.4757379310345,371.3295465115842,none,False,10.0,left,up,left,221.0099999999784,none,False,10.0,left,up
111,RTL,Farsi,17,2,4,000.png,001.png,0,-308,0,308,000.png,231.38209991157055,4418.708899989724,undefined,"(12, 6)",left,12.0,,up,right,False,left,254.63999999999487,997.0948363636364,82.62957272727273,435.65970785638103,none,False,12.0,,up,left,221.13000000001648,none,False,12.0,,up
111,RTL,Farsi,18,2,6,002.png,003.png,-267,154,267,-154,003.png,219.73199991043657,2461.328399949707,undefined,"(8, 2)",right,2.0,right,up,right,True,right,214.29999999998017,1121.9057454545455,364.1971090909091,398.2195474797002,none,False,2.0,right,up,right,207.94999999998254,none,False,2.0,right,up
111,RTL,Farsi,19,3,5,004.png,005.png,-154,267,154,-267,005.png,201.47410000208765,1580.7216999819502,undefined,"(7, 1)",right,1.0,right,up,right,True,right,221.55999999995402,1228.4536615384616,106.43773846153847,417.7596692414385,none,False,1.0,right,up,right,194.70000000001164,none,False,1.0,right,up
111,RTL,Farsi,20,3,1,006.png,007.png,-308,0,308,0,007.png,218.79529999569056,1601.834399974905,undefined,"(9, 3)",right,3.0,right,,right,True,right,254.45000000001983,1344.7488,549.7328,392.9062273066102,none,False,3.0,right,,right,214.47999999998046,none,False,3.0,right,
111,RTL,Farsi,21,3,2,008.png,009.png,-267,-154,267,154,008.png,231.70930007472631,1748.2200999511406,undefined,"(10, 4)",left,10.0,left,up,right,False,left,208.12999999998283,784.7336727272727,489.65138181818185,362.47132865949885,none,False,10.0,left,up,left,228.33000000002812,none,False,10.0,left,up
111,RTL,Farsi,22,3,3,010.png,011.png,-154,-267,154,267,010.png,224.79599993675947,1727.0325999706984,undefined,"(11, 5)",left,11.0,left,up,right,False,left,234.37999999998738,953.5584,317.64300000000003,351.2697263584428,none,False,11.0,left,up,left,214.35999999994237,none,False,11.0,left,up
111,RTL,Farsi,23,3,6,012.png,013.png,-267,154,267,-154,013.png,304.67049998696893,1780.9922999003902,undefined,"(8, 2)",right,2.0,right,up,right,True,right,334.7199999999475,1319.5638857142858,311.87512653061225,388.02355168810874,none,False,2.0,right,up,right,294.7399999999334,none,False,2.0,right,up
111,RTL,Farsi,24,3,4,014.png,015.png,0,-308,0,308,014.png,218.23990007396787,2338.7806999962777,undefined,"(12, 6)",left,12.0,,up,right,False,left,234.50000000002547,981.9001599999999,178.46208000000001,382.82702167609307,none,False,12.0,,up,left,207.7000000000453,none,False,12.0,,up
111,RTL,Farsi,25,4,5,000.png,001.png,-154,267,154,-267,001.png,225.1742000225931,1486.1386999255046,undefined,"(7, 1)",right,1.0,right,up,right,True,right,254.56999999994423,1191.365389473684,189.58433684210524,419.90603762353385,none,False,1.0,right,up,right,214.83999999998105,none,False,1.0,right,up
111,RTL,Farsi,26,4,2,002.png,003.png,-267,-154,267,154,002.png,240.4726000968367,1331.9131000898778,undefined,"(10, 4)",left,10.0,left,up,right,False,left,254.40000000003238,693.54176,292.54283999999996,403.2762191216636,none,False,10.0,left,up,left,234.2599999999493,none,False,10.0,left,up
111,RTL,Farsi,27,4,1,004.png,005.png,-308,0,308,0,005.png,222.97200001776216,4288.225300027989,undefined,"(9, 3)",right,3.0,right,,right,True,right,241.26999999998588,1349.4733395348837,506.77693953488375,390.30696888174714,none,False,3.0,right,,right,214.23000000004322,none,False,3.0,right,
111,RTL,Farsi,28,4,4,006.png,007.png,0,-308,0,308,007.png,11.86910003889352,1447.0094999996943,undefined,"(12, 6)",right,6.0,,down,right,True,left,221.0699999999406,981.7583020408164,247.17298775510204,383.9282125019238,none,False,12.0,,up,right,0.0,first_fix_anticipatory,True,,,
111,RTL,Farsi,29,4,3,008.png,009.png,-154,-267,154,267,009.png,11.372200096957386,2294.6708999807015,undefined,"(11, 5)",right,5.0,right,down,right,True,right,73.97000000003118,979.2587294117648,694.3237411764705,393.65076863200744,first_fix_anticipatory,True,,,,right,0.0,first_fix_anticipatory,True,,,
111,RTL,Farsi,30,4,6,010.png,011.png,-267,154,267,-154,011.png,213.51349994074553,3380.672400002368,undefined,"(8, 2)",right,2.0,right,up,right,True,right,267.9399999999532,1293.1034181818181,294.67554545454544,392.8044572273552,none,False,2.0,right,up,right,200.50000000003365,none,False,2.0,right,up
111,RTL,Farsi,31,5,3,012.png,013.png,-154,-267,154,267,012.png,245.68699998781085,1271.799899986945,undefined,"(11, 5)",left,11.0,left,up,right,False,left,268.42999999996664,800.0630857142858,198.8472857142857,422.08361301869866,none,False,11.0,left,up,left,234.86000000002605,none,False,11.0,left,up
111,RTL,Farsi,32,5,1,014.png,015.png,-308,0,308,0,015.png,256.69989991001785,1816.9966000132265,undefined,"(9, 3)",right,3.0,right,,right,True,right,294.7399999999334,1355.9721931034483,481.77608275862065,381.29396516312613,none,False,3.0,right,,right,247.56000000002132,none,False,3.0,right,
111,RTL,Farsi,33,5,5,000.png,001.png,-154,267,154,-267,001.png,273.97280000150204,3024.7747000539675,undefined,"(7, 1)",right,1.0,right,up,right,True,right,274.6599999999262,1183.4061913043479,216.35945217391307,383.7699796233947,none,False,1.0,right,up,right,267.9399999999532,none,False,1.0,right,up
111,RTL,Farsi,34,5,4,002.png,003.png,0,-308,0,308,002.png,204.1113000595942,1273.6717000370843,undefined,"(12, 6)",left,12.0,,up,right,False,left,221.13000000001648,1019.9475,161.41680000000002,417.4773761734771,none,False,12.0,,up,left,187.6800000000003,none,False,12.0,,up
111,RTL,Farsi,35,5,2,004.png,005.png,-267,-154,267,154,005.png,388.94460001029074,1383.8482999708503,undefined,"(10, 4)",right,4.0,right,down,right,True,right,388.4900000000471,1265.1688421052631,859.7865789473684,438.38870594573325,none,False,4.0,right,down,right,375.0,none,False,4.0,right,down
111,RTL,Farsi,36,5,6,006.png,007.png,-267,154,267,-154,007.png,261.78539998363703,1405.064099933952,undefined,"(8, 2)",right,2.0,right,up,right,True,right,247.61999999998352,1197.3733161290322,330.93708387096774,385.82954994473903,none,False,2.0,right,up,right,247.61999999998352,none,False,2.0,right,up
111,RTL,Farsi,37,6,3,008.png,009.png,-154,-267,154,267,008.png,356.4752999227494,1987.061799969524,undefined,"(11, 5)",left,11.0,left,up,right,False,left,367.92000000002645,766.8311414634146,173.43930731707317,347.6370369765958,none,False,11.0,left,up,left,342.2800000000734,none,False,11.0,left,up
111,RTL,Farsi,38,6,6,010.png,011.png,-267,154,267,-154,011.png,225.72139999829233,1461.4975999575108,undefined,"(8, 2)",right,2.0,right,up,right,True,right,241.0300000000234,1239.9372,491.31495,372.44937115323245,none,False,2.0,right,up,right,214.6700000000692,none,False,2.0,right,up
111,RTL,Farsi,39,6,2,012.png,013.png,-267,-154,267,154,012.png,281.44910000264645,1419.535299995914,undefined,"(10, 4)",left,10.0,left,up,right,False,left,281.0699999999997,699.9276521739132,335.2545391304348,382.5151976240084,none,False,10.0,left,up,left,267.4500000000535,none,False,10.0,left,up
111,RTL,Farsi,40,6,1,014.png,015.png,-308,0,308,0,015.png,284.71450007054955,1911.3708999939263,undefined,"(9, 3)",right,3.0,right,,right,True,right,301.270000000045,1312.90272,485.69219999999996,378.3940609251571,none,False,3.0,right,,right,267.7000000001044,none,False,3.0,right,
111,RTL,Farsi,41,6,5,000.png,001.png,-154,267,154,-267,001.png,59.68230008147657,1243.9410999650136,undefined,"(7, 1)",right,1.0,right,up,right,True,right,321.90000000002783,1179.9327219512197,184.63706341463416,355.3013351460858,none,False,1.0,right,up,right,54.020000000036816,first_fix_anticipatory,True,,,
111,RTL,Farsi,42,6,4,002.png,003.png,0,-308,0,308,002.png,230.0453999778256,1496.3274999754503,undefined,"(12, 6)",left,12.0,,up,right,False,left,247.50000000005912,962.6013538461539,135.53030769230767,405.5348666584895,none,False,12.0,,up,left,220.82000000000335,none,False,12.0,,up
111,RTL,Farsi,43,7,6,004.png,005.png,-267,154,267,-154,005.png,213.55920005589724,1326.048200018704,undefined,"(8, 2)",right,2.0,right,up,right,True,right,234.62000000006356,1317.8869333333334,421.0161,394.6444291336551,none,False,2.0,right,up,right,201.10999999997148,none,False,2.0,right,up
111,RTL,Farsi,44,7,1,006.png,007.png,-308,0,308,0,007.png,362.9479999653995,1642.542399931699,undefined,"(9, 3)",right,3.0,right,,right,True,right,401.92000000001826,1350.885942857143,491.89397142857143,409.1448886320236,none,False,3.0,right,,right,355.0400000000309,none,False,3.0,right,
111,RTL,Farsi,45,7,5,008.png,009.png,-154,267,154,-267,009.png,190.8318999921903,1808.5593999130651,undefined,"(7, 1)",right,1.0,right,up,right,True,right,214.54000000005635,1160.0547555555554,272.8168,416.12344560166605,none,False,1.0,right,up,right,180.97000000000207,none,False,1.0,right,up
111,RTL,Farsi,46,7,2,010.png,011.png,-267,-154,267,154,011.png,326.49279991164804,3959.6509999828418,undefined,"(10, 4)",right,4.0,right,down,right,True,right,341.4299999999457,1281.242112,548.6512319999999,356.6409226500085,none,False,4.0,right,down,right,315.119999999979,none,False,4.0,right,down
111,RTL,Farsi,47,7,4,012.png,013.png,0,-308,0,308,012.png,218.67169998586175,1441.845600027591,undefined,"(12, 6)",left,12.0,,up,right,False,left,227.9600000000528,991.3102080000001,130.699872,427.4962685365045,none,False,12.0,,up,left,207.82000000008338,none,False,12.0,,up
111,RTL,Farsi,48,7,3,014.png,015.png,-154,-267,154,267,015.png,21.30860008765012,1421.267000027001,undefined,"(11, 5)",right,5.0,right,down,right,True,left,247.81000000007225,829.8020571428572,252.15685714285715,401.94179709984155,none,False,11.0,left,up,right,6.660000000010768,first_fix_anticipatory,True,,,
