"BLOCK_SIZE","DEADLINE_MS","NUM_BLOCKS","acc","accuracy","average_response_time","avg_rt","background","block_index","canvas_backend","central_fixation","clock_backend","color_backend","coordinates","correct","correct_Circle","correct_response_prompt","count_Circle","count_calibration_note","count_epilogue","count_experiment","count_fixation","count_fixation_cross_inline_script","count_goodbye","count_init_experiment","count_instructions","count_iti","count_language_selection","count_log_trial","count_new_1_pygaze_log","count_new_1_sketchpad","count_new_2_pygaze_log","count_new_advanced_delay","count_new_pygaze_init","count_new_pygaze_log","count_new_pygaze_start_recording","count_new_pygaze_stop_recording","count_new_sketchpad","count_position_randomization_inline_script","count_prime_display","count_record_response","count_response_prompt","count_set_prime","count_stimulus_display","count_stimulus_positions_inline_script","count_trial_loop","count_trial_sequence","count_trigger_fixation","count_trigger_stimulus","count_welcome","d","datetime","delay_new_advanced_delay","description","disable_garbage_collection","experiment_file","experiment_path","first_fix_rt","first_fix_side","first_fix_x","first_fix_y","fixation_found","font_bold","font_family","font_italic","font_size","font_underline","foreground","form_clicks","fullscreen","group","gx","gy","height","idx","img_left","img_right","key","keyboard_backend","lang","live_row","live_row_trial_loop","logfile","margin","mouse_backend","mouse_simulation","onset","opensesame_codename","opensesame_version","pos","position","prime_condition","prime_index","prime_lang","prime_text","repeat_cycle","response","response_Circle","response_count","response_new_1_sketchpad","response_new_sketchpad","response_response_prompt","response_time","response_time_Circle","response_time_new_1_sketchpad","response_time_new_sketchpad","response_time_response_prompt","round_decimals","sampler_backend","seq","show_prime","sound_buf_size","sound_channels","sound_freq","sound_sample_size","start","subject_nr","subject_parity","t0","target_x_left","target_x_right","target_y_left","target_y_right","time_Circle","time_calibration_note","time_epilogue","time_experiment","time_fixation","time_fixation_cross_inline_script","time_goodbye","time_init_experiment","time_instructions","time_iti","time_language_selection","time_log_trial","time_new_1_pygaze_log","time_new_1_sketchpad","time_new_2_pygaze_log","time_new_advanced_delay","time_new_pygaze_init","time_new_pygaze_log","time_new_pygaze_start_recording","time_new_pygaze_stop_recording","time_new_sketchpad","time_position_randomization_inline_script","time_prime_display","time_record_response","time_response_prompt","time_set_prime","time_stimulus_display","time_stimulus_positions_inline_script","time_trial_loop","time_trial_sequence","time_trigger_fixation","time_trigger_stimulus","time_welcome","title","total_correct","total_response_time","total_responses","trial_nr","txt_calibration","txt_goodbye","txt_instructions","txt_response_prompt","txt_welcome","ui_language","width","xL","xR","x_left","x_right","yL","yR","y_left","y_right"
"6","5000","8","undefined","undefined","undefined","undefined","#1a1a1a","0","psycho","True","psycho","psycho","uniform","undefined","undefined","undefined","0","NA","0","0","0","0","0","0","0","NA","0","0","0","NA","0","0","0","0","0","0","NA","0","0","0","0","0","0","0","0","0","0","0","0","54.23936358423105","Wed Jul 15 09:55:43 2026","1000","The main experiment item","False","V7_AttentionalSpatialBias_.osexp","C:\Users\plcm\Desktop\2026-EyeTracking\group-bayes\Experiment","322.37709999026265","000.png","694.91712","590.82048","True","False","mono","False","18","no","white","no","yes","RTL","694.91712","590.82048","864","0","000.png","001.png","4","psycho","Farsi","0","0","C:\Users\plcm\Desktop\2026-EyeTracking\group-bayes\Experiment\subject-52.csv","150","psycho","no","93730.66690000996","Neonatal Nightingale","4.1.14","5","5","prime_1","1","RTL","تو یک مزرعه آفتابی، یک مادر اردک منتظر بود تا تخم‌هایش بشکنند. تخم‌ها یکی یکی شکستند و جوجه‌اردک‌های زرد و پفکی از آن‌ها بیرون آمدند. اما یک تخم که بزرگ‌تر بود شکستنش بیشتر طول کشید.","0","2","space","2","NA","NA","2","2888.5529000108363","2106.3495999987936","NA","NA","2888.5529000108363","2","psycho","5,6,2,4,1,3,3,6,4,5,2,1,6,2,5,1,4,3,6,3,5,2,1,4,1,5,3,6,4,2,2,3,1,5,6,4,6,2,3,1,4,5,5,4,1,2,3,6","True","1024","2","48000","-16","experiment","52","even","92.7013913999981","614.0","922.0","699.0","165.0","78521.48970001144","NA","NA","5633.935100006056","92701.32200000808","92701.37370000884","NA","13036.298999999417","54477.395200010506","NA","5634.138200010057","101636.38219999848","92684.36549999751","NA","92706.83239999926","92718.47300000081","15260.220600001048","98734.56070000248","80628.51819999923","NA","NA","80664.30240000773","80770.79370000865","101636.35590000194","98747.2615000006","80770.75250000053","93721.67110000737","93718.92150001077","80664.4329999981","80770.48880000075","93721.71750001144","93730.62810000556","13036.372600006871","Attentional Spatial Bias","0","0","0","1","اکنون چشم‌پیما را کالیبره می‌کنیم.<br><br>لطفاً نقطه متحرک را با چشمان خود دنبال کنید و سرتان را ثابت نگه دارید.<br><br>لطفاً منتظر بمانید.","از شرکت شما سپاسگزاریم!<br><br>آزمایش اکنون به پایان رسیده است.<br><br>لطفاً با آزمایشگر تماس بگیرید.","در این آزمایش، شما یک داستان کوتاه را که روی صفحه نمایش داده می‌شود، خواهید خواند.<br><br>لطفاً هر خط را با دقت بخوانید، زیرا در پایان آزمایش چند سؤال در مورد داستان از شما پرسیده خواهد شد.<br><br>پس از هر پاراگراف، یک جفت تصویر خواهید دید. به هر دو تصویر نگاه کنید و تعداد کل دایره‌ها را در دو تصویر بشمارید.<br><br>در صفحه بعد می‌توانید نمونه‌هایی از یک دایره صحیح و یک شکل نادرست را ببینید. فقط شکل‌هایی را بشمارید که با نمونه دایره صحیح مطابقت دارند.<br><br>برای شروع هر کلیدی را فشار دهید.","دایره شمارش شده را وارد کنید (۰-۳ را فشار دهید)","خوش آمدید! برای ادامه هر کلیدی را فشار دهید.","Farsi","1536","-154","154","-154","154","267","-267","267","-267"
"6","5000","8","undefined","undefined","undefined","undefined","#1a1a1a","0","psycho","True","psycho","psycho","uniform","undefined","undefined","undefined","0","NA","0","0","1","1","0","0","0","NA","0","1","1","NA","1","1","0","1","0","0","NA","0","1","1","1","1","1","1","0","1","1","1","0","76.5685198298935","Wed Jul 15 09:55:43 2026","1000","The main experiment item","False","V7_AttentionalSpatialBias_.osexp","C:\Users\plcm\Desktop\2026-EyeTracking\group-bayes\Experiment","238.97270001180004","002.png","638.7456","473.20416","True","False","mono","False","18","no","white","no","yes","RTL","638.7456","473.20416","864","0","002.png","003.png","4","psycho","Farsi","1","1","C:\Users\plcm\Desktop\2026-EyeTracking\group-bayes\Experiment\subject-52.csv","150","psycho","no","103065.22319999931","Neonatal Nightingale","4.1.14","6","6","no_prime_trial_2","2","RTL","","0","2","space","2","NA","NA","2","1493.7328999949386","2106.3495999987936","NA","NA","1493.7328999949386","2","psycho","5, 6, 2, 4, 1, 3, 3, 6, 4, 5, 2, 1, 6, 2, 5, 1, 4, 3, 6, 3, 5, 2, 1, 4, 1, 5, 3, 6, 4, 2, 2, 3, 1, 5, 6, 4, 6, 2, 3, 1, 4, 5, 5, 4, 1, 2, 3, 6","False","1024","2","48000","-16","experiment","52","even","101.75330150000809","501.0","1035.0","586.0","278.0","78521.48970001144","NA","NA","5633.935100006056","101753.14260000596","101753.26979999954","NA","13036.298999999417","54477.395200010506","NA","5634.138200010057","109572.5461000111","101741.39160000777","NA","102048.01340000995","102053.94910000905","15260.220600001048","108069.19160000689","80628.51819999923","NA","NA","80664.30240000773","101741.37060000794","109572.5092000066","108078.2329000067","101741.30710000463","103057.3538000026","103054.40090000047","80664.4329999981","101740.94280001009","103057.42520000786","103065.18679999863","13036.372600006871","Attentional Spatial Bias","0","0","0","2","اکنون چشم‌پیما را کالیبره می‌کنیم.<br><br>لطفاً نقطه متحرک را با چشمان خود دنبال کنید و سرتان را ثابت نگه دارید.<br><br>لطفاً منتظر بمانید.","از شرکت شما سپاسگزاریم!<br><br>آزمایش اکنون به پایان رسیده است.<br><br>لطفاً با آزمایشگر تماس بگیرید.","در این آزمایش، شما یک داستان کوتاه را که روی صفحه نمایش داده می‌شود، خواهید خواند.<br><br>لطفاً هر خط را با دقت بخوانید، زیرا در پایان آزمایش چند سؤال در مورد داستان از شما پرسیده خواهد شد.<br><br>پس از هر پاراگراف، یک جفت تصویر خواهید دید. به هر دو تصویر نگاه کنید و تعداد کل دایره‌ها را در دو تصویر بشمارید.<br><br>در صفحه بعد می‌توانید نمونه‌هایی از یک دایره صحیح و یک شکل نادرست را ببینید. فقط شکل‌هایی را بشمارید که با نمونه دایره صحیح مطابقت دارند.<br><br>برای شروع هر کلیدی را فشار دهید.","دایره شمارش شده را وارد کنید (۰-۳ را فشار دهید)","خوش آمدید! برای ادامه هر کلیدی را فشار دهید.","Farsi","1536","-267","267","-267","267","154","-154","154","-154"
"6","5000","8","undefined","undefined","undefined","undefined","#1a1a1a","0","psycho","True","psycho","psycho","uniform","undefined","undefined","undefined","0","NA","0","0","2","2","0","0","0","NA","0","2","2","NA","2","2","0","2","0","0","NA","0","2","2","2","2","2","2","0","2","2","2","0","29.864372634374902","Wed Jul 15 09:55:43 2026","1000","The main experiment item","False","V7_AttentionalSpatialBias_.osexp","C:\Users\plcm\Desktop\2026-EyeTracking\group-bayes\Experiment","261.4749999920605","004.png","637.31712","336.94272","True","False","mono","False","18","no","white","no","yes","RTL","637.31712","336.94272","864","0","004.png","005.png","4","psycho","Farsi","2","2","C:\Users\plcm\Desktop\2026-EyeTracking\group-bayes\Experiment\subject-52.csv","150","psycho","no","110735.35310001171","Neonatal Nightingale","4.1.14","2","2","no_prime_trial_3","3","RTL","","0","2","space","2","NA","NA","2","1206.9247999897925","2106.3495999987936","NA","NA","1206.9247999897925","2","psycho","5, 6, 2, 4, 1, 3, 3, 6, 4, 5, 2, 1, 6, 2, 5, 1, 4, 3, 6, 3, 5, 2, 1, 4, 1, 5, 3, 6, 4, 2, 2, 3, 1, 5, 6, 4, 6, 2, 3, 1, 4, 5, 5, 4, 1, 2, 3, 6","False","1024","2","48000","-16","experiment","52","even","109.71035269999993","501.0","1035.0","278.0","586.0","78521.48970001144","NA","NA","5633.935100006056","109710.24220000254","109710.32510000805","NA","13036.298999999417","54477.395200010506","NA","5634.138200010057","116956.71369999764","109698.87210000888","NA","109715.86789999856","109721.46520001115","15260.220600001048","115740.61110000184","80628.51819999923","NA","NA","80664.30240000773","109698.85300000897","116956.6874000011","115748.91770000977","109698.80700000795","110725.69960000692","110721.76410000247","80664.4329999981","109698.0101000081","110725.77160000219","110735.30890000984","13036.372600006871","Attentional Spatial Bias","0","0","0","3","اکنون چشم‌پیما را کالیبره می‌کنیم.<br><br>لطفاً نقطه متحرک را با چشمان خود دنبال کنید و سرتان را ثابت نگه دارید.<br><br>لطفاً منتظر بمانید.","از شرکت شما سپاسگزاریم!<br><br>آزمایش اکنون به پایان رسیده است.<br><br>لطفاً با آزمایشگر تماس بگیرید.","در این آزمایش، شما یک داستان کوتاه را که روی صفحه نمایش داده می‌شود، خواهید خواند.<br><br>لطفاً هر خط را با دقت بخوانید، زیرا در پایان آزمایش چند سؤال در مورد داستان از شما پرسیده خواهد شد.<br><br>پس از هر پاراگراف، یک جفت تصویر خواهید دید. به هر دو تصویر نگاه کنید و تعداد کل دایره‌ها را در دو تصویر بشمارید.<br><br>در صفحه بعد می‌توانید نمونه‌هایی از یک دایره صحیح و یک شکل نادرست را ببینید. فقط شکل‌هایی را بشمارید که با نمونه دایره صحیح مطابقت دارند.<br><br>برای شروع هر کلیدی را فشار دهید.","دایره شمارش شده را وارد کنید (۰-۳ را فشار دهید)","خوش آمدید! برای ادامه هر کلیدی را فشار دهید.","Farsi","1536","-267","267","-267","267","-154","154","-154","154"
"6","5000","8","undefined","undefined","undefined","undefined","#1a1a1a","0","psycho","True","psycho","psycho","uniform","undefined","undefined","undefined","0","NA","0","0","3","3","0","0","0","NA","0","3","3","NA","3","3","0","3","0","0","NA","0","3","3","3","3","3","3","0","3","3","3","0","27.458772866972765","Wed Jul 15 09:55:43 2026","1000","The main experiment item","False","V7_AttentionalSpatialBias_.osexp","C:\Users\plcm\Desktop\2026-EyeTracking\group-bayes\Experiment","27.568799996515736","007.png","801.3619199999999","607.53888","True","False","mono","False","18","no","white","no","yes","RTL","801.3619199999999","607.53888","864","0","006.png","007.png","4","psycho","Farsi","3","3","C:\Users\plcm\Desktop\2026-EyeTracking\group-bayes\Experiment\subject-52.csv","150","psycho","no","118119.61730000621","Neonatal Nightingale","4.1.14","4","4","no_prime_trial_4","4","RTL","","0","2","space","2","NA","NA","2","999.7214000031818","2106.3495999987936","NA","NA","999.7214000031818","2","psycho","5, 6, 2, 4, 1, 3, 3, 6, 4, 5, 2, 1, 6, 2, 5, 1, 4, 3, 6, 3, 5, 2, 1, 4, 1, 5, 3, 6, 4, 2, 2, 3, 1, 5, 6, 4, 6, 2, 3, 1, 4, 5, 5, 4, 1, 2, 3, 6","False","1024","2","48000","-16","experiment","52","even","117.09557010000572","768.0","768.0","124.0","740.0","78521.48970001144","NA","NA","5633.935100006056","117095.46700000647","117095.54480000224","NA","13036.298999999417","54477.395200010506","NA","5634.138200010057","124132.51010001113","117084.22670001164","NA","117101.08700000274","117106.84069999843","15260.220600001048","123124.34100000246","80628.51819999923","NA","NA","80664.30240000773","117084.19660000072","124132.47890000639","123132.15679999848","117084.12100000714","118110.6562000059","118107.54130000714","80664.4329999981","117082.98459999787","118110.70840001048","118119.58350001078","13036.372600006871","Attentional Spatial Bias","0","0","0","4","اکنون چشم‌پیما را کالیبره می‌کنیم.<br><br>لطفاً نقطه متحرک را با چشمان خود دنبال کنید و سرتان را ثابت نگه دارید.<br><br>لطفاً منتظر بمانید.","از شرکت شما سپاسگزاریم!<br><br>آزمایش اکنون به پایان رسیده است.<br><br>لطفاً با آزمایشگر تماس بگیرید.","در این آزمایش، شما یک داستان کوتاه را که روی صفحه نمایش داده می‌شود، خواهید خواند.<br><br>لطفاً هر خط را با دقت بخوانید، زیرا در پایان آزمایش چند سؤال در مورد داستان از شما پرسیده خواهد شد.<br><br>پس از هر پاراگراف، یک جفت تصویر خواهید دید. به هر دو تصویر نگاه کنید و تعداد کل دایره‌ها را در دو تصویر بشمارید.<br><br>در صفحه بعد می‌توانید نمونه‌هایی از یک دایره صحیح و یک شکل نادرست را ببینید. فقط شکل‌هایی را بشمارید که با نمونه دایره صحیح مطابقت دارند.<br><br>برای شروع هر کلیدی را فشار دهید.","دایره شمارش شده را وارد کنید (۰-۳ را فشار دهید)","خوش آمدید! برای ادامه هر کلیدی را فشار دهید.","Farsi","1536","0","0","0","0","-308","308","-308","308"
"6","5000","8","undefined","undefined","undefined","undefined","#1a1a1a","0","psycho","True","psycho","psycho","uniform","undefined","undefined","undefined","0","NA","0","0","4","4","0","0","0","NA","0","4","4","NA","4","4","0","4","0","0","NA","0","4","4","4","4","4","4","0","4","4","4","0","71.4193030713686","Wed Jul 15 09:55:43 2026","1000","The main experiment item","False","V7_AttentionalSpatialBias_.osexp","C:\Users\plcm\Desktop\2026-EyeTracking\group-bayes\Experiment","217.16149999701884","008.png","587.68896","365.04864","True","False","mono","False","18","no","white","no","yes","RTL","587.68896","365.04864","864","0","008.png","009.png","4","psycho","Farsi","4","4","C:\Users\plcm\Desktop\2026-EyeTracking\group-bayes\Experiment\subject-52.csv","150","psycho","no","125347.18840000278","Neonatal Nightingale","4.1.14","1","1","no_prime_trial_5","5","RTL","","0","1","space","1","NA","NA","1","1020.8356999937678","2106.3495999987936","NA","NA","1020.8356999937678","2","psycho","5, 6, 2, 4, 1, 3, 3, 6, 4, 5, 2, 1, 6, 2, 5, 1, 4, 3, 6, 3, 5, 2, 1, 4, 1, 5, 3, 6, 4, 2, 2, 3, 1, 5, 6, 4, 6, 2, 3, 1, 4, 5, 5, 4, 1, 2, 3, 6","False","1024","2","48000","-16","experiment","52","even","124.26970200000505","460.0","1076.0","432.0","432.0","78521.48970001144","NA","NA","5633.935100006056","124269.6059000009","124269.6821999998","NA","13036.298999999417","54477.395200010506","NA","5634.138200010057","131380.31069999852","124258.82270000875","NA","124329.66339999984","124335.26110000093","15260.220600001048","130350.1976000116","80628.51819999923","NA","NA","80664.30240000773","124258.80080000206","131380.2837999974","130358.94400000689","124258.7468999991","125338.1750999979","125335.3810999979","80664.4329999981","124258.21110000834","125338.2183000067","125347.14850000455","13036.372600006871","Attentional Spatial Bias","0","0","0","5","اکنون چشم‌پیما را کالیبره می‌کنیم.<br><br>لطفاً نقطه متحرک را با چشمان خود دنبال کنید و سرتان را ثابت نگه دارید.<br><br>لطفاً منتظر بمانید.","از شرکت شما سپاسگزاریم!<br><br>آزمایش اکنون به پایان رسیده است.<br><br>لطفاً با آزمایشگر تماس بگیرید.","در این آزمایش، شما یک داستان کوتاه را که روی صفحه نمایش داده می‌شود، خواهید خواند.<br><br>لطفاً هر خط را با دقت بخوانید، زیرا در پایان آزمایش چند سؤال در مورد داستان از شما پرسیده خواهد شد.<br><br>پس از هر پاراگراف، یک جفت تصویر خواهید دید. به هر دو تصویر نگاه کنید و تعداد کل دایره‌ها را در دو تصویر بشمارید.<br><br>در صفحه بعد می‌توانید نمونه‌هایی از یک دایره صحیح و یک شکل نادرست را ببینید. فقط شکل‌هایی را بشمارید که با نمونه دایره صحیح مطابقت دارند.<br><br>برای شروع هر کلیدی را فشار دهید.","دایره شمارش شده را وارد کنید (۰-۳ را فشار دهید)","خوش آمدید! برای ادامه هر کلیدی را فشار دهید.","Farsi","1536","-308","308","-308","308","0","0","0","0"
"6","5000","8","undefined","undefined","undefined","undefined","#1a1a1a","0","psycho","True","psycho","psycho","uniform","undefined","undefined","undefined","0","NA","0","0","5","5","0","0","0","NA","0","5","5","NA","5","5","0","5","0","0","NA","0","5","5","5","5","5","5","0","5","5","5","0","12.695284062989751","Wed Jul 15 09:55:43 2026","1000","The main experiment item","False","V7_AttentionalSpatialBias_.osexp","C:\Users\plcm\Desktop\2026-EyeTracking\group-bayes\Experiment","200.4839000001084","010.png","751.04256","313.94304","True","False","mono","False","18","no","white","no","yes","RTL","751.04256","313.94304","864","0","010.png","011.png","4","psycho","Farsi","5","5","C:\Users\plcm\Desktop\2026-EyeTracking\group-bayes\Experiment\subject-52.csv","150","psycho","no","132916.39540001052","Neonatal Nightingale","4.1.14","3","3","no_prime_trial_6","6","RTL","","0","2","space","2","NA","NA","2","925.6023000052664","2106.3495999987936","NA","NA","925.6023000052664","2","psycho","5, 6, 2, 4, 1, 3, 3, 6, 4, 5, 2, 1, 6, 2, 5, 1, 4, 3, 6, 3, 5, 2, 1, 4, 1, 5, 3, 6, 4, 2, 2, 3, 1, 5, 6, 4, 6, 2, 3, 1, 4, 5, 5, 4, 1, 2, 3, 6","False","1024","2","48000","-16","experiment","52","even","131.50062099999923","614.0","922.0","165.0","699.0","78521.48970001144","NA","NA","5633.935100006056","131500.4759000003","131500.59360000887","NA","13036.298999999417","54477.395200010506","NA","5634.138200010057","138852.34340000898","131488.92530000012","NA","131898.23000000615","131903.96750000946","15260.220600001048","137917.50789999787","80628.51819999923","NA","NA","80664.30240000773","131488.89600000985","138852.31719999865","137926.21879999933","131488.82910000975","132907.16420000535","132904.0445999999","80664.4329999981","131488.16150000494","132907.2157000046","132916.3644000073","13036.372600006871","Attentional Spatial Bias","0","0","0","6","اکنون چشم‌پیما را کالیبره می‌کنیم.<br><br>لطفاً نقطه متحرک را با چشمان خود دنبال کنید و سرتان را ثابت نگه دارید.<br><br>لطفاً منتظر بمانید.","از شرکت شما سپاسگزاریم!<br><br>آزمایش اکنون به پایان رسیده است.<br><br>لطفاً با آزمایشگر تماس بگیرید.","در این آزمایش، شما یک داستان کوتاه را که روی صفحه نمایش داده می‌شود، خواهید خواند.<br><br>لطفاً هر خط را با دقت بخوانید، زیرا در پایان آزمایش چند سؤال در مورد داستان از شما پرسیده خواهد شد.<br><br>پس از هر پاراگراف، یک جفت تصویر خواهید دید. به هر دو تصویر نگاه کنید و تعداد کل دایره‌ها را در دو تصویر بشمارید.<br><br>در صفحه بعد می‌توانید نمونه‌هایی از یک دایره صحیح و یک شکل نادرست را ببینید. فقط شکل‌هایی را بشمارید که با نمونه دایره صحیح مطابقت دارند.<br><br>برای شروع هر کلیدی را فشار دهید.","دایره شمارش شده را وارد کنید (۰-۳ را فشار دهید)","خوش آمدید! برای ادامه هر کلیدی را فشار دهید.","Farsi","1536","-154","154","-154","154","-267","267","-267","267"
"6","5000","8","undefined","undefined","undefined","undefined","#1a1a1a","1","psycho","True","psycho","psycho","uniform","undefined","undefined","undefined","0","NA","0","0","6","6","0","0","0","NA","0","6","6","NA","6","6","0","6","0","0","NA","0","6","6","6","6","6","6","0","6","6","6","0","75.94241166155311","Wed Jul 15 09:55:43 2026","1000","The main experiment item","False","V7_AttentionalSpatialBias_.osexp","C:\Users\plcm\Desktop\2026-EyeTracking\group-bayes\Experiment","223.35270000621676","012.png","712.6886400000001","277.46495999999996","True","False","mono","False","18","no","white","no","yes","RTL","712.6886400000001","277.46495999999996","864","1","012.png","013.png","4","psycho","Farsi","6","6","C:\Users\plcm\Desktop\2026-EyeTracking\group-bayes\Experiment\subject-52.csv","150","psycho","no","150200.45519999985","Neonatal Nightingale","4.1.14","3","3","prime_2","7","RTL","از آخرین تخم، یک پرنده بزرگ خاکستری بیرون آمد. او از بقیه متفاوت به نظر می‌رسید. جوجه‌اردک‌‌ها به او خندیدند و او را جوجه‌اردک زشت صدا کردند. او که غمگین و تنها بود، از مزرعه فرار کرد.","0","1","space","1","NA","NA","1","993.790499996976","2106.3495999987936","NA","NA","993.790499996976","2","psycho","5, 6, 2, 4, 1, 3, 3, 6, 4, 5, 2, 1, 6, 2, 5, 1, 4, 3, 6, 3, 5, 2, 1, 4, 1, 5, 3, 6, 4, 2, 2, 3, 1, 5, 6, 4, 6, 2, 3, 1, 4, 5, 5, 4, 1, 2, 3, 6","True","1024","2","48000","-16","experiment","52","even","149.05586570000742","614.0","922.0","165.0","699.0","78521.48970001144","NA","NA","5633.935100006056","149055.6779000035","149055.80709999776","NA","13036.298999999417","54477.395200010506","NA","5634.138200010057","156204.31060000556","149044.2105000111","NA","149181.21999999858","149187.04200000502","15260.220600001048","155201.21420000214","80628.51819999923","NA","NA","80664.30240000773","138966.94120000757","156204.2805000092","155210.01560000877","138966.88960000756","150190.8693000005","150187.35990001005","80664.4329999981","138966.0217000055","150190.94010000117","150200.413700004","13036.372600006871","Attentional Spatial Bias","0","0","0","7","اکنون چشم‌پیما را کالیبره می‌کنیم.<br><br>لطفاً نقطه متحرک را با چشمان خود دنبال کنید و سرتان را ثابت نگه دارید.<br><br>لطفاً منتظر بمانید.","از شرکت شما سپاسگزاریم!<br><br>آزمایش اکنون به پایان رسیده است.<br><br>لطفاً با آزمایشگر تماس بگیرید.","در این آزمایش، شما یک داستان کوتاه را که روی صفحه نمایش داده می‌شود، خواهید خواند.<br><br>لطفاً هر خط را با دقت بخوانید، زیرا در پایان آزمایش چند سؤال در مورد داستان از شما پرسیده خواهد شد.<br><br>پس از هر پاراگراف، یک جفت تصویر خواهید دید. به هر دو تصویر نگاه کنید و تعداد کل دایره‌ها را در دو تصویر بشمارید.<br><br>در صفحه بعد می‌توانید نمونه‌هایی از یک دایره صحیح و یک شکل نادرست را ببینید. فقط شکل‌هایی را بشمارید که با نمونه دایره صحیح مطابقت دارند.<br><br>برای شروع هر کلیدی را فشار دهید.","دایره شمارش شده را وارد کنید (۰-۳ را فشار دهید)","خوش آمدید! برای ادامه هر کلیدی را فشار دهید.","Farsi","1536","-154","154","-154","154","-267","267","-267","267"
"6","5000","8","undefined","undefined","undefined","undefined","#1a1a1a","1","psycho","True","psycho","psycho","uniform","undefined","undefined","undefined","0","NA","0","0","7","7","0","0","0","NA","0","7","7","NA","7","7","0","7","0","0","NA","0","7","7","7","7","7","7","0","7","7","7","0","74.64564969794827","Wed Jul 15 09:55:43 2026","1000","The main experiment item","False","V7_AttentionalSpatialBias_.osexp","C:\Users\plcm\Desktop\2026-EyeTracking\group-bayes\Experiment","215.0997999997344","015.png","915.3024","349.72128000000004","True","False","mono","False","18","no","white","no","yes","RTL","915.3024","349.72128000000004","864","1","014.png","015.png","4","psycho","Farsi","7","7","C:\Users\plcm\Desktop\2026-EyeTracking\group-bayes\Experiment\subject-52.csv","150","psycho","no","157479.3944999983","Neonatal Nightingale","4.1.14","6","6","no_prime_trial_8","8","RTL","","0","1","space","1","NA","NA","1","1072.9633000009926","2106.3495999987936","NA","NA","1072.9633000009926","2","psycho","5, 6, 2, 4, 1, 3, 3, 6, 4, 5, 2, 1, 6, 2, 5, 1, 4, 3, 6, 3, 5, 2, 1, 4, 1, 5, 3, 6, 4, 2, 2, 3, 1, 5, 6, 4, 6, 2, 3, 1, 4, 5, 5, 4, 1, 2, 3, 6","False","1024","2","48000","-16","experiment","52","even","156.3529555999994","501.0","1035.0","586.0","278.0","78521.48970001144","NA","NA","5633.935100006056","156352.87200000312","156352.93410001032","NA","13036.298999999417","54477.395200010506","NA","5634.138200010057","163564.5160999993","156340.0721000071","NA","156462.93680000235","156468.44630000123","15260.220600001048","162483.5127999977","80628.51819999923","NA","NA","80664.30240000773","156340.05120000802","163564.4847000076","162490.8371000056","156339.99670000048","157471.92460000224","157468.664","80664.4329999981","156339.14229999937","157471.97080000478","157479.36520000803","13036.372600006871","Attentional Spatial Bias","0","0","0","8","اکنون چشم‌پیما را کالیبره می‌کنیم.<br><br>لطفاً نقطه متحرک را با چشمان خود دنبال کنید و سرتان را ثابت نگه دارید.<br><br>لطفاً منتظر بمانید.","از شرکت شما سپاسگزاریم!<br><br>آزمایش اکنون به پایان رسیده است.<br><br>لطفاً با آزمایشگر تماس بگیرید.","در این آزمایش، شما یک داستان کوتاه را که روی صفحه نمایش داده می‌شود، خواهید خواند.<br><br>لطفاً هر خط را با دقت بخوانید، زیرا در پایان آزمایش چند سؤال در مورد داستان از شما پرسیده خواهد شد.<br><br>پس از هر پاراگراف، یک جفت تصویر خواهید دید. به هر دو تصویر نگاه کنید و تعداد کل دایره‌ها را در دو تصویر بشمارید.<br><br>در صفحه بعد می‌توانید نمونه‌هایی از یک دایره صحیح و یک شکل نادرست را ببینید. فقط شکل‌هایی را بشمارید که با نمونه دایره صحیح مطابقت دارند.<br><br>برای شروع هر کلیدی را فشار دهید.","دایره شمارش شده را وارد کنید (۰-۳ را فشار دهید)","خوش آمدید! برای ادامه هر کلیدی را فشار دهید.","Farsi","1536","-267","267","-267","267","154","-154","154","-154"
"6","5000","8","undefined","undefined","undefined","undefined","#1a1a1a","1","psycho","True","psycho","psycho","uniform","undefined","undefined","undefined","0","NA","0","0","8","8","0","0","0","NA","0","8","8","NA","8","8","0","8","0","0","NA","0","8","8","8","8","8","8","0","8","8","8","0","41.53547426970827","Wed Jul 15 09:55:43 2026","1000","The main experiment item","False","V7_AttentionalSpatialBias_.osexp","C:\Users\plcm\Desktop\2026-EyeTracking\group-bayes\Experiment","246.6291999880923","000.png","818.11968","263.48544","True","False","mono","False","18","no","white","no","yes","RTL","818.11968","263.48544","864","1","000.png","001.png","4","psycho","Farsi","8","8","C:\Users\plcm\Desktop\2026-EyeTracking\group-bayes\Experiment\subject-52.csv","150","psycho","no","164711.1319000105","Neonatal Nightingale","4.1.14","4","4","no_prime_trial_9","9","RTL","","0","2","space","2","NA","NA","2","873.4472999931313","2106.3495999987936","NA","NA","873.4472999931313","2","psycho","5, 6, 2, 4, 1, 3, 3, 6, 4, 5, 2, 1, 6, 2, 5, 1, 4, 3, 6, 3, 5, 2, 1, 4, 1, 5, 3, 6, 4, 2, 2, 3, 1, 5, 6, 4, 6, 2, 3, 1, 4, 5, 5, 4, 1, 2, 3, 6","False","1024","2","48000","-16","experiment","52","even","163.6854832000099","768.0","768.0","124.0","740.0","78521.48970001144","NA","NA","5633.935100006056","163685.30930000998","163685.4491999984","NA","13036.298999999417","54477.395200010506","NA","5634.138200010057","170596.25740000047","163673.1249000004","NA","163690.95950000337","163696.81410001067","15260.220600001048","169713.5532000102","80628.51819999923","NA","NA","80664.30240000773","163673.10480000742","170596.22880000097","169722.322600006","163673.0505000014","164700.60820000072","164697.14899999963","80664.4329999981","163671.93820000102","164700.67830001062","164711.09589999833","13036.372600006871","Attentional Spatial Bias","0","0","0","9","اکنون چشم‌پیما را کالیبره می‌کنیم.<br><br>لطفاً نقطه متحرک را با چشمان خود دنبال کنید و سرتان را ثابت نگه دارید.<br><br>لطفاً منتظر بمانید.","از شرکت شما سپاسگزاریم!<br><br>آزمایش اکنون به پایان رسیده است.<br><br>لطفاً با آزمایشگر تماس بگیرید.","در این آزمایش، شما یک داستان کوتاه را که روی صفحه نمایش داده می‌شود، خواهید خواند.<br><br>لطفاً هر خط را با دقت بخوانید، زیرا در پایان آزمایش چند سؤال در مورد داستان از شما پرسیده خواهد شد.<br><br>پس از هر پاراگراف، یک جفت تصویر خواهید دید. به هر دو تصویر نگاه کنید و تعداد کل دایره‌ها را در دو تصویر بشمارید.<br><br>در صفحه بعد می‌توانید نمونه‌هایی از یک دایره صحیح و یک شکل نادرست را ببینید. فقط شکل‌هایی را بشمارید که با نمونه دایره صحیح مطابقت دارند.<br><br>برای شروع هر کلیدی را فشار دهید.","دایره شمارش شده را وارد کنید (۰-۳ را فشار دهید)","خوش آمدید! برای ادامه هر کلیدی را فشار دهید.","Farsi","1536","0","0","0","0","-308","308","-308","308"
"6","5000","8","undefined","undefined","undefined","undefined","#1a1a1a","1","psycho","True","psycho","psycho","uniform","undefined","undefined","undefined","0","NA","0","0","9","9","0","0","0","NA","0","9","9","NA","9","9","0","9","0","0","NA","0","9","9","9","9","9","9","0","9","9","9","0","85.4718937955162","Wed Jul 15 09:55:43 2026","1000","The main experiment item","False","V7_AttentionalSpatialBias_.osexp","C:\Users\plcm\Desktop\2026-EyeTracking\group-bayes\Experiment","275.34340000420343","003.png","909.6960000000001","156.384","True","False","mono","False","18","no","white","no","yes","RTL","909.6960000000001","156.384","864","1","002.png","003.png","4","psycho","Farsi","9","9","C:\Users\plcm\Desktop\2026-EyeTracking\group-bayes\Experiment\subject-52.csv","150","psycho","no","171765.10119999875","Neonatal Nightingale","4.1.14","5","5","no_prime_trial_10","10","RTL","","0","2","space","2","NA","NA","2","865.581399993971","2106.3495999987936","NA","NA","865.581399993971","2","psycho","5, 6, 2, 4, 1, 3, 3, 6, 4, 5, 2, 1, 6, 2, 5, 1, 4, 3, 6, 3, 5, 2, 1, 4, 1, 5, 3, 6, 4, 2, 2, 3, 1, 5, 6, 4, 6, 2, 3, 1, 4, 5, 5, 4, 1, 2, 3, 6","False","1024","2","48000","-16","experiment","52","even","170.7284772999992","614.0","922.0","699.0","165.0","78521.48970001144","NA","NA","5633.935100006056","170728.34840000723","170728.44250001071","NA","13036.298999999417","54477.395200010506","NA","5634.138200010057","177644.55370001087","170717.29980000237","NA","170744.97020000126","170750.45980000868","15260.220600001048","176770.5036999978","80628.51819999923","NA","NA","80664.30240000773","170717.2780999972","177644.51969999936","176778.2375000097","170717.22150000278","171754.59560001036","171751.00309999834","80664.4329999981","170716.31680001155","171754.64720001037","171765.06289999816","13036.372600006871","Attentional Spatial Bias","0","0","0","10","اکنون چشم‌پیما را کالیبره می‌کنیم.<br><br>لطفاً نقطه متحرک را با چشمان خود دنبال کنید و سرتان را ثابت نگه دارید.<br><br>لطفاً منتظر بمانید.","از شرکت شما سپاسگزاریم!<br><br>آزمایش اکنون به پایان رسیده است.<br><br>لطفاً با آزمایشگر تماس بگیرید.","در این آزمایش، شما یک داستان کوتاه را که روی صفحه نمایش داده می‌شود، خواهید خواند.<br><br>لطفاً هر خط را با دقت بخوانید، زیرا در پایان آزمایش چند سؤال در مورد داستان از شما پرسیده خواهد شد.<br><br>پس از هر پاراگراف، یک جفت تصویر خواهید دید. به هر دو تصویر نگاه کنید و تعداد کل دایره‌ها را در دو تصویر بشمارید.<br><br>در صفحه بعد می‌توانید نمونه‌هایی از یک دایره صحیح و یک شکل نادرست را ببینید. فقط شکل‌هایی را بشمارید که با نمونه دایره صحیح مطابقت دارند.<br><br>برای شروع هر کلیدی را فشار دهید.","دایره شمارش شده را وارد کنید (۰-۳ را فشار دهید)","خوش آمدید! برای ادامه هر کلیدی را فشار دهید.","Farsi","1536","-154","154","-154","154","267","-267","267","-267"
"6","5000","8","undefined","undefined","undefined","undefined","#1a1a1a","1","psycho","True","psycho","psycho","uniform","undefined","undefined","undefined","0","NA","0","0","10","10","0","0","0","NA","0","10","10","NA","10","10","0","10","0","0","NA","0","10","10","10","10","10","10","0","10","10","10","0","91.07167591621888","Wed Jul 15 09:55:43 2026","1000","The main experiment item","False","V7_AttentionalSpatialBias_.osexp","C:\Users\plcm\Desktop\2026-EyeTracking\group-bayes\Experiment","246.6573999990942","004.png","571.22304","268.45344","True","False","mono","False","18","no","white","no","yes","RTL","571.22304","268.45344","864","1","004.png","005.png","4","psycho","Farsi","10","10","C:\Users\plcm\Desktop\2026-EyeTracking\group-bayes\Experiment\subject-52.csv","150","psycho","no","178811.99790000392","Neonatal Nightingale","4.1.14","2","2","no_prime_trial_11","11","RTL","","0","2","space","2","NA","NA","2","533.3725000091363","2106.3495999987936","NA","NA","533.3725000091363","2","psycho","5, 6, 2, 4, 1, 3, 3, 6, 4, 5, 2, 1, 6, 2, 5, 1, 4, 3, 6, 3, 5, 2, 1, 4, 1, 5, 3, 6, 4, 2, 2, 3, 1, 5, 6, 4, 6, 2, 3, 1, 4, 5, 5, 4, 1, 2, 3, 6","False","1024","2","48000","-16","experiment","52","even","177.78451720000885","501.0","1035.0","278.0","586.0","78521.48970001144","NA","NA","5633.935100006056","177784.34700000798","177784.4812000112","NA","13036.298999999417","54477.395200010506","NA","5634.138200010057","184356.48600000422","177772.99440000206","NA","177795.18090000784","177800.8880999987","15260.220600001048","183814.9834000069","80628.51819999923","NA","NA","80664.30240000773","177772.97360000375","184356.46180000913","183822.48729999992","177772.91929999774","178803.97190000804","178801.21710000094","80664.4329999981","177772.26360001077","178804.04040000576","178811.95740000112","13036.372600006871","Attentional Spatial Bias","0","0","0","11","اکنون چشم‌پیما را کالیبره می‌کنیم.<br><br>لطفاً نقطه متحرک را با چشمان خود دنبال کنید و سرتان را ثابت نگه دارید.<br><br>لطفاً منتظر بمانید.","از شرکت شما سپاسگزاریم!<br><br>آزمایش اکنون به پایان رسیده است.<br><br>لطفاً با آزمایشگر تماس بگیرید.","در این آزمایش، شما یک داستان کوتاه را که روی صفحه نمایش داده می‌شود، خواهید خواند.<br><br>لطفاً هر خط را با دقت بخوانید، زیرا در پایان آزمایش چند سؤال در مورد داستان از شما پرسیده خواهد شد.<br><br>پس از هر پاراگراف، یک جفت تصویر خواهید دید. به هر دو تصویر نگاه کنید و تعداد کل دایره‌ها را در دو تصویر بشمارید.<br><br>در صفحه بعد می‌توانید نمونه‌هایی از یک دایره صحیح و یک شکل نادرست را ببینید. فقط شکل‌هایی را بشمارید که با نمونه دایره صحیح مطابقت دارند.<br><br>برای شروع هر کلیدی را فشار دهید.","دایره شمارش شده را وارد کنید (۰-۳ را فشار دهید)","خوش آمدید! برای ادامه هر کلیدی را فشار دهید.","Farsi","1536","-267","267","-267","267","-154","154","-154","154"
"6","5000","8","undefined","undefined","undefined","undefined","#1a1a1a","1","psycho","True","psycho","psycho","uniform","undefined","undefined","undefined","0","NA","0","0","11","11","0","0","0","NA","0","11","11","NA","11","11","0","11","0","0","NA","0","11","11","11","11","11","11","0","11","11","11","0","78.46996893250811","Wed Jul 15 09:55:43 2026","1000","The main experiment item","False","V7_AttentionalSpatialBias_.osexp","C:\Users\plcm\Desktop\2026-EyeTracking\group-bayes\Experiment","249.10760000057053","007.png","1092.4032000000002","327.0672","True","False","mono","False","18","no","white","no","yes","RTL","1092.4032000000002","327.0672","864","1","006.png","007.png","4","psycho","Farsi","11","11","C:\Users\plcm\Desktop\2026-EyeTracking\group-bayes\Experiment\subject-52.csv","150","psycho","no","185519.47559999826","Neonatal Nightingale","4.1.14","1","1","no_prime_trial_12","12","RTL","","0","2","space","2","NA","NA","2","640.0766000006115","2106.3495999987936","NA","NA","640.0766000006115","2","psycho","5, 6, 2, 4, 1, 3, 3, 6, 4, 5, 2, 1, 6, 2, 5, 1, 4, 3, 6, 3, 5, 2, 1, 4, 1, 5, 3, 6, 4, 2, 2, 3, 1, 5, 6, 4, 6, 2, 3, 1, 4, 5, 5, 4, 1, 2, 3, 6","False","1024","2","48000","-16","experiment","52","even","184.49634880000667","460.0","1076.0","432.0","432.0","78521.48970001144","NA","NA","5633.935100006056","184496.20829999913","184496.32020000718","NA","13036.298999999417","54477.395200010506","NA","5634.138200010057","191172.3772999976","184483.82819999824","NA","184501.65070001094","184507.18939999933","15260.220600001048","190522.99189999758","80628.51819999923","NA","NA","80664.30240000773","184483.80830000679","191172.35160000564","190531.73480000987","184483.7569000083","185510.84670001","185507.27810000535","80664.4329999981","184483.23140000866","185510.89299999876","185519.43300000858","13036.372600006871","Attentional Spatial Bias","0","0","0","12","اکنون چشم‌پیما را کالیبره می‌کنیم.<br><br>لطفاً نقطه متحرک را با چشمان خود دنبال کنید و سرتان را ثابت نگه دارید.<br><br>لطفاً منتظر بمانید.","از شرکت شما سپاسگزاریم!<br><br>آزمایش اکنون به پایان رسیده است.<br><br>لطفاً با آزمایشگر تماس بگیرید.","در این آزمایش، شما یک داستان کوتاه را که روی صفحه نمایش داده می‌شود، خواهید خواند.<br><br>لطفاً هر خط را با دقت بخوانید، زیرا در پایان آزمایش چند سؤال در مورد داستان از شما پرسیده خواهد شد.<br><br>پس از هر پاراگراف، یک جفت تصویر خواهید دید. به هر دو تصویر نگاه کنید و تعداد کل دایره‌ها را در دو تصویر بشمارید.<br><br>در صفحه بعد می‌توانید نمونه‌هایی از یک دایره صحیح و یک شکل نادرست را ببینید. فقط شکل‌هایی را بشمارید که با نمونه دایره صحیح مطابقت دارند.<br><br>برای شروع هر کلیدی را فشار دهید.","دایره شمارش شده را وارد کنید (۰-۳ را فشار دهید)","خوش آمدید! برای ادامه هر کلیدی را فشار دهید.","Farsi","1536","-308","308","-308","308","0","0","0","0"
"6","5000","8","undefined","undefined","undefined","undefined","#1a1a1a","2","psycho","True","psycho","psycho","uniform","undefined","undefined","undefined","0","NA","0","0","12","12","0","0","0","NA","0","12","12","NA","12","12","0","12","0","0","NA","0","12","12","12","12","12","12","0","12","12","12","0","33.99467256144699","Wed Jul 15 09:55:43 2026","1000","The main experiment item","False","V7_AttentionalSpatialBias_.osexp","C:\Users\plcm\Desktop\2026-EyeTracking\group-bayes\Experiment","193.2297000021208","009.png","1000.6271999999999","312.14592","True","False","mono","False","18","no","white","no","yes","RTL","1000.6271999999999","312.14592","864","2","008.png","009.png","4","psycho","Farsi","12","12","C:\Users\plcm\Desktop\2026-EyeTracking\group-bayes\Experiment\subject-52.csv","150","psycho","no","203288.56800000358","Neonatal Nightingale","4.1.14","6","6","prime_3","13","RTL","او در میان زمین‌ها و باتلاق‌ها سرگردان بود و به دنبال جایی می‌گشت که به آن تعلق داشته باشد. اردک‌های وحشی گفتند او آنقدر زشت است که نمی‌تواند دوستشان باشد.","0","0","space","0","NA","NA","0","1289.8720999946818","2106.3495999987936","NA","NA","1289.8720999946818","2","psycho","5, 6, 2, 4, 1, 3, 3, 6, 4, 5, 2, 1, 6, 2, 5, 1, 4, 3, 6, 3, 5, 2, 1, 4, 1, 5, 3, 6, 4, 2, 2, 3, 1, 5, 6, 4, 6, 2, 3, 1, 4, 5, 5, 4, 1, 2, 3, 6","True","1024","2","48000","-16","experiment","52","even","201.15118860000803","501.0","1035.0","586.0","278.0","78521.48970001144","NA","NA","5633.935100006056","201151.11170000455","201151.16870000202","NA","13036.298999999417","54477.395200010506","NA","5634.138200010057","209588.55760000006","201140.11120000214","NA","202270.3393999982","202275.7011000067","15260.220600001048","208289.78390000702","80628.51819999923","NA","NA","80664.30240000773","191290.62630000408","209588.52960000513","208297.92320000706","191290.56429999764","203279.12770000694","203276.02390000538","80664.4329999981","191290.16580000462","203279.19670000847","203288.5280000046","13036.372600006871","Attentional Spatial Bias","0","0","0","13","اکنون چشم‌پیما را کالیبره می‌کنیم.<br><br>لطفاً نقطه متحرک را با چشمان خود دنبال کنید و سرتان را ثابت نگه دارید.<br><br>لطفاً منتظر بمانید.","از شرکت شما سپاسگزاریم!<br><br>آزمایش اکنون به پایان رسیده است.<br><br>لطفاً با آزمایشگر تماس بگیرید.","در این آزمایش، شما یک داستان کوتاه را که روی صفحه نمایش داده می‌شود، خواهید خواند.<br><br>لطفاً هر خط را با دقت بخوانید، زیرا در پایان آزمایش چند سؤال در مورد داستان از شما پرسیده خواهد شد.<br><br>پس از هر پاراگراف، یک جفت تصویر خواهید دید. به هر دو تصویر نگاه کنید و تعداد کل دایره‌ها را در دو تصویر بشمارید.<br><br>در صفحه بعد می‌توانید نمونه‌هایی از یک دایره صحیح و یک شکل نادرست را ببینید. فقط شکل‌هایی را بشمارید که با نمونه دایره صحیح مطابقت دارند.<br><br>برای شروع هر کلیدی را فشار دهید.","دایره شمارش شده را وارد کنید (۰-۳ را فشار دهید)","خوش آمدید! برای ادامه هر کلیدی را فشار دهید.","Farsi","1536","-267","267","-267","267","154","-154","154","-154"
"6","5000","8","undefined","undefined","undefined","undefined","#1a1a1a","2","psycho","True","psycho","psycho","uniform","undefined","undefined","undefined","0","NA","0","0","13","13","0","0","0","NA","0","13","13","NA","13","13","0","13","0","0","NA","0","13","13","13","13","13","13","0","13","13","13","0","71.90289395357607","Wed Jul 15 09:55:43 2026","1000","The main experiment item","False","V7_AttentionalSpatialBias_.osexp","C:\Users\plcm\Desktop\2026-EyeTracking\group-bayes\Experiment","258.01989999308717","010.png","545.8483200000001","252.57312","True","False","mono","False","18","no","white","no","yes","RTL","545.8483200000001","252.57312","864","2","010.png","011.png","4","psycho","Farsi","13","13","C:\Users\plcm\Desktop\2026-EyeTracking\group-bayes\Experiment\subject-52.csv","150","psycho","no","210732.2811000049","Neonatal Nightingale","4.1.14","2","2","no_prime_trial_14","14","RTL","","0","2","space","2","NA","NA","2","565.80669998948","2106.3495999987936","NA","NA","565.80669998948","2","psycho","5, 6, 2, 4, 1, 3, 3, 6, 4, 5, 2, 1, 6, 2, 5, 1, 4, 3, 6, 3, 5, 2, 1, 4, 1, 5, 3, 6, 4, 2, 2, 3, 1, 5, 6, 4, 6, 2, 3, 1, 4, 5, 5, 4, 1, 2, 3, 6","False","1024","2","48000","-16","experiment","52","even","209.71066340000834","501.0","1035.0","278.0","586.0","78521.48970001144","NA","NA","5633.935100006056","209710.56940000562","209710.64320000005","NA","13036.298999999417","54477.395200010506","NA","5634.138200010057","216308.4467000008","209697.9713000037","NA","209715.881600001","209721.7437000072","15260.220600001048","215733.576300001","80628.51819999923","NA","NA","80664.30240000773","209697.9527000076","216308.41650000366","215742.0090000087","209697.90670000657","210724.66970000823","210721.82570000587","80664.4329999981","209697.5153000094","210724.71760000917","210732.2414000082","13036.372600006871","Attentional Spatial Bias","0","0","0","14","اکنون چشم‌پیما را کالیبره می‌کنیم.<br><br>لطفاً نقطه متحرک را با چشمان خود دنبال کنید و سرتان را ثابت نگه دارید.<br><br>لطفاً منتظر بمانید.","از شرکت شما سپاسگزاریم!<br><br>آزمایش اکنون به پایان رسیده است.<br><br>لطفاً با آزمایشگر تماس بگیرید.","در این آزمایش، شما یک داستان کوتاه را که روی صفحه نمایش داده می‌شود، خواهید خواند.<br><br>لطفاً هر خط را با دقت بخوانید، زیرا در پایان آزمایش چند سؤال در مورد داستان از شما پرسیده خواهد شد.<br><br>پس از هر پاراگراف، یک جفت تصویر خواهید دید. به هر دو تصویر نگاه کنید و تعداد کل دایره‌ها را در دو تصویر بشمارید.<br><br>در صفحه بعد می‌توانید نمونه‌هایی از یک دایره صحیح و یک شکل نادرست را ببینید. فقط شکل‌هایی را بشمارید که با نمونه دایره صحیح مطابقت دارند.<br><br>برای شروع هر کلیدی را فشار دهید.","دایره شمارش شده را وارد کنید (۰-۳ را فشار دهید)","خوش آمدید! برای ادامه هر کلیدی را فشار دهید.","Farsi","1536","-267","267","-267","267","-154","154","-154","154"
"6","5000","8","undefined","undefined","undefined","undefined","#1a1a1a","2","psycho","True","psycho","psycho","uniform","undefined","undefined","undefined","0","NA","0","0","14","14","0","0","0","NA","0","14","14","NA","14","14","0","14","0","0","NA","0","14","14","14","14","14","14","0","14","14","14","0","69.62280123063135","Wed Jul 15 09:55:43 2026","1000","The main experiment item","False","V7_AttentionalSpatialBias_.osexp","C:\Users\plcm\Desktop\2026-EyeTracking\group-bayes\Experiment","235.22219998994842","013.png","904.96512","296.55935999999997","True","False","mono","False","18","no","white","no","yes","RTL","904.96512","296.55935999999997","864","2","012.png","013.png","4","psycho","Farsi","14","14","C:\Users\plcm\Desktop\2026-EyeTracking\group-bayes\Experiment\subject-52.csv","150","psycho","no","217491.0860000091","Neonatal Nightingale","4.1.14","5","5","no_prime_trial_15","15","RTL","","0","1","space","1","NA","NA","1","679.0944000094896","2106.3495999987936","NA","NA","679.0944000094896","2","psycho","5, 6, 2, 4, 1, 3, 3, 6, 4, 5, 2, 1, 6, 2, 5, 1, 4, 3, 6, 3, 5, 2, 1, 4, 1, 5, 3, 6, 4, 2, 2, 3, 1, 5, 6, 4, 6, 2, 3, 1, 4, 5, 5, 4, 1, 2, 3, 6","False","1024","2","48000","-16","experiment","52","even","216.4658621999988","614.0","922.0","699.0","165.0","78521.48970001144","NA","NA","5633.935100006056","216465.726800001","216465.83140001167","NA","13036.298999999417","54477.395200010506","NA","5634.138200010057","223180.6196000107","216454.9665000086","NA","216471.20830000495","216476.72489999968","15260.220600001048","222492.2832000011","80628.51819999923","NA","NA","80664.30240000773","216454.9468000041","223180.58030000248","222500.72409999848","216454.89170000656","217480.2636000095","217477.1185999998","80664.4329999981","216454.2150000052","217480.37489999842","217491.0505000007","13036.372600006871","Attentional Spatial Bias","0","0","0","15","اکنون چشم‌پیما را کالیبره می‌کنیم.<br><br>لطفاً نقطه متحرک را با چشمان خود دنبال کنید و سرتان را ثابت نگه دارید.<br><br>لطفاً منتظر بمانید.","از شرکت شما سپاسگزاریم!<br><br>آزمایش اکنون به پایان رسیده است.<br><br>لطفاً با آزمایشگر تماس بگیرید.","در این آزمایش، شما یک داستان کوتاه را که روی صفحه نمایش داده می‌شود، خواهید خواند.<br><br>لطفاً هر خط را با دقت بخوانید، زیرا در پایان آزمایش چند سؤال در مورد داستان از شما پرسیده خواهد شد.<br><br>پس از هر پاراگراف، یک جفت تصویر خواهید دید. به هر دو تصویر نگاه کنید و تعداد کل دایره‌ها را در دو تصویر بشمارید.<br><br>در صفحه بعد می‌توانید نمونه‌هایی از یک دایره صحیح و یک شکل نادرست را ببینید. فقط شکل‌هایی را بشمارید که با نمونه دایره صحیح مطابقت دارند.<br><br>برای شروع هر کلیدی را فشار دهید.","دایره شمارش شده را وارد کنید (۰-۳ را فشار دهید)","خوش آمدید! برای ادامه هر کلیدی را فشار دهید.","Farsi","1536","-154","154","-154","154","267","-267","267","-267"
"6","5000","8","undefined","undefined","undefined","undefined","#1a1a1a","2","psycho","True","psycho","psycho","uniform","undefined","undefined","undefined","0","NA","0","0","15","15","0","0","0","NA","0","15","15","NA","15","15","0","15","0","0","NA","0","15","15","15","15","15","15","0","15","15","15","0","43.544977021998726","Wed Jul 15 09:55:43 2026","1000","The main experiment item","False","V7_AttentionalSpatialBias_.osexp","C:\Users\plcm\Desktop\2026-EyeTracking\group-bayes\Experiment","291.95030000119004","014.png","541.6704","390.528","True","False","mono","False","18","no","white","no","yes","RTL","541.6704","390.528","864","2","014.png","015.png","4","psycho","Farsi","15","15","C:\Users\plcm\Desktop\2026-EyeTracking\group-bayes\Experiment\subject-52.csv","150","psycho","no","224367.55380000977","Neonatal Nightingale","4.1.14","1","1","no_prime_trial_16","16","RTL","","0","2","space","2","NA","NA","2","841.4657999965129","2106.3495999987936","NA","NA","841.4657999965129","2","psycho","5, 6, 2, 4, 1, 3, 3, 6, 4, 5, 2, 1, 6, 2, 5, 1, 4, 3, 6, 3, 5, 2, 1, 4, 1, 5, 3, 6, 4, 2, 2, 3, 1, 5, 6, 4, 6, 2, 3, 1, 4, 5, 5, 4, 1, 2, 3, 6","False","1024","2","48000","-16","experiment","52","even","223.34330649999902","460.0","1076.0","432.0","432.0","78521.48970001144","NA","NA","5633.935100006056","223343.16250000848","223343.27420000045","NA","13036.298999999417","54477.395200010506","NA","5634.138200010057","230220.43280000798","223331.15660000476","NA","223348.95870000764","223354.2834000109","15260.220600001048","229370.37540000165","80628.51819999923","NA","NA","80664.30240000773","223331.13520000188","230220.4025000101","229378.3906000026","223331.0790000105","224358.02189999959","224354.694499998","80664.4329999981","223330.59830000275","224358.11500001","224367.52250000427","13036.372600006871","Attentional Spatial Bias","0","0","0","16","اکنون چشم‌پیما را کالیبره می‌کنیم.<br><br>لطفاً نقطه متحرک را با چشمان خود دنبال کنید و سرتان را ثابت نگه دارید.<br><br>لطفاً منتظر بمانید.","از شرکت شما سپاسگزاریم!<br><br>آزمایش اکنون به پایان رسیده است.<br><br>لطفاً با آزمایشگر تماس بگیرید.","در این آزمایش، شما یک داستان کوتاه را که روی صفحه نمایش داده می‌شود، خواهید خواند.<br><br>لطفاً هر خط را با دقت بخوانید، زیرا در پایان آزمایش چند سؤال در مورد داستان از شما پرسیده خواهد شد.<br><br>پس از هر پاراگراف، یک جفت تصویر خواهید دید. به هر دو تصویر نگاه کنید و تعداد کل دایره‌ها را در دو تصویر بشمارید.<br><br>در صفحه بعد می‌توانید نمونه‌هایی از یک دایره صحیح و یک شکل نادرست را ببینید. فقط شکل‌هایی را بشمارید که با نمونه دایره صحیح مطابقت دارند.<br><br>برای شروع هر کلیدی را فشار دهید.","دایره شمارش شده را وارد کنید (۰-۳ را فشار دهید)","خوش آمدید! برای ادامه هر کلیدی را فشار دهید.","Farsi","1536","-308","308","-308","308","0","0","0","0"
"6","5000","8","undefined","undefined","undefined","undefined","#1a1a1a","2","psycho","True","psycho","psycho","uniform","undefined","undefined","undefined","0","NA","0","0","16","16","0","0","0","NA","0","16","16","NA","16","16","0","16","0","0","NA","0","16","16","16","16","16","16","0","16","16","16","0","60.45794450417907","Wed Jul 15 09:55:43 2026","1000","The main experiment item","False","V7_AttentionalSpatialBias_.osexp","C:\Users\plcm\Desktop\2026-EyeTracking\group-bayes\Experiment","24.5574000000488","001.png","821.3299199999999","663.3792000000001","True","False","mono","False","18","no","white","no","yes","RTL","821.3299199999999","663.3792000000001","864","2","000.png","001.png","4","psycho","Farsi","16","16","C:\Users\plcm\Desktop\2026-EyeTracking\group-bayes\Experiment\subject-52.csv","150","psycho","no","231668.8242000091","Neonatal Nightingale","4.1.14","4","4","no_prime_trial_17","17","RTL","","0","2","space","2","NA","NA","2","619.1415000066627","2106.3495999987936","NA","NA","619.1415000066627","2","psycho","5, 6, 2, 4, 1, 3, 3, 6, 4, 5, 2, 1, 6, 2, 5, 1, 4, 3, 6, 3, 5, 2, 1, 4, 1, 5, 3, 6, 4, 2, 2, 3, 1, 5, 6, 4, 6, 2, 3, 1, 4, 5, 5, 4, 1, 2, 3, 6","False","1024","2","48000","-16","experiment","52","even","230.33641990000615","768.0","768.0","124.0","740.0","78521.48970001144","NA","NA","5633.935100006056","230336.28360000148","230336.38600000995","NA","13036.298999999417","54477.395200010506","NA","5634.138200010057","237300.45570000948","230323.45039999927","NA","230650.1481000014","230655.74190000189","15260.220600001048","236672.46110000997","80628.51819999923","NA","NA","80664.30240000773","230323.4178999992","237300.42200000025","236680.68560000393","230323.32570001017","231659.52980000293","231656.0565000109","80664.4329999981","230322.56939999934","231659.58890000184","231668.7976000103","13036.372600006871","Attentional Spatial Bias","0","0","0","17","اکنون چشم‌پیما را کالیبره می‌کنیم.<br><br>لطفاً نقطه متحرک را با چشمان خود دنبال کنید و سرتان را ثابت نگه دارید.<br><br>لطفاً منتظر بمانید.","از شرکت شما سپاسگزاریم!<br><br>آزمایش اکنون به پایان رسیده است.<br><br>لطفاً با آزمایشگر تماس بگیرید.","در این آزمایش، شما یک داستان کوتاه را که روی صفحه نمایش داده می‌شود، خواهید خواند.<br><br>لطفاً هر خط را با دقت بخوانید، زیرا در پایان آزمایش چند سؤال در مورد داستان از شما پرسیده خواهد شد.<br><br>پس از هر پاراگراف، یک جفت تصویر خواهید دید. به هر دو تصویر نگاه کنید و تعداد کل دایره‌ها را در دو تصویر بشمارید.<br><br>در صفحه بعد می‌توانید نمونه‌هایی از یک دایره صحیح و یک شکل نادرست را ببینید. فقط شکل‌هایی را بشمارید که با نمونه دایره صحیح مطابقت دارند.<br><br>برای شروع هر کلیدی را فشار دهید.","دایره شمارش شده را وارد کنید (۰-۳ را فشار دهید)","خوش آمدید! برای ادامه هر کلیدی را فشار دهید.","Farsi","1536","0","0","0","0","-308","308","-308","308"
"6","5000","8","undefined","undefined","undefined","undefined","#1a1a1a","2","psycho","True","psycho","psycho","uniform","undefined","undefined","undefined","0","NA","0","0","17","17","0","0","0","NA","0","17","17","NA","17","17","0","17","0","0","NA","0","17","17","17","17","17","17","0","17","17","17","0","91.40661261835274","Wed Jul 15 09:55:43 2026","1000","The main experiment item","False","V7_AttentionalSpatialBias_.osexp","C:\Users\plcm\Desktop\2026-EyeTracking\group-bayes\Experiment","226.53439998975955","002.png","678.15936","185.77728","True","False","mono","False","18","no","white","no","yes","RTL","678.15936","185.77728","864","2","002.png","003.png","4","psycho","Farsi","17","17","C:\Users\plcm\Desktop\2026-EyeTracking\group-bayes\Experiment\subject-52.csv","150","psycho","no","238454.80230000976","Neonatal Nightingale","4.1.14","3","3","no_prime_trial_18","18","RTL","","0","2","space","2","NA","NA","2","1002.9517999937525","2106.3495999987936","NA","NA","1002.9517999937525","2","psycho","5, 6, 2, 4, 1, 3, 3, 6, 4, 5, 2, 1, 6, 2, 5, 1, 4, 3, 6, 3, 5, 2, 1, 4, 1, 5, 3, 6, 4, 2, 2, 3, 1, 5, 6, 4, 6, 2, 3, 1, 4, 5, 5, 4, 1, 2, 3, 6","False","1024","2","48000","-16","experiment","52","even","237.42425510000612","614.0","922.0","165.0","699.0","78521.48970001144","NA","NA","5633.935100006056","237424.1636000079","237424.23170000257","NA","13036.298999999417","54477.395200010506","NA","5634.138200010057","244468.6445999978","237413.16510000615","NA","237435.3204000072","237440.94020000193","15260.220600001048","243456.4018000092","80628.51819999923","NA","NA","80664.30240000773","237413.14600000624","244468.61540000828","243465.0493000081","237413.10850001173","238444.29450000462","238441.52370000666","80664.4329999981","237412.93590000714","238444.35279999743","238454.7670000029","13036.372600006871","Attentional Spatial Bias","0","0","0","18","اکنون چشم‌پیما را کالیبره می‌کنیم.<br><br>لطفاً نقطه متحرک را با چشمان خود دنبال کنید و سرتان را ثابت نگه دارید.<br><br>لطفاً منتظر بمانید.","از شرکت شما سپاسگزاریم!<br><br>آزمایش اکنون به پایان رسیده است.<br><br>لطفاً با آزمایشگر تماس بگیرید.","در این آزمایش، شما یک داستان کوتاه را که روی صفحه نمایش داده می‌شود، خواهید خواند.<br><br>لطفاً هر خط را با دقت بخوانید، زیرا در پایان آزمایش چند سؤال در مورد داستان از شما پرسیده خواهد شد.<br><br>پس از هر پاراگراف، یک جفت تصویر خواهید دید. به هر دو تصویر نگاه کنید و تعداد کل دایره‌ها را در دو تصویر بشمارید.<br><br>در صفحه بعد می‌توانید نمونه‌هایی از یک دایره صحیح و یک شکل نادرست را ببینید. فقط شکل‌هایی را بشمارید که با نمونه دایره صحیح مطابقت دارند.<br><br>برای شروع هر کلیدی را فشار دهید.","دایره شمارش شده را وارد کنید (۰-۳ را فشار دهید)","خوش آمدید! برای ادامه هر کلیدی را فشار دهید.","Farsi","1536","-154","154","-154","154","-267","267","-267","267"
"6","5000","8","undefined","undefined","undefined","undefined","#1a1a1a","3","psycho","True","psycho","psycho","uniform","undefined","undefined","undefined","0","NA","0","0","18","18","0","0","0","NA","0","18","18","NA","18","18","0","18","0","0","NA","0","18","18","18","18","18","18","0","18","18","18","0","96.86287730251253","Wed Jul 15 09:55:43 2026","1000","The main experiment item","False","V7_AttentionalSpatialBias_.osexp","C:\Users\plcm\Desktop\2026-EyeTracking\group-bayes\Experiment","241.76520000037272","005.png","934.0876799999999","401.94144","True","False","mono","False","18","no","white","no","yes","RTL","934.0876799999999","401.94144","864","3","004.png","005.png","4","psycho","Farsi","18","18","C:\Users\plcm\Desktop\2026-EyeTracking\group-bayes\Experiment\subject-52.csv","150","psycho","no","254942.9467000009","Neonatal Nightingale","4.1.14","6","6","prime_4","19","RTL","یک شب، شکارچیان در نزدیکی آنجا شلیک کردند و جوجه‌اردک تا زمانی که همه چیز امن و امان شود در بین نی ها قایم شد.","0","2","space","2","NA","NA","2","547.553099997458","2106.3495999987936","NA","NA","547.553099997458","2","psycho","5, 6, 2, 4, 1, 3, 3, 6, 4, 5, 2, 1, 6, 2, 5, 1, 4, 3, 6, 3, 5, 2, 1, 4, 1, 5, 3, 6, 4, 2, 2, 3, 1, 5, 6, 4, 6, 2, 3, 1, 4, 5, 5, 4, 1, 2, 3, 6","True","1024","2","48000","-16","experiment","52","even","253.60817810001026","501.0","1035.0","586.0","278.0","78521.48970001144","NA","NA","5633.935100006056","253608.08130000078","253608.15739999816","NA","13036.298999999417","54477.395200010506","NA","5634.138200010057","260500.39320001088","253596.68980000424","NA","253922.92240000097","253928.24750000727","15260.220600001048","259943.97960000788","80628.51819999923","NA","NA","80664.30240000773","244596.94149999996","260500.36770000588","259952.2624000092","244596.88320000714","254933.25090000872","254928.7394999992","80664.4329999981","244596.47950000362","254933.33100000746","254942.85410000884","13036.372600006871","Attentional Spatial Bias","0","0","0","19","اکنون چشم‌پیما را کالیبره می‌کنیم.<br><br>لطفاً نقطه متحرک را با چشمان خود دنبال کنید و سرتان را ثابت نگه دارید.<br><br>لطفاً منتظر بمانید.","از شرکت شما سپاسگزاریم!<br><br>آزمایش اکنون به پایان رسیده است.<br><br>لطفاً با آزمایشگر تماس بگیرید.","در این آزمایش، شما یک داستان کوتاه را که روی صفحه نمایش داده می‌شود، خواهید خواند.<br><br>لطفاً هر خط را با دقت بخوانید، زیرا در پایان آزمایش چند سؤال در مورد داستان از شما پرسیده خواهد شد.<br><br>پس از هر پاراگراف، یک جفت تصویر خواهید دید. به هر دو تصویر نگاه کنید و تعداد کل دایره‌ها را در دو تصویر بشمارید.<br><br>در صفحه بعد می‌توانید نمونه‌هایی از یک دایره صحیح و یک شکل نادرست را ببینید. فقط شکل‌هایی را بشمارید که با نمونه دایره صحیح مطابقت دارند.<br><br>برای شروع هر کلیدی را فشار دهید.","دایره شمارش شده را وارد کنید (۰-۳ را فشار دهید)","خوش آمدید! برای ادامه هر کلیدی را فشار دهید.","Farsi","1536","-267","267","-267","267","154","-154","154","-154"
"6","5000","8","undefined","undefined","undefined","undefined","#1a1a1a","3","psycho","True","psycho","psycho","uniform","undefined","undefined","undefined","0","NA","0","0","19","19","0","0","0","NA","0","19","19","NA","19","19","0","19","0","0","NA","0","19","19","19","19","19","19","0","19","19","19","0","97.41561908336477","Wed Jul 15 09:55:43 2026","1000","The main experiment item","False","V7_AttentionalSpatialBias_.osexp","C:\Users\plcm\Desktop\2026-EyeTracking\group-bayes\Experiment","247.30940000154078","006.png","622.90944","196.63776","True","False","mono","False","18","no","white","no","yes","RTL","622.90944","196.63776","864","3","006.png","007.png","4","psycho","Farsi","19","19","C:\Users\plcm\Desktop\2026-EyeTracking\group-bayes\Experiment\subject-52.csv","150","psycho","no","262145.5438999983","Neonatal Nightingale","4.1.14","3","3","no_prime_trial_20","20","RTL","","0","2","space","2","NA","NA","2","457.20049999363255","2106.3495999987936","NA","NA","457.20049999363255","2","psycho","5, 6, 2, 4, 1, 3, 3, 6, 4, 5, 2, 1, 6, 2, 5, 1, 4, 3, 6, 3, 5, 2, 1, 4, 1, 5, 3, 6, 4, 2, 2, 3, 1, 5, 6, 4, 6, 2, 3, 1, 4, 5, 5, 4, 1, 2, 3, 6","False","1024","2","48000","-16","experiment","52","even","260.64105910000217","614.0","922.0","165.0","699.0","78521.48970001144","NA","NA","5633.935100006056","260640.92340000207","260641.03189999878","NA","13036.298999999417","54477.395200010506","NA","5634.138200010057","267612.4530000088","260629.70460001088","NA","261129.56539999868","261135.4139000032","15260.220600001048","267146.1507000058","80628.51819999923","NA","NA","80664.30240000773","260629.6824000019","267612.4240000063","267154.6073000063","260629.6263000113","262139.1530999972","262135.77090000035","80664.4329999981","260628.64350000746","262139.23430000432","262145.5093000113","13036.372600006871","Attentional Spatial Bias","0","0","0","20","اکنون چشم‌پیما را کالیبره می‌کنیم.<br><br>لطفاً نقطه متحرک را با چشمان خود دنبال کنید و سرتان را ثابت نگه دارید.<br><br>لطفاً منتظر بمانید.","از شرکت شما سپاسگزاریم!<br><br>آزمایش اکنون به پایان رسیده است.<br><br>لطفاً با آزمایشگر تماس بگیرید.","در این آزمایش، شما یک داستان کوتاه را که روی صفحه نمایش داده می‌شود، خواهید خواند.<br><br>لطفاً هر خط را با دقت بخوانید، زیرا در پایان آزمایش چند سؤال در مورد داستان از شما پرسیده خواهد شد.<br><br>پس از هر پاراگراف، یک جفت تصویر خواهید دید. به هر دو تصویر نگاه کنید و تعداد کل دایره‌ها را در دو تصویر بشمارید.<br><br>در صفحه بعد می‌توانید نمونه‌هایی از یک دایره صحیح و یک شکل نادرست را ببینید. فقط شکل‌هایی را بشمارید که با نمونه دایره صحیح مطابقت دارند.<br><br>برای شروع هر کلیدی را فشار دهید.","دایره شمارش شده را وارد کنید (۰-۳ را فشار دهید)","خوش آمدید! برای ادامه هر کلیدی را فشار دهید.","Farsi","1536","-154","154","-154","154","-267","267","-267","267"
"6","5000","8","undefined","undefined","undefined","undefined","#1a1a1a","3","psycho","True","psycho","psycho","uniform","undefined","undefined","undefined","0","NA","0","0","20","20","0","0","0","NA","0","20","20","NA","20","20","0","20","0","0","NA","0","20","20","20","20","20","20","0","20","20","20","0","44.544296036947316","Wed Jul 15 09:55:43 2026","1000","The main experiment item","False","V7_AttentionalSpatialBias_.osexp","C:\Users\plcm\Desktop\2026-EyeTracking\group-bayes\Experiment","382.69850000506267","008.png","662.5689600000001","582.0767999999999","True","False","mono","False","18","no","white","no","yes","RTL","662.5689600000001","582.0767999999999","864","3","008.png","009.png","4","psycho","Farsi","20","20","C:\Users\plcm\Desktop\2026-EyeTracking\group-bayes\Experiment\subject-52.csv","150","psycho","no","268763.73109999986","Neonatal Nightingale","4.1.14","5","5","no_prime_trial_21","21","RTL","","0","0","space","0","NA","NA","0","468.46290001121815","2106.3495999987936","NA","NA","468.46290001121815","2","psycho","5, 6, 2, 4, 1, 3, 3, 6, 4, 5, 2, 1, 6, 2, 5, 1, 4, 3, 6, 3, 5, 2, 1, 4, 1, 5, 3, 6, 4, 2, 2, 3, 1, 5, 6, 4, 6, 2, 3, 1, 4, 5, 5, 4, 1, 2, 3, 6","False","1024","2","48000","-16","experiment","52","even","267.7411495999986","614.0","922.0","699.0","165.0","78521.48970001144","NA","NA","5633.935100006056","267741.03370000375","267741.1198000045","NA","13036.298999999417","54477.395200010506","NA","5634.138200010057","274244.50760000036","267729.6946999995","NA","267746.6119000019","267752.34099999943","15260.220600001048","273766.3820000016","80628.51819999923","NA","NA","80664.30240000773","267729.67359999893","274244.47790000704","273775.34860000014","267729.62160001043","268756.2403000047","268752.891000011","80664.4329999981","267729.3695999979","268756.2920000055","268763.7001999974","13036.372600006871","Attentional Spatial Bias","0","0","0","21","اکنون چشم‌پیما را کالیبره می‌کنیم.<br><br>لطفاً نقطه متحرک را با چشمان خود دنبال کنید و سرتان را ثابت نگه دارید.<br><br>لطفاً منتظر بمانید.","از شرکت شما سپاسگزاریم!<br><br>آزمایش اکنون به پایان رسیده است.<br><br>لطفاً با آزمایشگر تماس بگیرید.","در این آزمایش، شما یک داستان کوتاه را که روی صفحه نمایش داده می‌شود، خواهید خواند.<br><br>لطفاً هر خط را با دقت بخوانید، زیرا در پایان آزمایش چند سؤال در مورد داستان از شما پرسیده خواهد شد.<br><br>پس از هر پاراگراف، یک جفت تصویر خواهید دید. به هر دو تصویر نگاه کنید و تعداد کل دایره‌ها را در دو تصویر بشمارید.<br><br>در صفحه بعد می‌توانید نمونه‌هایی از یک دایره صحیح و یک شکل نادرست را ببینید. فقط شکل‌هایی را بشمارید که با نمونه دایره صحیح مطابقت دارند.<br><br>برای شروع هر کلیدی را فشار دهید.","دایره شمارش شده را وارد کنید (۰-۳ را فشار دهید)","خوش آمدید! برای ادامه هر کلیدی را فشار دهید.","Farsi","1536","-154","154","-154","154","267","-267","267","-267"
"6","5000","8","undefined","undefined","undefined","undefined","#1a1a1a","3","psycho","True","psycho","psycho","uniform","undefined","undefined","undefined","0","NA","0","0","21","21","0","0","0","NA","0","21","21","NA","21","21","0","21","0","0","NA","0","21","21","21","21","21","21","0","21","21","21","0","91.65611185162071","Wed Jul 15 09:55:43 2026","1000","The main experiment item","False","V7_AttentionalSpatialBias_.osexp","C:\Users\plcm\Desktop\2026-EyeTracking\group-bayes\Experiment","222.55970000696834","010.png","597.48864","289.86336","True","False","mono","False","18","no","white","no","yes","RTL","597.48864","289.86336","864","3","010.png","011.png","4","psycho","Farsi","21","21","C:\Users\plcm\Desktop\2026-EyeTracking\group-bayes\Experiment\subject-52.csv","150","psycho","no","275421.127900001","Neonatal Nightingale","4.1.14","2","2","no_prime_trial_22","22","RTL","","0","2","space","2","NA","NA","2","411.1787000001641","2106.3495999987936","NA","NA","411.1787000001641","2","psycho","5, 6, 2, 4, 1, 3, 3, 6, 4, 5, 2, 1, 6, 2, 5, 1, 4, 3, 6, 3, 5, 2, 1, 4, 1, 5, 3, 6, 4, 2, 2, 3, 1, 5, 6, 4, 6, 2, 3, 1, 4, 5, 5, 4, 1, 2, 3, 6","False","1024","2","48000","-16","experiment","52","even","274.37273899999855","501.0","1035.0","278.0","586.0","78521.48970001144","NA","NA","5633.935100006056","274372.6336000109","274372.7163000003","NA","13036.298999999417","54477.395200010506","NA","5634.138200010057","280844.6627000085","274358.8516000018","NA","274400.5981000082","274406.5641000052","15260.220600001048","280424.65909999737","80628.51819999923","NA","NA","80664.30240000773","274358.83060000197","280844.61530001136","280432.64840000484","274358.77370000526","275410.41640000185","275407.08910000103","80664.4329999981","274358.35860000225","275410.4679000011","275421.08640000515","13036.372600006871","Attentional Spatial Bias","0","0","0","22","اکنون چشم‌پیما را کالیبره می‌کنیم.<br><br>لطفاً نقطه متحرک را با چشمان خود دنبال کنید و سرتان را ثابت نگه دارید.<br><br>لطفاً منتظر بمانید.","از شرکت شما سپاسگزاریم!<br><br>آزمایش اکنون به پایان رسیده است.<br><br>لطفاً با آزمایشگر تماس بگیرید.","در این آزمایش، شما یک داستان کوتاه را که روی صفحه نمایش داده می‌شود، خواهید خواند.<br><br>لطفاً هر خط را با دقت بخوانید، زیرا در پایان آزمایش چند سؤال در مورد داستان از شما پرسیده خواهد شد.<br><br>پس از هر پاراگراف، یک جفت تصویر خواهید دید. به هر دو تصویر نگاه کنید و تعداد کل دایره‌ها را در دو تصویر بشمارید.<br><br>در صفحه بعد می‌توانید نمونه‌هایی از یک دایره صحیح و یک شکل نادرست را ببینید. فقط شکل‌هایی را بشمارید که با نمونه دایره صحیح مطابقت دارند.<br><br>برای شروع هر کلیدی را فشار دهید.","دایره شمارش شده را وارد کنید (۰-۳ را فشار دهید)","خوش آمدید! برای ادامه هر کلیدی را فشار دهید.","Farsi","1536","-267","267","-267","267","-154","154","-154","154"
"6","5000","8","undefined","undefined","undefined","undefined","#1a1a1a","3","psycho","True","psycho","psycho","uniform","undefined","undefined","undefined","0","NA","0","0","22","22","0","0","0","NA","0","22","22","NA","22","22","0","22","0","0","NA","0","22","22","22","22","22","22","0","22","22","22","0","91.62377236021668","Wed Jul 15 09:55:43 2026","1000","The main experiment item","False","V7_AttentionalSpatialBias_.osexp","C:\Users\plcm\Desktop\2026-EyeTracking\group-bayes\Experiment","325.21369999449234","012.png","571.29984","371.92608","True","False","mono","False","18","no","white","no","yes","RTL","571.29984","371.92608","864","3","012.png","013.png","4","psycho","Farsi","22","22","C:\Users\plcm\Desktop\2026-EyeTracking\group-bayes\Experiment\subject-52.csv","150","psycho","no","282018.0650000111","Neonatal Nightingale","4.1.14","1","1","no_prime_trial_23","23","RTL","","0","1","space","1","NA","NA","1","681.5112000040244","2106.3495999987936","NA","NA","681.5112000040244","2","psycho","5, 6, 2, 4, 1, 3, 3, 6, 4, 5, 2, 1, 6, 2, 5, 1, 4, 3, 6, 3, 5, 2, 1, 4, 1, 5, 3, 6, 4, 2, 2, 3, 1, 5, 6, 4, 6, 2, 3, 1, 4, 5, 5, 4, 1, 2, 3, 6","False","1024","2","48000","-16","experiment","52","even","280.9828634000005","460.0","1076.0","432.0","432.0","78521.48970001144","NA","NA","5633.935100006056","280982.76110000734","280982.83910000464","NA","13036.298999999417","54477.395200010506","NA","5634.138200010057","287708.38360000926","280971.2900000013","NA","280999.55110000155","281005.2279000083","15260.220600001048","287018.4800999996","80628.51819999923","NA","NA","80664.30240000773","280971.26910000225","287708.35210000223","287026.2578999973","280971.2164000084","282008.4186000022","282005.7850000012","80664.4329999981","280970.3722999984","282008.4696999984","282017.9913000029","13036.372600006871","Attentional Spatial Bias","0","0","0","23","اکنون چشم‌پیما را کالیبره می‌کنیم.<br><br>لطفاً نقطه متحرک را با چشمان خود دنبال کنید و سرتان را ثابت نگه دارید.<br><br>لطفاً منتظر بمانید.","از شرکت شما سپاسگزاریم!<br><br>آزمایش اکنون به پایان رسیده است.<br><br>لطفاً با آزمایشگر تماس بگیرید.","در این آزمایش، شما یک داستان کوتاه را که روی صفحه نمایش داده می‌شود، خواهید خواند.<br><br>لطفاً هر خط را با دقت بخوانید، زیرا در پایان آزمایش چند سؤال در مورد داستان از شما پرسیده خواهد شد.<br><br>پس از هر پاراگراف، یک جفت تصویر خواهید دید. به هر دو تصویر نگاه کنید و تعداد کل دایره‌ها را در دو تصویر بشمارید.<br><br>در صفحه بعد می‌توانید نمونه‌هایی از یک دایره صحیح و یک شکل نادرست را ببینید. فقط شکل‌هایی را بشمارید که با نمونه دایره صحیح مطابقت دارند.<br><br>برای شروع هر کلیدی را فشار دهید.","دایره شمارش شده را وارد کنید (۰-۳ را فشار دهید)","خوش آمدید! برای ادامه هر کلیدی را فشار دهید.","Farsi","1536","-308","308","-308","308","0","0","0","0"
"6","5000","8","undefined","undefined","undefined","undefined","#1a1a1a","3","psycho","True","psycho","psycho","uniform","undefined","undefined","undefined","0","NA","0","0","23","23","0","0","0","NA","0","23","23","NA","23","23","0","23","0","0","NA","0","23","23","23","23","23","23","0","23","23","23","0","99.29407538656866","Wed Jul 15 09:55:43 2026","1000","The main experiment item","False","V7_AttentionalSpatialBias_.osexp","C:\Users\plcm\Desktop\2026-EyeTracking\group-bayes\Experiment","245.59619999490678","014.png","786.57024","251.03519999999997","True","False","mono","False","18","no","white","no","yes","RTL","786.57024","251.03519999999997","864","3","014.png","015.png","4","psycho","Farsi","23","23","C:\Users\plcm\Desktop\2026-EyeTracking\group-bayes\Experiment\subject-52.csv","150","psycho","no","288979.07850000774","Neonatal Nightingale","4.1.14","4","4","no_prime_trial_24","24","RTL","","0","2","space","2","NA","NA","2","971.3397000014083","2106.3495999987936","NA","NA","971.3397000014083","2","psycho","5, 6, 2, 4, 1, 3, 3, 6, 4, 5, 2, 1, 6, 2, 5, 1, 4, 3, 6, 3, 5, 2, 1, 4, 1, 5, 3, 6, 4, 2, 2, 3, 1, 5, 6, 4, 6, 2, 3, 1, 4, 5, 5, 4, 1, 2, 3, 6","False","1024","2","48000","-16","experiment","52","even","287.84804760001134","768.0","768.0","124.0","740.0","78521.48970001144","NA","NA","5633.935100006056","287847.9422000091","287848.0247000116","NA","13036.298999999417","54477.395200010506","NA","5634.138200010057","294964.8279000103","287836.8538000068","NA","287960.923000006","287966.2970000063","15260.220600001048","293984.64650000096","80628.51819999923","NA","NA","80664.30240000773","287836.83230000315","294964.77869999944","293992.55619999894","287836.7774000071","288969.99140000844","288966.7557000066","80664.4329999981","287836.14990000206","288970.05020000506","288979.03830000723","13036.372600006871","Attentional Spatial Bias","0","0","0","24","اکنون چشم‌پیما را کالیبره می‌کنیم.<br><br>لطفاً نقطه متحرک را با چشمان خود دنبال کنید و سرتان را ثابت نگه دارید.<br><br>لطفاً منتظر بمانید.","از شرکت شما سپاسگزاریم!<br><br>آزمایش اکنون به پایان رسیده است.<br><br>لطفاً با آزمایشگر تماس بگیرید.","در این آزمایش، شما یک داستان کوتاه را که روی صفحه نمایش داده می‌شود، خواهید خواند.<br><br>لطفاً هر خط را با دقت بخوانید، زیرا در پایان آزمایش چند سؤال در مورد داستان از شما پرسیده خواهد شد.<br><br>پس از هر پاراگراف، یک جفت تصویر خواهید دید. به هر دو تصویر نگاه کنید و تعداد کل دایره‌ها را در دو تصویر بشمارید.<br><br>در صفحه بعد می‌توانید نمونه‌هایی از یک دایره صحیح و یک شکل نادرست را ببینید. فقط شکل‌هایی را بشمارید که با نمونه دایره صحیح مطابقت دارند.<br><br>برای شروع هر کلیدی را فشار دهید.","دایره شمارش شده را وارد کنید (۰-۳ را فشار دهید)","خوش آمدید! برای ادامه هر کلیدی را فشار دهید.","Farsi","1536","0","0","0","0","-308","308","-308","308"
"6","5000","8","undefined","undefined","undefined","undefined","#1a1a1a","4","psycho","True","psycho","psycho","uniform","undefined","undefined","undefined","0","NA","0","0","24","24","0","0","0","NA","0","24","24","NA","24","24","0","24","0","0","NA","0","24","24","24","24","24","24","0","24","24","24","0","92.95130132161887","Wed Jul 15 09:55:43 2026","1000","The main experiment item","False","V7_AttentionalSpatialBias_.osexp","C:\Users\plcm\Desktop\2026-EyeTracking\group-bayes\Experiment","246.90610000106972","000.png","496.17408","377.18784","True","False","mono","False","18","no","white","no","yes","RTL","496.17408","377.18784","864","4","000.png","001.png","4","psycho","Farsi","24","24","C:\Users\plcm\Desktop\2026-EyeTracking\group-bayes\Experiment\subject-52.csv","150","psycho","no","309251.6625999997","Neonatal Nightingale","4.1.14","1","1","prime_5","25","RTL","جوجه اردک خانه‌ای کوچک پیدا کرد  پیرزنی به همراه یک گربه و یک مرغ در آن زندگی میکرد. گربه و مرغ بدجنس بودند و او را بی‌فایده صدا می‌زدند. او که ناراحت بود، آنجا را ترک کرد و به تنهایی به سرگردانی ادامه داد.","0","2","space","2","NA","NA","2","765.6701000087196","2106.3495999987936","NA","NA","765.6701000087196","2","psycho","5, 6, 2, 4, 1, 3, 3, 6, 4, 5, 2, 1, 6, 2, 5, 1, 4, 3, 6, 3, 5, 2, 1, 4, 1, 5, 3, 6, 4, 2, 2, 3, 1, 5, 6, 4, 6, 2, 3, 1, 4, 5, 5, 4, 1, 2, 3, 6","True","1024","2","48000","-16","experiment","52","even","307.4634101999982","460.0","1076.0","432.0","432.0","78521.48970001144","NA","NA","5633.935100006056","307463.3321000001","307463.3920000051","NA","13036.298999999417","54477.395200010506","NA","5634.138200010057","315028.5140000051","307452.4887000007","NA","308235.2641000034","308240.69570000574","15260.220600001048","314254.1617000097","80628.51819999923","NA","NA","80664.30240000773","295072.52510001126","315028.4856000071","314262.1472000028","295072.47880000796","309243.9357999974","309241.30320000404","80664.4329999981","295072.04450000427","309243.98910001037","309251.6190000024","13036.372600006871","Attentional Spatial Bias","0","0","0","25","اکنون چشم‌پیما را کالیبره می‌کنیم.<br><br>لطفاً نقطه متحرک را با چشمان خود دنبال کنید و سرتان را ثابت نگه دارید.<br><br>لطفاً منتظر بمانید.","از شرکت شما سپاسگزاریم!<br><br>آزمایش اکنون به پایان رسیده است.<br><br>لطفاً با آزمایشگر تماس بگیرید.","در این آزمایش، شما یک داستان کوتاه را که روی صفحه نمایش داده می‌شود، خواهید خواند.<br><br>لطفاً هر خط را با دقت بخوانید، زیرا در پایان آزمایش چند سؤال در مورد داستان از شما پرسیده خواهد شد.<br><br>پس از هر پاراگراف، یک جفت تصویر خواهید دید. به هر دو تصویر نگاه کنید و تعداد کل دایره‌ها را در دو تصویر بشمارید.<br><br>در صفحه بعد می‌توانید نمونه‌هایی از یک دایره صحیح و یک شکل نادرست را ببینید. فقط شکل‌هایی را بشمارید که با نمونه دایره صحیح مطابقت دارند.<br><br>برای شروع هر کلیدی را فشار دهید.","دایره شمارش شده را وارد کنید (۰-۳ را فشار دهید)","خوش آمدید! برای ادامه هر کلیدی را فشار دهید.","Farsi","1536","-308","308","-308","308","0","0","0","0"
"6","5000","8","undefined","undefined","undefined","undefined","#1a1a1a","4","psycho","True","psycho","psycho","uniform","undefined","undefined","undefined","0","NA","0","0","25","25","0","0","0","NA","0","25","25","NA","25","25","0","25","0","0","NA","0","25","25","25","25","25","25","0","25","25","25","0","86.77343935744395","Wed Jul 15 09:55:43 2026","1000","The main experiment item","False","V7_AttentionalSpatialBias_.osexp","C:\Users\plcm\Desktop\2026-EyeTracking\group-bayes\Experiment","291.7775999958394","002.png","649.4208","595.47744","True","False","mono","False","18","no","white","no","yes","RTL","649.4208","595.47744","864","4","002.png","003.png","4","psycho","Farsi","25","25","C:\Users\plcm\Desktop\2026-EyeTracking\group-bayes\Experiment\subject-52.csv","150","psycho","no","316241.34340000455","Neonatal Nightingale","4.1.14","5","5","no_prime_trial_26","26","RTL","","0","2","space","2","NA","NA","2","628.2418000046164","2106.3495999987936","NA","NA","628.2418000046164","2","psycho","5, 6, 2, 4, 1, 3, 3, 6, 4, 5, 2, 1, 6, 2, 5, 1, 4, 3, 6, 3, 5, 2, 1, 4, 1, 5, 3, 6, 4, 2, 2, 3, 1, 5, 6, 4, 6, 2, 3, 1, 4, 5, 5, 4, 1, 2, 3, 6","False","1024","2","48000","-16","experiment","52","even","315.14210979999916","614.0","922.0","699.0","165.0","78521.48970001144","NA","NA","5633.935100006056","315142.0158999972","315142.0883000101","NA","13036.298999999417","54477.395200010506","NA","5634.138200010057","321884.67200000014","315130.4838000069","NA","315224.8297000042","315230.5308000068","15260.220600001048","321246.6906000045","80628.51819999923","NA","NA","80664.30240000773","315130.4649000085","321884.62700000673","321255.5962000042","315130.40999999794","316233.7971000088","316230.9014000057","80664.4329999981","315129.53410000773","316233.84230000374","316241.3150000066","13036.372600006871","Attentional Spatial Bias","0","0","0","26","اکنون چشم‌پیما را کالیبره می‌کنیم.<br><br>لطفاً نقطه متحرک را با چشمان خود دنبال کنید و سرتان را ثابت نگه دارید.<br><br>لطفاً منتظر بمانید.","از شرکت شما سپاسگزاریم!<br><br>آزمایش اکنون به پایان رسیده است.<br><br>لطفاً با آزمایشگر تماس بگیرید.","در این آزمایش، شما یک داستان کوتاه را که روی صفحه نمایش داده می‌شود، خواهید خواند.<br><br>لطفاً هر خط را با دقت بخوانید، زیرا در پایان آزمایش چند سؤال در مورد داستان از شما پرسیده خواهد شد.<br><br>پس از هر پاراگراف، یک جفت تصویر خواهید دید. به هر دو تصویر نگاه کنید و تعداد کل دایره‌ها را در دو تصویر بشمارید.<br><br>در صفحه بعد می‌توانید نمونه‌هایی از یک دایره صحیح و یک شکل نادرست را ببینید. فقط شکل‌هایی را بشمارید که با نمونه دایره صحیح مطابقت دارند.<br><br>برای شروع هر کلیدی را فشار دهید.","دایره شمارش شده را وارد کنید (۰-۳ را فشار دهید)","خوش آمدید! برای ادامه هر کلیدی را فشار دهید.","Farsi","1536","-154","154","-154","154","267","-267","267","-267"
"6","5000","8","undefined","undefined","undefined","undefined","#1a1a1a","4","psycho","True","psycho","psycho","uniform","undefined","undefined","undefined","0","NA","0","0","26","26","0","0","0","NA","0","26","26","NA","26","26","0","26","0","0","NA","0","26","26","26","26","26","26","0","26","26","26","0","78.86450539192897","Wed Jul 15 09:55:43 2026","1000","The main experiment item","False","V7_AttentionalSpatialBias_.osexp","C:\Users\plcm\Desktop\2026-EyeTracking\group-bayes\Experiment","224.330099998042","004.png","731.5660799999999","255.20832","True","False","mono","False","18","no","white","no","yes","RTL","731.5660799999999","255.20832","864","4","004.png","005.png","4","psycho","Farsi","26","26","C:\Users\plcm\Desktop\2026-EyeTracking\group-bayes\Experiment\subject-52.csv","150","psycho","no","323998.4514000098","Neonatal Nightingale","4.1.14","3","3","no_prime_trial_27","27","RTL","","0","2","space","2","NA","NA","2","594.3630000110716","2106.3495999987936","NA","NA","594.3630000110716","2","psycho","5, 6, 2, 4, 1, 3, 3, 6, 4, 5, 2, 1, 6, 2, 5, 1, 4, 3, 6, 3, 5, 2, 1, 4, 1, 5, 3, 6, 4, 2, 2, 3, 1, 5, 6, 4, 6, 2, 3, 1, 4, 5, 5, 4, 1, 2, 3, 6","False","1024","2","48000","-16","experiment","52","even","322.02658740000334","614.0","922.0","165.0","699.0","78521.48970001144","NA","NA","5633.935100006056","322026.4782000013","322026.56240000215","NA","13036.298999999417","54477.395200010506","NA","5634.138200010057","329604.4072000077","322014.5957000059","NA","322979.6175000083","322985.2555000107","15260.220600001048","329000.98720000824","80628.51819999923","NA","NA","80664.30240000773","322014.57520000986","329604.376400006","329009.44249999884","322014.52199999767","323988.9402000117","323985.8794000029","80664.4329999981","322014.01280000573","323988.99600000004","323998.4098999994","13036.372600006871","Attentional Spatial Bias","0","0","0","27","اکنون چشم‌پیما را کالیبره می‌کنیم.<br><br>لطفاً نقطه متحرک را با چشمان خود دنبال کنید و سرتان را ثابت نگه دارید.<br><br>لطفاً منتظر بمانید.","از شرکت شما سپاسگزاریم!<br><br>آزمایش اکنون به پایان رسیده است.<br><br>لطفاً با آزمایشگر تماس بگیرید.","در این آزمایش، شما یک داستان کوتاه را که روی صفحه نمایش داده می‌شود، خواهید خواند.<br><br>لطفاً هر خط را با دقت بخوانید، زیرا در پایان آزمایش چند سؤال در مورد داستان از شما پرسیده خواهد شد.<br><br>پس از هر پاراگراف، یک جفت تصویر خواهید دید. به هر دو تصویر نگاه کنید و تعداد کل دایره‌ها را در دو تصویر بشمارید.<br><br>در صفحه بعد می‌توانید نمونه‌هایی از یک دایره صحیح و یک شکل نادرست را ببینید. فقط شکل‌هایی را بشمارید که با نمونه دایره صحیح مطابقت دارند.<br><br>برای شروع هر کلیدی را فشار دهید.","دایره شمارش شده را وارد کنید (۰-۳ را فشار دهید)","خوش آمدید! برای ادامه هر کلیدی را فشار دهید.","Farsi","1536","-154","154","-154","154","-267","267","-267","267"
"6","5000","8","undefined","undefined","undefined","undefined","#1a1a1a","4","psycho","True","psycho","psycho","uniform","undefined","undefined","undefined","0","NA","0","0","27","27","0","0","0","NA","0","27","27","NA","27","27","0","27","0","0","NA","0","27","27","27","27","27","27","0","27","27","27","0","30.56516982449148","Wed Jul 15 09:55:43 2026","1000","The main experiment item","False","V7_AttentionalSpatialBias_.osexp","C:\Users\plcm\Desktop\2026-EyeTracking\group-bayes\Experiment","224.7265000041807","007.png","1020.39552","258.26688","True","False","mono","False","18","no","white","no","yes","RTL","1020.39552","258.26688","864","4","006.png","007.png","4","psycho","Farsi","27","27","C:\Users\plcm\Desktop\2026-EyeTracking\group-bayes\Experiment\subject-52.csv","150","psycho","no","331314.0426000027","Neonatal Nightingale","4.1.14","6","6","no_prime_trial_28","28","RTL","","0","2","space","2","NA","NA","2","806.846499996027","2106.3495999987936","NA","NA","806.846499996027","2","psycho","5, 6, 2, 4, 1, 3, 3, 6, 4, 5, 2, 1, 6, 2, 5, 1, 4, 3, 6, 3, 5, 2, 1, 4, 1, 5, 3, 6, 4, 2, 2, 3, 1, 5, 6, 4, 6, 2, 3, 1, 4, 5, 5, 4, 1, 2, 3, 6","False","1024","2","48000","-16","experiment","52","even","329.753701300011","501.0","1035.0","586.0","278.0","78521.48970001144","NA","NA","5633.935100006056","329753.57280000753","329753.66600000416","NA","13036.298999999417","54477.395200010506","NA","5634.138200010057","337132.6945000037","329741.55790000805","NA","330296.74720000185","330302.34490000294","15260.220600001048","336317.3250000109","80628.51819999923","NA","NA","80664.30240000773","329741.52630000026","337132.6674000011","336325.16370000667","329741.4562000049","331306.1182000092","331302.82880000595","80664.4329999981","329740.61280000024","331306.1708000023","331313.99950000923","13036.372600006871","Attentional Spatial Bias","0","0","0","28","اکنون چشم‌پیما را کالیبره می‌کنیم.<br><br>لطفاً نقطه متحرک را با چشمان خود دنبال کنید و سرتان را ثابت نگه دارید.<br><br>لطفاً منتظر بمانید.","از شرکت شما سپاسگزاریم!<br><br>آزمایش اکنون به پایان رسیده است.<br><br>لطفاً با آزمایشگر تماس بگیرید.","در این آزمایش، شما یک داستان کوتاه را که روی صفحه نمایش داده می‌شود، خواهید خواند.<br><br>لطفاً هر خط را با دقت بخوانید، زیرا در پایان آزمایش چند سؤال در مورد داستان از شما پرسیده خواهد شد.<br><br>پس از هر پاراگراف، یک جفت تصویر خواهید دید. به هر دو تصویر نگاه کنید و تعداد کل دایره‌ها را در دو تصویر بشمارید.<br><br>در صفحه بعد می‌توانید نمونه‌هایی از یک دایره صحیح و یک شکل نادرست را ببینید. فقط شکل‌هایی را بشمارید که با نمونه دایره صحیح مطابقت دارند.<br><br>برای شروع هر کلیدی را فشار دهید.","دایره شمارش شده را وارد کنید (۰-۳ را فشار دهید)","خوش آمدید! برای ادامه هر کلیدی را فشار دهید.","Farsi","1536","-267","267","-267","267","154","-154","154","-154"
"6","5000","8","undefined","undefined","undefined","undefined","#1a1a1a","4","psycho","True","psycho","psycho","uniform","undefined","undefined","undefined","0","NA","0","0","28","28","0","0","0","NA","0","28","28","NA","28","28","0","28","0","0","NA","0","28","28","28","28","28","28","0","28","28","28","0","88.30131901739172","Wed Jul 15 09:55:43 2026","1000","The main experiment item","False","V7_AttentionalSpatialBias_.osexp","C:\Users\plcm\Desktop\2026-EyeTracking\group-bayes\Experiment","327.0133000041824","008.png","791.28576","263.952","True","False","mono","False","18","no","white","no","yes","RTL","791.28576","263.952","864","4","008.png","009.png","4","psycho","Farsi","28","28","C:\Users\plcm\Desktop\2026-EyeTracking\group-bayes\Experiment\subject-52.csv","150","psycho","no","339104.6733999974","Neonatal Nightingale","4.1.14","4","4","no_prime_trial_29","29","RTL","","0","0","space","0","NA","NA","0","1236.284099999466","2106.3495999987936","NA","NA","1236.284099999466","2","psycho","5, 6, 2, 4, 1, 3, 3, 6, 4, 5, 2, 1, 6, 2, 5, 1, 4, 3, 6, 3, 5, 2, 1, 4, 1, 5, 3, 6, 4, 2, 2, 3, 1, 5, 6, 4, 6, 2, 3, 1, 4, 5, 5, 4, 1, 2, 3, 6","False","1024","2","48000","-16","experiment","52","even","337.27332940000633","768.0","768.0","124.0","740.0","78521.48970001144","NA","NA","5633.935100006056","337273.1749000086","337273.30000000075","NA","13036.298999999417","54477.395200010506","NA","5634.138200010057","345357.2486000048","337261.34979999915","NA","338081.5108000097","338086.85560000595","15260.220600001048","344108.48049999913","80628.51819999923","NA","NA","80664.30240000773","337261.32830001006","345357.18839999754","344119.86440001056","337261.27280000946","339093.68540000287","339087.44640000805","80664.4329999981","337260.8087999979","339093.8301999995","339104.611200004","13036.372600006871","Attentional Spatial Bias","0","0","0","29","اکنون چشم‌پیما را کالیبره می‌کنیم.<br><br>لطفاً نقطه متحرک را با چشمان خود دنبال کنید و سرتان را ثابت نگه دارید.<br><br>لطفاً منتظر بمانید.","از شرکت شما سپاسگزاریم!<br><br>آزمایش اکنون به پایان رسیده است.<br><br>لطفاً با آزمایشگر تماس بگیرید.","در این آزمایش، شما یک داستان کوتاه را که روی صفحه نمایش داده می‌شود، خواهید خواند.<br><br>لطفاً هر خط را با دقت بخوانید، زیرا در پایان آزمایش چند سؤال در مورد داستان از شما پرسیده خواهد شد.<br><br>پس از هر پاراگراف، یک جفت تصویر خواهید دید. به هر دو تصویر نگاه کنید و تعداد کل دایره‌ها را در دو تصویر بشمارید.<br><br>در صفحه بعد می‌توانید نمونه‌هایی از یک دایره صحیح و یک شکل نادرست را ببینید. فقط شکل‌هایی را بشمارید که با نمونه دایره صحیح مطابقت دارند.<br><br>برای شروع هر کلیدی را فشار دهید.","دایره شمارش شده را وارد کنید (۰-۳ را فشار دهید)","خوش آمدید! برای ادامه هر کلیدی را فشار دهید.","Farsi","1536","0","0","0","0","-308","308","-308","308"
"6","5000","8","undefined","undefined","undefined","undefined","#1a1a1a","4","psycho","True","psycho","psycho","uniform","undefined","undefined","undefined","0","NA","0","0","29","29","0","0","0","NA","0","29","29","NA","29","29","0","29","0","0","NA","0","29","29","29","29","29","29","0","29","29","29","0","78.01401205342532","Wed Jul 15 09:55:43 2026","1000","The main experiment item","False","V7_AttentionalSpatialBias_.osexp","C:\Users\plcm\Desktop\2026-EyeTracking\group-bayes\Experiment","376.9939999911003","010.png","500.01408","343.50048","True","False","mono","False","18","no","white","no","yes","RTL","500.01408","343.50048","864","4","010.png","011.png","4","psycho","Farsi","29","29","C:\Users\plcm\Desktop\2026-EyeTracking\group-bayes\Experiment\subject-52.csv","150","psycho","no","347220.4466000112","Neonatal Nightingale","4.1.14","2","2","no_prime_trial_30","30","RTL","","0","2","space","2","NA","NA","2","584.5017999963602","2106.3495999987936","NA","NA","584.5017999963602","2","psycho","5, 6, 2, 4, 1, 3, 3, 6, 4, 5, 2, 1, 6, 2, 5, 1, 4, 3, 6, 3, 5, 2, 1, 4, 1, 5, 3, 6, 4, 2, 2, 3, 1, 5, 6, 4, 6, 2, 3, 1, 4, 5, 5, 4, 1, 2, 3, 6","False","1024","2","48000","-16","experiment","52","even","345.5722688000096","501.0","1035.0","278.0","586.0","78521.48970001144","NA","NA","5633.935100006056","345572.0119000034","345572.2142000013","NA","13036.298999999417","54477.395200010506","NA","5634.138200010057","352821.5044000099","345557.08110000705","NA","346200.35610000195","346206.0288000066","15260.220600001048","352224.52129999874","80628.51819999923","NA","NA","80664.30240000773","345557.0485000062","352821.4595000027","352235.3634000028","345556.96700001135","347211.05880000687","347206.497200008","80664.4329999981","345556.0050000058","347211.12710000307","347220.4094000044","13036.372600006871","Attentional Spatial Bias","0","0","0","30","اکنون چشم‌پیما را کالیبره می‌کنیم.<br><br>لطفاً نقطه متحرک را با چشمان خود دنبال کنید و سرتان را ثابت نگه دارید.<br><br>لطفاً منتظر بمانید.","از شرکت شما سپاسگزاریم!<br><br>آزمایش اکنون به پایان رسیده است.<br><br>لطفاً با آزمایشگر تماس بگیرید.","در این آزمایش، شما یک داستان کوتاه را که روی صفحه نمایش داده می‌شود، خواهید خواند.<br><br>لطفاً هر خط را با دقت بخوانید، زیرا در پایان آزمایش چند سؤال در مورد داستان از شما پرسیده خواهد شد.<br><br>پس از هر پاراگراف، یک جفت تصویر خواهید دید. به هر دو تصویر نگاه کنید و تعداد کل دایره‌ها را در دو تصویر بشمارید.<br><br>در صفحه بعد می‌توانید نمونه‌هایی از یک دایره صحیح و یک شکل نادرست را ببینید. فقط شکل‌هایی را بشمارید که با نمونه دایره صحیح مطابقت دارند.<br><br>برای شروع هر کلیدی را فشار دهید.","دایره شمارش شده را وارد کنید (۰-۳ را فشار دهید)","خوش آمدید! برای ادامه هر کلیدی را فشار دهید.","Farsi","1536","-267","267","-267","267","-154","154","-154","154"
"6","5000","8","undefined","undefined","undefined","undefined","#1a1a1a","5","psycho","True","psycho","psycho","uniform","undefined","undefined","undefined","0","NA","0","0","30","30","0","0","0","NA","0","30","30","NA","30","30","0","30","0","0","NA","0","30","30","30","30","30","30","0","30","30","30","0","88.00129257232534","Wed Jul 15 09:55:43 2026","1000","The main experiment item","False","V7_AttentionalSpatialBias_.osexp","C:\Users\plcm\Desktop\2026-EyeTracking\group-bayes\Experiment","11.631700006546453","013.png","934.44096","503.85888","True","False","mono","False","18","no","white","no","yes","RTL","934.44096","503.85888","864","5","012.png","013.png","4","psycho","Farsi","30","30","C:\Users\plcm\Desktop\2026-EyeTracking\group-bayes\Experiment\subject-52.csv","150","psycho","no","359984.65769999893","Neonatal Nightingale","4.1.14","2","2","prime_6","31","RTL","زمستان آمد و هوا خیلی سرد بود. او در یک دریاچه نزدیک بود یخ بزند، اما یک کشاورز او را پیدا کرد و به خانه خود برد.","0","1","space","1","NA","NA","1","471.6210000042338","2106.3495999987936","NA","NA","471.6210000042338","2","psycho","5, 6, 2, 4, 1, 3, 3, 6, 4, 5, 2, 1, 6, 2, 5, 1, 4, 3, 6, 3, 5, 2, 1, 4, 1, 5, 3, 6, 4, 2, 2, 3, 1, 5, 6, 4, 6, 2, 3, 1, 4, 5, 5, 4, 1, 2, 3, 6","True","1024","2","48000","-16","experiment","52","even","358.2483710000088","501.0","1035.0","278.0","586.0","78521.48970001144","NA","NA","5633.935100006056","358248.2980000059","358248.35190000886","NA","13036.298999999417","54477.395200010506","NA","5634.138200010057","365468.47950000665","358236.3039000047","NA","358961.6514000081","358966.93400001095","15260.220600001048","364986.6583999974","80628.51819999923","NA","NA","80664.30240000773","353055.68610000773","365468.4506000049","364996.1406000075","353055.5996000039","359973.7577000051","359967.092100007","80664.4329999981","353054.6563000098","359973.85130000475","359984.56850000366","13036.372600006871","Attentional Spatial Bias","0","0","0","31","اکنون چشم‌پیما را کالیبره می‌کنیم.<br><br>لطفاً نقطه متحرک را با چشمان خود دنبال کنید و سرتان را ثابت نگه دارید.<br><br>لطفاً منتظر بمانید.","از شرکت شما سپاسگزاریم!<br><br>آزمایش اکنون به پایان رسیده است.<br><br>لطفاً با آزمایشگر تماس بگیرید.","در این آزمایش، شما یک داستان کوتاه را که روی صفحه نمایش داده می‌شود، خواهید خواند.<br><br>لطفاً هر خط را با دقت بخوانید، زیرا در پایان آزمایش چند سؤال در مورد داستان از شما پرسیده خواهد شد.<br><br>پس از هر پاراگراف، یک جفت تصویر خواهید دید. به هر دو تصویر نگاه کنید و تعداد کل دایره‌ها را در دو تصویر بشمارید.<br><br>در صفحه بعد می‌توانید نمونه‌هایی از یک دایره صحیح و یک شکل نادرست را ببینید. فقط شکل‌هایی را بشمارید که با نمونه دایره صحیح مطابقت دارند.<br><br>برای شروع هر کلیدی را فشار دهید.","دایره شمارش شده را وارد کنید (۰-۳ را فشار دهید)","خوش آمدید! برای ادامه هر کلیدی را فشار دهید.","Farsi","1536","-267","267","-267","267","-154","154","-154","154"
"6","5000","8","undefined","undefined","undefined","undefined","#1a1a1a","5","psycho","True","psycho","psycho","uniform","undefined","undefined","undefined","0","NA","0","0","31","31","0","0","0","NA","0","31","31","NA","31","31","0","31","0","0","NA","0","31","31","31","31","31","31","0","31","31","31","0","87.80857470132628","Wed Jul 15 09:55:43 2026","1000","The main experiment item","False","V7_AttentionalSpatialBias_.osexp","C:\Users\plcm\Desktop\2026-EyeTracking\group-bayes\Experiment","248.54239998967387","014.png","671.49312","232.60608000000002","True","False","mono","False","18","no","white","no","yes","RTL","671.49312","232.60608000000002","864","5","014.png","015.png","4","psycho","Farsi","31","31","C:\Users\plcm\Desktop\2026-EyeTracking\group-bayes\Experiment\subject-52.csv","150","psycho","no","366913.5266000085","Neonatal Nightingale","4.1.14","3","3","no_prime_trial_32","32","RTL","","0","2","space","2","NA","NA","2","852.9026999894995","2106.3495999987936","NA","NA","852.9026999894995","2","psycho","5, 6, 2, 4, 1, 3, 3, 6, 4, 5, 2, 1, 6, 2, 5, 1, 4, 3, 6, 3, 5, 2, 1, 4, 1, 5, 3, 6, 4, 2, 2, 3, 1, 5, 6, 4, 6, 2, 3, 1, 4, 5, 5, 4, 1, 2, 3, 6","False","1024","2","48000","-16","experiment","52","even","365.69594920000236","614.0","922.0","165.0","699.0","78521.48970001144","NA","NA","5633.935100006056","365695.76329999836","365695.9050000005","NA","13036.298999999417","54477.395200010506","NA","5634.138200010057","372781.1142999999","365679.7865000117","NA","365895.34750000166","365900.4569000099","15260.220600001048","371918.0436000024","80628.51819999923","NA","NA","80664.30240000773","365679.7566000023","372781.0659000097","371926.9368000096","365679.68400000245","366904.5863000065","366900.61130000686","80664.4329999981","365678.9409000048","366904.6901999973","366913.48430000653","13036.372600006871","Attentional Spatial Bias","0","0","0","32","اکنون چشم‌پیما را کالیبره می‌کنیم.<br><br>لطفاً نقطه متحرک را با چشمان خود دنبال کنید و سرتان را ثابت نگه دارید.<br><br>لطفاً منتظر بمانید.","از شرکت شما سپاسگزاریم!<br><br>آزمایش اکنون به پایان رسیده است.<br><br>لطفاً با آزمایشگر تماس بگیرید.","در این آزمایش، شما یک داستان کوتاه را که روی صفحه نمایش داده می‌شود، خواهید خواند.<br><br>لطفاً هر خط را با دقت بخوانید، زیرا در پایان آزمایش چند سؤال در مورد داستان از شما پرسیده خواهد شد.<br><br>پس از هر پاراگراف، یک جفت تصویر خواهید دید. به هر دو تصویر نگاه کنید و تعداد کل دایره‌ها را در دو تصویر بشمارید.<br><br>در صفحه بعد می‌توانید نمونه‌هایی از یک دایره صحیح و یک شکل نادرست را ببینید. فقط شکل‌هایی را بشمارید که با نمونه دایره صحیح مطابقت دارند.<br><br>برای شروع هر کلیدی را فشار دهید.","دایره شمارش شده را وارد کنید (۰-۳ را فشار دهید)","خوش آمدید! برای ادامه هر کلیدی را فشار دهید.","Farsi","1536","-154","154","-154","154","-267","267","-267","267"
"6","5000","8","undefined","undefined","undefined","undefined","#1a1a1a","5","psycho","True","psycho","psycho","uniform","undefined","undefined","undefined","0","NA","0","0","32","32","0","0","0","NA","0","32","32","NA","32","32","0","32","0","0","NA","0","32","32","32","32","32","32","0","32","32","32","0","99.9286767714493","Wed Jul 15 09:55:43 2026","1000","The main experiment item","False","V7_AttentionalSpatialBias_.osexp","C:\Users\plcm\Desktop\2026-EyeTracking\group-bayes\Experiment","328.1367000017781","000.png","515.7580800000001","421.48512","True","False","mono","False","18","no","white","no","yes","RTL","515.7580800000001","421.48512","864","5","000.png","001.png","4","psycho","Farsi","32","32","C:\Users\plcm\Desktop\2026-EyeTracking\group-bayes\Experiment\subject-52.csv","150","psycho","no","373993.8078999985","Neonatal Nightingale","4.1.14","1","1","no_prime_trial_33","33","RTL","","0","2","space","2","NA","NA","2","741.3411000015913","2106.3495999987936","NA","NA","741.3411000015913","2","psycho","5, 6, 2, 4, 1, 3, 3, 6, 4, 5, 2, 1, 6, 2, 5, 1, 4, 3, 6, 3, 5, 2, 1, 4, 1, 5, 3, 6, 4, 2, 2, 3, 1, 5, 6, 4, 6, 2, 3, 1, 4, 5, 5, 4, 1, 2, 3, 6","False","1024","2","48000","-16","experiment","52","even","372.964647700006","460.0","1076.0","432.0","432.0","78521.48970001144","NA","NA","5633.935100006056","372964.5204000117","372964.6184000012","NA","13036.298999999417","54477.395200010506","NA","5634.138200010057","379748.3432000008","372950.8127000008","NA","372975.79810000025","372981.5385000111","15260.220600001048","378998.93200000224","80628.51819999923","NA","NA","80664.30240000773","372950.7814000099","379748.3152000059","379006.45390000136","372950.70719999785","373985.8005999995","373981.8907000008","80664.4329999981","372950.02580000437","373985.8627000067","373993.7712000101","13036.372600006871","Attentional Spatial Bias","0","0","0","33","اکنون چشم‌پیما را کالیبره می‌کنیم.<br><br>لطفاً نقطه متحرک را با چشمان خود دنبال کنید و سرتان را ثابت نگه دارید.<br><br>لطفاً منتظر بمانید.","از شرکت شما سپاسگزاریم!<br><br>آزمایش اکنون به پایان رسیده است.<br><br>لطفاً با آزمایشگر تماس بگیرید.","در این آزمایش، شما یک داستان کوتاه را که روی صفحه نمایش داده می‌شود، خواهید خواند.<br><br>لطفاً هر خط را با دقت بخوانید، زیرا در پایان آزمایش چند سؤال در مورد داستان از شما پرسیده خواهد شد.<br><br>پس از هر پاراگراف، یک جفت تصویر خواهید دید. به هر دو تصویر نگاه کنید و تعداد کل دایره‌ها را در دو تصویر بشمارید.<br><br>در صفحه بعد می‌توانید نمونه‌هایی از یک دایره صحیح و یک شکل نادرست را ببینید. فقط شکل‌هایی را بشمارید که با نمونه دایره صحیح مطابقت دارند.<br><br>برای شروع هر کلیدی را فشار دهید.","دایره شمارش شده را وارد کنید (۰-۳ را فشار دهید)","خوش آمدید! برای ادامه هر کلیدی را فشار دهید.","Farsi","1536","-308","308","-308","308","0","0","0","0"
"6","5000","8","undefined","undefined","undefined","undefined","#1a1a1a","5","psycho","True","psycho","psycho","uniform","undefined","undefined","undefined","0","NA","0","0","33","33","0","0","0","NA","0","33","33","NA","33","33","0","33","0","0","NA","0","33","33","33","33","33","33","0","33","33","33","0","42.52346527516312","Wed Jul 15 09:55:43 2026","1000","The main experiment item","False","V7_AttentionalSpatialBias_.osexp","C:\Users\plcm\Desktop\2026-EyeTracking\group-bayes\Experiment","214.78270000079647","003.png","839.31648","305.83008","True","False","mono","False","18","no","white","no","yes","RTL","839.31648","305.83008","864","5","002.png","003.png","4","psycho","Farsi","33","33","C:\Users\plcm\Desktop\2026-EyeTracking\group-bayes\Experiment\subject-52.csv","150","psycho","no","380888.3923000103","Neonatal Nightingale","4.1.14","5","5","no_prime_trial_34","34","RTL","","0","3","space","3","NA","NA","3","1263.3532000036212","2106.3495999987936","NA","NA","1263.3532000036212","2","psycho","5, 6, 2, 4, 1, 3, 3, 6, 4, 5, 2, 1, 6, 2, 5, 1, 4, 3, 6, 3, 5, 2, 1, 4, 1, 5, 3, 6, 4, 2, 2, 3, 1, 5, 6, 4, 6, 2, 3, 1, 4, 5, 5, 4, 1, 2, 3, 6","False","1024","2","48000","-16","experiment","52","even","379.86609750000935","614.0","922.0","699.0","165.0","78521.48970001144","NA","NA","5633.935100006056","379865.96290000307","379866.068000003","NA","13036.298999999417","54477.395200010506","NA","5634.138200010057","387164.64860000997","379854.27140000684","NA","379871.5660000016","379876.9159000076","15260.220600001048","385892.4638000026","80628.51819999923","NA","NA","80664.30240000773","379854.24950000015","387164.6102000086","385900.4595000006","379854.18989999744","380880.57700000354","380877.0652000094","80664.4329999981","379853.5125000053","380880.6457000028","380888.3533000044","13036.372600006871","Attentional Spatial Bias","0","0","0","34","اکنون چشم‌پیما را کالیبره می‌کنیم.<br><br>لطفاً نقطه متحرک را با چشمان خود دنبال کنید و سرتان را ثابت نگه دارید.<br><br>لطفاً منتظر بمانید.","از شرکت شما سپاسگزاریم!<br><br>آزمایش اکنون به پایان رسیده است.<br><br>لطفاً با آزمایشگر تماس بگیرید.","در این آزمایش، شما یک داستان کوتاه را که روی صفحه نمایش داده می‌شود، خواهید خواند.<br><br>لطفاً هر خط را با دقت بخوانید، زیرا در پایان آزمایش چند سؤال در مورد داستان از شما پرسیده خواهد شد.<br><br>پس از هر پاراگراف، یک جفت تصویر خواهید دید. به هر دو تصویر نگاه کنید و تعداد کل دایره‌ها را در دو تصویر بشمارید.<br><br>در صفحه بعد می‌توانید نمونه‌هایی از یک دایره صحیح و یک شکل نادرست را ببینید. فقط شکل‌هایی را بشمارید که با نمونه دایره صحیح مطابقت دارند.<br><br>برای شروع هر کلیدی را فشار دهید.","دایره شمارش شده را وارد کنید (۰-۳ را فشار دهید)","خوش آمدید! برای ادامه هر کلیدی را فشار دهید.","Farsi","1536","-154","154","-154","154","267","-267","267","-267"
"6","5000","8","undefined","undefined","undefined","undefined","#1a1a1a","5","psycho","True","psycho","psycho","uniform","undefined","undefined","undefined","0","NA","0","0","34","34","0","0","0","NA","0","34","34","NA","34","34","0","34","0","0","NA","0","34","34","34","34","34","34","0","34","34","34","0","71.0584296094418","Wed Jul 15 09:55:43 2026","1000","The main experiment item","False","V7_AttentionalSpatialBias_.osexp","C:\Users\plcm\Desktop\2026-EyeTracking\group-bayes\Experiment","236.66419999790378","004.png","612.2496","438.91200000000003","True","False","mono","False","18","no","white","no","yes","RTL","612.2496","438.91200000000003","864","5","004.png","005.png","4","psycho","Farsi","34","34","C:\Users\plcm\Desktop\2026-EyeTracking\group-bayes\Experiment\subject-52.csv","150","psycho","no","388318.39490000857","Neonatal Nightingale","4.1.14","6","6","no_prime_trial_35","35","RTL","","0","2","space","2","NA","NA","2","497.2983000043314","2106.3495999987936","NA","NA","497.2983000043314","2","psycho","5, 6, 2, 4, 1, 3, 3, 6, 4, 5, 2, 1, 6, 2, 5, 1, 4, 3, 6, 3, 5, 2, 1, 4, 1, 5, 3, 6, 4, 2, 2, 3, 1, 5, 6, 4, 6, 2, 3, 1, 4, 5, 5, 4, 1, 2, 3, 6","False","1024","2","48000","-16","experiment","52","even","387.29629260000365","501.0","1035.0","586.0","278.0","78521.48970001144","NA","NA","5633.935100006056","387296.2048000045","387296.2716000038","NA","13036.298999999417","54477.395200010506","NA","5634.138200010057","393828.30550000654","387284.49560000445","NA","387301.69990001014","387306.92870001076","15260.220600001048","393322.94340000954","80628.51819999923","NA","NA","80664.30240000773","387284.4755999977","393828.2785000047","393330.4580999975","387284.4288000051","388310.3458999976","388307.53430000914","80664.4329999981","387283.53570000036","388310.41740000364","388318.35060000594","13036.372600006871","Attentional Spatial Bias","0","0","0","35","اکنون چشم‌پیما را کالیبره می‌کنیم.<br><br>لطفاً نقطه متحرک را با چشمان خود دنبال کنید و سرتان را ثابت نگه دارید.<br><br>لطفاً منتظر بمانید.","از شرکت شما سپاسگزاریم!<br><br>آزمایش اکنون به پایان رسیده است.<br><br>لطفاً با آزمایشگر تماس بگیرید.","در این آزمایش، شما یک داستان کوتاه را که روی صفحه نمایش داده می‌شود، خواهید خواند.<br><br>لطفاً هر خط را با دقت بخوانید، زیرا در پایان آزمایش چند سؤال در مورد داستان از شما پرسیده خواهد شد.<br><br>پس از هر پاراگراف، یک جفت تصویر خواهید دید. به هر دو تصویر نگاه کنید و تعداد کل دایره‌ها را در دو تصویر بشمارید.<br><br>در صفحه بعد می‌توانید نمونه‌هایی از یک دایره صحیح و یک شکل نادرست را ببینید. فقط شکل‌هایی را بشمارید که با نمونه دایره صحیح مطابقت دارند.<br><br>برای شروع هر کلیدی را فشار دهید.","دایره شمارش شده را وارد کنید (۰-۳ را فشار دهید)","خوش آمدید! برای ادامه هر کلیدی را فشار دهید.","Farsi","1536","-267","267","-267","267","154","-154","154","-154"
"6","5000","8","undefined","undefined","undefined","undefined","#1a1a1a","5","psycho","True","psycho","psycho","uniform","undefined","undefined","undefined","0","NA","0","0","35","35","0","0","0","NA","0","35","35","NA","35","35","0","35","0","0","NA","0","35","35","35","35","35","35","0","35","35","35","0","83.28540064102465","Wed Jul 15 09:55:43 2026","1000","The main experiment item","False","V7_AttentionalSpatialBias_.osexp","C:\Users\plcm\Desktop\2026-EyeTracking\group-bayes\Experiment","229.00169999047648","006.png","826.9824","234.0144","True","False","mono","False","18","no","white","no","yes","RTL","826.9824","234.0144","864","5","006.png","007.png","4","psycho","Farsi","35","35","C:\Users\plcm\Desktop\2026-EyeTracking\group-bayes\Experiment\subject-52.csv","150","psycho","no","395735.7825000072","Neonatal Nightingale","4.1.14","4","4","no_prime_trial_36","36","RTL","","0","2","space","2","NA","NA","2","1225.6892000004882","2106.3495999987936","NA","NA","1225.6892000004882","2","psycho","5, 6, 2, 4, 1, 3, 3, 6, 4, 5, 2, 1, 6, 2, 5, 1, 4, 3, 6, 3, 5, 2, 1, 4, 1, 5, 3, 6, 4, 2, 2, 3, 1, 5, 6, 4, 6, 2, 3, 1, 4, 5, 5, 4, 1, 2, 3, 6","False","1024","2","48000","-16","experiment","52","even","393.9786133000016","768.0","768.0","124.0","740.0","78521.48970001144","NA","NA","5633.935100006056","393978.51700001047","393978.5888000042","NA","13036.298999999417","54477.395200010506","NA","5634.138200010057","401972.29730000254","393966.8417000066","NA","394721.1236000003","394726.45220000413","15260.220600001048","400737.8222000116","80628.51819999923","NA","NA","80664.30240000773","393966.8207000068","401972.27170001133","400746.06830000994","393966.76819999993","395729.89329999837","395726.6138999985","80664.4329999981","393966.1460000061","395729.9430999992","395735.7442000066","13036.372600006871","Attentional Spatial Bias","0","0","0","36","اکنون چشم‌پیما را کالیبره می‌کنیم.<br><br>لطفاً نقطه متحرک را با چشمان خود دنبال کنید و سرتان را ثابت نگه دارید.<br><br>لطفاً منتظر بمانید.","از شرکت شما سپاسگزاریم!<br><br>آزمایش اکنون به پایان رسیده است.<br><br>لطفاً با آزمایشگر تماس بگیرید.","در این آزمایش، شما یک داستان کوتاه را که روی صفحه نمایش داده می‌شود، خواهید خواند.<br><br>لطفاً هر خط را با دقت بخوانید، زیرا در پایان آزمایش چند سؤال در مورد داستان از شما پرسیده خواهد شد.<br><br>پس از هر پاراگراف، یک جفت تصویر خواهید دید. به هر دو تصویر نگاه کنید و تعداد کل دایره‌ها را در دو تصویر بشمارید.<br><br>در صفحه بعد می‌توانید نمونه‌هایی از یک دایره صحیح و یک شکل نادرست را ببینید. فقط شکل‌هایی را بشمارید که با نمونه دایره صحیح مطابقت دارند.<br><br>برای شروع هر کلیدی را فشار دهید.","دایره شمارش شده را وارد کنید (۰-۳ را فشار دهید)","خوش آمدید! برای ادامه هر کلیدی را فشار دهید.","Farsi","1536","0","0","0","0","-308","308","-308","308"
"6","5000","8","undefined","undefined","undefined","undefined","#1a1a1a","6","psycho","True","psycho","psycho","uniform","undefined","undefined","undefined","0","NA","0","0","36","36","0","0","0","NA","0","36","36","NA","36","36","0","36","0","0","NA","0","36","36","36","36","36","36","0","36","36","36","0","22.434190703869813","Wed Jul 15 09:55:43 2026","1000","The main experiment item","False","V7_AttentionalSpatialBias_.osexp","C:\Users\plcm\Desktop\2026-EyeTracking\group-bayes\Experiment","216.53269999660552","009.png","954.2092799999999","252.5472","True","False","mono","False","18","no","white","no","yes","RTL","954.2092799999999","252.5472","864","6","008.png","009.png","4","psycho","Farsi","36","36","C:\Users\plcm\Desktop\2026-EyeTracking\group-bayes\Experiment\subject-52.csv","150","psycho","no","406919.2456000019","Neonatal Nightingale","4.1.14","6","6","prime_7","37","RTL","بچه‌های کشاورز او را ترساندند، بنابراین او دوباره در سرمای سوزان فرار کرد.","0","0","space","0","NA","NA","0","1090.2335999999195","2106.3495999987936","NA","NA","1090.2335999999195","2","psycho","5, 6, 2, 4, 1, 3, 3, 6, 4, 5, 2, 1, 6, 2, 5, 1, 4, 3, 6, 3, 5, 2, 1, 4, 1, 5, 3, 6, 4, 2, 2, 3, 1, 5, 6, 4, 6, 2, 3, 1, 4, 5, 5, 4, 1, 2, 3, 6","True","1024","2","48000","-16","experiment","52","even","405.8938657000108","501.0","1035.0","586.0","278.0","78521.48970001144","NA","NA","5633.935100006056","405893.79929999996","405893.8479000062","NA","13036.298999999417","54477.395200010506","NA","5634.138200010057","413020.3590000019","405884.1987000051","NA","405898.9770000044","405904.8257000104","15260.220600001048","411921.669000003","80628.51819999923","NA","NA","80664.30240000773","402090.24099999806","413020.32789999794","411929.56940000295","402090.1853000105","406910.14449999784","406905.096100003","80664.4329999981","402089.7377000074","406910.1961999986","406919.20689999824","13036.372600006871","Attentional Spatial Bias","0","0","0","37","اکنون چشم‌پیما را کالیبره می‌کنیم.<br><br>لطفاً نقطه متحرک را با چشمان خود دنبال کنید و سرتان را ثابت نگه دارید.<br><br>لطفاً منتظر بمانید.","از شرکت شما سپاسگزاریم!<br><br>آزمایش اکنون به پایان رسیده است.<br><br>لطفاً با آزمایشگر تماس بگیرید.","در این آزمایش، شما یک داستان کوتاه را که روی صفحه نمایش داده می‌شود، خواهید خواند.<br><br>لطفاً هر خط را با دقت بخوانید، زیرا در پایان آزمایش چند سؤال در مورد داستان از شما پرسیده خواهد شد.<br><br>پس از هر پاراگراف، یک جفت تصویر خواهید دید. به هر دو تصویر نگاه کنید و تعداد کل دایره‌ها را در دو تصویر بشمارید.<br><br>در صفحه بعد می‌توانید نمونه‌هایی از یک دایره صحیح و یک شکل نادرست را ببینید. فقط شکل‌هایی را بشمارید که با نمونه دایره صحیح مطابقت دارند.<br><br>برای شروع هر کلیدی را فشار دهید.","دایره شمارش شده را وارد کنید (۰-۳ را فشار دهید)","خوش آمدید! برای ادامه هر کلیدی را فشار دهید.","Farsi","1536","-267","267","-267","267","154","-154","154","-154"
"6","5000","8","undefined","undefined","undefined","undefined","#1a1a1a","6","psycho","True","psycho","psycho","uniform","undefined","undefined","undefined","0","NA","0","0","37","37","0","0","0","NA","0","37","37","NA","37","37","0","37","0","0","NA","0","37","37","37","37","37","37","0","37","37","37","0","99.26955204279712","Wed Jul 15 09:55:43 2026","1000","The main experiment item","False","V7_AttentionalSpatialBias_.osexp","C:\Users\plcm\Desktop\2026-EyeTracking\group-bayes\Experiment","310.58169998868834","010.png","610.88256","310.09824000000003","True","False","mono","False","18","no","white","no","yes","RTL","610.88256","310.09824000000003","864","6","010.png","011.png","4","psycho","Farsi","37","37","C:\Users\plcm\Desktop\2026-EyeTracking\group-bayes\Experiment\subject-52.csv","150","psycho","no","414169.0193000104","Neonatal Nightingale","4.1.14","2","2","no_prime_trial_38","38","RTL","","0","2","space","2","NA","NA","2","670.189800002845","2106.3495999987936","NA","NA","670.189800002845","2","psycho","5, 6, 2, 4, 1, 3, 3, 6, 4, 5, 2, 1, 6, 2, 5, 1, 4, 3, 6, 3, 5, 2, 1, 4, 1, 5, 3, 6, 4, 2, 2, 3, 1, 5, 6, 4, 6, 2, 3, 1, 4, 5, 5, 4, 1, 2, 3, 6","False","1024","2","48000","-16","experiment","52","even","413.1478261000011","501.0","1035.0","278.0","586.0","78521.48970001144","NA","NA","5633.935100006056","413147.6951000077","413147.7995000023","NA","13036.298999999417","54477.395200010506","NA","5634.138200010057","419852.40600000543","413136.9917999982","NA","413153.30230000836","413158.9573000092","15260.220600001048","419172.85850000917","80628.51819999923","NA","NA","80664.30240000773","413136.97190000676","419852.3789000028","419181.6106000042","413136.92309999897","414162.8242000006","414159.57460000936","80664.4329999981","413136.21579999744","414162.8692000086","414168.9592000039","13036.372600006871","Attentional Spatial Bias","0","0","0","38","اکنون چشم‌پیما را کالیبره می‌کنیم.<br><br>لطفاً نقطه متحرک را با چشمان خود دنبال کنید و سرتان را ثابت نگه دارید.<br><br>لطفاً منتظر بمانید.","از شرکت شما سپاسگزاریم!<br><br>آزمایش اکنون به پایان رسیده است.<br><br>لطفاً با آزمایشگر تماس بگیرید.","در این آزمایش، شما یک داستان کوتاه را که روی صفحه نمایش داده می‌شود، خواهید خواند.<br><br>لطفاً هر خط را با دقت بخوانید، زیرا در پایان آزمایش چند سؤال در مورد داستان از شما پرسیده خواهد شد.<br><br>پس از هر پاراگراف، یک جفت تصویر خواهید دید. به هر دو تصویر نگاه کنید و تعداد کل دایره‌ها را در دو تصویر بشمارید.<br><br>در صفحه بعد می‌توانید نمونه‌هایی از یک دایره صحیح و یک شکل نادرست را ببینید. فقط شکل‌هایی را بشمارید که با نمونه دایره صحیح مطابقت دارند.<br><br>برای شروع هر کلیدی را فشار دهید.","دایره شمارش شده را وارد کنید (۰-۳ را فشار دهید)","خوش آمدید! برای ادامه هر کلیدی را فشار دهید.","Farsi","1536","-267","267","-267","267","-154","154","-154","154"
"6","5000","8","undefined","undefined","undefined","undefined","#1a1a1a","6","psycho","True","psycho","psycho","uniform","undefined","undefined","undefined","0","NA","0","0","38","38","0","0","0","NA","0","38","38","NA","38","38","0","38","0","0","NA","0","38","38","38","38","38","38","0","38","38","38","0","84.65410292487891","Wed Jul 15 09:55:43 2026","1000","The main experiment item","False","V7_AttentionalSpatialBias_.osexp","C:\Users\plcm\Desktop\2026-EyeTracking\group-bayes\Experiment","200.6419000099413","012.png","719.03232","256.46112","True","False","mono","False","18","no","white","no","yes","RTL","719.03232","256.46112","864","6","012.png","013.png","4","psycho","Farsi","38","38","C:\Users\plcm\Desktop\2026-EyeTracking\group-bayes\Experiment\subject-52.csv","150","psycho","no","421019.481299998","Neonatal Nightingale","4.1.14","3","3","no_prime_trial_39","39","RTL","","0","1","space","1","NA","NA","1","663.7587000004714","2106.3495999987936","NA","NA","663.7587000004714","2","psycho","5, 6, 2, 4, 1, 3, 3, 6, 4, 5, 2, 1, 6, 2, 5, 1, 4, 3, 6, 3, 5, 2, 1, 4, 1, 5, 3, 6, 4, 2, 2, 3, 1, 5, 6, 4, 6, 2, 3, 1, 4, 5, 5, 4, 1, 2, 3, 6","False","1024","2","48000","-16","experiment","52","even","419.9954567000095","614.0","922.0","165.0","699.0","78521.48970001144","NA","NA","5633.935100006056","419995.3275000007","419995.4246999987","NA","13036.298999999417","54477.395200010506","NA","5634.138200010057","426692.35379999736","419984.1863000038","NA","420000.6715000054","420006.2947000115","15260.220600001048","426019.97480000136","80628.51819999923","NA","NA","80664.30240000773","419984.16530000395","426692.32550000015","426028.0284000037","419984.11010000564","421009.8975000001","421006.4302000101","80664.4329999981","419983.1724000105","421009.95600000897","421019.44450000883","13036.372600006871","Attentional Spatial Bias","0","0","0","39","اکنون چشم‌پیما را کالیبره می‌کنیم.<br><br>لطفاً نقطه متحرک را با چشمان خود دنبال کنید و سرتان را ثابت نگه دارید.<br><br>لطفاً منتظر بمانید.","از شرکت شما سپاسگزاریم!<br><br>آزمایش اکنون به پایان رسیده است.<br><br>لطفاً با آزمایشگر تماس بگیرید.","در این آزمایش، شما یک داستان کوتاه را که روی صفحه نمایش داده می‌شود، خواهید خواند.<br><br>لطفاً هر خط را با دقت بخوانید، زیرا در پایان آزمایش چند سؤال در مورد داستان از شما پرسیده خواهد شد.<br><br>پس از هر پاراگراف، یک جفت تصویر خواهید دید. به هر دو تصویر نگاه کنید و تعداد کل دایره‌ها را در دو تصویر بشمارید.<br><br>در صفحه بعد می‌توانید نمونه‌هایی از یک دایره صحیح و یک شکل نادرست را ببینید. فقط شکل‌هایی را بشمارید که با نمونه دایره صحیح مطابقت دارند.<br><br>برای شروع هر کلیدی را فشار دهید.","دایره شمارش شده را وارد کنید (۰-۳ را فشار دهید)","خوش آمدید! برای ادامه هر کلیدی را فشار دهید.","Farsi","1536","-154","154","-154","154","-267","267","-267","267"
"6","5000","8","undefined","undefined","undefined","undefined","#1a1a1a","6","psycho","True","psycho","psycho","uniform","undefined","undefined","undefined","0","NA","0","0","39","39","0","0","0","NA","0","39","39","NA","39","39","0","39","0","0","NA","0","39","39","39","39","39","39","0","39","39","39","0","35.66331588684374","Wed Jul 15 09:55:43 2026","1000","The main experiment item","False","V7_AttentionalSpatialBias_.osexp","C:\Users\plcm\Desktop\2026-EyeTracking\group-bayes\Experiment","217.7057000080822","014.png","588.9024000000001","399.79872","True","False","mono","False","18","no","white","no","yes","RTL","588.9024000000001","399.79872","864","6","014.png","015.png","4","psycho","Farsi","39","39","C:\Users\plcm\Desktop\2026-EyeTracking\group-bayes\Experiment\subject-52.csv","150","psycho","no","427895.8383999998","Neonatal Nightingale","4.1.14","1","1","no_prime_trial_40","40","RTL","","0","1","space","1","NA","NA","1","680.1319000078365","2106.3495999987936","NA","NA","680.1319000078365","2","psycho","5, 6, 2, 4, 1, 3, 3, 6, 4, 5, 2, 1, 6, 2, 5, 1, 4, 3, 6, 3, 5, 2, 1, 4, 1, 5, 3, 6, 4, 2, 2, 3, 1, 5, 6, 4, 6, 2, 3, 1, 4, 5, 5, 4, 1, 2, 3, 6","False","1024","2","48000","-16","experiment","52","even","426.84493590000784","460.0","1076.0","432.0","432.0","78521.48970001144","NA","NA","5633.935100006056","426844.83120001096","426844.91290000733","NA","13036.298999999417","54477.395200010506","NA","5634.138200010057","433588.5047000047","426833.53460000944","NA","426876.99570000404","426882.77370001015","15260.220600001048","432899.8505000054","80628.51819999923","NA","NA","80664.30240000773","426833.51350000885","433588.4780000051","432907.66209999856","426833.4595000051","427886.2782000069","427883.2325000112","80664.4329999981","426832.59279999766","427886.3284000108","427895.7953000063","13036.372600006871","Attentional Spatial Bias","0","0","0","40","اکنون چشم‌پیما را کالیبره می‌کنیم.<br><br>لطفاً نقطه متحرک را با چشمان خود دنبال کنید و سرتان را ثابت نگه دارید.<br><br>لطفاً منتظر بمانید.","از شرکت شما سپاسگزاریم!<br><br>آزمایش اکنون به پایان رسیده است.<br><br>لطفاً با آزمایشگر تماس بگیرید.","در این آزمایش، شما یک داستان کوتاه را که روی صفحه نمایش داده می‌شود، خواهید خواند.<br><br>لطفاً هر خط را با دقت بخوانید، زیرا در پایان آزمایش چند سؤال در مورد داستان از شما پرسیده خواهد شد.<br><br>پس از هر پاراگراف، یک جفت تصویر خواهید دید. به هر دو تصویر نگاه کنید و تعداد کل دایره‌ها را در دو تصویر بشمارید.<br><br>در صفحه بعد می‌توانید نمونه‌هایی از یک دایره صحیح و یک شکل نادرست را ببینید. فقط شکل‌هایی را بشمارید که با نمونه دایره صحیح مطابقت دارند.<br><br>برای شروع هر کلیدی را فشار دهید.","دایره شمارش شده را وارد کنید (۰-۳ را فشار دهید)","خوش آمدید! برای ادامه هر کلیدی را فشار دهید.","Farsi","1536","-308","308","-308","308","0","0","0","0"
"6","5000","8","undefined","undefined","undefined","undefined","#1a1a1a","6","psycho","True","psycho","psycho","uniform","undefined","undefined","undefined","0","NA","0","0","40","40","0","0","0","NA","0","40","40","NA","40","40","0","40","0","0","NA","0","40","40","40","40","40","40","0","40","40","40","0","77.78532883480791","Wed Jul 15 09:55:43 2026","1000","The main experiment item","False","V7_AttentionalSpatialBias_.osexp","C:\Users\plcm\Desktop\2026-EyeTracking\group-bayes\Experiment","271.06600000115577","000.png","801.68448","165.47328","True","False","mono","False","18","no","white","no","yes","RTL","801.68448","165.47328","864","6","000.png","001.png","4","psycho","Farsi","40","40","C:\Users\plcm\Desktop\2026-EyeTracking\group-bayes\Experiment\subject-52.csv","150","psycho","no","434990.4572000087","Neonatal Nightingale","4.1.14","4","4","no_prime_trial_41","41","RTL","","0","2","space","2","NA","NA","2","452.66180000908207","2106.3495999987936","NA","NA","452.66180000908207","2","psycho","5, 6, 2, 4, 1, 3, 3, 6, 4, 5, 2, 1, 6, 2, 5, 1, 4, 3, 6, 3, 5, 2, 1, 4, 1, 5, 3, 6, 4, 2, 2, 3, 1, 5, 6, 4, 6, 2, 3, 1, 4, 5, 5, 4, 1, 2, 3, 6","False","1024","2","48000","-16","experiment","52","even","433.7147671999992","768.0","768.0","124.0","740.0","78521.48970001144","NA","NA","5633.935100006056","433714.68570000434","433714.7459000116","NA","13036.298999999417","54477.395200010506","NA","5634.138200010057","440452.59670000814","433702.3331000091","NA","433970.3007000062","433975.711600011","15260.220600001048","439991.2614000059","80628.51819999923","NA","NA","80664.30240000773","433702.3133000039","440452.5701000093","439999.1569999984","433702.2638000053","434979.5873000112","434975.9492000012","80664.4329999981","433701.76029999857","434979.63800000434","434990.4224000056","13036.372600006871","Attentional Spatial Bias","0","0","0","41","اکنون چشم‌پیما را کالیبره می‌کنیم.<br><br>لطفاً نقطه متحرک را با چشمان خود دنبال کنید و سرتان را ثابت نگه دارید.<br><br>لطفاً منتظر بمانید.","از شرکت شما سپاسگزاریم!<br><br>آزمایش اکنون به پایان رسیده است.<br><br>لطفاً با آزمایشگر تماس بگیرید.","در این آزمایش، شما یک داستان کوتاه را که روی صفحه نمایش داده می‌شود، خواهید خواند.<br><br>لطفاً هر خط را با دقت بخوانید، زیرا در پایان آزمایش چند سؤال در مورد داستان از شما پرسیده خواهد شد.<br><br>پس از هر پاراگراف، یک جفت تصویر خواهید دید. به هر دو تصویر نگاه کنید و تعداد کل دایره‌ها را در دو تصویر بشمارید.<br><br>در صفحه بعد می‌توانید نمونه‌هایی از یک دایره صحیح و یک شکل نادرست را ببینید. فقط شکل‌هایی را بشمارید که با نمونه دایره صحیح مطابقت دارند.<br><br>برای شروع هر کلیدی را فشار دهید.","دایره شمارش شده را وارد کنید (۰-۳ را فشار دهید)","خوش آمدید! برای ادامه هر کلیدی را فشار دهید.","Farsi","1536","0","0","0","0","-308","308","-308","308"
"6","5000","8","undefined","undefined","undefined","undefined","#1a1a1a","6","psycho","True","psycho","psycho","uniform","undefined","undefined","undefined","0","NA","0","0","41","41","0","0","0","NA","0","41","41","NA","41","41","0","41","0","0","NA","0","41","41","41","41","41","41","0","41","41","41","0","60.971271867488625","Wed Jul 15 09:55:43 2026","1000","The main experiment item","False","V7_AttentionalSpatialBias_.osexp","C:\Users\plcm\Desktop\2026-EyeTracking\group-bayes\Experiment","426.7128000064986","002.png","632.84736","567.31968","True","False","mono","False","18","no","white","no","yes","RTL","632.84736","567.31968","864","6","002.png","003.png","4","psycho","Farsi","41","41","C:\Users\plcm\Desktop\2026-EyeTracking\group-bayes\Experiment\subject-52.csv","150","psycho","no","441855.535900002","Neonatal Nightingale","4.1.14","5","5","no_prime_trial_42","42","RTL","","0","2","space","2","NA","NA","2","979.7645999933593","2106.3495999987936","NA","NA","979.7645999933593","2","psycho","5, 6, 2, 4, 1, 3, 3, 6, 4, 5, 2, 1, 6, 2, 5, 1, 4, 3, 6, 3, 5, 2, 1, 4, 1, 5, 3, 6, 4, 2, 2, 3, 1, 5, 6, 4, 6, 2, 3, 1, 4, 5, 5, 4, 1, 2, 3, 6","False","1024","2","48000","-16","experiment","52","even","440.58155090000946","614.0","922.0","699.0","165.0","78521.48970001144","NA","NA","5633.935100006056","440581.45690000674","440581.5251000022","NA","13036.298999999417","54477.395200010506","NA","5634.138200010057","447844.34680000413","440569.6553000016","NA","440835.3174000076","440841.28449999844","15260.220600001048","446855.9648000082","80628.51819999923","NA","NA","80664.30240000773","440569.62330000533","447844.3217000022","446864.0121000062","440569.55110000854","441844.4782000006","441841.6181000066","80664.4329999981","440568.92640001024","441844.531499999","441855.4970999976","13036.372600006871","Attentional Spatial Bias","0","0","0","42","اکنون چشم‌پیما را کالیبره می‌کنیم.<br><br>لطفاً نقطه متحرک را با چشمان خود دنبال کنید و سرتان را ثابت نگه دارید.<br><br>لطفاً منتظر بمانید.","از شرکت شما سپاسگزاریم!<br><br>آزمایش اکنون به پایان رسیده است.<br><br>لطفاً با آزمایشگر تماس بگیرید.","در این آزمایش، شما یک داستان کوتاه را که روی صفحه نمایش داده می‌شود، خواهید خواند.<br><br>لطفاً هر خط را با دقت بخوانید، زیرا در پایان آزمایش چند سؤال در مورد داستان از شما پرسیده خواهد شد.<br><br>پس از هر پاراگراف، یک جفت تصویر خواهید دید. به هر دو تصویر نگاه کنید و تعداد کل دایره‌ها را در دو تصویر بشمارید.<br><br>در صفحه بعد می‌توانید نمونه‌هایی از یک دایره صحیح و یک شکل نادرست را ببینید. فقط شکل‌هایی را بشمارید که با نمونه دایره صحیح مطابقت دارند.<br><br>برای شروع هر کلیدی را فشار دهید.","دایره شمارش شده را وارد کنید (۰-۳ را فشار دهید)","خوش آمدید! برای ادامه هر کلیدی را فشار دهید.","Farsi","1536","-154","154","-154","154","267","-267","267","-267"
"6","5000","8","undefined","undefined","undefined","undefined","#1a1a1a","7","psycho","True","psycho","psycho","uniform","undefined","undefined","undefined","0","NA","0","0","42","42","0","0","0","NA","0","42","42","NA","42","42","0","42","0","0","NA","0","42","42","42","42","42","42","0","42","42","42","0","71.04321514886556","Wed Jul 15 09:55:43 2026","1000","The main experiment item","False","V7_AttentionalSpatialBias_.osexp","C:\Users\plcm\Desktop\2026-EyeTracking\group-bayes\Experiment","209.01299999968614","005.png","921.92256","247.86432000000002","True","False","mono","False","18","no","white","no","yes","RTL","921.92256","247.86432000000002","864","7","004.png","005.png","4","psycho","Farsi","42","42","C:\Users\plcm\Desktop\2026-EyeTracking\group-bayes\Experiment\subject-52.csv","150","psycho","no","457306.89570000686","Neonatal Nightingale","4.1.14","5","5","prime_8","43","RTL","او زمستان را تنها گذراند و فکر می‌کرد زشت‌ترین موجود جهان است. سپس بهار آمد و سرما از بین رفت. یک روز قوهای سفید زیبایی را روی دریاچه دید و به سمتشان شنا کرد، در حالی که می‌ترسید آن‌ها هم او را فراری دهند.","0","3","space","3","NA","NA","3","3885.113000011188","2106.3495999987936","NA","NA","3885.113000011188","2","psycho","5, 6, 2, 4, 1, 3, 3, 6, 4, 5, 2, 1, 6, 2, 5, 1, 4, 3, 6, 3, 5, 2, 1, 4, 1, 5, 3, 6, 4, 2, 2, 3, 1, 5, 6, 4, 6, 2, 3, 1, 4, 5, 5, 4, 1, 2, 3, 6","True","1024","2","48000","-16","experiment","52","even","455.6623247000098","614.0","922.0","699.0","165.0","78521.48970001144","NA","NA","5633.935100006056","455662.2520000092","455662.3058000114","NA","13036.298999999417","54477.395200010506","NA","5634.138200010057","466204.7462000046","455652.121799998","NA","456288.5864999989","456294.0488000022","15260.220600001048","462310.324200007","80628.51819999923","NA","NA","80664.30240000773","447963.61089999846","466204.7128999984","462318.8024999981","447963.5546000063","457297.7119999996","457294.66250000405","80664.4329999981","447963.2113000116","457297.75890000747","457306.86330000754","13036.372600006871","Attentional Spatial Bias","0","0","0","43","اکنون چشم‌پیما را کالیبره می‌کنیم.<br><br>لطفاً نقطه متحرک را با چشمان خود دنبال کنید و سرتان را ثابت نگه دارید.<br><br>لطفاً منتظر بمانید.","از شرکت شما سپاسگزاریم!<br><br>آزمایش اکنون به پایان رسیده است.<br><br>لطفاً با آزمایشگر تماس بگیرید.","در این آزمایش، شما یک داستان کوتاه را که روی صفحه نمایش داده می‌شود، خواهید خواند.<br><br>لطفاً هر خط را با دقت بخوانید، زیرا در پایان آزمایش چند سؤال در مورد داستان از شما پرسیده خواهد شد.<br><br>پس از هر پاراگراف، یک جفت تصویر خواهید دید. به هر دو تصویر نگاه کنید و تعداد کل دایره‌ها را در دو تصویر بشمارید.<br><br>در صفحه بعد می‌توانید نمونه‌هایی از یک دایره صحیح و یک شکل نادرست را ببینید. فقط شکل‌هایی را بشمارید که با نمونه دایره صحیح مطابقت دارند.<br><br>برای شروع هر کلیدی را فشار دهید.","دایره شمارش شده را وارد کنید (۰-۳ را فشار دهید)","خوش آمدید! برای ادامه هر کلیدی را فشار دهید.","Farsi","1536","-154","154","-154","154","267","-267","267","-267"
"6","5000","8","undefined","undefined","undefined","undefined","#1a1a1a","7","psycho","True","psycho","psycho","uniform","undefined","undefined","undefined","0","NA","0","0","43","43","0","0","0","NA","0","43","43","NA","43","43","0","43","0","0","NA","0","43","43","43","43","43","43","0","43","43","43","0","88.6415950094762","Wed Jul 15 09:55:43 2026","1000","The main experiment item","False","V7_AttentionalSpatialBias_.osexp","C:\Users\plcm\Desktop\2026-EyeTracking\group-bayes\Experiment","54.2824999865843","007.png","786.048","823.15872","True","False","mono","False","18","no","white","no","yes","RTL","786.048","823.15872","864","7","006.png","007.png","4","psycho","Farsi","43","43","C:\Users\plcm\Desktop\2026-EyeTracking\group-bayes\Experiment\subject-52.csv","150","psycho","no","467370.3938000108","Neonatal Nightingale","4.1.14","4","4","no_prime_trial_44","44","RTL","","0","2","space","2","NA","NA","2","639.8644000000786","2106.3495999987936","NA","NA","639.8644000000786","2","psycho","5, 6, 2, 4, 1, 3, 3, 6, 4, 5, 2, 1, 6, 2, 5, 1, 4, 3, 6, 3, 5, 2, 1, 4, 1, 5, 3, 6, 4, 2, 2, 3, 1, 5, 6, 4, 6, 2, 3, 1, 4, 5, 5, 4, 1, 2, 3, 6","False","1024","2","48000","-16","experiment","52","even","466.3456726000004","768.0","768.0","124.0","740.0","78521.48970001144","NA","NA","5633.935100006056","466345.5460000114","466345.64490000776","NA","13036.298999999417","54477.395200010506","NA","5634.138200010057","473020.4489000025","466332.50450000924","NA","466351.2606000004","466357.1059000096","15260.220600001048","472371.5546000021","80628.51819999923","NA","NA","80664.30240000773","466332.4832000071","473020.41930000996","472379.9517000007","466332.4283999973","467361.11750001146","467357.59680000774","80664.4329999981","466332.04350000597","467361.1807999987","467370.35650000325","13036.372600006871","Attentional Spatial Bias","0","0","0","44","اکنون چشم‌پیما را کالیبره می‌کنیم.<br><br>لطفاً نقطه متحرک را با چشمان خود دنبال کنید و سرتان را ثابت نگه دارید.<br><br>لطفاً منتظر بمانید.","از شرکت شما سپاسگزاریم!<br><br>آزمایش اکنون به پایان رسیده است.<br><br>لطفاً با آزمایشگر تماس بگیرید.","در این آزمایش، شما یک داستان کوتاه را که روی صفحه نمایش داده می‌شود، خواهید خواند.<br><br>لطفاً هر خط را با دقت بخوانید، زیرا در پایان آزمایش چند سؤال در مورد داستان از شما پرسیده خواهد شد.<br><br>پس از هر پاراگراف، یک جفت تصویر خواهید دید. به هر دو تصویر نگاه کنید و تعداد کل دایره‌ها را در دو تصویر بشمارید.<br><br>در صفحه بعد می‌توانید نمونه‌هایی از یک دایره صحیح و یک شکل نادرست را ببینید. فقط شکل‌هایی را بشمارید که با نمونه دایره صحیح مطابقت دارند.<br><br>برای شروع هر کلیدی را فشار دهید.","دایره شمارش شده را وارد کنید (۰-۳ را فشار دهید)","خوش آمدید! برای ادامه هر کلیدی را فشار دهید.","Farsi","1536","0","0","0","0","-308","308","-308","308"
"6","5000","8","undefined","undefined","undefined","undefined","#1a1a1a","7","psycho","True","psycho","psycho","uniform","undefined","undefined","undefined","0","NA","0","0","44","44","0","0","0","NA","0","44","44","NA","44","44","0","44","0","0","NA","0","44","44","44","44","44","44","0","44","44","44","0","4.918366979719908","Wed Jul 15 09:55:43 2026","1000","The main experiment item","False","V7_AttentionalSpatialBias_.osexp","C:\Users\plcm\Desktop\2026-EyeTracking\group-bayes\Experiment","224.22789999109227","009.png","933.1968","386.79552","True","False","mono","False","18","no","white","no","yes","RTL","933.1968","386.79552","864","7","008.png","009.png","4","psycho","Farsi","44","44","C:\Users\plcm\Desktop\2026-EyeTracking\group-bayes\Experiment\subject-52.csv","150","psycho","no","474185.2477000066","Neonatal Nightingale","4.1.14","1","1","no_prime_trial_45","45","RTL","","0","1","space","1","NA","NA","1","993.1884000106947","2106.3495999987936","NA","NA","993.1884000106947","2","psycho","5, 6, 2, 4, 1, 3, 3, 6, 4, 5, 2, 1, 6, 2, 5, 1, 4, 3, 6, 3, 5, 2, 1, 4, 1, 5, 3, 6, 4, 2, 2, 3, 1, 5, 6, 4, 6, 2, 3, 1, 4, 5, 5, 4, 1, 2, 3, 6","False","1024","2","48000","-16","experiment","52","even","473.1613986000011","460.0","1076.0","432.0","432.0","78521.48970001144","NA","NA","5633.935100006056","473161.3159999979","473161.3775000005","NA","13036.298999999417","54477.395200010506","NA","5634.138200010057","480188.60180000775","473148.98430000176","NA","473166.7982000072","473173.00680000335","15260.220600001048","479186.7428000114","80628.51819999923","NA","NA","80664.30240000773","473148.96320000116","480188.5607000004","479194.65710000077","473148.9106000081","474176.2019000016","474173.3987000043","80664.4329999981","473148.55979999993","474176.2497000018","474185.2188000048","13036.372600006871","Attentional Spatial Bias","0","0","0","45","اکنون چشم‌پیما را کالیبره می‌کنیم.<br><br>لطفاً نقطه متحرک را با چشمان خود دنبال کنید و سرتان را ثابت نگه دارید.<br><br>لطفاً منتظر بمانید.","از شرکت شما سپاسگزاریم!<br><br>آزمایش اکنون به پایان رسیده است.<br><br>لطفاً با آزمایشگر تماس بگیرید.","در این آزمایش، شما یک داستان کوتاه را که روی صفحه نمایش داده می‌شود، خواهید خواند.<br><br>لطفاً هر خط را با دقت بخوانید، زیرا در پایان آزمایش چند سؤال در مورد داستان از شما پرسیده خواهد شد.<br><br>پس از هر پاراگراف، یک جفت تصویر خواهید دید. به هر دو تصویر نگاه کنید و تعداد کل دایره‌ها را در دو تصویر بشمارید.<br><br>در صفحه بعد می‌توانید نمونه‌هایی از یک دایره صحیح و یک شکل نادرست را ببینید. فقط شکل‌هایی را بشمارید که با نمونه دایره صحیح مطابقت دارند.<br><br>برای شروع هر کلیدی را فشار دهید.","دایره شمارش شده را وارد کنید (۰-۳ را فشار دهید)","خوش آمدید! برای ادامه هر کلیدی را فشار دهید.","Farsi","1536","-308","308","-308","308","0","0","0","0"
"6","5000","8","undefined","undefined","undefined","undefined","#1a1a1a","7","psycho","True","psycho","psycho","uniform","undefined","undefined","undefined","0","NA","0","0","45","45","0","0","0","NA","0","45","45","NA","45","45","0","45","0","0","NA","0","45","45","45","45","45","45","0","45","45","45","0","48.56298711708744","Wed Jul 15 09:55:43 2026","1000","The main experiment item","False","V7_AttentionalSpatialBias_.osexp","C:\Users\plcm\Desktop\2026-EyeTracking\group-bayes\Experiment","227.4011999979848","010.png","627.87072","234.34272","True","False","mono","False","18","no","white","no","yes","RTL","627.87072","234.34272","864","7","010.png","011.png","4","psycho","Farsi","45","45","C:\Users\plcm\Desktop\2026-EyeTracking\group-bayes\Experiment\subject-52.csv","150","psycho","no","481341.56390000135","Neonatal Nightingale","4.1.14","2","2","no_prime_trial_46","46","RTL","","0","2","space","2","NA","NA","2","387.2597000008682","2106.3495999987936","NA","NA","387.2597000008682","2","psycho","5, 6, 2, 4, 1, 3, 3, 6, 4, 5, 2, 1, 6, 2, 5, 1, 4, 3, 6, 3, 5, 2, 1, 4, 1, 5, 3, 6, 4, 2, 2, 3, 1, 5, 6, 4, 6, 2, 3, 1, 4, 5, 5, 4, 1, 2, 3, 6","False","1024","2","48000","-16","experiment","52","even","480.3216670999973","501.0","1035.0","278.0","586.0","78521.48970001144","NA","NA","5633.935100006056","480321.55059999786","480321.6371000017","NA","13036.298999999417","54477.395200010506","NA","5634.138200010057","486740.5204000097","480310.1384000038","NA","480326.9339000108","480332.64180000697","15260.220600001048","486344.0711000003","80628.51819999923","NA","NA","80664.30240000773","480310.11540000327","486740.4951000062","486352.54220000934","480310.0451000064","481335.71090000623","481332.9911000037","80664.4329999981","480309.55469999753","481335.7554000104","481341.5427","13036.372600006871","Attentional Spatial Bias","0","0","0","46","اکنون چشم‌پیما را کالیبره می‌کنیم.<br><br>لطفاً نقطه متحرک را با چشمان خود دنبال کنید و سرتان را ثابت نگه دارید.<br><br>لطفاً منتظر بمانید.","از شرکت شما سپاسگزاریم!<br><br>آزمایش اکنون به پایان رسیده است.<br><br>لطفاً با آزمایشگر تماس بگیرید.","در این آزمایش، شما یک داستان کوتاه را که روی صفحه نمایش داده می‌شود، خواهید خواند.<br><br>لطفاً هر خط را با دقت بخوانید، زیرا در پایان آزمایش چند سؤال در مورد داستان از شما پرسیده خواهد شد.<br><br>پس از هر پاراگراف، یک جفت تصویر خواهید دید. به هر دو تصویر نگاه کنید و تعداد کل دایره‌ها را در دو تصویر بشمارید.<br><br>در صفحه بعد می‌توانید نمونه‌هایی از یک دایره صحیح و یک شکل نادرست را ببینید. فقط شکل‌هایی را بشمارید که با نمونه دایره صحیح مطابقت دارند.<br><br>برای شروع هر کلیدی را فشار دهید.","دایره شمارش شده را وارد کنید (۰-۳ را فشار دهید)","خوش آمدید! برای ادامه هر کلیدی را فشار دهید.","Farsi","1536","-267","267","-267","267","-154","154","-154","154"
"6","5000","8","undefined","undefined","undefined","undefined","#1a1a1a","7","psycho","True","psycho","psycho","uniform","undefined","undefined","undefined","0","NA","0","0","46","46","0","0","0","NA","0","46","46","NA","46","46","0","46","0","0","NA","0","46","46","46","46","46","46","0","46","46","46","0","90.70723433739562","Wed Jul 15 09:55:43 2026","1000","The main experiment item","False","V7_AttentionalSpatialBias_.osexp","C:\Users\plcm\Desktop\2026-EyeTracking\group-bayes\Experiment","227.44040000543464","012.png","624.10752","140.21856","True","False","mono","False","18","no","white","no","yes","RTL","624.10752","140.21856","864","7","012.png","013.png","4","psycho","Farsi","46","46","C:\Users\plcm\Desktop\2026-EyeTracking\group-bayes\Experiment\subject-52.csv","150","psycho","no","487949.9178999977","Neonatal Nightingale","4.1.14","3","3","no_prime_trial_47","47","RTL","","0","1","space","1","NA","NA","1","496.708500009845","2106.3495999987936","NA","NA","496.708500009845","2","psycho","5, 6, 2, 4, 1, 3, 3, 6, 4, 5, 2, 1, 6, 2, 5, 1, 4, 3, 6, 3, 5, 2, 1, 4, 1, 5, 3, 6, 4, 2, 2, 3, 1, 5, 6, 4, 6, 2, 3, 1, 4, 5, 5, 4, 1, 2, 3, 6","False","1024","2","48000","-16","experiment","52","even","486.8703094000084","614.0","922.0","165.0","699.0","78521.48970001144","NA","NA","5633.935100006056","486870.20190000476","486870.2869999979","NA","13036.298999999417","54477.395200010506","NA","5634.138200010057","493460.4803000111","486858.2663999987","NA","486930.59340000036","486936.1484999972","15260.220600001048","492954.633500005","80628.51819999923","NA","NA","80664.30240000773","486858.2468000095","493460.4402999976","492963.10280000034","486858.2091999997","487939.33770000876","487936.5727000113","80664.4329999981","486857.923500007","487939.38060000073","487949.87680000486","13036.372600006871","Attentional Spatial Bias","0","0","0","47","اکنون چشم‌پیما را کالیبره می‌کنیم.<br><br>لطفاً نقطه متحرک را با چشمان خود دنبال کنید و سرتان را ثابت نگه دارید.<br><br>لطفاً منتظر بمانید.","از شرکت شما سپاسگزاریم!<br><br>آزمایش اکنون به پایان رسیده است.<br><br>لطفاً با آزمایشگر تماس بگیرید.","در این آزمایش، شما یک داستان کوتاه را که روی صفحه نمایش داده می‌شود، خواهید خواند.<br><br>لطفاً هر خط را با دقت بخوانید، زیرا در پایان آزمایش چند سؤال در مورد داستان از شما پرسیده خواهد شد.<br><br>پس از هر پاراگراف، یک جفت تصویر خواهید دید. به هر دو تصویر نگاه کنید و تعداد کل دایره‌ها را در دو تصویر بشمارید.<br><br>در صفحه بعد می‌توانید نمونه‌هایی از یک دایره صحیح و یک شکل نادرست را ببینید. فقط شکل‌هایی را بشمارید که با نمونه دایره صحیح مطابقت دارند.<br><br>برای شروع هر کلیدی را فشار دهید.","دایره شمارش شده را وارد کنید (۰-۳ را فشار دهید)","خوش آمدید! برای ادامه هر کلیدی را فشار دهید.","Farsi","1536","-154","154","-154","154","-267","267","-267","267"
"6","5000","8","undefined","undefined","undefined","undefined","#1a1a1a","7","psycho","True","psycho","psycho","uniform","undefined","undefined","undefined","0","NA","0","0","47","47","0","0","0","NA","0","47","47","NA","47","47","0","47","0","0","NA","0","47","47","47","47","47","47","0","47","47","47","0","62.737355943112526","Wed Jul 15 09:55:43 2026","1000","The main experiment item","False","V7_AttentionalSpatialBias_.osexp","C:\Users\plcm\Desktop\2026-EyeTracking\group-bayes\Experiment","249.927500000922","015.png","1034.74176","277.24032","True","False","mono","False","18","no","white","no","yes","RTL","1034.74176","277.24032","864","7","014.png","015.png","4","psycho","Farsi","47","47","C:\Users\plcm\Desktop\2026-EyeTracking\group-bayes\Experiment\subject-52.csv","150","psycho","no","494634.7977999976","Neonatal Nightingale","4.1.14","6","6","no_prime_trial_48","48","RTL","","0","2","space","2","NA","NA","2","756.8738999980269","2106.3495999987936","NA","NA","756.8738999980269","2","psycho","5, 6, 2, 4, 1, 3, 3, 6, 4, 5, 2, 1, 6, 2, 5, 1, 4, 3, 6, 3, 5, 2, 1, 4, 1, 5, 3, 6, 4, 2, 2, 3, 1, 5, 6, 4, 6, 2, 3, 1, 4, 5, 5, 4, 1, 2, 3, 6","False","1024","2","48000","-16","experiment","52","even","493.6119926000101","501.0","1035.0","586.0","278.0","78521.48970001144","NA","NA","5633.935100006056","493611.89880000893","493611.97120000725","NA","13036.298999999417","54477.395200010506","NA","5634.138200010057","500404.4608999975","493600.6023000082","NA","493617.436600005","493623.09059999825","15260.220600001048","499638.66199999757","80628.51819999923","NA","NA","80664.30240000773","493600.5798999977","500404.4303999981","499646.8881000037","493600.5207999988","494627.10450000304","494623.60830001126","80664.4329999981","493600.10820000025","494627.218900001","494634.75520000793","13036.372600006871","Attentional Spatial Bias","0","0","0","48","اکنون چشم‌پیما را کالیبره می‌کنیم.<br><br>لطفاً نقطه متحرک را با چشمان خود دنبال کنید و سرتان را ثابت نگه دارید.<br><br>لطفاً منتظر بمانید.","از شرکت شما سپاسگزاریم!<br><br>آزمایش اکنون به پایان رسیده است.<br><br>لطفاً با آزمایشگر تماس بگیرید.","در این آزمایش، شما یک داستان کوتاه را که روی صفحه نمایش داده می‌شود، خواهید خواند.<br><br>لطفاً هر خط را با دقت بخوانید، زیرا در پایان آزمایش چند سؤال در مورد داستان از شما پرسیده خواهد شد.<br><br>پس از هر پاراگراف، یک جفت تصویر خواهید دید. به هر دو تصویر نگاه کنید و تعداد کل دایره‌ها را در دو تصویر بشمارید.<br><br>در صفحه بعد می‌توانید نمونه‌هایی از یک دایره صحیح و یک شکل نادرست را ببینید. فقط شکل‌هایی را بشمارید که با نمونه دایره صحیح مطابقت دارند.<br><br>برای شروع هر کلیدی را فشار دهید.","دایره شمارش شده را وارد کنید (۰-۳ را فشار دهید)","خوش آمدید! برای ادامه هر کلیدی را فشار دهید.","Farsi","1536","-267","267","-267","267","154","-154","154","-154"
