"BLOCK_SIZE","DEADLINE_MS","NUM_BLOCKS","acc","accuracy","average_response_time","avg_rt","background","block_index","canvas_backend","central_fixation","clock_backend","color_backend","coordinates","correct","correct_Circle","correct_response_prompt","count_Circle","count_calibration_note","count_epilogue","count_experiment","count_fixation","count_fixation_cross_inline_script","count_goodbye","count_init_experiment","count_instructions","count_iti","count_language_selection","count_log_trial","count_new_1_pygaze_log","count_new_1_sketchpad","count_new_2_pygaze_log","count_new_advanced_delay","count_new_pygaze_init","count_new_pygaze_log","count_new_pygaze_start_recording","count_new_pygaze_stop_recording","count_new_sketchpad","count_position_randomization_inline_script","count_prime_display","count_record_response","count_response_prompt","count_set_prime","count_stimulus_display","count_stimulus_positions_inline_script","count_trial_loop","count_trial_sequence","count_trigger_fixation","count_trigger_stimulus","count_welcome","d","datetime","delay_new_advanced_delay","description","disable_garbage_collection","experiment_file","experiment_path","first_fix_rt","first_fix_side","first_fix_x","first_fix_y","fixation_found","font_bold","font_family","font_italic","font_size","font_underline","foreground","form_clicks","fullscreen","group","gx","gy","height","idx","img_left","img_right","key","keyboard_backend","lang","live_row","live_row_trial_loop","logfile","margin","mouse_backend","mouse_simulation","onset","opensesame_codename","opensesame_version","pos","position","prime_condition","prime_index","prime_lang","prime_text","repeat_cycle","response","response_Circle","response_count","response_new_1_sketchpad","response_new_sketchpad","response_response_prompt","response_time","response_time_Circle","response_time_new_1_sketchpad","response_time_new_sketchpad","response_time_response_prompt","round_decimals","sampler_backend","seq","show_prime","sound_buf_size","sound_channels","sound_freq","sound_sample_size","start","subject_nr","subject_parity","t0","target_x_left","target_x_right","target_y_left","target_y_right","time_Circle","time_calibration_note","time_epilogue","time_experiment","time_fixation","time_fixation_cross_inline_script","time_goodbye","time_init_experiment","time_instructions","time_iti","time_language_selection","time_log_trial","time_new_1_pygaze_log","time_new_1_sketchpad","time_new_2_pygaze_log","time_new_advanced_delay","time_new_pygaze_init","time_new_pygaze_log","time_new_pygaze_start_recording","time_new_pygaze_stop_recording","time_new_sketchpad","time_position_randomization_inline_script","time_prime_display","time_record_response","time_response_prompt","time_set_prime","time_stimulus_display","time_stimulus_positions_inline_script","time_trial_loop","time_trial_sequence","time_trigger_fixation","time_trigger_stimulus","time_welcome","title","total_correct","total_response_time","total_responses","trial_nr","txt_calibration","txt_goodbye","txt_instructions","txt_response_prompt","txt_welcome","ui_language","width","xL","xR","x_left","x_right","yL","yR","y_left","y_right"
"6","5000","8","undefined","undefined","undefined","undefined","#1a1a1a","0","psycho","True","psycho","psycho","uniform","undefined","undefined","undefined","0","NA","0","0","0","0","0","0","0","NA","0","0","0","NA","0","0","0","0","0","0","NA","0","0","0","0","0","0","0","0","0","0","0","0","88.6534984344419","Wed Jul 15 10:42:02 2026","1000","The main experiment item","False","V7_AttentionalSpatialBias_.osexp","C:\Users\plcm\Desktop\2026-EyeTracking\group-bayes\Experiment","325.1012999971863","000.png","538.87488","450.67967999999996","True","False","mono","False","18","no","white","no","yes","RTL","538.87488","450.67967999999996","864","0","000.png","001.png","4","psycho","Farsi","0","0","C:\Users\plcm\Desktop\2026-EyeTracking\group-bayes\Experiment\subject-54.csv","150","psycho","no","105389.80340000126","Neonatal Nightingale","4.1.14","1","1","prime_1","1","RTL","تو یک مزرعه آفتابی، یک مادر اردک منتظر بود تا تخم‌هایش بشکنند. تخم‌ها یکی یکی شکستند و جوجه‌اردک‌های زرد و پفکی از آن‌ها بیرون آمدند. اما یک تخم که بزرگ‌تر بود شکستنش بیشتر طول کشید.","0","pagedown","space","pagedown","NA","NA","pagedown","5584.410099996603","13834.53140000347","NA","NA","5584.410099996603","2","psycho","1,5,6,3,4,2,1,3,5,6,2,4,4,3,5,1,6,2,6,2,4,3,1,5,5,6,1,2,3,4,6,5,2,1,4,3,2,5,4,1,6,3,5,3,1,4,6,2","True","1024","2","48000","-16","experiment","54","even","104.0370380999957","460.0","1076.0","432.0","432.0","69753.32329999947","NA","NA","4417.5983000022825","104036.96769999806","104037.02010000416","NA","20412.41400000581","52613.34870000428","NA","4417.796599998837","115996.29280000227","104020.16470000672","NA","104364.75940000673","104376.96680000226","22228.361799992854","110394.90980000119","83588.7900999951","NA","NA","83654.70970000024","83781.42189999926","115996.25710000691","110411.37800000433","83781.38329999638","105380.64879999729","105377.55099999777","83654.91339999426","83781.21939999983","105380.7197999995","105389.7777999955","20412.51419999753","Attentional Spatial Bias","0","0","0","1","اکنون چشم‌پیما را کالیبره می‌کنیم.<br><br>لطفاً نقطه متحرک را با چشمان خود دنبال کنید و سرتان را ثابت نگه دارید.<br><br>لطفاً منتظر بمانید.","از شرکت شما سپاسگزاریم!<br><br>آزمایش اکنون به پایان رسیده است.<br><br>لطفاً با آزمایشگر تماس بگیرید.","در این آزمایش، شما یک داستان کوتاه را که روی صفحه نمایش داده می‌شود، خواهید خواند.<br><br>لطفاً هر خط را با دقت بخوانید، زیرا در پایان آزمایش چند سؤال در مورد داستان از شما پرسیده خواهد شد.<br><br>پس از هر پاراگراف، یک جفت تصویر خواهید دید. به هر دو تصویر نگاه کنید و تعداد کل دایره‌ها را در دو تصویر بشمارید.<br><br>در صفحه بعد می‌توانید نمونه‌هایی از یک دایره صحیح و یک شکل نادرست را ببینید. فقط شکل‌هایی را بشمارید که با نمونه دایره صحیح مطابقت دارند.<br><br>برای شروع هر کلیدی را فشار دهید.","دایره شمارش شده را وارد کنید (۰-۳ را فشار دهید)","خوش آمدید! برای ادامه هر کلیدی را فشار دهید.","Farsi","1536","-308","308","-308","308","0","0","0","0"
"6","5000","8","undefined","undefined","undefined","undefined","#1a1a1a","0","psycho","True","psycho","psycho","uniform","undefined","undefined","undefined","0","NA","0","0","1","1","0","0","0","NA","0","1","1","NA","1","1","0","1","0","0","NA","0","1","1","1","1","1","1","0","1","1","1","0","37.41838944313879","Wed Jul 15 10:42:02 2026","1000","The main experiment item","False","V7_AttentionalSpatialBias_.osexp","C:\Users\plcm\Desktop\2026-EyeTracking\group-bayes\Experiment","213.67199999804143","003.png","930.8313600000001","270.11232","True","False","mono","False","18","no","white","no","yes","RTL","930.8313600000001","270.11232","864","0","002.png","003.png","4","psycho","Farsi","1","1","C:\Users\plcm\Desktop\2026-EyeTracking\group-bayes\Experiment\subject-54.csv","150","psycho","no","117405.53930000169","Neonatal Nightingale","4.1.14","5","5","no_prime_trial_2","2","RTL","","0","down","space","down","NA","NA","down","3209.3179999938","13834.53140000347","NA","NA","3209.3179999938","2","psycho","1, 5, 6, 3, 4, 2, 1, 3, 5, 6, 2, 4, 4, 3, 5, 1, 6, 2, 6, 2, 4, 3, 1, 5, 5, 6, 1, 2, 3, 4, 6, 5, 2, 1, 4, 3, 2, 5, 4, 1, 6, 3, 5, 3, 1, 4, 6, 2","False","1024","2","48000","-16","experiment","54","even","116.1308946999925","614.0","922.0","699.0","165.0","69753.32329999947","NA","NA","4417.5983000022825","116130.76420000289","116130.86479999765","NA","20412.41400000581","52613.34870000428","NA","4417.796599998837","125628.25650000013","116120.21049999748","NA","116390.64199999848","116395.94630000647","22228.361799992854","122410.63689999282","83588.7900999951","NA","NA","83654.70970000024","116120.19070000679","125628.22569999844","122418.48300000129","116120.1521000039","117399.78839999822","117396.24950000143","83654.91339999426","116119.96719999297","117399.83920000668","117405.50269999949","20412.51419999753","Attentional Spatial Bias","0","0","0","2","اکنون چشم‌پیما را کالیبره می‌کنیم.<br><br>لطفاً نقطه متحرک را با چشمان خود دنبال کنید و سرتان را ثابت نگه دارید.<br><br>لطفاً منتظر بمانید.","از شرکت شما سپاسگزاریم!<br><br>آزمایش اکنون به پایان رسیده است.<br><br>لطفاً با آزمایشگر تماس بگیرید.","در این آزمایش، شما یک داستان کوتاه را که روی صفحه نمایش داده می‌شود، خواهید خواند.<br><br>لطفاً هر خط را با دقت بخوانید، زیرا در پایان آزمایش چند سؤال در مورد داستان از شما پرسیده خواهد شد.<br><br>پس از هر پاراگراف، یک جفت تصویر خواهید دید. به هر دو تصویر نگاه کنید و تعداد کل دایره‌ها را در دو تصویر بشمارید.<br><br>در صفحه بعد می‌توانید نمونه‌هایی از یک دایره صحیح و یک شکل نادرست را ببینید. فقط شکل‌هایی را بشمارید که با نمونه دایره صحیح مطابقت دارند.<br><br>برای شروع هر کلیدی را فشار دهید.","دایره شمارش شده را وارد کنید (۰-۳ را فشار دهید)","خوش آمدید! برای ادامه هر کلیدی را فشار دهید.","Farsi","1536","-154","154","-154","154","267","-267","267","-267"
"6","5000","8","undefined","undefined","undefined","undefined","#1a1a1a","0","psycho","True","psycho","psycho","uniform","undefined","undefined","undefined","0","NA","0","0","2","2","0","0","0","NA","0","2","2","NA","2","2","0","2","0","0","NA","0","2","2","2","2","2","2","0","2","2","2","0","21.396055559322136","Wed Jul 15 10:42:02 2026","1000","The main experiment item","False","V7_AttentionalSpatialBias_.osexp","C:\Users\plcm\Desktop\2026-EyeTracking\group-bayes\Experiment","184.5270000048913","005.png","1025.1264","315.99072","True","False","mono","False","18","no","white","no","yes","RTL","1025.1264","315.99072","864","0","004.png","005.png","4","psycho","Farsi","2","2","C:\Users\plcm\Desktop\2026-EyeTracking\group-bayes\Experiment\subject-54.csv","150","psycho","no","126961.18919999572","Neonatal Nightingale","4.1.14","6","6","no_prime_trial_3","3","RTL","","0","down","space","down","NA","NA","down","978.1070000026375","13834.53140000347","NA","NA","978.1070000026375","2","psycho","1, 5, 6, 3, 4, 2, 1, 3, 5, 6, 2, 4, 4, 3, 5, 1, 6, 2, 6, 2, 4, 3, 1, 5, 5, 6, 1, 2, 3, 4, 6, 5, 2, 1, 4, 3, 2, 5, 4, 1, 6, 3, 5, 3, 1, 4, 6, 2","False","1024","2","48000","-16","experiment","54","even","125.77433169999858","501.0","1035.0","586.0","278.0","69753.32329999947","NA","NA","4417.5983000022825","125774.23700000509","125774.30989999266","NA","20412.41400000581","52613.34870000428","NA","4417.796599998837","132948.4725999937","125762.42009999987","NA","125944.4352999999","125949.94880000013","22228.361799992854","131962.02770000673","83588.7900999951","NA","NA","83654.70970000024","125762.39950000308","132948.4378000052","131969.70929999952","125762.35419999284","126953.55350000318","126950.40089999384","83654.91339999426","125761.95929999813","126953.63400000497","126961.14600000146","20412.51419999753","Attentional Spatial Bias","0","0","0","3","اکنون چشم‌پیما را کالیبره می‌کنیم.<br><br>لطفاً نقطه متحرک را با چشمان خود دنبال کنید و سرتان را ثابت نگه دارید.<br><br>لطفاً منتظر بمانید.","از شرکت شما سپاسگزاریم!<br><br>آزمایش اکنون به پایان رسیده است.<br><br>لطفاً با آزمایشگر تماس بگیرید.","در این آزمایش، شما یک داستان کوتاه را که روی صفحه نمایش داده می‌شود، خواهید خواند.<br><br>لطفاً هر خط را با دقت بخوانید، زیرا در پایان آزمایش چند سؤال در مورد داستان از شما پرسیده خواهد شد.<br><br>پس از هر پاراگراف، یک جفت تصویر خواهید دید. به هر دو تصویر نگاه کنید و تعداد کل دایره‌ها را در دو تصویر بشمارید.<br><br>در صفحه بعد می‌توانید نمونه‌هایی از یک دایره صحیح و یک شکل نادرست را ببینید. فقط شکل‌هایی را بشمارید که با نمونه دایره صحیح مطابقت دارند.<br><br>برای شروع هر کلیدی را فشار دهید.","دایره شمارش شده را وارد کنید (۰-۳ را فشار دهید)","خوش آمدید! برای ادامه هر کلیدی را فشار دهید.","Farsi","1536","-267","267","-267","267","154","-154","154","-154"
"6","5000","8","undefined","undefined","undefined","undefined","#1a1a1a","0","psycho","True","psycho","psycho","uniform","undefined","undefined","undefined","0","NA","0","0","3","3","0","0","0","NA","0","3","3","NA","3","3","0","3","0","0","NA","0","3","3","3","3","3","3","0","3","3","3","0","40.30889978632516","Wed Jul 15 10:42:02 2026","1000","The main experiment item","False","V7_AttentionalSpatialBias_.osexp","C:\Users\plcm\Desktop\2026-EyeTracking\group-bayes\Experiment","206.93390000087675","006.png","701.1072","224.64864000000003","True","False","mono","False","18","no","white","no","yes","RTL","701.1072","224.64864000000003","864","0","006.png","007.png","4","psycho","Farsi","3","3","C:\Users\plcm\Desktop\2026-EyeTracking\group-bayes\Experiment\subject-54.csv","150","psycho","no","134415.0168000051","Neonatal Nightingale","4.1.14","3","3","no_prime_trial_4","4","RTL","","0","pagedown","space","pagedown","NA","NA","pagedown","723.8766000082251","13834.53140000347","NA","NA","723.8766000082251","2","psycho","1, 5, 6, 3, 4, 2, 1, 3, 5, 6, 2, 4, 4, 3, 5, 1, 6, 2, 6, 2, 4, 3, 1, 5, 5, 6, 1, 2, 3, 4, 6, 5, 2, 1, 4, 3, 2, 5, 4, 1, 6, 3, 5, 3, 1, 4, 6, 2","False","1024","2","48000","-16","experiment","54","even","133.1166094999935","614.0","922.0","165.0","699.0","69753.32329999947","NA","NA","4417.5983000022825","133116.47160000575","133116.5733999951","NA","20412.41400000581","52613.34870000428","NA","4417.796599998837","140148.2612999971","133105.83600000245","NA","133399.6846999944","133405.2440999949","22228.361799992854","139415.6285999925","83588.7900999951","NA","NA","83654.70970000024","133105.81490000186","140148.22780000395","139423.94009999407","133105.7593000005","134409.0603999939","134405.95980000217","83654.91339999426","133105.4196000041","134409.13369999907","134414.9827999936","20412.51419999753","Attentional Spatial Bias","0","0","0","4","اکنون چشم‌پیما را کالیبره می‌کنیم.<br><br>لطفاً نقطه متحرک را با چشمان خود دنبال کنید و سرتان را ثابت نگه دارید.<br><br>لطفاً منتظر بمانید.","از شرکت شما سپاسگزاریم!<br><br>آزمایش اکنون به پایان رسیده است.<br><br>لطفاً با آزمایشگر تماس بگیرید.","در این آزمایش، شما یک داستان کوتاه را که روی صفحه نمایش داده می‌شود، خواهید خواند.<br><br>لطفاً هر خط را با دقت بخوانید، زیرا در پایان آزمایش چند سؤال در مورد داستان از شما پرسیده خواهد شد.<br><br>پس از هر پاراگراف، یک جفت تصویر خواهید دید. به هر دو تصویر نگاه کنید و تعداد کل دایره‌ها را در دو تصویر بشمارید.<br><br>در صفحه بعد می‌توانید نمونه‌هایی از یک دایره صحیح و یک شکل نادرست را ببینید. فقط شکل‌هایی را بشمارید که با نمونه دایره صحیح مطابقت دارند.<br><br>برای شروع هر کلیدی را فشار دهید.","دایره شمارش شده را وارد کنید (۰-۳ را فشار دهید)","خوش آمدید! برای ادامه هر کلیدی را فشار دهید.","Farsi","1536","-154","154","-154","154","-267","267","-267","267"
"6","5000","8","undefined","undefined","undefined","undefined","#1a1a1a","0","psycho","True","psycho","psycho","uniform","undefined","undefined","undefined","0","NA","0","0","4","4","0","0","0","NA","0","4","4","NA","4","4","0","4","0","0","NA","0","4","4","4","4","4","4","0","4","4","4","0","86.18261356812984","Wed Jul 15 10:42:02 2026","1000","The main experiment item","False","V7_AttentionalSpatialBias_.osexp","C:\Users\plcm\Desktop\2026-EyeTracking\group-bayes\Experiment","201.395500000217","008.png","776.9856","220.62240000000003","True","False","mono","False","18","no","white","no","yes","RTL","776.9856","220.62240000000003","864","0","008.png","009.png","4","psycho","Farsi","4","4","C:\Users\plcm\Desktop\2026-EyeTracking\group-bayes\Experiment\subject-54.csv","150","psycho","no","141335.01349999278","Neonatal Nightingale","4.1.14","4","4","no_prime_trial_5","5","RTL","","0","pagedown","space","pagedown","NA","NA","pagedown","1171.7157999955816","13834.53140000347","NA","NA","1171.7157999955816","2","psycho","1, 5, 6, 3, 4, 2, 1, 3, 5, 6, 2, 4, 4, 3, 5, 1, 6, 2, 6, 2, 4, 3, 1, 5, 5, 6, 1, 2, 3, 4, 6, 5, 2, 1, 4, 3, 2, 5, 4, 1, 6, 3, 5, 3, 1, 4, 6, 2","False","1024","2","48000","-16","experiment","54","even","140.31217859999742","768.0","768.0","124.0","740.0","69753.32329999947","NA","NA","4417.5983000022825","140312.05140000384","140312.15349999547","NA","20412.41400000581","52613.34870000428","NA","4417.796599998837","147516.33470000525","140300.97900000692","NA","140317.52490000508","140323.25200000196","22228.361799992854","146336.54540000134","83588.7900999951","NA","NA","83654.70970000024","140300.95649999566","147516.30220000516","146344.0808000014","140300.90190000192","141327.5763999991","141323.97519999358","83654.91339999426","140300.5400999973","141327.62209999782","141334.97549999447","20412.51419999753","Attentional Spatial Bias","0","0","0","5","اکنون چشم‌پیما را کالیبره می‌کنیم.<br><br>لطفاً نقطه متحرک را با چشمان خود دنبال کنید و سرتان را ثابت نگه دارید.<br><br>لطفاً منتظر بمانید.","از شرکت شما سپاسگزاریم!<br><br>آزمایش اکنون به پایان رسیده است.<br><br>لطفاً با آزمایشگر تماس بگیرید.","در این آزمایش، شما یک داستان کوتاه را که روی صفحه نمایش داده می‌شود، خواهید خواند.<br><br>لطفاً هر خط را با دقت بخوانید، زیرا در پایان آزمایش چند سؤال در مورد داستان از شما پرسیده خواهد شد.<br><br>پس از هر پاراگراف، یک جفت تصویر خواهید دید. به هر دو تصویر نگاه کنید و تعداد کل دایره‌ها را در دو تصویر بشمارید.<br><br>در صفحه بعد می‌توانید نمونه‌هایی از یک دایره صحیح و یک شکل نادرست را ببینید. فقط شکل‌هایی را بشمارید که با نمونه دایره صحیح مطابقت دارند.<br><br>برای شروع هر کلیدی را فشار دهید.","دایره شمارش شده را وارد کنید (۰-۳ را فشار دهید)","خوش آمدید! برای ادامه هر کلیدی را فشار دهید.","Farsi","1536","0","0","0","0","-308","308","-308","308"
"6","5000","8","undefined","undefined","undefined","undefined","#1a1a1a","0","psycho","True","psycho","psycho","uniform","undefined","undefined","undefined","0","NA","0","0","5","5","0","0","0","NA","0","5","5","NA","5","5","0","5","0","0","NA","0","5","5","5","5","5","5","0","5","5","5","0","81.88486232675734","Wed Jul 15 10:42:02 2026","1000","The main experiment item","False","V7_AttentionalSpatialBias_.osexp","C:\Users\plcm\Desktop\2026-EyeTracking\group-bayes\Experiment","258.703700004844","010.png","603.86304","331.67232","True","False","mono","False","18","no","white","no","yes","RTL","603.86304","331.67232","864","0","010.png","011.png","4","psycho","Farsi","5","5","C:\Users\plcm\Desktop\2026-EyeTracking\group-bayes\Experiment\subject-54.csv","150","psycho","no","148854.40329999255","Neonatal Nightingale","4.1.14","2","2","no_prime_trial_6","6","RTL","","0","down","space","down","NA","NA","down","1666.449800002738","13834.53140000347","NA","NA","1666.449800002738","2","psycho","1, 5, 6, 3, 4, 2, 1, 3, 5, 6, 2, 4, 4, 3, 5, 1, 6, 2, 6, 2, 4, 3, 1, 5, 5, 6, 1, 2, 3, 4, 6, 5, 2, 1, 4, 3, 2, 5, 4, 1, 6, 3, 5, 3, 1, 4, 6, 2","False","1024","2","48000","-16","experiment","54","even","147.67504010000266","501.0","1035.0","278.0","586.0","69753.32329999947","NA","NA","4417.5983000022825","147674.95129999588","147675.01859999902","NA","20412.41400000581","52613.34870000428","NA","4417.796599998837","155532.20580000198","147662.9871000041","NA","147832.82840000174","147838.60839999397","22228.361799992854","153856.43379999965","83588.7900999951","NA","NA","83654.70970000024","147662.9646999936","155532.1765999979","153865.3314999974","147662.90890000528","148842.6247000025","148839.009599993","83654.91339999426","147662.24540000258","148842.69590000622","148854.36470000423","20412.51419999753","Attentional Spatial Bias","0","0","0","6","اکنون چشم‌پیما را کالیبره می‌کنیم.<br><br>لطفاً نقطه متحرک را با چشمان خود دنبال کنید و سرتان را ثابت نگه دارید.<br><br>لطفاً منتظر بمانید.","از شرکت شما سپاسگزاریم!<br><br>آزمایش اکنون به پایان رسیده است.<br><br>لطفاً با آزمایشگر تماس بگیرید.","در این آزمایش، شما یک داستان کوتاه را که روی صفحه نمایش داده می‌شود، خواهید خواند.<br><br>لطفاً هر خط را با دقت بخوانید، زیرا در پایان آزمایش چند سؤال در مورد داستان از شما پرسیده خواهد شد.<br><br>پس از هر پاراگراف، یک جفت تصویر خواهید دید. به هر دو تصویر نگاه کنید و تعداد کل دایره‌ها را در دو تصویر بشمارید.<br><br>در صفحه بعد می‌توانید نمونه‌هایی از یک دایره صحیح و یک شکل نادرست را ببینید. فقط شکل‌هایی را بشمارید که با نمونه دایره صحیح مطابقت دارند.<br><br>برای شروع هر کلیدی را فشار دهید.","دایره شمارش شده را وارد کنید (۰-۳ را فشار دهید)","خوش آمدید! برای ادامه هر کلیدی را فشار دهید.","Farsi","1536","-267","267","-267","267","-154","154","-154","154"
"6","5000","8","undefined","undefined","undefined","undefined","#1a1a1a","1","psycho","True","psycho","psycho","uniform","undefined","undefined","undefined","0","NA","0","0","6","6","0","0","0","NA","0","6","6","NA","6","6","0","6","0","0","NA","0","6","6","6","6","6","6","0","6","6","6","0","43.63819945924441","Wed Jul 15 10:42:02 2026","1000","The main experiment item","False","V7_AttentionalSpatialBias_.osexp","C:\Users\plcm\Desktop\2026-EyeTracking\group-bayes\Experiment","305.7307999988552","013.png","1078.14912","435.27455999999995","True","False","mono","False","18","no","white","no","yes","RTL","1078.14912","435.27455999999995","864","1","012.png","013.png","4","psycho","Farsi","6","6","C:\Users\plcm\Desktop\2026-EyeTracking\group-bayes\Experiment\subject-54.csv","150","psycho","no","168258.37749999482","Neonatal Nightingale","4.1.14","1","1","prime_2","7","RTL","از آخرین تخم، یک پرنده بزرگ خاکستری بیرون آمد. او از بقیه متفاوت به نظر می‌رسید. جوجه‌اردک‌‌ها به او خندیدند و او را جوجه‌اردک زشت صدا کردند. او که غمگین و تنها بود، از مزرعه فرار کرد.","0","end","space","end","NA","NA","end","1309.0725999936694","13834.53140000347","NA","NA","1309.0725999936694","2","psycho","1, 5, 6, 3, 4, 2, 1, 3, 5, 6, 2, 4, 4, 3, 5, 1, 6, 2, 6, 2, 4, 3, 1, 5, 5, 6, 1, 2, 3, 4, 6, 5, 2, 1, 4, 3, 2, 5, 4, 1, 6, 3, 5, 3, 1, 4, 6, 2","True","1024","2","48000","-16","experiment","54","even","167.23190949999844","460.0","1076.0","432.0","432.0","69753.32329999947","NA","NA","4417.5983000022825","167231.81480000494","167231.88839999784","NA","20412.41400000581","52613.34870000428","NA","4417.796599998837","174580.31879999908","167220.31590000552","NA","167237.37360000086","167242.9528000066","22228.361799992854","173262.4252999958","83588.7900999951","NA","NA","83654.70970000024","155681.90860000323","174580.2881999989","173270.70350000577","155681.86500000593","168247.25329999637","168243.326900003","83654.91339999426","155681.58770000446","168247.3081999924","168258.33609999972","20412.51419999753","Attentional Spatial Bias","0","0","0","7","اکنون چشم‌پیما را کالیبره می‌کنیم.<br><br>لطفاً نقطه متحرک را با چشمان خود دنبال کنید و سرتان را ثابت نگه دارید.<br><br>لطفاً منتظر بمانید.","از شرکت شما سپاسگزاریم!<br><br>آزمایش اکنون به پایان رسیده است.<br><br>لطفاً با آزمایشگر تماس بگیرید.","در این آزمایش، شما یک داستان کوتاه را که روی صفحه نمایش داده می‌شود، خواهید خواند.<br><br>لطفاً هر خط را با دقت بخوانید، زیرا در پایان آزمایش چند سؤال در مورد داستان از شما پرسیده خواهد شد.<br><br>پس از هر پاراگراف، یک جفت تصویر خواهید دید. به هر دو تصویر نگاه کنید و تعداد کل دایره‌ها را در دو تصویر بشمارید.<br><br>در صفحه بعد می‌توانید نمونه‌هایی از یک دایره صحیح و یک شکل نادرست را ببینید. فقط شکل‌هایی را بشمارید که با نمونه دایره صحیح مطابقت دارند.<br><br>برای شروع هر کلیدی را فشار دهید.","دایره شمارش شده را وارد کنید (۰-۳ را فشار دهید)","خوش آمدید! برای ادامه هر کلیدی را فشار دهید.","Farsi","1536","-308","308","-308","308","0","0","0","0"
"6","5000","8","undefined","undefined","undefined","undefined","#1a1a1a","1","psycho","True","psycho","psycho","uniform","undefined","undefined","undefined","0","NA","0","0","7","7","0","0","0","NA","0","7","7","NA","7","7","0","7","0","0","NA","0","7","7","7","7","7","7","0","7","7","7","0","70.11586232209663","Wed Jul 15 10:42:02 2026","1000","The main experiment item","False","V7_AttentionalSpatialBias_.osexp","C:\Users\plcm\Desktop\2026-EyeTracking\group-bayes\Experiment","208.08219999889843","014.png","717.7728","211.18752","True","False","mono","False","18","no","white","no","yes","RTL","717.7728","211.18752","864","1","014.png","015.png","4","psycho","Farsi","7","7","C:\Users\plcm\Desktop\2026-EyeTracking\group-bayes\Experiment\subject-54.csv","150","psycho","no","176077.6874000003","Neonatal Nightingale","4.1.14","3","3","no_prime_trial_8","8","RTL","","0","down","space","down","NA","NA","down","1099.153999995906","13834.53140000347","NA","NA","1099.153999995906","2","psycho","1, 5, 6, 3, 4, 2, 1, 3, 5, 6, 2, 4, 4, 3, 5, 1, 6, 2, 6, 2, 4, 3, 1, 5, 5, 6, 1, 2, 3, 4, 6, 5, 2, 1, 4, 3, 2, 5, 4, 1, 6, 3, 5, 3, 1, 4, 6, 2","False","1024","2","48000","-16","experiment","54","even","174.73648979999416","614.0","922.0","165.0","699.0","69753.32329999947","NA","NA","4417.5983000022825","174736.38250000658","174736.46709999593","NA","20412.41400000581","52613.34870000428","NA","4417.796599998837","182188.45750000037","174723.10010000365","NA","175058.78259999736","175064.31010000233","22228.361799992854","181080.77509999566","83588.7900999951","NA","NA","83654.70970000024","174723.07399999409","182188.4146999946","181088.62599999702","174723.00719999475","176068.3507999929","176064.6132999973","83654.91339999426","174722.6066000003","176068.45770000655","176077.64089999546","20412.51419999753","Attentional Spatial Bias","0","0","0","8","اکنون چشم‌پیما را کالیبره می‌کنیم.<br><br>لطفاً نقطه متحرک را با چشمان خود دنبال کنید و سرتان را ثابت نگه دارید.<br><br>لطفاً منتظر بمانید.","از شرکت شما سپاسگزاریم!<br><br>آزمایش اکنون به پایان رسیده است.<br><br>لطفاً با آزمایشگر تماس بگیرید.","در این آزمایش، شما یک داستان کوتاه را که روی صفحه نمایش داده می‌شود، خواهید خواند.<br><br>لطفاً هر خط را با دقت بخوانید، زیرا در پایان آزمایش چند سؤال در مورد داستان از شما پرسیده خواهد شد.<br><br>پس از هر پاراگراف، یک جفت تصویر خواهید دید. به هر دو تصویر نگاه کنید و تعداد کل دایره‌ها را در دو تصویر بشمارید.<br><br>در صفحه بعد می‌توانید نمونه‌هایی از یک دایره صحیح و یک شکل نادرست را ببینید. فقط شکل‌هایی را بشمارید که با نمونه دایره صحیح مطابقت دارند.<br><br>برای شروع هر کلیدی را فشار دهید.","دایره شمارش شده را وارد کنید (۰-۳ را فشار دهید)","خوش آمدید! برای ادامه هر کلیدی را فشار دهید.","Farsi","1536","-154","154","-154","154","-267","267","-267","267"
"6","5000","8","undefined","undefined","undefined","undefined","#1a1a1a","1","psycho","True","psycho","psycho","uniform","undefined","undefined","undefined","0","NA","0","0","8","8","0","0","0","NA","0","8","8","NA","8","8","0","8","0","0","NA","0","8","8","8","8","8","8","0","8","8","8","0","40.53566897200549","Wed Jul 15 10:42:02 2026","1000","The main experiment item","False","V7_AttentionalSpatialBias_.osexp","C:\Users\plcm\Desktop\2026-EyeTracking\group-bayes\Experiment","235.86050000449177","000.png","609.024","680.69376","True","False","mono","False","18","no","white","no","yes","RTL","609.024","680.69376","864","1","000.png","001.png","4","psycho","Farsi","8","8","C:\Users\plcm\Desktop\2026-EyeTracking\group-bayes\Experiment\subject-54.csv","150","psycho","no","183679.03990000195","Neonatal Nightingale","4.1.14","5","5","no_prime_trial_9","9","RTL","","0","down","space","down","NA","NA","down","1024.6151999890571","13834.53140000347","NA","NA","1024.6151999890571","2","psycho","1, 5, 6, 3, 4, 2, 1, 3, 5, 6, 2, 4, 4, 3, 5, 1, 6, 2, 6, 2, 4, 3, 1, 5, 5, 6, 1, 2, 3, 4, 6, 5, 2, 1, 4, 3, 2, 5, 4, 1, 6, 3, 5, 3, 1, 4, 6, 2","False","1024","2","48000","-16","experiment","54","even","182.3194977999956","614.0","922.0","699.0","165.0","69753.32329999947","NA","NA","4417.5983000022825","182319.38909999735","182319.47069999296","NA","20412.41400000581","52613.34870000428","NA","4417.796599998837","189716.44999999262","182306.4580999926","NA","182661.58050000377","182666.96810000576","22228.361799992854","188683.50009999995","83588.7900999951","NA","NA","83654.70970000024","182306.42619999708","189716.42019999854","188691.14720000653","182306.35270000494","183671.0710000043","183667.1243000019","83654.91339999426","182306.0678000038","183671.13610000524","183678.99850000686","20412.51419999753","Attentional Spatial Bias","0","0","0","9","اکنون چشم‌پیما را کالیبره می‌کنیم.<br><br>لطفاً نقطه متحرک را با چشمان خود دنبال کنید و سرتان را ثابت نگه دارید.<br><br>لطفاً منتظر بمانید.","از شرکت شما سپاسگزاریم!<br><br>آزمایش اکنون به پایان رسیده است.<br><br>لطفاً با آزمایشگر تماس بگیرید.","در این آزمایش، شما یک داستان کوتاه را که روی صفحه نمایش داده می‌شود، خواهید خواند.<br><br>لطفاً هر خط را با دقت بخوانید، زیرا در پایان آزمایش چند سؤال در مورد داستان از شما پرسیده خواهد شد.<br><br>پس از هر پاراگراف، یک جفت تصویر خواهید دید. به هر دو تصویر نگاه کنید و تعداد کل دایره‌ها را در دو تصویر بشمارید.<br><br>در صفحه بعد می‌توانید نمونه‌هایی از یک دایره صحیح و یک شکل نادرست را ببینید. فقط شکل‌هایی را بشمارید که با نمونه دایره صحیح مطابقت دارند.<br><br>برای شروع هر کلیدی را فشار دهید.","دایره شمارش شده را وارد کنید (۰-۳ را فشار دهید)","خوش آمدید! برای ادامه هر کلیدی را فشار دهید.","Farsi","1536","-154","154","-154","154","267","-267","267","-267"
"6","5000","8","undefined","undefined","undefined","undefined","#1a1a1a","1","psycho","True","psycho","psycho","uniform","undefined","undefined","undefined","0","NA","0","0","9","9","0","0","0","NA","0","9","9","NA","9","9","0","9","0","0","NA","0","9","9","9","9","9","9","0","9","9","9","0","91.7509096866424","Wed Jul 15 10:42:02 2026","1000","The main experiment item","False","V7_AttentionalSpatialBias_.osexp","C:\Users\plcm\Desktop\2026-EyeTracking\group-bayes\Experiment","207.09660000284202","003.png","923.5814399999999","385.39584","True","False","mono","False","18","no","white","no","yes","RTL","923.5814399999999","385.39584","864","1","002.png","003.png","4","psycho","Farsi","9","9","C:\Users\plcm\Desktop\2026-EyeTracking\group-bayes\Experiment\subject-54.csv","150","psycho","no","191327.8457999986","Neonatal Nightingale","4.1.14","6","6","no_prime_trial_10","10","RTL","","0","down","space","down","NA","NA","down","810.3728999994928","13834.53140000347","NA","NA","810.3728999994928","2","psycho","1, 5, 6, 3, 4, 2, 1, 3, 5, 6, 2, 4, 4, 3, 5, 1, 6, 2, 6, 2, 4, 3, 1, 5, 5, 6, 1, 2, 3, 4, 6, 5, 2, 1, 4, 3, 2, 5, 4, 1, 6, 3, 5, 3, 1, 4, 6, 2","False","1024","2","48000","-16","experiment","54","even","189.8574679000012","501.0","1035.0","586.0","278.0","69753.32329999947","NA","NA","4417.5983000022825","189857.33650000475","189857.44059999706","NA","20412.41400000581","52613.34870000428","NA","4417.796599998837","197148.50419999857","189844.16700000293","NA","190308.4133999946","190314.42589999642","22228.361799992854","196329.51339999272","83588.7900999951","NA","NA","83654.70970000024","189844.1376999981","197148.47519999603","196337.47230000154","189844.07439999632","191318.11249999737","191315.00000000233","83654.91339999426","189843.33719999995","191318.182300005","191327.8105000063","20412.51419999753","Attentional Spatial Bias","0","0","0","10","اکنون چشم‌پیما را کالیبره می‌کنیم.<br><br>لطفاً نقطه متحرک را با چشمان خود دنبال کنید و سرتان را ثابت نگه دارید.<br><br>لطفاً منتظر بمانید.","از شرکت شما سپاسگزاریم!<br><br>آزمایش اکنون به پایان رسیده است.<br><br>لطفاً با آزمایشگر تماس بگیرید.","در این آزمایش، شما یک داستان کوتاه را که روی صفحه نمایش داده می‌شود، خواهید خواند.<br><br>لطفاً هر خط را با دقت بخوانید، زیرا در پایان آزمایش چند سؤال در مورد داستان از شما پرسیده خواهد شد.<br><br>پس از هر پاراگراف، یک جفت تصویر خواهید دید. به هر دو تصویر نگاه کنید و تعداد کل دایره‌ها را در دو تصویر بشمارید.<br><br>در صفحه بعد می‌توانید نمونه‌هایی از یک دایره صحیح و یک شکل نادرست را ببینید. فقط شکل‌هایی را بشمارید که با نمونه دایره صحیح مطابقت دارند.<br><br>برای شروع هر کلیدی را فشار دهید.","دایره شمارش شده را وارد کنید (۰-۳ را فشار دهید)","خوش آمدید! برای ادامه هر کلیدی را فشار دهید.","Farsi","1536","-267","267","-267","267","154","-154","154","-154"
"6","5000","8","undefined","undefined","undefined","undefined","#1a1a1a","1","psycho","True","psycho","psycho","uniform","undefined","undefined","undefined","0","NA","0","0","10","10","0","0","0","NA","0","10","10","NA","10","10","0","10","0","0","NA","0","10","10","10","10","10","10","0","10","10","10","0","82.9694319233102","Wed Jul 15 10:42:02 2026","1000","The main experiment item","False","V7_AttentionalSpatialBias_.osexp","C:\Users\plcm\Desktop\2026-EyeTracking\group-bayes\Experiment","225.38590000476688","004.png","615.49056","362.09376000000003","True","False","mono","False","18","no","white","no","yes","RTL","615.49056","362.09376000000003","864","1","004.png","005.png","4","psycho","Farsi","10","10","C:\Users\plcm\Desktop\2026-EyeTracking\group-bayes\Experiment\subject-54.csv","150","psycho","no","198427.98870000115","Neonatal Nightingale","4.1.14","2","2","no_prime_trial_11","11","RTL","","0","down","space","down","NA","NA","down","703.4737999929348","13834.53140000347","NA","NA","703.4737999929348","2","psycho","1, 5, 6, 3, 4, 2, 1, 3, 5, 6, 2, 4, 4, 3, 5, 1, 6, 2, 6, 2, 4, 3, 1, 5, 5, 6, 1, 2, 3, 4, 6, 5, 2, 1, 4, 3, 2, 5, 4, 1, 6, 3, 5, 3, 1, 4, 6, 2","False","1024","2","48000","-16","experiment","54","even","197.28816300000472","501.0","1035.0","278.0","586.0","69753.32329999947","NA","NA","4417.5983000022825","197288.05240000656","197288.14099999727","NA","20412.41400000581","52613.34870000428","NA","4417.796599998837","204140.52610000363","197276.89530000498","NA","197411.89730000042","197417.40130000107","22228.361799992854","203428.31279999518","83588.7900999951","NA","NA","83654.70970000024","197276.84029999364","204140.49449999584","203436.35590000486","197276.7812999955","198421.03620000125","198417.92599999462","83654.91339999426","197276.36429999257","198421.08640000515","198427.95260000275","20412.51419999753","Attentional Spatial Bias","0","0","0","11","اکنون چشم‌پیما را کالیبره می‌کنیم.<br><br>لطفاً نقطه متحرک را با چشمان خود دنبال کنید و سرتان را ثابت نگه دارید.<br><br>لطفاً منتظر بمانید.","از شرکت شما سپاسگزاریم!<br><br>آزمایش اکنون به پایان رسیده است.<br><br>لطفاً با آزمایشگر تماس بگیرید.","در این آزمایش، شما یک داستان کوتاه را که روی صفحه نمایش داده می‌شود، خواهید خواند.<br><br>لطفاً هر خط را با دقت بخوانید، زیرا در پایان آزمایش چند سؤال در مورد داستان از شما پرسیده خواهد شد.<br><br>پس از هر پاراگراف، یک جفت تصویر خواهید دید. به هر دو تصویر نگاه کنید و تعداد کل دایره‌ها را در دو تصویر بشمارید.<br><br>در صفحه بعد می‌توانید نمونه‌هایی از یک دایره صحیح و یک شکل نادرست را ببینید. فقط شکل‌هایی را بشمارید که با نمونه دایره صحیح مطابقت دارند.<br><br>برای شروع هر کلیدی را فشار دهید.","دایره شمارش شده را وارد کنید (۰-۳ را فشار دهید)","خوش آمدید! برای ادامه هر کلیدی را فشار دهید.","Farsi","1536","-267","267","-267","267","-154","154","-154","154"
"6","5000","8","undefined","undefined","undefined","undefined","#1a1a1a","1","psycho","True","psycho","psycho","uniform","undefined","undefined","undefined","0","NA","0","0","11","11","0","0","0","NA","0","11","11","NA","11","11","0","11","0","0","NA","0","11","11","11","11","11","11","0","11","11","11","0","49.10036523790842","Wed Jul 15 10:42:02 2026","1000","The main experiment item","False","V7_AttentionalSpatialBias_.osexp","C:\Users\plcm\Desktop\2026-EyeTracking\group-bayes\Experiment","208.31010000256356","006.png","794.78784","248.184","True","False","mono","False","18","no","white","no","yes","RTL","794.78784","248.184","864","1","006.png","007.png","4","psycho","Farsi","11","11","C:\Users\plcm\Desktop\2026-EyeTracking\group-bayes\Experiment\subject-54.csv","150","psycho","no","205335.59940000123","Neonatal Nightingale","4.1.14","4","4","no_prime_trial_12","12","RTL","","0","down","space","down","NA","NA","down","639.3208000081358","13834.53140000347","NA","NA","639.3208000081358","2","psycho","1, 5, 6, 3, 4, 2, 1, 3, 5, 6, 2, 4, 4, 3, 5, 1, 6, 2, 6, 2, 4, 3, 1, 5, 5, 6, 1, 2, 3, 4, 6, 5, 2, 1, 4, 3, 2, 5, 4, 1, 6, 3, 5, 3, 1, 4, 6, 2","False","1024","2","48000","-16","experiment","54","even","204.3128383000003","768.0","768.0","124.0","740.0","69753.32329999947","NA","NA","4417.5983000022825","204312.6878000039","204312.80729999708","NA","20412.41400000581","52613.34870000428","NA","4417.796599998837","210988.6567999929","204300.550999993","NA","204318.12039999932","204323.62149999244","22228.361799992854","210340.64670000225","83588.7900999951","NA","NA","83654.70970000024","204300.52940000314","210988.62040000677","210348.51199999684","204300.47410000407","205328.10709999467","205324.283199996","83654.91339999426","204300.06130000402","205328.18149999366","205335.54820000427","20412.51419999753","Attentional Spatial Bias","0","0","0","12","اکنون چشم‌پیما را کالیبره می‌کنیم.<br><br>لطفاً نقطه متحرک را با چشمان خود دنبال کنید و سرتان را ثابت نگه دارید.<br><br>لطفاً منتظر بمانید.","از شرکت شما سپاسگزاریم!<br><br>آزمایش اکنون به پایان رسیده است.<br><br>لطفاً با آزمایشگر تماس بگیرید.","در این آزمایش، شما یک داستان کوتاه را که روی صفحه نمایش داده می‌شود، خواهید خواند.<br><br>لطفاً هر خط را با دقت بخوانید، زیرا در پایان آزمایش چند سؤال در مورد داستان از شما پرسیده خواهد شد.<br><br>پس از هر پاراگراف، یک جفت تصویر خواهید دید. به هر دو تصویر نگاه کنید و تعداد کل دایره‌ها را در دو تصویر بشمارید.<br><br>در صفحه بعد می‌توانید نمونه‌هایی از یک دایره صحیح و یک شکل نادرست را ببینید. فقط شکل‌هایی را بشمارید که با نمونه دایره صحیح مطابقت دارند.<br><br>برای شروع هر کلیدی را فشار دهید.","دایره شمارش شده را وارد کنید (۰-۳ را فشار دهید)","خوش آمدید! برای ادامه هر کلیدی را فشار دهید.","Farsi","1536","0","0","0","0","-308","308","-308","308"
"6","5000","8","undefined","undefined","undefined","undefined","#1a1a1a","2","psycho","True","psycho","psycho","uniform","undefined","undefined","undefined","0","NA","0","0","12","12","0","0","0","NA","0","12","12","NA","12","12","0","12","0","0","NA","0","12","12","12","12","12","12","0","12","12","12","0","70.10315679876337","Wed Jul 15 10:42:02 2026","1000","The main experiment item","False","V7_AttentionalSpatialBias_.osexp","C:\Users\plcm\Desktop\2026-EyeTracking\group-bayes\Experiment","112.99490000237711","009.png","764.66688","596.1340799999999","True","False","mono","False","18","no","white","no","yes","RTL","764.66688","596.1340799999999","864","2","008.png","009.png","4","psycho","Farsi","12","12","C:\Users\plcm\Desktop\2026-EyeTracking\group-bayes\Experiment\subject-54.csv","150","psycho","no","225937.32729999465","Neonatal Nightingale","4.1.14","4","4","prime_3","13","RTL","او در میان زمین‌ها و باتلاق‌ها سرگردان بود و به دنبال جایی می‌گشت که به آن تعلق داشته باشد. اردک‌های وحشی گفتند او آنقدر زشت است که نمی‌تواند دوستشان باشد.","0","insert","space","insert","NA","NA","insert","1288.220000002184","13834.53140000347","NA","NA","1288.220000002184","2","psycho","1, 5, 6, 3, 4, 2, 1, 3, 5, 6, 2, 4, 4, 3, 5, 1, 6, 2, 6, 2, 4, 3, 1, 5, 5, 6, 1, 2, 3, 4, 6, 5, 2, 1, 4, 3, 2, 5, 4, 1, 6, 3, 5, 3, 1, 4, 6, 2","True","1024","2","48000","-16","experiment","54","even","224.64818819999346","768.0","768.0","124.0","740.0","69753.32329999947","NA","NA","4417.5983000022825","224648.09360000072","224648.1630000053","NA","20412.41400000581","52613.34870000428","NA","4417.796599998837","232236.5800999978","224636.19109999854","NA","224920.70030000468","224926.5766000026","22228.361799992854","230939.10689999757","83588.7900999951","NA","NA","83654.70970000024","211107.92819999915","232236.4407999994","230947.5803999958","211107.87330000312","225929.879599993","225927.07299999893","83654.91339999426","211107.4704000057","225929.92850000155","225937.28830000327","20412.51419999753","Attentional Spatial Bias","0","0","0","13","اکنون چشم‌پیما را کالیبره می‌کنیم.<br><br>لطفاً نقطه متحرک را با چشمان خود دنبال کنید و سرتان را ثابت نگه دارید.<br><br>لطفاً منتظر بمانید.","از شرکت شما سپاسگزاریم!<br><br>آزمایش اکنون به پایان رسیده است.<br><br>لطفاً با آزمایشگر تماس بگیرید.","در این آزمایش، شما یک داستان کوتاه را که روی صفحه نمایش داده می‌شود، خواهید خواند.<br><br>لطفاً هر خط را با دقت بخوانید، زیرا در پایان آزمایش چند سؤال در مورد داستان از شما پرسیده خواهد شد.<br><br>پس از هر پاراگراف، یک جفت تصویر خواهید دید. به هر دو تصویر نگاه کنید و تعداد کل دایره‌ها را در دو تصویر بشمارید.<br><br>در صفحه بعد می‌توانید نمونه‌هایی از یک دایره صحیح و یک شکل نادرست را ببینید. فقط شکل‌هایی را بشمارید که با نمونه دایره صحیح مطابقت دارند.<br><br>برای شروع هر کلیدی را فشار دهید.","دایره شمارش شده را وارد کنید (۰-۳ را فشار دهید)","خوش آمدید! برای ادامه هر کلیدی را فشار دهید.","Farsi","1536","0","0","0","0","-308","308","-308","308"
"6","5000","8","undefined","undefined","undefined","undefined","#1a1a1a","2","psycho","True","psycho","psycho","uniform","undefined","undefined","undefined","0","NA","0","0","13","13","0","0","0","NA","0","13","13","NA","13","13","0","13","0","0","NA","0","13","13","13","13","13","13","0","13","13","13","0","66.3482477469059","Wed Jul 15 10:42:02 2026","1000","The main experiment item","False","V7_AttentionalSpatialBias_.osexp","C:\Users\plcm\Desktop\2026-EyeTracking\group-bayes\Experiment","154.95880000526085","011.png","946.05312","583.19136","True","False","mono","False","18","no","white","no","yes","RTL","946.05312","583.19136","864","2","010.png","011.png","4","psycho","Farsi","13","13","C:\Users\plcm\Desktop\2026-EyeTracking\group-bayes\Experiment\subject-54.csv","150","psycho","no","233395.37719999498","Neonatal Nightingale","4.1.14","3","3","no_prime_trial_14","14","RTL","","0","end","space","end","NA","NA","end","572.7711000072304","13834.53140000347","NA","NA","572.7711000072304","2","psycho","1, 5, 6, 3, 4, 2, 1, 3, 5, 6, 2, 4, 4, 3, 5, 1, 6, 2, 6, 2, 4, 3, 1, 5, 5, 6, 1, 2, 3, 4, 6, 5, 2, 1, 4, 3, 2, 5, 4, 1, 6, 3, 5, 3, 1, 4, 6, 2","False","1024","2","48000","-16","experiment","54","even","232.37364669999806","614.0","922.0","165.0","699.0","69753.32329999947","NA","NA","4417.5983000022825","232373.55659999594","232373.6254999967","NA","20412.41400000581","52613.34870000428","NA","4417.796599998837","238980.41449999437","232361.63099999249","NA","232379.1685000033","232384.50539999758","22228.361799992854","238399.26069999638","83588.7900999951","NA","NA","83654.70970000024","232361.60879999807","238980.3847000003","238407.0600999985","232361.55190000136","233387.58619999862","233384.72800000454","83654.91339999426","232361.1249999958","233387.63559999643","233395.32060000056","20412.51419999753","Attentional Spatial Bias","0","0","0","14","اکنون چشم‌پیما را کالیبره می‌کنیم.<br><br>لطفاً نقطه متحرک را با چشمان خود دنبال کنید و سرتان را ثابت نگه دارید.<br><br>لطفاً منتظر بمانید.","از شرکت شما سپاسگزاریم!<br><br>آزمایش اکنون به پایان رسیده است.<br><br>لطفاً با آزمایشگر تماس بگیرید.","در این آزمایش، شما یک داستان کوتاه را که روی صفحه نمایش داده می‌شود، خواهید خواند.<br><br>لطفاً هر خط را با دقت بخوانید، زیرا در پایان آزمایش چند سؤال در مورد داستان از شما پرسیده خواهد شد.<br><br>پس از هر پاراگراف، یک جفت تصویر خواهید دید. به هر دو تصویر نگاه کنید و تعداد کل دایره‌ها را در دو تصویر بشمارید.<br><br>در صفحه بعد می‌توانید نمونه‌هایی از یک دایره صحیح و یک شکل نادرست را ببینید. فقط شکل‌هایی را بشمارید که با نمونه دایره صحیح مطابقت دارند.<br><br>برای شروع هر کلیدی را فشار دهید.","دایره شمارش شده را وارد کنید (۰-۳ را فشار دهید)","خوش آمدید! برای ادامه هر کلیدی را فشار دهید.","Farsi","1536","-154","154","-154","154","-267","267","-267","267"
"6","5000","8","undefined","undefined","undefined","undefined","#1a1a1a","2","psycho","True","psycho","psycho","uniform","undefined","undefined","undefined","0","NA","0","0","14","14","0","0","0","NA","0","14","14","NA","14","14","0","14","0","0","NA","0","14","14","14","14","14","14","0","14","14","14","0","99.85918664102967","Wed Jul 15 10:42:02 2026","1000","The main experiment item","False","V7_AttentionalSpatialBias_.osexp","C:\Users\plcm\Desktop\2026-EyeTracking\group-bayes\Experiment","247.19629999890458","012.png","650.20416","632.99232","True","False","mono","False","18","no","white","no","yes","RTL","650.20416","632.99232","864","2","012.png","013.png","4","psycho","Farsi","14","14","C:\Users\plcm\Desktop\2026-EyeTracking\group-bayes\Experiment\subject-54.csv","150","psycho","no","240177.44949999906","Neonatal Nightingale","4.1.14","5","5","no_prime_trial_15","15","RTL","","0","end","space","end","NA","NA","end","718.1721999950241","13834.53140000347","NA","NA","718.1721999950241","2","psycho","1, 5, 6, 3, 4, 2, 1, 3, 5, 6, 2, 4, 4, 3, 5, 1, 6, 2, 6, 2, 4, 3, 1, 5, 5, 6, 1, 2, 3, 4, 6, 5, 2, 1, 4, 3, 2, 5, 4, 1, 6, 3, 5, 3, 1, 4, 6, 2","False","1024","2","48000","-16","experiment","54","even","239.141658499997","614.0","922.0","699.0","165.0","69753.32329999947","NA","NA","4417.5983000022825","239141.53179999266","239141.63189999817","NA","20412.41400000581","52613.34870000428","NA","4417.796599998837","245908.56070000154","239128.7669000012","NA","239158.0236000009","239163.38990000077","22228.361799992854","245180.60530000366","83588.7900999951","NA","NA","83654.70970000024","239128.7461000029","245908.51740000653","245189.66119999823","239128.69219999993","240167.13040000468","240164.00109999813","83654.91339999426","239128.3281000069","240167.18519999995","240177.41269999533","20412.51419999753","Attentional Spatial Bias","0","0","0","15","اکنون چشم‌پیما را کالیبره می‌کنیم.<br><br>لطفاً نقطه متحرک را با چشمان خود دنبال کنید و سرتان را ثابت نگه دارید.<br><br>لطفاً منتظر بمانید.","از شرکت شما سپاسگزاریم!<br><br>آزمایش اکنون به پایان رسیده است.<br><br>لطفاً با آزمایشگر تماس بگیرید.","در این آزمایش، شما یک داستان کوتاه را که روی صفحه نمایش داده می‌شود، خواهید خواند.<br><br>لطفاً هر خط را با دقت بخوانید، زیرا در پایان آزمایش چند سؤال در مورد داستان از شما پرسیده خواهد شد.<br><br>پس از هر پاراگراف، یک جفت تصویر خواهید دید. به هر دو تصویر نگاه کنید و تعداد کل دایره‌ها را در دو تصویر بشمارید.<br><br>در صفحه بعد می‌توانید نمونه‌هایی از یک دایره صحیح و یک شکل نادرست را ببینید. فقط شکل‌هایی را بشمارید که با نمونه دایره صحیح مطابقت دارند.<br><br>برای شروع هر کلیدی را فشار دهید.","دایره شمارش شده را وارد کنید (۰-۳ را فشار دهید)","خوش آمدید! برای ادامه هر کلیدی را فشار دهید.","Farsi","1536","-154","154","-154","154","267","-267","267","-267"
"6","5000","8","undefined","undefined","undefined","undefined","#1a1a1a","2","psycho","True","psycho","psycho","uniform","undefined","undefined","undefined","0","NA","0","0","15","15","0","0","0","NA","0","15","15","NA","15","15","0","15","0","0","NA","0","15","15","15","15","15","15","0","15","15","15","0","51.65093259183615","Wed Jul 15 10:42:02 2026","1000","The main experiment item","False","V7_AttentionalSpatialBias_.osexp","C:\Users\plcm\Desktop\2026-EyeTracking\group-bayes\Experiment","228.61249999550637","015.png","945.66912","442.83456","True","False","mono","False","18","no","white","no","yes","RTL","945.66912","442.83456","864","2","014.png","015.png","4","psycho","Farsi","15","15","C:\Users\plcm\Desktop\2026-EyeTracking\group-bayes\Experiment\subject-54.csv","150","psycho","no","247070.01120000496","Neonatal Nightingale","4.1.14","1","1","no_prime_trial_16","16","RTL","","0","down","space","down","NA","NA","down","1117.3911999940174","13834.53140000347","NA","NA","1117.3911999940174","2","psycho","1, 5, 6, 3, 4, 2, 1, 3, 5, 6, 2, 4, 4, 3, 5, 1, 6, 2, 6, 2, 4, 3, 1, 5, 5, 6, 1, 2, 3, 4, 6, 5, 2, 1, 4, 3, 2, 5, 4, 1, 6, 3, 5, 3, 1, 4, 6, 2","False","1024","2","48000","-16","experiment","54","even","246.0472524999932","460.0","1076.0","432.0","432.0","69753.32329999947","NA","NA","4417.5983000022825","246047.16539999936","246047.2299999965","NA","20412.41400000581","52613.34870000428","NA","4417.796599998837","253196.3245999941","246034.47840000445","NA","246052.64769999485","246058.4036999935","22228.361799992854","252070.51360000332","83588.7900999951","NA","NA","83654.70970000024","246034.45479999937","253196.28340000054","252078.3911000035","246034.39659999276","247061.9258999941","247058.94109999645","83654.91339999426","246034.07680000237","247061.98670000595","247069.9722999998","20412.51419999753","Attentional Spatial Bias","0","0","0","16","اکنون چشم‌پیما را کالیبره می‌کنیم.<br><br>لطفاً نقطه متحرک را با چشمان خود دنبال کنید و سرتان را ثابت نگه دارید.<br><br>لطفاً منتظر بمانید.","از شرکت شما سپاسگزاریم!<br><br>آزمایش اکنون به پایان رسیده است.<br><br>لطفاً با آزمایشگر تماس بگیرید.","در این آزمایش، شما یک داستان کوتاه را که روی صفحه نمایش داده می‌شود، خواهید خواند.<br><br>لطفاً هر خط را با دقت بخوانید، زیرا در پایان آزمایش چند سؤال در مورد داستان از شما پرسیده خواهد شد.<br><br>پس از هر پاراگراف، یک جفت تصویر خواهید دید. به هر دو تصویر نگاه کنید و تعداد کل دایره‌ها را در دو تصویر بشمارید.<br><br>در صفحه بعد می‌توانید نمونه‌هایی از یک دایره صحیح و یک شکل نادرست را ببینید. فقط شکل‌هایی را بشمارید که با نمونه دایره صحیح مطابقت دارند.<br><br>برای شروع هر کلیدی را فشار دهید.","دایره شمارش شده را وارد کنید (۰-۳ را فشار دهید)","خوش آمدید! برای ادامه هر کلیدی را فشار دهید.","Farsi","1536","-308","308","-308","308","0","0","0","0"
"6","5000","8","undefined","undefined","undefined","undefined","#1a1a1a","2","psycho","True","psycho","psycho","uniform","undefined","undefined","undefined","0","NA","0","0","16","16","0","0","0","NA","0","16","16","NA","16","16","0","16","0","0","NA","0","16","16","16","16","16","16","0","16","16","16","0","92.94290593840502","Wed Jul 15 10:42:02 2026","1000","The main experiment item","False","V7_AttentionalSpatialBias_.osexp","C:\Users\plcm\Desktop\2026-EyeTracking\group-bayes\Experiment","196.18379999883473","001.png","913.9353600000001","375.20063999999996","True","False","mono","False","18","no","white","no","yes","RTL","913.9353600000001","375.20063999999996","864","2","000.png","001.png","4","psycho","Farsi","16","16","C:\Users\plcm\Desktop\2026-EyeTracking\group-bayes\Experiment\subject-54.csv","150","psycho","no","254350.72000000218","Neonatal Nightingale","4.1.14","6","6","no_prime_trial_17","17","RTL","","0","down","space","down","NA","NA","down","593.2155999907991","13834.53140000347","NA","NA","593.2155999907991","2","psycho","1, 5, 6, 3, 4, 2, 1, 3, 5, 6, 2, 4, 4, 3, 5, 1, 6, 2, 6, 2, 4, 3, 1, 5, 5, 6, 1, 2, 3, 4, 6, 5, 2, 1, 4, 3, 2, 5, 4, 1, 6, 3, 5, 3, 1, 4, 6, 2","False","1024","2","48000","-16","experiment","54","even","253.32731199999398","501.0","1035.0","586.0","278.0","69753.32329999947","NA","NA","4417.5983000022825","253327.23080000142","253327.29060000565","NA","20412.41400000581","52613.34870000428","NA","4417.796599998837","259956.3366999937","253313.98900000204","NA","253332.87499999278","253338.382300004","22228.361799992854","259353.79989999637","83588.7900999951","NA","NA","83654.70970000024","253313.96620000305","259956.29040000495","259362.56680000224","253313.90920000558","254341.4735999977","254338.5028000048","83654.91339999426","253313.24529999983","254341.53029999288","254350.68129999854","20412.51419999753","Attentional Spatial Bias","0","0","0","17","اکنون چشم‌پیما را کالیبره می‌کنیم.<br><br>لطفاً نقطه متحرک را با چشمان خود دنبال کنید و سرتان را ثابت نگه دارید.<br><br>لطفاً منتظر بمانید.","از شرکت شما سپاسگزاریم!<br><br>آزمایش اکنون به پایان رسیده است.<br><br>لطفاً با آزمایشگر تماس بگیرید.","در این آزمایش، شما یک داستان کوتاه را که روی صفحه نمایش داده می‌شود، خواهید خواند.<br><br>لطفاً هر خط را با دقت بخوانید، زیرا در پایان آزمایش چند سؤال در مورد داستان از شما پرسیده خواهد شد.<br><br>پس از هر پاراگراف، یک جفت تصویر خواهید دید. به هر دو تصویر نگاه کنید و تعداد کل دایره‌ها را در دو تصویر بشمارید.<br><br>در صفحه بعد می‌توانید نمونه‌هایی از یک دایره صحیح و یک شکل نادرست را ببینید. فقط شکل‌هایی را بشمارید که با نمونه دایره صحیح مطابقت دارند.<br><br>برای شروع هر کلیدی را فشار دهید.","دایره شمارش شده را وارد کنید (۰-۳ را فشار دهید)","خوش آمدید! برای ادامه هر کلیدی را فشار دهید.","Farsi","1536","-267","267","-267","267","154","-154","154","-154"
"6","5000","8","undefined","undefined","undefined","undefined","#1a1a1a","2","psycho","True","psycho","psycho","uniform","undefined","undefined","undefined","0","NA","0","0","17","17","0","0","0","NA","0","17","17","NA","17","17","0","17","0","0","NA","0","17","17","17","17","17","17","0","17","17","17","0","55.82124857879838","Wed Jul 15 10:42:02 2026","1000","The main experiment item","False","V7_AttentionalSpatialBias_.osexp","C:\Users\plcm\Desktop\2026-EyeTracking\group-bayes\Experiment","194.26239999302197","003.png","885.4886399999999","443.17152","True","False","mono","False","18","no","white","no","yes","RTL","885.4886399999999","443.17152","864","2","002.png","003.png","4","psycho","Farsi","17","17","C:\Users\plcm\Desktop\2026-EyeTracking\group-bayes\Experiment\subject-54.csv","150","psycho","no","261357.67810000107","Neonatal Nightingale","4.1.14","2","2","no_prime_trial_18","18","RTL","","0","down","space","down","NA","NA","down","483.56670000066515","13834.53140000347","NA","NA","483.56670000066515","2","psycho","1, 5, 6, 3, 4, 2, 1, 3, 5, 6, 2, 4, 4, 3, 5, 1, 6, 2, 6, 2, 4, 3, 1, 5, 5, 6, 1, 2, 3, 4, 6, 5, 2, 1, 4, 3, 2, 5, 4, 1, 6, 3, 5, 3, 1, 4, 6, 2","False","1024","2","48000","-16","experiment","54","even","260.082464799998","501.0","1035.0","278.0","586.0","69753.32329999947","NA","NA","4417.5983000022825","260082.36339999712","260082.44179999747","NA","20412.41400000581","52613.34870000428","NA","4417.796599998837","266852.50920000544","260071.10620000458","NA","260338.07260000322","260343.63479999593","22228.361799992854","266360.0291000039","83588.7900999951","NA","NA","83654.70970000024","260071.0853000055","266852.4761000008","266368.215399998","260071.03130000178","261346.93729999708","261344.0593999985","83654.91339999426","260070.75060000352","261346.98800000479","261357.63650000445","20412.51419999753","Attentional Spatial Bias","0","0","0","18","اکنون چشم‌پیما را کالیبره می‌کنیم.<br><br>لطفاً نقطه متحرک را با چشمان خود دنبال کنید و سرتان را ثابت نگه دارید.<br><br>لطفاً منتظر بمانید.","از شرکت شما سپاسگزاریم!<br><br>آزمایش اکنون به پایان رسیده است.<br><br>لطفاً با آزمایشگر تماس بگیرید.","در این آزمایش، شما یک داستان کوتاه را که روی صفحه نمایش داده می‌شود، خواهید خواند.<br><br>لطفاً هر خط را با دقت بخوانید، زیرا در پایان آزمایش چند سؤال در مورد داستان از شما پرسیده خواهد شد.<br><br>پس از هر پاراگراف، یک جفت تصویر خواهید دید. به هر دو تصویر نگاه کنید و تعداد کل دایره‌ها را در دو تصویر بشمارید.<br><br>در صفحه بعد می‌توانید نمونه‌هایی از یک دایره صحیح و یک شکل نادرست را ببینید. فقط شکل‌هایی را بشمارید که با نمونه دایره صحیح مطابقت دارند.<br><br>برای شروع هر کلیدی را فشار دهید.","دایره شمارش شده را وارد کنید (۰-۳ را فشار دهید)","خوش آمدید! برای ادامه هر کلیدی را فشار دهید.","Farsi","1536","-267","267","-267","267","-154","154","-154","154"
"6","5000","8","undefined","undefined","undefined","undefined","#1a1a1a","3","psycho","True","psycho","psycho","uniform","undefined","undefined","undefined","0","NA","0","0","18","18","0","0","0","NA","0","18","18","NA","18","18","0","18","0","0","NA","0","18","18","18","18","18","18","0","18","18","18","0","98.73402217017598","Wed Jul 15 10:42:02 2026","1000","The main experiment item","False","V7_AttentionalSpatialBias_.osexp","C:\Users\plcm\Desktop\2026-EyeTracking\group-bayes\Experiment","225.7396999921184","005.png","939.1564800000001","409.45824","True","False","mono","False","18","no","white","no","yes","RTL","939.1564800000001","409.45824","864","3","004.png","005.png","4","psycho","Farsi","18","18","C:\Users\plcm\Desktop\2026-EyeTracking\group-bayes\Experiment\subject-54.csv","150","psycho","no","287239.78600000555","Neonatal Nightingale","4.1.14","6","6","prime_4","19","RTL","یک شب، شکارچیان در نزدیکی آنجا شلیک کردند و جوجه‌اردک تا زمانی که همه چیز امن و امان شود در بین نی ها قایم شد.","0","down","space","down","NA","NA","down","815.5133000109345","13834.53140000347","NA","NA","815.5133000109345","2","psycho","1, 5, 6, 3, 4, 2, 1, 3, 5, 6, 2, 4, 4, 3, 5, 1, 6, 2, 6, 2, 4, 3, 1, 5, 5, 6, 1, 2, 3, 4, 6, 5, 2, 1, 4, 3, 2, 5, 4, 1, 6, 3, 5, 3, 1, 4, 6, 2","True","1024","2","48000","-16","experiment","54","even","285.8624806000007","501.0","1035.0","586.0","278.0","69753.32329999947","NA","NA","4417.5983000022825","285862.4167999951","285862.46279999614","NA","20412.41400000581","52613.34870000428","NA","4417.796599998837","293068.2722000056","285853.0208000011","NA","286221.05989999545","286226.542599994","22228.361799992854","292243.7640999997","83588.7900999951","NA","NA","83654.70970000024","266973.098699993","293068.23910000094","292252.2370999941","266973.04070000246","287230.53070000606","287227.0622000069","83654.91339999426","266972.8008999955","287230.58960000344","287239.75079999946","20412.51419999753","Attentional Spatial Bias","0","0","0","19","اکنون چشم‌پیما را کالیبره می‌کنیم.<br><br>لطفاً نقطه متحرک را با چشمان خود دنبال کنید و سرتان را ثابت نگه دارید.<br><br>لطفاً منتظر بمانید.","از شرکت شما سپاسگزاریم!<br><br>آزمایش اکنون به پایان رسیده است.<br><br>لطفاً با آزمایشگر تماس بگیرید.","در این آزمایش، شما یک داستان کوتاه را که روی صفحه نمایش داده می‌شود، خواهید خواند.<br><br>لطفاً هر خط را با دقت بخوانید، زیرا در پایان آزمایش چند سؤال در مورد داستان از شما پرسیده خواهد شد.<br><br>پس از هر پاراگراف، یک جفت تصویر خواهید دید. به هر دو تصویر نگاه کنید و تعداد کل دایره‌ها را در دو تصویر بشمارید.<br><br>در صفحه بعد می‌توانید نمونه‌هایی از یک دایره صحیح و یک شکل نادرست را ببینید. فقط شکل‌هایی را بشمارید که با نمونه دایره صحیح مطابقت دارند.<br><br>برای شروع هر کلیدی را فشار دهید.","دایره شمارش شده را وارد کنید (۰-۳ را فشار دهید)","خوش آمدید! برای ادامه هر کلیدی را فشار دهید.","Farsi","1536","-267","267","-267","267","154","-154","154","-154"
"6","5000","8","undefined","undefined","undefined","undefined","#1a1a1a","3","psycho","True","psycho","psycho","uniform","undefined","undefined","undefined","0","NA","0","0","19","19","0","0","0","NA","0","19","19","NA","19","19","0","19","0","0","NA","0","19","19","19","19","19","19","0","19","19","19","0","43.92983299238911","Wed Jul 15 10:42:02 2026","1000","The main experiment item","False","V7_AttentionalSpatialBias_.osexp","C:\Users\plcm\Desktop\2026-EyeTracking\group-bayes\Experiment","211.5131000027759","006.png","592.57344","395.24544","True","False","mono","False","18","no","white","no","yes","RTL","592.57344","395.24544","864","3","006.png","007.png","4","psycho","Farsi","19","19","C:\Users\plcm\Desktop\2026-EyeTracking\group-bayes\Experiment\subject-54.csv","150","psycho","no","294245.70319999475","Neonatal Nightingale","4.1.14","2","2","no_prime_trial_20","20","RTL","","0","down","space","down","NA","NA","down","722.6009000005433","13834.53140000347","NA","NA","722.6009000005433","2","psycho","1, 5, 6, 3, 4, 2, 1, 3, 5, 6, 2, 4, 4, 3, 5, 1, 6, 2, 6, 2, 4, 3, 1, 5, 5, 6, 1, 2, 3, 4, 6, 5, 2, 1, 4, 3, 2, 5, 4, 1, 6, 3, 5, 3, 1, 4, 6, 2","False","1024","2","48000","-16","experiment","54","even","293.2180731999979","501.0","1035.0","278.0","586.0","69753.32329999947","NA","NA","4417.5983000022825","293217.97610000067","293218.0518999958","NA","20412.41400000581","52613.34870000428","NA","4417.796599998837","299980.48939999717","293206.2065000064","NA","293223.5518999951","293229.30449999694","22228.361799992854","299249.4512999983","83588.7900999951","NA","NA","83654.70970000024","293206.1871000042","299980.4570999986","299257.2252999962","293206.14589999605","294233.70169999544","294230.29900000256","83654.91339999426","293205.90070000617","294233.7480999995","294245.66430000414","20412.51419999753","Attentional Spatial Bias","0","0","0","20","اکنون چشم‌پیما را کالیبره می‌کنیم.<br><br>لطفاً نقطه متحرک را با چشمان خود دنبال کنید و سرتان را ثابت نگه دارید.<br><br>لطفاً منتظر بمانید.","از شرکت شما سپاسگزاریم!<br><br>آزمایش اکنون به پایان رسیده است.<br><br>لطفاً با آزمایشگر تماس بگیرید.","در این آزمایش، شما یک داستان کوتاه را که روی صفحه نمایش داده می‌شود، خواهید خواند.<br><br>لطفاً هر خط را با دقت بخوانید، زیرا در پایان آزمایش چند سؤال در مورد داستان از شما پرسیده خواهد شد.<br><br>پس از هر پاراگراف، یک جفت تصویر خواهید دید. به هر دو تصویر نگاه کنید و تعداد کل دایره‌ها را در دو تصویر بشمارید.<br><br>در صفحه بعد می‌توانید نمونه‌هایی از یک دایره صحیح و یک شکل نادرست را ببینید. فقط شکل‌هایی را بشمارید که با نمونه دایره صحیح مطابقت دارند.<br><br>برای شروع هر کلیدی را فشار دهید.","دایره شمارش شده را وارد کنید (۰-۳ را فشار دهید)","خوش آمدید! برای ادامه هر کلیدی را فشار دهید.","Farsi","1536","-267","267","-267","267","-154","154","-154","154"
"6","5000","8","undefined","undefined","undefined","undefined","#1a1a1a","3","psycho","True","psycho","psycho","uniform","undefined","undefined","undefined","0","NA","0","0","20","20","0","0","0","NA","0","20","20","NA","20","20","0","20","0","0","NA","0","20","20","20","20","20","20","0","20","20","20","0","85.17323908830518","Wed Jul 15 10:42:02 2026","1000","The main experiment item","False","V7_AttentionalSpatialBias_.osexp","C:\Users\plcm\Desktop\2026-EyeTracking\group-bayes\Experiment","201.49680000031367","008.png","810.2092799999999","160.89408","True","False","mono","False","18","no","white","no","yes","RTL","810.2092799999999","160.89408","864","3","008.png","009.png","4","psycho","Farsi","20","20","C:\Users\plcm\Desktop\2026-EyeTracking\group-bayes\Experiment\subject-54.csv","150","psycho","no","301267.70709999255","Neonatal Nightingale","4.1.14","4","4","no_prime_trial_21","21","RTL","","0","insert","space","insert","NA","NA","insert","595.575800005463","13834.53140000347","NA","NA","595.575800005463","2","psycho","1, 5, 6, 3, 4, 2, 1, 3, 5, 6, 2, 4, 4, 3, 5, 1, 6, 2, 6, 2, 4, 3, 1, 5, 5, 6, 1, 2, 3, 4, 6, 5, 2, 1, 4, 3, 2, 5, 4, 1, 6, 3, 5, 3, 1, 4, 6, 2","False","1024","2","48000","-16","experiment","54","even","300.1289722999936","768.0","768.0","124.0","740.0","69753.32329999947","NA","NA","4417.5983000022825","300128.8820000045","300128.95080000453","NA","20412.41400000581","52613.34870000428","NA","4417.796599998837","306876.6864000063","300116.085799993","NA","300249.1299999965","300254.961300001","22228.361799992854","306272.56209999905","83588.7900999951","NA","NA","83654.70970000024","300116.05789999885","306876.65469999774","306280.3844000009","300115.99370000476","301258.59919999493","301255.39029999345","83654.91339999426","300115.5831000069","301258.6513999995","301267.6574999932","20412.51419999753","Attentional Spatial Bias","0","0","0","21","اکنون چشم‌پیما را کالیبره می‌کنیم.<br><br>لطفاً نقطه متحرک را با چشمان خود دنبال کنید و سرتان را ثابت نگه دارید.<br><br>لطفاً منتظر بمانید.","از شرکت شما سپاسگزاریم!<br><br>آزمایش اکنون به پایان رسیده است.<br><br>لطفاً با آزمایشگر تماس بگیرید.","در این آزمایش، شما یک داستان کوتاه را که روی صفحه نمایش داده می‌شود، خواهید خواند.<br><br>لطفاً هر خط را با دقت بخوانید، زیرا در پایان آزمایش چند سؤال در مورد داستان از شما پرسیده خواهد شد.<br><br>پس از هر پاراگراف، یک جفت تصویر خواهید دید. به هر دو تصویر نگاه کنید و تعداد کل دایره‌ها را در دو تصویر بشمارید.<br><br>در صفحه بعد می‌توانید نمونه‌هایی از یک دایره صحیح و یک شکل نادرست را ببینید. فقط شکل‌هایی را بشمارید که با نمونه دایره صحیح مطابقت دارند.<br><br>برای شروع هر کلیدی را فشار دهید.","دایره شمارش شده را وارد کنید (۰-۳ را فشار دهید)","خوش آمدید! برای ادامه هر کلیدی را فشار دهید.","Farsi","1536","0","0","0","0","-308","308","-308","308"
"6","5000","8","undefined","undefined","undefined","undefined","#1a1a1a","3","psycho","True","psycho","psycho","uniform","undefined","undefined","undefined","0","NA","0","0","21","21","0","0","0","NA","0","21","21","NA","21","21","0","21","0","0","NA","0","21","21","21","21","21","21","0","21","21","21","0","84.75253587597246","Wed Jul 15 10:42:02 2026","1000","The main experiment item","False","V7_AttentionalSpatialBias_.osexp","C:\Users\plcm\Desktop\2026-EyeTracking\group-bayes\Experiment","200.9262000065064","010.png","692.62848","244.97856000000002","True","False","mono","False","18","no","white","no","yes","RTL","692.62848","244.97856000000002","864","3","010.png","011.png","4","psycho","Farsi","21","21","C:\Users\plcm\Desktop\2026-EyeTracking\group-bayes\Experiment\subject-54.csv","150","psycho","no","308278.18999999727","Neonatal Nightingale","4.1.14","3","3","no_prime_trial_22","22","RTL","","0","down","space","down","NA","NA","down","801.0198999982094","13834.53140000347","NA","NA","801.0198999982094","2","psycho","1, 5, 6, 3, 4, 2, 1, 3, 5, 6, 2, 4, 4, 3, 5, 1, 6, 2, 6, 2, 4, 3, 1, 5, 5, 6, 1, 2, 3, 4, 6, 5, 2, 1, 4, 3, 2, 5, 4, 1, 6, 3, 5, 3, 1, 4, 6, 2","False","1024","2","48000","-16","experiment","54","even","307.0041754999984","614.0","922.0","165.0","699.0","69753.32329999947","NA","NA","4417.5983000022825","307004.06479999947","307004.15009999415","NA","20412.41400000581","52613.34870000428","NA","4417.796599998837","314092.3007999954","306992.7456000005","NA","307260.62279999314","307266.30780000414","22228.361799992854","313281.65340000123","83588.7900999951","NA","NA","83654.70970000024","306992.72070000006","314092.2685999976","313290.7525000046","306992.6661999925","308269.5201000024","308266.8337000068","83654.91339999426","306992.1703","308269.570000004","308278.15169999667","20412.51419999753","Attentional Spatial Bias","0","0","0","22","اکنون چشم‌پیما را کالیبره می‌کنیم.<br><br>لطفاً نقطه متحرک را با چشمان خود دنبال کنید و سرتان را ثابت نگه دارید.<br><br>لطفاً منتظر بمانید.","از شرکت شما سپاسگزاریم!<br><br>آزمایش اکنون به پایان رسیده است.<br><br>لطفاً با آزمایشگر تماس بگیرید.","در این آزمایش، شما یک داستان کوتاه را که روی صفحه نمایش داده می‌شود، خواهید خواند.<br><br>لطفاً هر خط را با دقت بخوانید، زیرا در پایان آزمایش چند سؤال در مورد داستان از شما پرسیده خواهد شد.<br><br>پس از هر پاراگراف، یک جفت تصویر خواهید دید. به هر دو تصویر نگاه کنید و تعداد کل دایره‌ها را در دو تصویر بشمارید.<br><br>در صفحه بعد می‌توانید نمونه‌هایی از یک دایره صحیح و یک شکل نادرست را ببینید. فقط شکل‌هایی را بشمارید که با نمونه دایره صحیح مطابقت دارند.<br><br>برای شروع هر کلیدی را فشار دهید.","دایره شمارش شده را وارد کنید (۰-۳ را فشار دهید)","خوش آمدید! برای ادامه هر کلیدی را فشار دهید.","Farsi","1536","-154","154","-154","154","-267","267","-267","267"
"6","5000","8","undefined","undefined","undefined","undefined","#1a1a1a","3","psycho","True","psycho","psycho","uniform","undefined","undefined","undefined","0","NA","0","0","22","22","0","0","0","NA","0","22","22","NA","22","22","0","22","0","0","NA","0","22","22","22","22","22","22","0","22","22","22","0","98.9030801242348","Wed Jul 15 10:42:02 2026","1000","The main experiment item","False","V7_AttentionalSpatialBias_.osexp","C:\Users\plcm\Desktop\2026-EyeTracking\group-bayes\Experiment","310.11690000013914","013.png","977.23392","468.86688","True","False","mono","False","18","no","white","no","yes","RTL","977.23392","468.86688","864","3","012.png","013.png","4","psycho","Farsi","22","22","C:\Users\plcm\Desktop\2026-EyeTracking\group-bayes\Experiment\subject-54.csv","150","psycho","no","315246.85060000047","Neonatal Nightingale","4.1.14","1","1","no_prime_trial_23","23","RTL","","0","down","space","down","NA","NA","down","826.2294000014663","13834.53140000347","NA","NA","826.2294000014663","2","psycho","1, 5, 6, 3, 4, 2, 1, 3, 5, 6, 2, 4, 4, 3, 5, 1, 6, 2, 6, 2, 4, 3, 1, 5, 5, 6, 1, 2, 3, 4, 6, 5, 2, 1, 4, 3, 2, 5, 4, 1, 6, 3, 5, 3, 1, 4, 6, 2","False","1024","2","48000","-16","experiment","54","even","314.22314269999333","460.0","1076.0","432.0","432.0","69753.32329999947","NA","NA","4417.5983000022825","314222.998199999","314223.118599999","NA","20412.41400000581","52613.34870000428","NA","4417.796599998837","321084.583799995","314211.1423000024","NA","314228.695400001","314234.3231999985","22228.361799992854","320249.8235999956","83588.7900999951","NA","NA","83654.70970000024","314211.1111999984","321084.5396999939","320257.7039000025","314211.0410000023","315237.7037999977","315234.5517000067","83654.91339999426","314210.6219999987","315237.75359999854","315246.8106000015","20412.51419999753","Attentional Spatial Bias","0","0","0","23","اکنون چشم‌پیما را کالیبره می‌کنیم.<br><br>لطفاً نقطه متحرک را با چشمان خود دنبال کنید و سرتان را ثابت نگه دارید.<br><br>لطفاً منتظر بمانید.","از شرکت شما سپاسگزاریم!<br><br>آزمایش اکنون به پایان رسیده است.<br><br>لطفاً با آزمایشگر تماس بگیرید.","در این آزمایش، شما یک داستان کوتاه را که روی صفحه نمایش داده می‌شود، خواهید خواند.<br><br>لطفاً هر خط را با دقت بخوانید، زیرا در پایان آزمایش چند سؤال در مورد داستان از شما پرسیده خواهد شد.<br><br>پس از هر پاراگراف، یک جفت تصویر خواهید دید. به هر دو تصویر نگاه کنید و تعداد کل دایره‌ها را در دو تصویر بشمارید.<br><br>در صفحه بعد می‌توانید نمونه‌هایی از یک دایره صحیح و یک شکل نادرست را ببینید. فقط شکل‌هایی را بشمارید که با نمونه دایره صحیح مطابقت دارند.<br><br>برای شروع هر کلیدی را فشار دهید.","دایره شمارش شده را وارد کنید (۰-۳ را فشار دهید)","خوش آمدید! برای ادامه هر کلیدی را فشار دهید.","Farsi","1536","-308","308","-308","308","0","0","0","0"
"6","5000","8","undefined","undefined","undefined","undefined","#1a1a1a","3","psycho","True","psycho","psycho","uniform","undefined","undefined","undefined","0","NA","0","0","23","23","0","0","0","NA","0","23","23","NA","23","23","0","23","0","0","NA","0","23","23","23","23","23","23","0","23","23","23","0","74.24497317480827","Wed Jul 15 10:42:02 2026","1000","The main experiment item","False","V7_AttentionalSpatialBias_.osexp","C:\Users\plcm\Desktop\2026-EyeTracking\group-bayes\Experiment","266.46400000026915","014.png","613.1712","627.86016","True","False","mono","False","18","no","white","no","yes","RTL","613.1712","627.86016","864","3","014.png","015.png","4","psycho","Farsi","23","23","C:\Users\plcm\Desktop\2026-EyeTracking\group-bayes\Experiment\subject-54.csv","150","psycho","no","322324.0037999931","Neonatal Nightingale","4.1.14","5","5","no_prime_trial_24","24","RTL","","0","end","space","end","NA","NA","end","708.6449000053108","13834.53140000347","NA","NA","708.6449000053108","2","psycho","1, 5, 6, 3, 4, 2, 1, 3, 5, 6, 2, 4, 4, 3, 5, 1, 6, 2, 6, 2, 4, 3, 1, 5, 5, 6, 1, 2, 3, 4, 6, 5, 2, 1, 4, 3, 2, 5, 4, 1, 6, 3, 5, 3, 1, 4, 6, 2","False","1024","2","48000","-16","experiment","54","even","321.2443835000013","614.0","922.0","699.0","165.0","69753.32329999947","NA","NA","4417.5983000022825","321244.25730000075","321244.35059999814","NA","20412.41400000581","52613.34870000428","NA","4417.796599998837","328044.5730999927","321231.0301999969","NA","321305.0610999926","321310.9906000027","22228.361799992854","327326.2992999953","83588.7900999951","NA","NA","83654.70970000024","321231.0056999995","328044.5420000033","327335.11289999296","321230.9164000035","322315.8564000041","322311.5340999939","83654.91339999426","321230.4160000058","322315.92490000185","322323.91259999713","20412.51419999753","Attentional Spatial Bias","0","0","0","24","اکنون چشم‌پیما را کالیبره می‌کنیم.<br><br>لطفاً نقطه متحرک را با چشمان خود دنبال کنید و سرتان را ثابت نگه دارید.<br><br>لطفاً منتظر بمانید.","از شرکت شما سپاسگزاریم!<br><br>آزمایش اکنون به پایان رسیده است.<br><br>لطفاً با آزمایشگر تماس بگیرید.","در این آزمایش، شما یک داستان کوتاه را که روی صفحه نمایش داده می‌شود، خواهید خواند.<br><br>لطفاً هر خط را با دقت بخوانید، زیرا در پایان آزمایش چند سؤال در مورد داستان از شما پرسیده خواهد شد.<br><br>پس از هر پاراگراف، یک جفت تصویر خواهید دید. به هر دو تصویر نگاه کنید و تعداد کل دایره‌ها را در دو تصویر بشمارید.<br><br>در صفحه بعد می‌توانید نمونه‌هایی از یک دایره صحیح و یک شکل نادرست را ببینید. فقط شکل‌هایی را بشمارید که با نمونه دایره صحیح مطابقت دارند.<br><br>برای شروع هر کلیدی را فشار دهید.","دایره شمارش شده را وارد کنید (۰-۳ را فشار دهید)","خوش آمدید! برای ادامه هر کلیدی را فشار دهید.","Farsi","1536","-154","154","-154","154","267","-267","267","-267"
"6","5000","8","undefined","undefined","undefined","undefined","#1a1a1a","4","psycho","True","psycho","psycho","uniform","undefined","undefined","undefined","0","NA","0","0","24","24","0","0","0","NA","0","24","24","NA","24","24","0","24","0","0","NA","0","24","24","24","24","24","24","0","24","24","24","0","82.346979919266","Wed Jul 15 10:42:02 2026","1000","The main experiment item","False","V7_AttentionalSpatialBias_.osexp","C:\Users\plcm\Desktop\2026-EyeTracking\group-bayes\Experiment","207.82320000580512","001.png","971.30496","262.67328000000003","True","False","mono","False","18","no","white","no","yes","RTL","971.30496","262.67328000000003","864","4","000.png","001.png","4","psycho","Farsi","24","24","C:\Users\plcm\Desktop\2026-EyeTracking\group-bayes\Experiment\subject-54.csv","150","psycho","no","359279.0693999996","Neonatal Nightingale","4.1.14","5","5","prime_5","25","RTL","جوجه اردک خانه‌ای کوچک پیدا کرد  پیرزنی به همراه یک گربه و یک مرغ در آن زندگی میکرد. گربه و مرغ بدجنس بودند و او را بی‌فایده صدا می‌زدند. او که ناراحت بود، آنجا را ترک کرد و به تنهایی به سرگردانی ادامه داد.","0","down","space","down","NA","NA","down","844.4232000038028","13834.53140000347","NA","NA","844.4232000038028","2","psycho","1, 5, 6, 3, 4, 2, 1, 3, 5, 6, 2, 4, 4, 3, 5, 1, 6, 2, 6, 2, 4, 3, 1, 5, 5, 6, 1, 2, 3, 4, 6, 5, 2, 1, 4, 3, 2, 5, 4, 1, 6, 3, 5, 3, 1, 4, 6, 2","True","1024","2","48000","-16","experiment","54","even","357.77489489999425","614.0","922.0","699.0","165.0","69753.32329999947","NA","NA","4417.5983000022825","357774.814599994","357774.87429999746","NA","20412.41400000581","52613.34870000428","NA","4417.796599998837","365132.3374000058","357764.4233000028","NA","358262.524100006","358268.032699998","22228.361799992854","364279.72330000193","83588.7900999951","NA","NA","83654.70970000024","328145.45300000464","365132.3049000057","364287.3264999944","328145.3979999933","359271.1694000027","359268.26709999295","83654.91339999426","328145.06860000256","359271.2196000066","359279.0321999928","20412.51419999753","Attentional Spatial Bias","0","0","0","25","اکنون چشم‌پیما را کالیبره می‌کنیم.<br><br>لطفاً نقطه متحرک را با چشمان خود دنبال کنید و سرتان را ثابت نگه دارید.<br><br>لطفاً منتظر بمانید.","از شرکت شما سپاسگزاریم!<br><br>آزمایش اکنون به پایان رسیده است.<br><br>لطفاً با آزمایشگر تماس بگیرید.","در این آزمایش، شما یک داستان کوتاه را که روی صفحه نمایش داده می‌شود، خواهید خواند.<br><br>لطفاً هر خط را با دقت بخوانید، زیرا در پایان آزمایش چند سؤال در مورد داستان از شما پرسیده خواهد شد.<br><br>پس از هر پاراگراف، یک جفت تصویر خواهید دید. به هر دو تصویر نگاه کنید و تعداد کل دایره‌ها را در دو تصویر بشمارید.<br><br>در صفحه بعد می‌توانید نمونه‌هایی از یک دایره صحیح و یک شکل نادرست را ببینید. فقط شکل‌هایی را بشمارید که با نمونه دایره صحیح مطابقت دارند.<br><br>برای شروع هر کلیدی را فشار دهید.","دایره شمارش شده را وارد کنید (۰-۳ را فشار دهید)","خوش آمدید! برای ادامه هر کلیدی را فشار دهید.","Farsi","1536","-154","154","-154","154","267","-267","267","-267"
"6","5000","8","undefined","undefined","undefined","undefined","#1a1a1a","4","psycho","True","psycho","psycho","uniform","undefined","undefined","undefined","0","NA","0","0","25","25","0","0","0","NA","0","25","25","NA","25","25","0","25","0","0","NA","0","25","25","25","25","25","25","0","25","25","25","0","95.17295439692946","Wed Jul 15 10:42:02 2026","1000","The main experiment item","False","V7_AttentionalSpatialBias_.osexp","C:\Users\plcm\Desktop\2026-EyeTracking\group-bayes\Experiment","194.49860000167973","003.png","947.3126399999999","343.57824","True","False","mono","False","18","no","white","no","yes","RTL","947.3126399999999","343.57824","864","4","002.png","003.png","4","psycho","Farsi","25","25","C:\Users\plcm\Desktop\2026-EyeTracking\group-bayes\Experiment\subject-54.csv","150","psycho","no","366539.6613000048","Neonatal Nightingale","4.1.14","6","6","no_prime_trial_26","26","RTL","","0","down","space","down","NA","NA","down","468.1001999997534","13834.53140000347","NA","NA","468.1001999997534","2","psycho","1, 5, 6, 3, 4, 2, 1, 3, 5, 6, 2, 4, 4, 3, 5, 1, 6, 2, 6, 2, 4, 3, 1, 5, 5, 6, 1, 2, 3, 4, 6, 5, 2, 1, 4, 3, 2, 5, 4, 1, 6, 3, 5, 3, 1, 4, 6, 2","False","1024","2","48000","-16","experiment","54","even","365.2593485999969","501.0","1035.0","586.0","278.0","69753.32329999947","NA","NA","4417.5983000022825","365259.24240000313","365259.3145999999","NA","20412.41400000581","52613.34870000428","NA","4417.796599998837","372020.31950000674","365247.7179999987","NA","365520.84929999546","365526.40319999773","22228.361799992854","371543.4460999968","83588.7900999951","NA","NA","83654.70970000024","365247.6980000065","372020.2846000029","371551.62779999955","365247.6445000066","366529.62479999405","366526.79160000116","83654.91339999426","365247.2933999961","366529.6747999964","366539.6249000041","20412.51419999753","Attentional Spatial Bias","0","0","0","26","اکنون چشم‌پیما را کالیبره می‌کنیم.<br><br>لطفاً نقطه متحرک را با چشمان خود دنبال کنید و سرتان را ثابت نگه دارید.<br><br>لطفاً منتظر بمانید.","از شرکت شما سپاسگزاریم!<br><br>آزمایش اکنون به پایان رسیده است.<br><br>لطفاً با آزمایشگر تماس بگیرید.","در این آزمایش، شما یک داستان کوتاه را که روی صفحه نمایش داده می‌شود، خواهید خواند.<br><br>لطفاً هر خط را با دقت بخوانید، زیرا در پایان آزمایش چند سؤال در مورد داستان از شما پرسیده خواهد شد.<br><br>پس از هر پاراگراف، یک جفت تصویر خواهید دید. به هر دو تصویر نگاه کنید و تعداد کل دایره‌ها را در دو تصویر بشمارید.<br><br>در صفحه بعد می‌توانید نمونه‌هایی از یک دایره صحیح و یک شکل نادرست را ببینید. فقط شکل‌هایی را بشمارید که با نمونه دایره صحیح مطابقت دارند.<br><br>برای شروع هر کلیدی را فشار دهید.","دایره شمارش شده را وارد کنید (۰-۳ را فشار دهید)","خوش آمدید! برای ادامه هر کلیدی را فشار دهید.","Farsi","1536","-267","267","-267","267","154","-154","154","-154"
"6","5000","8","undefined","undefined","undefined","undefined","#1a1a1a","4","psycho","True","psycho","psycho","uniform","undefined","undefined","undefined","0","NA","0","0","26","26","0","0","0","NA","0","26","26","NA","26","26","0","26","0","0","NA","0","26","26","26","26","26","26","0","26","26","26","0","80.49919900333911","Wed Jul 15 10:42:02 2026","1000","The main experiment item","False","V7_AttentionalSpatialBias_.osexp","C:\Users\plcm\Desktop\2026-EyeTracking\group-bayes\Experiment","223.0513999966206","004.png","533.03808","458.46432000000004","True","False","mono","False","18","no","white","no","yes","RTL","533.03808","458.46432000000004","864","4","004.png","005.png","4","psycho","Farsi","26","26","C:\Users\plcm\Desktop\2026-EyeTracking\group-bayes\Experiment\subject-54.csv","150","psycho","no","373384.37580000027","Neonatal Nightingale","4.1.14","1","1","no_prime_trial_27","27","RTL","","0","down","space","down","NA","NA","down","600.8945000066888","13834.53140000347","NA","NA","600.8945000066888","2","psycho","1, 5, 6, 3, 4, 2, 1, 3, 5, 6, 2, 4, 4, 3, 5, 1, 6, 2, 6, 2, 4, 3, 1, 5, 5, 6, 1, 2, 3, 4, 6, 5, 2, 1, 4, 3, 2, 5, 4, 1, 6, 3, 5, 3, 1, 4, 6, 2","False","1024","2","48000","-16","experiment","54","even","372.16749520000303","460.0","1076.0","432.0","432.0","69753.32329999947","NA","NA","4417.5983000022825","372167.39639999287","372167.4742000032","NA","20412.41400000581","52613.34870000428","NA","4417.796599998837","378996.4237999957","372156.12830000464","NA","372368.948000003","372374.51090000104","22228.361799992854","378387.01809999475","83588.7900999951","NA","NA","83654.70970000024","372156.1088000017","378996.3898999995","378394.9109999958","372156.06789999583","373378.2094000053","373375.07209999603","83654.91339999426","372155.8129000041","373378.25840000005","373384.31649999984","20412.51419999753","Attentional Spatial Bias","0","0","0","27","اکنون چشم‌پیما را کالیبره می‌کنیم.<br><br>لطفاً نقطه متحرک را با چشمان خود دنبال کنید و سرتان را ثابت نگه دارید.<br><br>لطفاً منتظر بمانید.","از شرکت شما سپاسگزاریم!<br><br>آزمایش اکنون به پایان رسیده است.<br><br>لطفاً با آزمایشگر تماس بگیرید.","در این آزمایش، شما یک داستان کوتاه را که روی صفحه نمایش داده می‌شود، خواهید خواند.<br><br>لطفاً هر خط را با دقت بخوانید، زیرا در پایان آزمایش چند سؤال در مورد داستان از شما پرسیده خواهد شد.<br><br>پس از هر پاراگراف، یک جفت تصویر خواهید دید. به هر دو تصویر نگاه کنید و تعداد کل دایره‌ها را در دو تصویر بشمارید.<br><br>در صفحه بعد می‌توانید نمونه‌هایی از یک دایره صحیح و یک شکل نادرست را ببینید. فقط شکل‌هایی را بشمارید که با نمونه دایره صحیح مطابقت دارند.<br><br>برای شروع هر کلیدی را فشار دهید.","دایره شمارش شده را وارد کنید (۰-۳ را فشار دهید)","خوش آمدید! برای ادامه هر کلیدی را فشار دهید.","Farsi","1536","-308","308","-308","308","0","0","0","0"
"6","5000","8","undefined","undefined","undefined","undefined","#1a1a1a","4","psycho","True","psycho","psycho","uniform","undefined","undefined","undefined","0","NA","0","0","27","27","0","0","0","NA","0","27","27","NA","27","27","0","27","0","0","NA","0","27","27","27","27","27","27","0","27","27","27","0","44.467518599894916","Wed Jul 15 10:42:02 2026","1000","The main experiment item","False","V7_AttentionalSpatialBias_.osexp","C:\Users\plcm\Desktop\2026-EyeTracking\group-bayes\Experiment","227.97449999779928","006.png","619.33056","304.94016","True","False","mono","False","18","no","white","no","yes","RTL","619.33056","304.94016","864","4","006.png","007.png","4","psycho","Farsi","27","27","C:\Users\plcm\Desktop\2026-EyeTracking\group-bayes\Experiment\subject-54.csv","150","psycho","no","380170.8790999983","Neonatal Nightingale","4.1.14","2","2","no_prime_trial_28","28","RTL","","0","down","space","down","NA","NA","down","699.5929999975488","13834.53140000347","NA","NA","699.5929999975488","2","psycho","1, 5, 6, 3, 4, 2, 1, 3, 5, 6, 2, 4, 4, 3, 5, 1, 6, 2, 6, 2, 4, 3, 1, 5, 5, 6, 1, 2, 3, 4, 6, 5, 2, 1, 4, 3, 2, 5, 4, 1, 6, 3, 5, 3, 1, 4, 6, 2","False","1024","2","48000","-16","experiment","54","even","379.14840210000693","501.0","1035.0","278.0","586.0","69753.32329999947","NA","NA","4417.5983000022825","379148.27580000565","379148.3728000021","NA","20412.41400000581","52613.34870000428","NA","4417.796599998837","385884.4381999952","379136.66259999445","NA","379153.8647999987","379159.66350000235","22228.361799992854","385175.98879999423","83588.7900999951","NA","NA","83654.70970000024","379136.6412000061","385884.40470000205","385184.1753000044","379136.58849999774","380163.0392999941","380160.12729999784","83654.91339999426","379135.98969999293","380163.0881000019","380170.83889999776","20412.51419999753","Attentional Spatial Bias","0","0","0","28","اکنون چشم‌پیما را کالیبره می‌کنیم.<br><br>لطفاً نقطه متحرک را با چشمان خود دنبال کنید و سرتان را ثابت نگه دارید.<br><br>لطفاً منتظر بمانید.","از شرکت شما سپاسگزاریم!<br><br>آزمایش اکنون به پایان رسیده است.<br><br>لطفاً با آزمایشگر تماس بگیرید.","در این آزمایش، شما یک داستان کوتاه را که روی صفحه نمایش داده می‌شود، خواهید خواند.<br><br>لطفاً هر خط را با دقت بخوانید، زیرا در پایان آزمایش چند سؤال در مورد داستان از شما پرسیده خواهد شد.<br><br>پس از هر پاراگراف، یک جفت تصویر خواهید دید. به هر دو تصویر نگاه کنید و تعداد کل دایره‌ها را در دو تصویر بشمارید.<br><br>در صفحه بعد می‌توانید نمونه‌هایی از یک دایره صحیح و یک شکل نادرست را ببینید. فقط شکل‌هایی را بشمارید که با نمونه دایره صحیح مطابقت دارند.<br><br>برای شروع هر کلیدی را فشار دهید.","دایره شمارش شده را وارد کنید (۰-۳ را فشار دهید)","خوش آمدید! برای ادامه هر کلیدی را فشار دهید.","Farsi","1536","-267","267","-267","267","-154","154","-154","154"
"6","5000","8","undefined","undefined","undefined","undefined","#1a1a1a","4","psycho","True","psycho","psycho","uniform","undefined","undefined","undefined","0","NA","0","0","28","28","0","0","0","NA","0","28","28","NA","28","28","0","28","0","0","NA","0","28","28","28","28","28","28","0","28","28","28","0","41.90642872961618","Wed Jul 15 10:42:02 2026","1000","The main experiment item","False","V7_AttentionalSpatialBias_.osexp","C:\Users\plcm\Desktop\2026-EyeTracking\group-bayes\Experiment","228.04400000313763","009.png","945.2390399999999","596.79072","True","False","mono","False","18","no","white","no","yes","RTL","945.2390399999999","596.79072","864","4","008.png","009.png","4","psycho","Farsi","28","28","C:\Users\plcm\Desktop\2026-EyeTracking\group-bayes\Experiment\subject-54.csv","150","psycho","no","387050.04319999716","Neonatal Nightingale","4.1.14","3","3","no_prime_trial_29","29","RTL","","0","insert","space","insert","NA","NA","insert","631.3140999991447","13834.53140000347","NA","NA","631.3140999991447","2","psycho","1, 5, 6, 3, 4, 2, 1, 3, 5, 6, 2, 4, 4, 3, 5, 1, 6, 2, 6, 2, 4, 3, 1, 5, 5, 6, 1, 2, 3, 4, 6, 5, 2, 1, 4, 3, 2, 5, 4, 1, 6, 3, 5, 3, 1, 4, 6, 2","False","1024","2","48000","-16","experiment","54","even","386.0264049999969","614.0","922.0","165.0","699.0","69753.32329999947","NA","NA","4417.5983000022825","386026.2955999933","386026.37560000585","NA","20412.41400000581","52613.34870000428","NA","4417.796599998837","392692.43070000084","386014.51730000554","NA","386032.08689999883","386037.3780999944","22228.361799992854","392052.3911000055","83588.7900999951","NA","NA","83654.70970000024","386014.4907999929","392692.39379999635","392060.5007999984","386014.41269999486","387040.44850000355","387037.63679999975","83654.91339999426","386013.7134999968","387040.496600006","387050.00210000435","20412.51419999753","Attentional Spatial Bias","0","0","0","29","اکنون چشم‌پیما را کالیبره می‌کنیم.<br><br>لطفاً نقطه متحرک را با چشمان خود دنبال کنید و سرتان را ثابت نگه دارید.<br><br>لطفاً منتظر بمانید.","از شرکت شما سپاسگزاریم!<br><br>آزمایش اکنون به پایان رسیده است.<br><br>لطفاً با آزمایشگر تماس بگیرید.","در این آزمایش، شما یک داستان کوتاه را که روی صفحه نمایش داده می‌شود، خواهید خواند.<br><br>لطفاً هر خط را با دقت بخوانید، زیرا در پایان آزمایش چند سؤال در مورد داستان از شما پرسیده خواهد شد.<br><br>پس از هر پاراگراف، یک جفت تصویر خواهید دید. به هر دو تصویر نگاه کنید و تعداد کل دایره‌ها را در دو تصویر بشمارید.<br><br>در صفحه بعد می‌توانید نمونه‌هایی از یک دایره صحیح و یک شکل نادرست را ببینید. فقط شکل‌هایی را بشمارید که با نمونه دایره صحیح مطابقت دارند.<br><br>برای شروع هر کلیدی را فشار دهید.","دایره شمارش شده را وارد کنید (۰-۳ را فشار دهید)","خوش آمدید! برای ادامه هر کلیدی را فشار دهید.","Farsi","1536","-154","154","-154","154","-267","267","-267","267"
"6","5000","8","undefined","undefined","undefined","undefined","#1a1a1a","4","psycho","True","psycho","psycho","uniform","undefined","undefined","undefined","0","NA","0","0","29","29","0","0","0","NA","0","29","29","NA","29","29","0","29","0","0","NA","0","29","29","29","29","29","29","0","29","29","29","0","63.4809790835649","Wed Jul 15 10:42:02 2026","1000","The main experiment item","False","V7_AttentionalSpatialBias_.osexp","C:\Users\plcm\Desktop\2026-EyeTracking\group-bayes\Experiment","214.1053999948781","010.png","907.06944","231.12864000000002","True","False","mono","False","18","no","white","no","yes","RTL","907.06944","231.12864000000002","864","4","010.png","011.png","4","psycho","Farsi","29","29","C:\Users\plcm\Desktop\2026-EyeTracking\group-bayes\Experiment\subject-54.csv","150","psycho","no","394170.300400001","Neonatal Nightingale","4.1.14","4","4","no_prime_trial_30","30","RTL","","0","down","space","down","NA","NA","down","805.0928000011481","13834.53140000347","NA","NA","805.0928000011481","2","psycho","1, 5, 6, 3, 4, 2, 1, 3, 5, 6, 2, 4, 4, 3, 5, 1, 6, 2, 6, 2, 4, 3, 1, 5, 5, 6, 1, 2, 3, 4, 6, 5, 2, 1, 4, 3, 2, 5, 4, 1, 6, 3, 5, 3, 1, 4, 6, 2","False","1024","2","48000","-16","experiment","54","even","392.82819369999925","768.0","768.0","124.0","740.0","69753.32329999947","NA","NA","4417.5983000022825","392828.0967000028","392828.1672000012","NA","20412.41400000581","52613.34870000428","NA","4417.796599998837","399988.48280000675","392815.75310000335","NA","393149.28719999443","393155.23580000445","22228.361799992854","399174.5530000044","83588.7900999951","NA","NA","83654.70970000024","392815.73250000656","399988.45289999736","399182.66979999316","392815.6816999981","394158.93580000557","394155.3395999945","83654.91339999426","392815.1469000004","394158.9826999989","394170.2609000058","20412.51419999753","Attentional Spatial Bias","0","0","0","30","اکنون چشم‌پیما را کالیبره می‌کنیم.<br><br>لطفاً نقطه متحرک را با چشمان خود دنبال کنید و سرتان را ثابت نگه دارید.<br><br>لطفاً منتظر بمانید.","از شرکت شما سپاسگزاریم!<br><br>آزمایش اکنون به پایان رسیده است.<br><br>لطفاً با آزمایشگر تماس بگیرید.","در این آزمایش، شما یک داستان کوتاه را که روی صفحه نمایش داده می‌شود، خواهید خواند.<br><br>لطفاً هر خط را با دقت بخوانید، زیرا در پایان آزمایش چند سؤال در مورد داستان از شما پرسیده خواهد شد.<br><br>پس از هر پاراگراف، یک جفت تصویر خواهید دید. به هر دو تصویر نگاه کنید و تعداد کل دایره‌ها را در دو تصویر بشمارید.<br><br>در صفحه بعد می‌توانید نمونه‌هایی از یک دایره صحیح و یک شکل نادرست را ببینید. فقط شکل‌هایی را بشمارید که با نمونه دایره صحیح مطابقت دارند.<br><br>برای شروع هر کلیدی را فشار دهید.","دایره شمارش شده را وارد کنید (۰-۳ را فشار دهید)","خوش آمدید! برای ادامه هر کلیدی را فشار دهید.","Farsi","1536","0","0","0","0","-308","308","-308","308"
"6","5000","8","undefined","undefined","undefined","undefined","#1a1a1a","5","psycho","True","psycho","psycho","uniform","undefined","undefined","undefined","0","NA","0","0","30","30","0","0","0","NA","0","30","30","NA","30","30","0","30","0","0","NA","0","30","30","30","30","30","30","0","30","30","30","0","75.2973462026704","Wed Jul 15 10:42:02 2026","1000","The main experiment item","False","V7_AttentionalSpatialBias_.osexp","C:\Users\plcm\Desktop\2026-EyeTracking\group-bayes\Experiment","219.2081999965012","013.png","937.4975999999999","411.89472","True","False","mono","False","18","no","white","no","yes","RTL","937.4975999999999","411.89472","864","5","012.png","013.png","4","psycho","Farsi","30","30","C:\Users\plcm\Desktop\2026-EyeTracking\group-bayes\Experiment\subject-54.csv","150","psycho","no","414781.68250000454","Neonatal Nightingale","4.1.14","6","6","prime_6","31","RTL","زمستان آمد و هوا خیلی سرد بود. او در یک دریاچه نزدیک بود یخ بزند، اما یک کشاورز او را پیدا کرد و به خانه خود برد.","0","end","space","end","NA","NA","end","1308.356299996376","13834.53140000347","NA","NA","1308.356299996376","2","psycho","1, 5, 6, 3, 4, 2, 1, 3, 5, 6, 2, 4, 4, 3, 5, 1, 6, 2, 6, 2, 4, 3, 1, 5, 5, 6, 1, 2, 3, 4, 6, 5, 2, 1, 4, 3, 2, 5, 4, 1, 6, 3, 5, 3, 1, 4, 6, 2","True","1024","2","48000","-16","experiment","54","even","413.48612230000435","501.0","1035.0","586.0","278.0","69753.32329999947","NA","NA","4417.5983000022825","413486.0450999986","413486.1041999975","NA","20412.41400000581","52613.34870000428","NA","4417.796599998837","421100.5238999933","413476.37089999625","NA","413763.205700001","413768.95050000167","22228.361799992854","419783.1715000066","83588.7900999951","NA","NA","83654.70970000024","400115.8751000039","421100.49419999996","419791.5820000053","400115.8194000018","414772.06970000407","414769.17390000017","83654.91339999426","400115.4855000059","414772.1178000065","414781.62789999624","20412.51419999753","Attentional Spatial Bias","0","0","0","31","اکنون چشم‌پیما را کالیبره می‌کنیم.<br><br>لطفاً نقطه متحرک را با چشمان خود دنبال کنید و سرتان را ثابت نگه دارید.<br><br>لطفاً منتظر بمانید.","از شرکت شما سپاسگزاریم!<br><br>آزمایش اکنون به پایان رسیده است.<br><br>لطفاً با آزمایشگر تماس بگیرید.","در این آزمایش، شما یک داستان کوتاه را که روی صفحه نمایش داده می‌شود، خواهید خواند.<br><br>لطفاً هر خط را با دقت بخوانید، زیرا در پایان آزمایش چند سؤال در مورد داستان از شما پرسیده خواهد شد.<br><br>پس از هر پاراگراف، یک جفت تصویر خواهید دید. به هر دو تصویر نگاه کنید و تعداد کل دایره‌ها را در دو تصویر بشمارید.<br><br>در صفحه بعد می‌توانید نمونه‌هایی از یک دایره صحیح و یک شکل نادرست را ببینید. فقط شکل‌هایی را بشمارید که با نمونه دایره صحیح مطابقت دارند.<br><br>برای شروع هر کلیدی را فشار دهید.","دایره شمارش شده را وارد کنید (۰-۳ را فشار دهید)","خوش آمدید! برای ادامه هر کلیدی را فشار دهید.","Farsi","1536","-267","267","-267","267","154","-154","154","-154"
"6","5000","8","undefined","undefined","undefined","undefined","#1a1a1a","5","psycho","True","psycho","psycho","uniform","undefined","undefined","undefined","0","NA","0","0","31","31","0","0","0","NA","0","31","31","NA","31","31","0","31","0","0","NA","0","31","31","31","31","31","31","0","31","31","31","0","86.7163296433607","Wed Jul 15 10:42:02 2026","1000","The main experiment item","False","V7_AttentionalSpatialBias_.osexp","C:\Users\plcm\Desktop\2026-EyeTracking\group-bayes\Experiment","190.12620000285096","015.png","874.93632","309.88223999999997","True","False","mono","False","18","no","white","no","yes","RTL","874.93632","309.88223999999997","864","5","014.png","015.png","4","psycho","Farsi","31","31","C:\Users\plcm\Desktop\2026-EyeTracking\group-bayes\Experiment\subject-54.csv","150","psycho","no","422563.68259999726","Neonatal Nightingale","4.1.14","5","5","no_prime_trial_32","32","RTL","","0","down","space","down","NA","NA","down","1131.7014999949606","13834.53140000347","NA","NA","1131.7014999949606","2","psycho","1, 5, 6, 3, 4, 2, 1, 3, 5, 6, 2, 4, 4, 3, 5, 1, 6, 2, 6, 2, 4, 3, 1, 5, 5, 6, 1, 2, 3, 4, 6, 5, 2, 1, 4, 3, 2, 5, 4, 1, 6, 3, 5, 3, 1, 4, 6, 2","False","1024","2","48000","-16","experiment","54","even","421.254356999998","614.0","922.0","699.0","165.0","69753.32329999947","NA","NA","4417.5983000022825","421254.2528000049","421254.3333000067","NA","20412.41400000581","52613.34870000428","NA","4417.796599998837","428708.2756000018","421243.34709999675","NA","421547.3048999993","421552.9964000016","22228.361799992854","427568.0885000038","83588.7900999951","NA","NA","83654.70970000024","421243.32649999997","428708.24639999773","427576.03409999865","421243.2751000015","422556.2198999978","422553.1670000055","83654.91339999426","421242.6639000041","422556.2715999986","422563.64290000056","20412.51419999753","Attentional Spatial Bias","0","0","0","32","اکنون چشم‌پیما را کالیبره می‌کنیم.<br><br>لطفاً نقطه متحرک را با چشمان خود دنبال کنید و سرتان را ثابت نگه دارید.<br><br>لطفاً منتظر بمانید.","از شرکت شما سپاسگزاریم!<br><br>آزمایش اکنون به پایان رسیده است.<br><br>لطفاً با آزمایشگر تماس بگیرید.","در این آزمایش، شما یک داستان کوتاه را که روی صفحه نمایش داده می‌شود، خواهید خواند.<br><br>لطفاً هر خط را با دقت بخوانید، زیرا در پایان آزمایش چند سؤال در مورد داستان از شما پرسیده خواهد شد.<br><br>پس از هر پاراگراف، یک جفت تصویر خواهید دید. به هر دو تصویر نگاه کنید و تعداد کل دایره‌ها را در دو تصویر بشمارید.<br><br>در صفحه بعد می‌توانید نمونه‌هایی از یک دایره صحیح و یک شکل نادرست را ببینید. فقط شکل‌هایی را بشمارید که با نمونه دایره صحیح مطابقت دارند.<br><br>برای شروع هر کلیدی را فشار دهید.","دایره شمارش شده را وارد کنید (۰-۳ را فشار دهید)","خوش آمدید! برای ادامه هر کلیدی را فشار دهید.","Farsi","1536","-154","154","-154","154","267","-267","267","-267"
"6","5000","8","undefined","undefined","undefined","undefined","#1a1a1a","5","psycho","True","psycho","psycho","uniform","undefined","undefined","undefined","0","NA","0","0","32","32","0","0","0","NA","0","32","32","NA","32","32","0","32","0","0","NA","0","32","32","32","32","32","32","0","32","32","32","0","85.67802856219318","Wed Jul 15 10:42:02 2026","1000","The main experiment item","False","V7_AttentionalSpatialBias_.osexp","C:\Users\plcm\Desktop\2026-EyeTracking\group-bayes\Experiment","228.8183999917237","000.png","575.7081599999999","373.22208","True","False","mono","False","18","no","white","no","yes","RTL","575.7081599999999","373.22208","864","5","000.png","001.png","4","psycho","Farsi","32","32","C:\Users\plcm\Desktop\2026-EyeTracking\group-bayes\Experiment\subject-54.csv","150","psycho","no","429894.8950000049","Neonatal Nightingale","4.1.14","2","2","no_prime_trial_33","33","RTL","","0","down","space","down","NA","NA","down","692.0420999958878","13834.53140000347","NA","NA","692.0420999958878","2","psycho","1, 5, 6, 3, 4, 2, 1, 3, 5, 6, 2, 4, 4, 3, 5, 1, 6, 2, 6, 2, 4, 3, 1, 5, 5, 6, 1, 2, 3, 4, 6, 5, 2, 1, 4, 3, 2, 5, 4, 1, 6, 3, 5, 3, 1, 4, 6, 2","False","1024","2","48000","-16","experiment","54","even","428.838760300001","501.0","1035.0","278.0","586.0","69753.32329999947","NA","NA","4417.5983000022825","428838.63830000337","428838.7337000022","NA","20412.41400000581","52613.34870000428","NA","4417.796599998837","435596.46800000337","428827.65530000324","NA","428876.7641000013","428882.16189999366","22228.361799992854","434895.8388000028","83588.7900999951","NA","NA","83654.70970000024","428827.6346000057","435596.4372000017","434903.86570000555","428827.58209999884","429885.8435000002","429882.70360000024","83654.91339999426","428827.1912000055","429885.89439999487","429894.8582000012","20412.51419999753","Attentional Spatial Bias","0","0","0","33","اکنون چشم‌پیما را کالیبره می‌کنیم.<br><br>لطفاً نقطه متحرک را با چشمان خود دنبال کنید و سرتان را ثابت نگه دارید.<br><br>لطفاً منتظر بمانید.","از شرکت شما سپاسگزاریم!<br><br>آزمایش اکنون به پایان رسیده است.<br><br>لطفاً با آزمایشگر تماس بگیرید.","در این آزمایش، شما یک داستان کوتاه را که روی صفحه نمایش داده می‌شود، خواهید خواند.<br><br>لطفاً هر خط را با دقت بخوانید، زیرا در پایان آزمایش چند سؤال در مورد داستان از شما پرسیده خواهد شد.<br><br>پس از هر پاراگراف، یک جفت تصویر خواهید دید. به هر دو تصویر نگاه کنید و تعداد کل دایره‌ها را در دو تصویر بشمارید.<br><br>در صفحه بعد می‌توانید نمونه‌هایی از یک دایره صحیح و یک شکل نادرست را ببینید. فقط شکل‌هایی را بشمارید که با نمونه دایره صحیح مطابقت دارند.<br><br>برای شروع هر کلیدی را فشار دهید.","دایره شمارش شده را وارد کنید (۰-۳ را فشار دهید)","خوش آمدید! برای ادامه هر کلیدی را فشار دهید.","Farsi","1536","-267","267","-267","267","-154","154","-154","154"
"6","5000","8","undefined","undefined","undefined","undefined","#1a1a1a","5","psycho","True","psycho","psycho","uniform","undefined","undefined","undefined","0","NA","0","0","33","33","0","0","0","NA","0","33","33","NA","33","33","0","33","0","0","NA","0","33","33","33","33","33","33","0","33","33","33","0","47.555477442700536","Wed Jul 15 10:42:02 2026","1000","The main experiment item","False","V7_AttentionalSpatialBias_.osexp","C:\Users\plcm\Desktop\2026-EyeTracking\group-bayes\Experiment","238.11609999393113","003.png","932.5977600000001","475.7184","True","False","mono","False","18","no","white","no","yes","RTL","932.5977600000001","475.7184","864","5","002.png","003.png","4","psycho","Farsi","33","33","C:\Users\plcm\Desktop\2026-EyeTracking\group-bayes\Experiment\subject-54.csv","150","psycho","no","437028.2561000058","Neonatal Nightingale","4.1.14","1","1","no_prime_trial_34","34","RTL","","0","down","space","down","NA","NA","down","686.7186000017682","13834.53140000347","NA","NA","686.7186000017682","2","psycho","1, 5, 6, 3, 4, 2, 1, 3, 5, 6, 2, 4, 4, 3, 5, 1, 6, 2, 6, 2, 4, 3, 1, 5, 5, 6, 1, 2, 3, 4, 6, 5, 2, 1, 4, 3, 2, 5, 4, 1, 6, 3, 5, 3, 1, 4, 6, 2","False","1024","2","48000","-16","experiment","54","even","435.72216540000227","460.0","1076.0","432.0","432.0","69753.32329999947","NA","NA","4417.5983000022825","435722.0456000068","435722.1384000004","NA","20412.41400000581","52613.34870000428","NA","4417.796599998837","442724.3599999929","435710.74809999845","NA","436009.8543000058","436015.3369000036","22228.361799992854","442029.5771999954","83588.7900999951","NA","NA","83654.70970000024","435710.7260000048","442724.3286000012","442037.0535999973","435710.6694999966","437019.2015999928","437015.7843000052","83654.91339999426","435710.29109999654","437019.25559999654","437028.2196000044","20412.51419999753","Attentional Spatial Bias","0","0","0","34","اکنون چشم‌پیما را کالیبره می‌کنیم.<br><br>لطفاً نقطه متحرک را با چشمان خود دنبال کنید و سرتان را ثابت نگه دارید.<br><br>لطفاً منتظر بمانید.","از شرکت شما سپاسگزاریم!<br><br>آزمایش اکنون به پایان رسیده است.<br><br>لطفاً با آزمایشگر تماس بگیرید.","در این آزمایش، شما یک داستان کوتاه را که روی صفحه نمایش داده می‌شود، خواهید خواند.<br><br>لطفاً هر خط را با دقت بخوانید، زیرا در پایان آزمایش چند سؤال در مورد داستان از شما پرسیده خواهد شد.<br><br>پس از هر پاراگراف، یک جفت تصویر خواهید دید. به هر دو تصویر نگاه کنید و تعداد کل دایره‌ها را در دو تصویر بشمارید.<br><br>در صفحه بعد می‌توانید نمونه‌هایی از یک دایره صحیح و یک شکل نادرست را ببینید. فقط شکل‌هایی را بشمارید که با نمونه دایره صحیح مطابقت دارند.<br><br>برای شروع هر کلیدی را فشار دهید.","دایره شمارش شده را وارد کنید (۰-۳ را فشار دهید)","خوش آمدید! برای ادامه هر کلیدی را فشار دهید.","Farsi","1536","-308","308","-308","308","0","0","0","0"
"6","5000","8","undefined","undefined","undefined","undefined","#1a1a1a","5","psycho","True","psycho","psycho","uniform","undefined","undefined","undefined","0","NA","0","0","34","34","0","0","0","NA","0","34","34","NA","34","34","0","34","0","0","NA","0","34","34","34","34","34","34","0","34","34","34","0","57.25610595446395","Wed Jul 15 10:42:02 2026","1000","The main experiment item","False","V7_AttentionalSpatialBias_.osexp","C:\Users\plcm\Desktop\2026-EyeTracking\group-bayes\Experiment","283.79640000639483","004.png","850.72896","205.5024","True","False","mono","False","18","no","white","no","yes","RTL","850.72896","205.5024","864","5","004.png","005.png","4","psycho","Farsi","34","34","C:\Users\plcm\Desktop\2026-EyeTracking\group-bayes\Experiment\subject-54.csv","150","psycho","no","443884.5975000004","Neonatal Nightingale","4.1.14","4","4","no_prime_trial_35","35","RTL","","0","down","space","down","NA","NA","down","1249.8705000034533","13834.53140000347","NA","NA","1249.8705000034533","2","psycho","1, 5, 6, 3, 4, 2, 1, 3, 5, 6, 2, 4, 4, 3, 5, 1, 6, 2, 6, 2, 4, 3, 1, 5, 5, 6, 1, 2, 3, 4, 6, 5, 2, 1, 4, 3, 2, 5, 4, 1, 6, 3, 5, 3, 1, 4, 6, 2","False","1024","2","48000","-16","experiment","54","even","442.8573027999955","768.0","768.0","124.0","740.0","69753.32329999947","NA","NA","4417.5983000022825","442857.1605000034","442857.26910000085","NA","20412.41400000581","52613.34870000428","NA","4417.796599998837","450148.30440000514","442845.14790000685","NA","442862.8372999956","442868.5562000028","22228.361799992854","448889.7840999998","83588.7900999951","NA","NA","83654.70970000024","442845.1192000066","450148.2662000053","448897.8517999931","442845.0613000023","443872.4191999936","443869.01569999463","83654.91339999426","442844.6485000022","443872.4785999948","443884.5585999952","20412.51419999753","Attentional Spatial Bias","0","0","0","35","اکنون چشم‌پیما را کالیبره می‌کنیم.<br><br>لطفاً نقطه متحرک را با چشمان خود دنبال کنید و سرتان را ثابت نگه دارید.<br><br>لطفاً منتظر بمانید.","از شرکت شما سپاسگزاریم!<br><br>آزمایش اکنون به پایان رسیده است.<br><br>لطفاً با آزمایشگر تماس بگیرید.","در این آزمایش، شما یک داستان کوتاه را که روی صفحه نمایش داده می‌شود، خواهید خواند.<br><br>لطفاً هر خط را با دقت بخوانید، زیرا در پایان آزمایش چند سؤال در مورد داستان از شما پرسیده خواهد شد.<br><br>پس از هر پاراگراف، یک جفت تصویر خواهید دید. به هر دو تصویر نگاه کنید و تعداد کل دایره‌ها را در دو تصویر بشمارید.<br><br>در صفحه بعد می‌توانید نمونه‌هایی از یک دایره صحیح و یک شکل نادرست را ببینید. فقط شکل‌هایی را بشمارید که با نمونه دایره صحیح مطابقت دارند.<br><br>برای شروع هر کلیدی را فشار دهید.","دایره شمارش شده را وارد کنید (۰-۳ را فشار دهید)","خوش آمدید! برای ادامه هر کلیدی را فشار دهید.","Farsi","1536","0","0","0","0","-308","308","-308","308"
"6","5000","8","undefined","undefined","undefined","undefined","#1a1a1a","5","psycho","True","psycho","psycho","uniform","undefined","undefined","undefined","0","NA","0","0","35","35","0","0","0","NA","0","35","35","NA","35","35","0","35","0","0","NA","0","35","35","35","35","35","35","0","35","35","35","0","90.14607730258264","Wed Jul 15 10:42:02 2026","1000","The main experiment item","False","V7_AttentionalSpatialBias_.osexp","C:\Users\plcm\Desktop\2026-EyeTracking\group-bayes\Experiment","214.40670000447426","006.png","717.60384","295.25471999999996","True","False","mono","False","18","no","white","no","yes","RTL","717.60384","295.25471999999996","864","5","006.png","007.png","4","psycho","Farsi","35","35","C:\Users\plcm\Desktop\2026-EyeTracking\group-bayes\Experiment\subject-54.csv","150","psycho","no","451327.94730000023","Neonatal Nightingale","4.1.14","3","3","no_prime_trial_36","36","RTL","","0","down","space","down","NA","NA","down","864.9501000036253","13834.53140000347","NA","NA","864.9501000036253","2","psycho","1, 5, 6, 3, 4, 2, 1, 3, 5, 6, 2, 4, 4, 3, 5, 1, 6, 2, 6, 2, 4, 3, 1, 5, 5, 6, 1, 2, 3, 4, 6, 5, 2, 1, 4, 3, 2, 5, 4, 1, 6, 3, 5, 3, 1, 4, 6, 2","False","1024","2","48000","-16","experiment","54","even","450.30281350000587","614.0","922.0","165.0","699.0","69753.32329999947","NA","NA","4417.5983000022825","450302.71819999325","450302.79169999994","NA","20412.41400000581","52613.34870000428","NA","4417.796599998837","457204.57210000313","450289.86689999874","NA","450308.14730000566","450313.87329999416","22228.361799992854","456331.16109999537","83588.7900999951","NA","NA","83654.70970000024","450289.84749999654","457204.5417000045","456338.91059999587","450289.80660000525","451318.03120000404","451314.5152999932","83654.91339999426","450289.5172999997","451318.09479999356","451327.90699999896","20412.51419999753","Attentional Spatial Bias","0","0","0","36","اکنون چشم‌پیما را کالیبره می‌کنیم.<br><br>لطفاً نقطه متحرک را با چشمان خود دنبال کنید و سرتان را ثابت نگه دارید.<br><br>لطفاً منتظر بمانید.","از شرکت شما سپاسگزاریم!<br><br>آزمایش اکنون به پایان رسیده است.<br><br>لطفاً با آزمایشگر تماس بگیرید.","در این آزمایش، شما یک داستان کوتاه را که روی صفحه نمایش داده می‌شود، خواهید خواند.<br><br>لطفاً هر خط را با دقت بخوانید، زیرا در پایان آزمایش چند سؤال در مورد داستان از شما پرسیده خواهد شد.<br><br>پس از هر پاراگراف، یک جفت تصویر خواهید دید. به هر دو تصویر نگاه کنید و تعداد کل دایره‌ها را در دو تصویر بشمارید.<br><br>در صفحه بعد می‌توانید نمونه‌هایی از یک دایره صحیح و یک شکل نادرست را ببینید. فقط شکل‌هایی را بشمارید که با نمونه دایره صحیح مطابقت دارند.<br><br>برای شروع هر کلیدی را فشار دهید.","دایره شمارش شده را وارد کنید (۰-۳ را فشار دهید)","خوش آمدید! برای ادامه هر کلیدی را فشار دهید.","Farsi","1536","-154","154","-154","154","-267","267","-267","267"
"6","5000","8","undefined","undefined","undefined","undefined","#1a1a1a","6","psycho","True","psycho","psycho","uniform","undefined","undefined","undefined","0","NA","0","0","36","36","0","0","0","NA","0","36","36","NA","36","36","0","36","0","0","NA","0","36","36","36","36","36","36","0","36","36","36","0","84.24201050045284","Wed Jul 15 10:42:02 2026","1000","The main experiment item","False","V7_AttentionalSpatialBias_.osexp","C:\Users\plcm\Desktop\2026-EyeTracking\group-bayes\Experiment","189.770299999509","009.png","1006.8326400000001","507.20256","True","False","mono","False","18","no","white","no","yes","RTL","1006.8326400000001","507.20256","864","6","008.png","009.png","4","psycho","Farsi","36","36","C:\Users\plcm\Desktop\2026-EyeTracking\group-bayes\Experiment\subject-54.csv","150","psycho","no","462678.8324999943","Neonatal Nightingale","4.1.14","2","2","prime_7","37","RTL","بچه‌های کشاورز او را ترساندند، بنابراین او دوباره در سرمای سوزان فرار کرد.","0","insert","space","insert","NA","NA","insert","497.8135999990627","13834.53140000347","NA","NA","497.8135999990627","2","psycho","1, 5, 6, 3, 4, 2, 1, 3, 5, 6, 2, 4, 4, 3, 5, 1, 6, 2, 6, 2, 4, 3, 1, 5, 5, 6, 1, 2, 3, 4, 6, 5, 2, 1, 4, 3, 2, 5, 4, 1, 6, 3, 5, 3, 1, 4, 6, 2","True","1024","2","48000","-16","experiment","54","even","461.6546110000054","501.0","1035.0","278.0","586.0","69753.32329999947","NA","NA","4417.5983000022825","461654.5432999992","461654.5923999947","NA","20412.41400000581","52613.34870000428","NA","4417.796599998837","468188.43670000206","461644.1219999979","NA","461659.9787000014","461666.0858999967","22228.361799992854","467680.98390000523","83588.7900999951","NA","NA","83654.70970000024","457326.6656000051","468188.40569999884","467689.95220000215","457326.6283999983","462669.48300000513","462666.58829999506","83654.91339999426","457326.48800000607","462669.54149999947","462678.79590000666","20412.51419999753","Attentional Spatial Bias","0","0","0","37","اکنون چشم‌پیما را کالیبره می‌کنیم.<br><br>لطفاً نقطه متحرک را با چشمان خود دنبال کنید و سرتان را ثابت نگه دارید.<br><br>لطفاً منتظر بمانید.","از شرکت شما سپاسگزاریم!<br><br>آزمایش اکنون به پایان رسیده است.<br><br>لطفاً با آزمایشگر تماس بگیرید.","در این آزمایش، شما یک داستان کوتاه را که روی صفحه نمایش داده می‌شود، خواهید خواند.<br><br>لطفاً هر خط را با دقت بخوانید، زیرا در پایان آزمایش چند سؤال در مورد داستان از شما پرسیده خواهد شد.<br><br>پس از هر پاراگراف، یک جفت تصویر خواهید دید. به هر دو تصویر نگاه کنید و تعداد کل دایره‌ها را در دو تصویر بشمارید.<br><br>در صفحه بعد می‌توانید نمونه‌هایی از یک دایره صحیح و یک شکل نادرست را ببینید. فقط شکل‌هایی را بشمارید که با نمونه دایره صحیح مطابقت دارند.<br><br>برای شروع هر کلیدی را فشار دهید.","دایره شمارش شده را وارد کنید (۰-۳ را فشار دهید)","خوش آمدید! برای ادامه هر کلیدی را فشار دهید.","Farsi","1536","-267","267","-267","267","-154","154","-154","154"
"6","5000","8","undefined","undefined","undefined","undefined","#1a1a1a","6","psycho","True","psycho","psycho","uniform","undefined","undefined","undefined","0","NA","0","0","37","37","0","0","0","NA","0","37","37","NA","37","37","0","37","0","0","NA","0","37","37","37","37","37","37","0","37","37","37","0","91.4857957459539","Wed Jul 15 10:42:02 2026","1000","The main experiment item","False","V7_AttentionalSpatialBias_.osexp","C:\Users\plcm\Desktop\2026-EyeTracking\group-bayes\Experiment","201.54779999575112","011.png","968.69376","253.82592","True","False","mono","False","18","no","white","no","yes","RTL","968.69376","253.82592","864","6","010.png","011.png","4","psycho","Farsi","37","37","C:\Users\plcm\Desktop\2026-EyeTracking\group-bayes\Experiment\subject-54.csv","150","psycho","no","469578.356500002","Neonatal Nightingale","4.1.14","5","5","no_prime_trial_38","38","RTL","","0","down","space","down","NA","NA","down","631.7495999974199","13834.53140000347","NA","NA","631.7495999974199","2","psycho","1, 5, 6, 3, 4, 2, 1, 3, 5, 6, 2, 4, 4, 3, 5, 1, 6, 2, 6, 2, 4, 3, 1, 5, 5, 6, 1, 2, 3, 4, 6, 5, 2, 1, 4, 3, 2, 5, 4, 1, 6, 3, 5, 3, 1, 4, 6, 2","False","1024","2","48000","-16","experiment","54","even","468.3209594999935","614.0","922.0","699.0","165.0","69753.32329999947","NA","NA","4417.5983000022825","468320.8519000036","468320.93319999694","NA","20412.41400000581","52613.34870000428","NA","4417.796599998837","475220.41769999487","468308.4286999947","NA","468560.5917000066","468566.0176999954","22228.361799992854","474580.24280000245","83588.7900999951","NA","NA","83654.70970000024","468308.3972000022","475220.38660000544","474588.07169999636","468308.3301000006","469569.13180000265","469566.0859000054","83654.91339999426","468307.77600000147","469569.1865999979","469578.30969999486","20412.51419999753","Attentional Spatial Bias","0","0","0","38","اکنون چشم‌پیما را کالیبره می‌کنیم.<br><br>لطفاً نقطه متحرک را با چشمان خود دنبال کنید و سرتان را ثابت نگه دارید.<br><br>لطفاً منتظر بمانید.","از شرکت شما سپاسگزاریم!<br><br>آزمایش اکنون به پایان رسیده است.<br><br>لطفاً با آزمایشگر تماس بگیرید.","در این آزمایش، شما یک داستان کوتاه را که روی صفحه نمایش داده می‌شود، خواهید خواند.<br><br>لطفاً هر خط را با دقت بخوانید، زیرا در پایان آزمایش چند سؤال در مورد داستان از شما پرسیده خواهد شد.<br><br>پس از هر پاراگراف، یک جفت تصویر خواهید دید. به هر دو تصویر نگاه کنید و تعداد کل دایره‌ها را در دو تصویر بشمارید.<br><br>در صفحه بعد می‌توانید نمونه‌هایی از یک دایره صحیح و یک شکل نادرست را ببینید. فقط شکل‌هایی را بشمارید که با نمونه دایره صحیح مطابقت دارند.<br><br>برای شروع هر کلیدی را فشار دهید.","دایره شمارش شده را وارد کنید (۰-۳ را فشار دهید)","خوش آمدید! برای ادامه هر کلیدی را فشار دهید.","Farsi","1536","-154","154","-154","154","267","-267","267","-267"
"6","5000","8","undefined","undefined","undefined","undefined","#1a1a1a","6","psycho","True","psycho","psycho","uniform","undefined","undefined","undefined","0","NA","0","0","38","38","0","0","0","NA","0","38","38","NA","38","38","0","38","0","0","NA","0","38","38","38","38","38","38","0","38","38","38","0","21.91344005782755","Wed Jul 15 10:42:02 2026","1000","The main experiment item","False","V7_AttentionalSpatialBias_.osexp","C:\Users\plcm\Desktop\2026-EyeTracking\group-bayes\Experiment","200.60219999868423","012.png","838.85568","237.98016","True","False","mono","False","18","no","white","no","yes","RTL","838.85568","237.98016","864","6","012.png","013.png","4","psycho","Farsi","38","38","C:\Users\plcm\Desktop\2026-EyeTracking\group-bayes\Experiment\subject-54.csv","150","psycho","no","476377.5391999952","Neonatal Nightingale","4.1.14","4","4","no_prime_trial_39","39","RTL","","0","down","space","down","NA","NA","down","1365.6462999933865","13834.53140000347","NA","NA","1365.6462999933865","2","psycho","1, 5, 6, 3, 4, 2, 1, 3, 5, 6, 2, 4, 4, 3, 5, 1, 6, 2, 6, 2, 4, 3, 1, 5, 5, 6, 1, 2, 3, 4, 6, 5, 2, 1, 4, 3, 2, 5, 4, 1, 6, 3, 5, 3, 1, 4, 6, 2","False","1024","2","48000","-16","experiment","54","even","475.3522071000043","768.0","768.0","124.0","740.0","69753.32329999947","NA","NA","4417.5983000022825","475352.10519999964","475352.1830999962","NA","20412.41400000581","52613.34870000428","NA","4417.796599998837","482756.52710000577","475340.02899999905","NA","475357.5811000046","475363.32720000064","22228.361799992854","481382.49129999895","83588.7900999951","NA","NA","83654.70970000024","475340.0091999938","482756.48690000526","481390.1763000031","475339.96789999946","476366.83909999556","476363.8726999925","83654.91339999426","475339.6242000017","476366.9047000003","476377.5061000051","20412.51419999753","Attentional Spatial Bias","0","0","0","39","اکنون چشم‌پیما را کالیبره می‌کنیم.<br><br>لطفاً نقطه متحرک را با چشمان خود دنبال کنید و سرتان را ثابت نگه دارید.<br><br>لطفاً منتظر بمانید.","از شرکت شما سپاسگزاریم!<br><br>آزمایش اکنون به پایان رسیده است.<br><br>لطفاً با آزمایشگر تماس بگیرید.","در این آزمایش، شما یک داستان کوتاه را که روی صفحه نمایش داده می‌شود، خواهید خواند.<br><br>لطفاً هر خط را با دقت بخوانید، زیرا در پایان آزمایش چند سؤال در مورد داستان از شما پرسیده خواهد شد.<br><br>پس از هر پاراگراف، یک جفت تصویر خواهید دید. به هر دو تصویر نگاه کنید و تعداد کل دایره‌ها را در دو تصویر بشمارید.<br><br>در صفحه بعد می‌توانید نمونه‌هایی از یک دایره صحیح و یک شکل نادرست را ببینید. فقط شکل‌هایی را بشمارید که با نمونه دایره صحیح مطابقت دارند.<br><br>برای شروع هر کلیدی را فشار دهید.","دایره شمارش شده را وارد کنید (۰-۳ را فشار دهید)","خوش آمدید! برای ادامه هر کلیدی را فشار دهید.","Farsi","1536","0","0","0","0","-308","308","-308","308"
"6","5000","8","undefined","undefined","undefined","undefined","#1a1a1a","6","psycho","True","psycho","psycho","uniform","undefined","undefined","undefined","0","NA","0","0","39","39","0","0","0","NA","0","39","39","NA","39","39","0","39","0","0","NA","0","39","39","39","39","39","39","0","39","39","39","0","81.86023470953891","Wed Jul 15 10:42:02 2026","1000","The main experiment item","False","V7_AttentionalSpatialBias_.osexp","C:\Users\plcm\Desktop\2026-EyeTracking\group-bayes\Experiment","276.1217000079341","014.png","585.216","550.3593599999999","True","False","mono","False","18","no","white","no","yes","RTL","585.216","550.3593599999999","864","6","014.png","015.png","4","psycho","Farsi","39","39","C:\Users\plcm\Desktop\2026-EyeTracking\group-bayes\Experiment\subject-54.csv","150","psycho","no","483973.2612999942","Neonatal Nightingale","4.1.14","1","1","no_prime_trial_40","40","RTL","","0","end","space","end","NA","NA","end","891.59529999597","13834.53140000347","NA","NA","891.59529999597","2","psycho","1, 5, 6, 3, 4, 2, 1, 3, 5, 6, 2, 4, 4, 3, 5, 1, 6, 2, 6, 2, 4, 3, 1, 5, 5, 6, 1, 2, 3, 4, 6, 5, 2, 1, 4, 3, 2, 5, 4, 1, 6, 3, 5, 3, 1, 4, 6, 2","False","1024","2","48000","-16","experiment","54","even","482.8956068999978","460.0","1076.0","432.0","432.0","69753.32329999947","NA","NA","4417.5983000022825","482895.4664000048","482895.57170000626","NA","20412.41400000581","52613.34870000428","NA","4417.796599998837","489876.3733999949","482883.8017999951","NA","482955.36829999764","482960.7735000027","22228.361799992854","488975.21140000026","83588.7900999951","NA","NA","83654.70970000024","482883.7812999991","489876.34299999627","488984.18670000683","482883.73119999596","483963.78609999374","483960.92260000296","83654.91339999426","482883.15530000546","483963.85280000686","483973.2118999964","20412.51419999753","Attentional Spatial Bias","0","0","0","40","اکنون چشم‌پیما را کالیبره می‌کنیم.<br><br>لطفاً نقطه متحرک را با چشمان خود دنبال کنید و سرتان را ثابت نگه دارید.<br><br>لطفاً منتظر بمانید.","از شرکت شما سپاسگزاریم!<br><br>آزمایش اکنون به پایان رسیده است.<br><br>لطفاً با آزمایشگر تماس بگیرید.","در این آزمایش، شما یک داستان کوتاه را که روی صفحه نمایش داده می‌شود، خواهید خواند.<br><br>لطفاً هر خط را با دقت بخوانید، زیرا در پایان آزمایش چند سؤال در مورد داستان از شما پرسیده خواهد شد.<br><br>پس از هر پاراگراف، یک جفت تصویر خواهید دید. به هر دو تصویر نگاه کنید و تعداد کل دایره‌ها را در دو تصویر بشمارید.<br><br>در صفحه بعد می‌توانید نمونه‌هایی از یک دایره صحیح و یک شکل نادرست را ببینید. فقط شکل‌هایی را بشمارید که با نمونه دایره صحیح مطابقت دارند.<br><br>برای شروع هر کلیدی را فشار دهید.","دایره شمارش شده را وارد کنید (۰-۳ را فشار دهید)","خوش آمدید! برای ادامه هر کلیدی را فشار دهید.","Farsi","1536","-308","308","-308","308","0","0","0","0"
"6","5000","8","undefined","undefined","undefined","undefined","#1a1a1a","6","psycho","True","psycho","psycho","uniform","undefined","undefined","undefined","0","NA","0","0","40","40","0","0","0","NA","0","40","40","NA","40","40","0","40","0","0","NA","0","40","40","40","40","40","40","0","40","40","40","0","70.3205221659794","Wed Jul 15 10:42:02 2026","1000","The main experiment item","False","V7_AttentionalSpatialBias_.osexp","C:\Users\plcm\Desktop\2026-EyeTracking\group-bayes\Experiment","415.4336999927182","001.png","999.3983999999999","343.62144","True","False","mono","False","18","no","white","no","yes","RTL","999.3983999999999","343.62144","864","6","000.png","001.png","4","psycho","Farsi","40","40","C:\Users\plcm\Desktop\2026-EyeTracking\group-bayes\Experiment\subject-54.csv","150","psycho","no","491950.98690000304","Neonatal Nightingale","4.1.14","6","6","no_prime_trial_41","41","RTL","","0","down","space","down","NA","NA","down","775.8470999979181","13834.53140000347","NA","NA","775.8470999979181","2","psycho","1, 5, 6, 3, 4, 2, 1, 3, 5, 6, 2, 4, 4, 3, 5, 1, 6, 2, 6, 2, 4, 3, 1, 5, 5, 6, 1, 2, 3, 4, 6, 5, 2, 1, 4, 3, 2, 5, 4, 1, 6, 3, 5, 3, 1, 4, 6, 2","False","1024","2","48000","-16","experiment","54","even","490.00701250000566","501.0","1035.0","586.0","278.0","69753.32329999947","NA","NA","4417.5983000022825","490006.92349999736","490006.99140000506","NA","20412.41400000581","52613.34870000428","NA","4417.796599998837","497740.6850999978","489994.69910000334","NA","490930.7991999958","490936.4276999986","22228.361799992854","496956.1415000062","83588.7900999951","NA","NA","83654.70970000024","489994.6756999998","497740.6423999928","496963.9235000068","489994.61910000537","491939.69889999426","491936.72500000685","83654.91339999426","489994.3173000065","491939.74960000196","491950.94979999703","20412.51419999753","Attentional Spatial Bias","0","0","0","41","اکنون چشم‌پیما را کالیبره می‌کنیم.<br><br>لطفاً نقطه متحرک را با چشمان خود دنبال کنید و سرتان را ثابت نگه دارید.<br><br>لطفاً منتظر بمانید.","از شرکت شما سپاسگزاریم!<br><br>آزمایش اکنون به پایان رسیده است.<br><br>لطفاً با آزمایشگر تماس بگیرید.","در این آزمایش، شما یک داستان کوتاه را که روی صفحه نمایش داده می‌شود، خواهید خواند.<br><br>لطفاً هر خط را با دقت بخوانید، زیرا در پایان آزمایش چند سؤال در مورد داستان از شما پرسیده خواهد شد.<br><br>پس از هر پاراگراف، یک جفت تصویر خواهید دید. به هر دو تصویر نگاه کنید و تعداد کل دایره‌ها را در دو تصویر بشمارید.<br><br>در صفحه بعد می‌توانید نمونه‌هایی از یک دایره صحیح و یک شکل نادرست را ببینید. فقط شکل‌هایی را بشمارید که با نمونه دایره صحیح مطابقت دارند.<br><br>برای شروع هر کلیدی را فشار دهید.","دایره شمارش شده را وارد کنید (۰-۳ را فشار دهید)","خوش آمدید! برای ادامه هر کلیدی را فشار دهید.","Farsi","1536","-267","267","-267","267","154","-154","154","-154"
"6","5000","8","undefined","undefined","undefined","undefined","#1a1a1a","6","psycho","True","psycho","psycho","uniform","undefined","undefined","undefined","0","NA","0","0","41","41","0","0","0","NA","0","41","41","NA","41","41","0","41","0","0","NA","0","41","41","41","41","41","41","0","41","41","41","0","57.67705032169386","Wed Jul 15 10:42:02 2026","1000","The main experiment item","False","V7_AttentionalSpatialBias_.osexp","C:\Users\plcm\Desktop\2026-EyeTracking\group-bayes\Experiment","307.69049999071285","003.png","870.31296","561.58272","True","False","mono","False","18","no","white","no","yes","RTL","870.31296","561.58272","864","6","002.png","003.png","4","psycho","Farsi","41","41","C:\Users\plcm\Desktop\2026-EyeTracking\group-bayes\Experiment\subject-54.csv","150","psycho","no","499160.06140000536","Neonatal Nightingale","4.1.14","3","3","no_prime_trial_42","42","RTL","","0","down","space","down","NA","NA","down","769.1178999957629","13834.53140000347","NA","NA","769.1178999957629","2","psycho","1, 5, 6, 3, 4, 2, 1, 3, 5, 6, 2, 4, 4, 3, 5, 1, 6, 2, 6, 2, 4, 3, 1, 5, 5, 6, 1, 2, 3, 4, 6, 5, 2, 1, 4, 3, 2, 5, 4, 1, 6, 3, 5, 3, 1, 4, 6, 2","False","1024","2","48000","-16","experiment","54","even","497.8712964000006","614.0","922.0","165.0","699.0","69753.32329999947","NA","NA","4417.5983000022825","497871.1777999997","497871.26640000497","NA","20412.41400000581","52613.34870000428","NA","4417.796599998837","504940.2889000048","497858.04009999265","NA","498143.6478999967","498149.0774999984","22228.361799992854","504162.5344000058","83588.7900999951","NA","NA","83654.70970000024","497858.0204000027","504940.25970000075","504170.65820000425","497857.9786000046","499152.5466000021","499149.66979999735","83654.91339999426","497857.7209000068","499152.59979999973","499160.0329000066","20412.51419999753","Attentional Spatial Bias","0","0","0","42","اکنون چشم‌پیما را کالیبره می‌کنیم.<br><br>لطفاً نقطه متحرک را با چشمان خود دنبال کنید و سرتان را ثابت نگه دارید.<br><br>لطفاً منتظر بمانید.","از شرکت شما سپاسگزاریم!<br><br>آزمایش اکنون به پایان رسیده است.<br><br>لطفاً با آزمایشگر تماس بگیرید.","در این آزمایش، شما یک داستان کوتاه را که روی صفحه نمایش داده می‌شود، خواهید خواند.<br><br>لطفاً هر خط را با دقت بخوانید، زیرا در پایان آزمایش چند سؤال در مورد داستان از شما پرسیده خواهد شد.<br><br>پس از هر پاراگراف، یک جفت تصویر خواهید دید. به هر دو تصویر نگاه کنید و تعداد کل دایره‌ها را در دو تصویر بشمارید.<br><br>در صفحه بعد می‌توانید نمونه‌هایی از یک دایره صحیح و یک شکل نادرست را ببینید. فقط شکل‌هایی را بشمارید که با نمونه دایره صحیح مطابقت دارند.<br><br>برای شروع هر کلیدی را فشار دهید.","دایره شمارش شده را وارد کنید (۰-۳ را فشار دهید)","خوش آمدید! برای ادامه هر کلیدی را فشار دهید.","Farsi","1536","-154","154","-154","154","-267","267","-267","267"
"6","5000","8","undefined","undefined","undefined","undefined","#1a1a1a","7","psycho","True","psycho","psycho","uniform","undefined","undefined","undefined","0","NA","0","0","42","42","0","0","0","NA","0","42","42","NA","42","42","0","42","0","0","NA","0","42","42","42","42","42","42","0","42","42","42","0","53.81244548986792","Wed Jul 15 10:42:02 2026","1000","The main experiment item","False","V7_AttentionalSpatialBias_.osexp","C:\Users\plcm\Desktop\2026-EyeTracking\group-bayes\Experiment","202.97100000607315","005.png","996.61824","274.73472","True","False","mono","False","18","no","white","no","yes","RTL","996.61824","274.73472","864","7","004.png","005.png","4","psycho","Farsi","42","42","C:\Users\plcm\Desktop\2026-EyeTracking\group-bayes\Experiment\subject-54.csv","150","psycho","no","526487.4933999963","Neonatal Nightingale","4.1.14","5","5","prime_8","43","RTL","او زمستان را تنها گذراند و فکر می‌کرد زشت‌ترین موجود جهان است. سپس بهار آمد و سرما از بین رفت. یک روز قوهای سفید زیبایی را روی دریاچه دید و به سمتشان شنا کرد، در حالی که می‌ترسید آن‌ها هم او را فراری دهند.","0","down","space","down","NA","NA","down","4409.400300006382","13834.53140000347","NA","NA","4409.400300006382","2","psycho","1, 5, 6, 3, 4, 2, 1, 3, 5, 6, 2, 4, 4, 3, 5, 1, 6, 2, 6, 2, 4, 3, 1, 5, 5, 6, 1, 2, 3, 4, 6, 5, 2, 1, 4, 3, 2, 5, 4, 1, 6, 3, 5, 3, 1, 4, 6, 2","True","1024","2","48000","-16","experiment","54","even","524.9667134000047","614.0","922.0","699.0","165.0","69753.32329999947","NA","NA","4417.5983000022825","524966.6349000036","524966.6920000018","NA","20412.41400000581","52613.34870000428","NA","4417.796599998837","535908.563399993","524956.3064999966","NA","525467.9677999957","525473.5362999927","22228.361799992854","531490.1337000047","83588.7900999951","NA","NA","83654.70970000024","505074.8913999996","535908.5257999977","531498.3750999963","505074.83470000443","526476.7095999996","526473.6872000067","83654.91339999426","505074.37299999583","526476.7739999952","526487.4551999965","20412.51419999753","Attentional Spatial Bias","0","0","0","43","اکنون چشم‌پیما را کالیبره می‌کنیم.<br><br>لطفاً نقطه متحرک را با چشمان خود دنبال کنید و سرتان را ثابت نگه دارید.<br><br>لطفاً منتظر بمانید.","از شرکت شما سپاسگزاریم!<br><br>آزمایش اکنون به پایان رسیده است.<br><br>لطفاً با آزمایشگر تماس بگیرید.","در این آزمایش، شما یک داستان کوتاه را که روی صفحه نمایش داده می‌شود، خواهید خواند.<br><br>لطفاً هر خط را با دقت بخوانید، زیرا در پایان آزمایش چند سؤال در مورد داستان از شما پرسیده خواهد شد.<br><br>پس از هر پاراگراف، یک جفت تصویر خواهید دید. به هر دو تصویر نگاه کنید و تعداد کل دایره‌ها را در دو تصویر بشمارید.<br><br>در صفحه بعد می‌توانید نمونه‌هایی از یک دایره صحیح و یک شکل نادرست را ببینید. فقط شکل‌هایی را بشمارید که با نمونه دایره صحیح مطابقت دارند.<br><br>برای شروع هر کلیدی را فشار دهید.","دایره شمارش شده را وارد کنید (۰-۳ را فشار دهید)","خوش آمدید! برای ادامه هر کلیدی را فشار دهید.","Farsi","1536","-154","154","-154","154","267","-267","267","-267"
"6","5000","8","undefined","undefined","undefined","undefined","#1a1a1a","7","psycho","True","psycho","psycho","uniform","undefined","undefined","undefined","0","NA","0","0","43","43","0","0","0","NA","0","43","43","NA","43","43","0","43","0","0","NA","0","43","43","43","43","43","43","0","43","43","43","0","99.0642304674376","Wed Jul 15 10:42:02 2026","1000","The main experiment item","False","V7_AttentionalSpatialBias_.osexp","C:\Users\plcm\Desktop\2026-EyeTracking\group-bayes\Experiment","289.48329998820554","006.png","740.98176","296.18784","True","False","mono","False","18","no","white","no","yes","RTL","740.98176","296.18784","864","7","006.png","007.png","4","psycho","Farsi","43","43","C:\Users\plcm\Desktop\2026-EyeTracking\group-bayes\Experiment\subject-54.csv","150","psycho","no","537833.514900005","Neonatal Nightingale","4.1.14","3","3","no_prime_trial_44","44","RTL","","0","down","space","down","NA","NA","down","815.7300000020768","13834.53140000347","NA","NA","815.7300000020768","2","psycho","1, 5, 6, 3, 4, 2, 1, 3, 5, 6, 2, 4, 4, 3, 5, 1, 6, 2, 6, 2, 4, 3, 1, 5, 5, 6, 1, 2, 3, 4, 6, 5, 2, 1, 4, 3, 2, 5, 4, 1, 6, 3, 5, 3, 1, 4, 6, 2","False","1024","2","48000","-16","experiment","54","even","536.0468127000058","614.0","922.0","165.0","699.0","69753.32329999947","NA","NA","4417.5983000022825","536046.7199999985","536046.7906999984","NA","20412.41400000581","52613.34870000428","NA","4417.796599998837","543660.5056999979","536035.7815000025","NA","536814.0452999942","536819.6951999998","22228.361799992854","542835.8141999925","83588.7900999951","NA","NA","83654.70970000024","536035.7571000059","543660.4711999971","542844.0334000043","536035.7002999954","537822.7823000052","537820.0147000025","83654.91339999426","536035.3788999928","537822.8379000066","537833.4773999959","20412.51419999753","Attentional Spatial Bias","0","0","0","44","اکنون چشم‌پیما را کالیبره می‌کنیم.<br><br>لطفاً نقطه متحرک را با چشمان خود دنبال کنید و سرتان را ثابت نگه دارید.<br><br>لطفاً منتظر بمانید.","از شرکت شما سپاسگزاریم!<br><br>آزمایش اکنون به پایان رسیده است.<br><br>لطفاً با آزمایشگر تماس بگیرید.","در این آزمایش، شما یک داستان کوتاه را که روی صفحه نمایش داده می‌شود، خواهید خواند.<br><br>لطفاً هر خط را با دقت بخوانید، زیرا در پایان آزمایش چند سؤال در مورد داستان از شما پرسیده خواهد شد.<br><br>پس از هر پاراگراف، یک جفت تصویر خواهید دید. به هر دو تصویر نگاه کنید و تعداد کل دایره‌ها را در دو تصویر بشمارید.<br><br>در صفحه بعد می‌توانید نمونه‌هایی از یک دایره صحیح و یک شکل نادرست را ببینید. فقط شکل‌هایی را بشمارید که با نمونه دایره صحیح مطابقت دارند.<br><br>برای شروع هر کلیدی را فشار دهید.","دایره شمارش شده را وارد کنید (۰-۳ را فشار دهید)","خوش آمدید! برای ادامه هر کلیدی را فشار دهید.","Farsi","1536","-154","154","-154","154","-267","267","-267","267"
"6","5000","8","undefined","undefined","undefined","undefined","#1a1a1a","7","psycho","True","psycho","psycho","uniform","undefined","undefined","undefined","0","NA","0","0","44","44","0","0","0","NA","0","44","44","NA","44","44","0","44","0","0","NA","0","44","44","44","44","44","44","0","44","44","44","0","92.69440228287355","Wed Jul 15 10:42:02 2026","1000","The main experiment item","False","V7_AttentionalSpatialBias_.osexp","C:\Users\plcm\Desktop\2026-EyeTracking\group-bayes\Experiment","213.37409999978263","009.png","948.864","449.11584","True","False","mono","False","18","no","white","no","yes","RTL","948.864","449.11584","864","7","008.png","009.png","4","psycho","Farsi","44","44","C:\Users\plcm\Desktop\2026-EyeTracking\group-bayes\Experiment\subject-54.csv","150","psycho","no","544842.876499999","Neonatal Nightingale","4.1.14","1","1","no_prime_trial_45","45","RTL","","0","insert","space","insert","NA","NA","insert","582.050299999537","13834.53140000347","NA","NA","582.050299999537","2","psycho","1, 5, 6, 3, 4, 2, 1, 3, 5, 6, 2, 4, 4, 3, 5, 1, 6, 2, 6, 2, 4, 3, 1, 5, 5, 6, 1, 2, 3, 4, 6, 5, 2, 1, 4, 3, 2, 5, 4, 1, 6, 3, 5, 3, 1, 4, 6, 2","False","1024","2","48000","-16","experiment","54","even","543.8201382999978","460.0","1076.0","432.0","432.0","69753.32329999947","NA","NA","4417.5983000022825","543820.0344999932","543820.1142000034","NA","20412.41400000581","52613.34870000428","NA","4417.796599998837","550436.5131999948","543807.0952999988","NA","543825.5671999941","543831.2410999933","22228.361799992854","549845.9468999936","83588.7900999951","NA","NA","83654.70970000024","543807.0741999982","550436.4784000063","549853.7890000007","543807.0186999976","544835.585599998","544831.6778000008","83654.91339999426","543806.7684999987","544835.6421000062","544842.8462000011","20412.51419999753","Attentional Spatial Bias","0","0","0","45","اکنون چشم‌پیما را کالیبره می‌کنیم.<br><br>لطفاً نقطه متحرک را با چشمان خود دنبال کنید و سرتان را ثابت نگه دارید.<br><br>لطفاً منتظر بمانید.","از شرکت شما سپاسگزاریم!<br><br>آزمایش اکنون به پایان رسیده است.<br><br>لطفاً با آزمایشگر تماس بگیرید.","در این آزمایش، شما یک داستان کوتاه را که روی صفحه نمایش داده می‌شود، خواهید خواند.<br><br>لطفاً هر خط را با دقت بخوانید، زیرا در پایان آزمایش چند سؤال در مورد داستان از شما پرسیده خواهد شد.<br><br>پس از هر پاراگراف، یک جفت تصویر خواهید دید. به هر دو تصویر نگاه کنید و تعداد کل دایره‌ها را در دو تصویر بشمارید.<br><br>در صفحه بعد می‌توانید نمونه‌هایی از یک دایره صحیح و یک شکل نادرست را ببینید. فقط شکل‌هایی را بشمارید که با نمونه دایره صحیح مطابقت دارند.<br><br>برای شروع هر کلیدی را فشار دهید.","دایره شمارش شده را وارد کنید (۰-۳ را فشار دهید)","خوش آمدید! برای ادامه هر کلیدی را فشار دهید.","Farsi","1536","-308","308","-308","308","0","0","0","0"
"6","5000","8","undefined","undefined","undefined","undefined","#1a1a1a","7","psycho","True","psycho","psycho","uniform","undefined","undefined","undefined","0","NA","0","0","45","45","0","0","0","NA","0","45","45","NA","45","45","0","45","0","0","NA","0","45","45","45","45","45","45","0","45","45","45","0","71.98921816872294","Wed Jul 15 10:42:02 2026","1000","The main experiment item","False","V7_AttentionalSpatialBias_.osexp","C:\Users\plcm\Desktop\2026-EyeTracking\group-bayes\Experiment","212.09539999836124","010.png","879.9436799999999","263.1744","True","False","mono","False","18","no","white","no","yes","RTL","879.9436799999999","263.1744","864","7","010.png","011.png","4","psycho","Farsi","45","45","C:\Users\plcm\Desktop\2026-EyeTracking\group-bayes\Experiment\subject-54.csv","150","psycho","no","552389.7647999984","Neonatal Nightingale","4.1.14","4","4","no_prime_trial_46","46","RTL","","0","down","space","down","NA","NA","down","595.1979999954347","13834.53140000347","NA","NA","595.1979999954347","2","psycho","1, 5, 6, 3, 4, 2, 1, 3, 5, 6, 2, 4, 4, 3, 5, 1, 6, 2, 6, 2, 4, 3, 1, 5, 5, 6, 1, 2, 3, 4, 6, 5, 2, 1, 4, 3, 2, 5, 4, 1, 6, 3, 5, 3, 1, 4, 6, 2","False","1024","2","48000","-16","experiment","54","even","550.5734576999967","768.0","768.0","124.0","740.0","69753.32329999947","NA","NA","4417.5983000022825","550573.3276999963","550573.4301000048","NA","20412.41400000581","52613.34870000428","NA","4417.796599998837","557996.3750000024","550561.6819999996","NA","551371.4236999949","551377.0282000041","22228.361799992854","557392.0240000007","83588.7900999951","NA","NA","83654.70970000024","550561.6513999994","557996.3403000002","557400.5794999975","550561.5833000047","552380.2405000024","552377.1795000066","83654.91339999426","550561.0269000026","552380.3067999979","552389.7307000007","20412.51419999753","Attentional Spatial Bias","0","0","0","46","اکنون چشم‌پیما را کالیبره می‌کنیم.<br><br>لطفاً نقطه متحرک را با چشمان خود دنبال کنید و سرتان را ثابت نگه دارید.<br><br>لطفاً منتظر بمانید.","از شرکت شما سپاسگزاریم!<br><br>آزمایش اکنون به پایان رسیده است.<br><br>لطفاً با آزمایشگر تماس بگیرید.","در این آزمایش، شما یک داستان کوتاه را که روی صفحه نمایش داده می‌شود، خواهید خواند.<br><br>لطفاً هر خط را با دقت بخوانید، زیرا در پایان آزمایش چند سؤال در مورد داستان از شما پرسیده خواهد شد.<br><br>پس از هر پاراگراف، یک جفت تصویر خواهید دید. به هر دو تصویر نگاه کنید و تعداد کل دایره‌ها را در دو تصویر بشمارید.<br><br>در صفحه بعد می‌توانید نمونه‌هایی از یک دایره صحیح و یک شکل نادرست را ببینید. فقط شکل‌هایی را بشمارید که با نمونه دایره صحیح مطابقت دارند.<br><br>برای شروع هر کلیدی را فشار دهید.","دایره شمارش شده را وارد کنید (۰-۳ را فشار دهید)","خوش آمدید! برای ادامه هر کلیدی را فشار دهید.","Farsi","1536","0","0","0","0","-308","308","-308","308"
"6","5000","8","undefined","undefined","undefined","undefined","#1a1a1a","7","psycho","True","psycho","psycho","uniform","undefined","undefined","undefined","0","NA","0","0","46","46","0","0","0","NA","0","46","46","NA","46","46","0","46","0","0","NA","0","46","46","46","46","46","46","0","46","46","46","0","69.40130216977782","Wed Jul 15 10:42:02 2026","1000","The main experiment item","False","V7_AttentionalSpatialBias_.osexp","C:\Users\plcm\Desktop\2026-EyeTracking\group-bayes\Experiment","187.29970000276808","013.png","895.24224","391.05504","True","False","mono","False","18","no","white","no","yes","RTL","895.24224","391.05504","864","7","012.png","013.png","4","psycho","Farsi","46","46","C:\Users\plcm\Desktop\2026-EyeTracking\group-bayes\Experiment\subject-54.csv","150","psycho","no","559422.4748999986","Neonatal Nightingale","4.1.14","6","6","no_prime_trial_47","47","RTL","","0","end","space","end","NA","NA","end","659.5736000017496","13834.53140000347","NA","NA","659.5736000017496","2","psycho","1, 5, 6, 3, 4, 2, 1, 3, 5, 6, 2, 4, 4, 3, 5, 1, 6, 2, 6, 2, 4, 3, 1, 5, 5, 6, 1, 2, 3, 4, 6, 5, 2, 1, 4, 3, 2, 5, 4, 1, 6, 3, 5, 3, 1, 4, 6, 2","False","1024","2","48000","-16","experiment","54","even","558.1325709999946","501.0","1035.0","586.0","278.0","69753.32329999947","NA","NA","4417.5983000022825","558132.4221999967","558132.5421999936","NA","20412.41400000581","52613.34870000428","NA","4417.796599998837","565092.5829000043","558121.4079000056","NA","558405.3252000012","558411.1451999925","22228.361799992854","564423.4886000049","83588.7900999951","NA","NA","83654.70970000024","558121.3857999974","565092.5373999926","564432.2440999968","558121.3325999997","559414.8832000064","559411.5974000015","83654.91339999426","558121.0050999944","559414.9326000042","559422.4216000002","20412.51419999753","Attentional Spatial Bias","0","0","0","47","اکنون چشم‌پیما را کالیبره می‌کنیم.<br><br>لطفاً نقطه متحرک را با چشمان خود دنبال کنید و سرتان را ثابت نگه دارید.<br><br>لطفاً منتظر بمانید.","از شرکت شما سپاسگزاریم!<br><br>آزمایش اکنون به پایان رسیده است.<br><br>لطفاً با آزمایشگر تماس بگیرید.","در این آزمایش، شما یک داستان کوتاه را که روی صفحه نمایش داده می‌شود، خواهید خواند.<br><br>لطفاً هر خط را با دقت بخوانید، زیرا در پایان آزمایش چند سؤال در مورد داستان از شما پرسیده خواهد شد.<br><br>پس از هر پاراگراف، یک جفت تصویر خواهید دید. به هر دو تصویر نگاه کنید و تعداد کل دایره‌ها را در دو تصویر بشمارید.<br><br>در صفحه بعد می‌توانید نمونه‌هایی از یک دایره صحیح و یک شکل نادرست را ببینید. فقط شکل‌هایی را بشمارید که با نمونه دایره صحیح مطابقت دارند.<br><br>برای شروع هر کلیدی را فشار دهید.","دایره شمارش شده را وارد کنید (۰-۳ را فشار دهید)","خوش آمدید! برای ادامه هر کلیدی را فشار دهید.","Farsi","1536","-267","267","-267","267","154","-154","154","-154"
"6","5000","8","undefined","undefined","undefined","undefined","#1a1a1a","7","psycho","True","psycho","psycho","uniform","undefined","undefined","undefined","0","NA","0","0","47","47","0","0","0","NA","0","47","47","NA","47","47","0","47","0","0","NA","0","47","47","47","47","47","47","0","47","47","47","0","99.44469945838243","Wed Jul 15 10:42:02 2026","1000","The main experiment item","False","V7_AttentionalSpatialBias_.osexp","C:\Users\plcm\Desktop\2026-EyeTracking\group-bayes\Experiment","194.30460000876337","015.png","968.7244800000001","479.90016","True","False","mono","False","18","no","white","no","yes","RTL","968.7244800000001","479.90016","864","7","014.png","015.png","4","psycho","Farsi","47","47","C:\Users\plcm\Desktop\2026-EyeTracking\group-bayes\Experiment\subject-54.csv","150","psycho","no","567085.8314999932","Neonatal Nightingale","4.1.14","2","2","no_prime_trial_48","48","RTL","","0","end","space","end","NA","NA","end","540.5885999934981","13834.53140000347","NA","NA","540.5885999934981","2","psycho","1, 5, 6, 3, 4, 2, 1, 3, 5, 6, 2, 4, 4, 3, 5, 1, 6, 2, 6, 2, 4, 3, 1, 5, 5, 6, 1, 2, 3, 4, 6, 5, 2, 1, 4, 3, 2, 5, 4, 1, 6, 3, 5, 3, 1, 4, 6, 2","False","1024","2","48000","-16","experiment","54","even","565.2635271000036","501.0","1035.0","278.0","586.0","69753.32329999947","NA","NA","4417.5983000022825","565263.4431000042","565263.5065000068","NA","20412.41400000581","52613.34870000428","NA","4417.796599998837","572636.541800006","565252.3931000032","NA","566067.1565999946","566072.5760000059","22228.361799992854","572087.3037999991","83588.7900999951","NA","NA","83654.70970000024","565252.3699000012","572636.5102999989","572095.246900004","565252.3141999991","567076.0753000068","567072.7584999986","83654.91339999426","565251.9982999947","567076.1368999956","567085.7989999931","20412.51419999753","Attentional Spatial Bias","0","0","0","48","اکنون چشم‌پیما را کالیبره می‌کنیم.<br><br>لطفاً نقطه متحرک را با چشمان خود دنبال کنید و سرتان را ثابت نگه دارید.<br><br>لطفاً منتظر بمانید.","از شرکت شما سپاسگزاریم!<br><br>آزمایش اکنون به پایان رسیده است.<br><br>لطفاً با آزمایشگر تماس بگیرید.","در این آزمایش، شما یک داستان کوتاه را که روی صفحه نمایش داده می‌شود، خواهید خواند.<br><br>لطفاً هر خط را با دقت بخوانید، زیرا در پایان آزمایش چند سؤال در مورد داستان از شما پرسیده خواهد شد.<br><br>پس از هر پاراگراف، یک جفت تصویر خواهید دید. به هر دو تصویر نگاه کنید و تعداد کل دایره‌ها را در دو تصویر بشمارید.<br><br>در صفحه بعد می‌توانید نمونه‌هایی از یک دایره صحیح و یک شکل نادرست را ببینید. فقط شکل‌هایی را بشمارید که با نمونه دایره صحیح مطابقت دارند.<br><br>برای شروع هر کلیدی را فشار دهید.","دایره شمارش شده را وارد کنید (۰-۳ را فشار دهید)","خوش آمدید! برای ادامه هر کلیدی را فشار دهید.","Farsi","1536","-267","267","-267","267","-154","154","-154","154"
