"BLOCK_SIZE","DEADLINE_MS","acc","accuracy","average_response_time","avg_rt","background","block_index","canvas_backend","central_fixation","clock_backend","color_backend","coordinates","correct","correct_Circle","correct_response_prompt","count_Circle","count_calibration_note","count_epilogue","count_experiment","count_fixation","count_fixation_cross_inline_script","count_goodbye","count_init_experiment","count_instructions","count_iti","count_language_selection","count_log_trial","count_new_1_pygaze_log","count_new_1_sketchpad","count_new_2_pygaze_log","count_new_advanced_delay","count_new_pygaze_init","count_new_pygaze_log","count_new_pygaze_start_recording","count_new_pygaze_stop_recording","count_new_sketchpad","count_position_randomization_inline_script","count_prime_display","count_record_response","count_response_prompt","count_set_prime","count_stimulus_display","count_stimulus_positions_inline_script","count_trial_loop","count_trial_sequence","count_trigger_fixation","count_trigger_stimulus","count_welcome","d","datetime","delay_new_advanced_delay","description","disable_garbage_collection","experiment_file","experiment_path","first_fix_rt","first_fix_side","first_fix_x","first_fix_y","font_bold","font_family","font_italic","font_size","font_underline","foreground","form_clicks","fullscreen","group","gx","gy","height","idx","img_left","img_right","key","keyboard_backend","lang","live_row","live_row_trial_loop","logfile","margin","mouse_backend","mouse_simulation","onset","opensesame_codename","opensesame_version","pos","position","prime_condition","prime_index","prime_lang","prime_text","repeat_cycle","response","response_Circle","response_count","response_new_1_sketchpad","response_new_sketchpad","response_response_prompt","response_time","response_time_Circle","response_time_new_1_sketchpad","response_time_new_sketchpad","response_time_response_prompt","round_decimals","sampler_backend","seq","show_prime","sound_buf_size","sound_channels","sound_freq","sound_sample_size","start","subject_nr","subject_parity","t0","target_x_left","target_x_right","target_y_left","target_y_right","time_Circle","time_calibration_note","time_epilogue","time_experiment","time_fixation","time_fixation_cross_inline_script","time_goodbye","time_init_experiment","time_instructions","time_iti","time_language_selection","time_log_trial","time_new_1_pygaze_log","time_new_1_sketchpad","time_new_2_pygaze_log","time_new_advanced_delay","time_new_pygaze_init","time_new_pygaze_log","time_new_pygaze_start_recording","time_new_pygaze_stop_recording","time_new_sketchpad","time_position_randomization_inline_script","time_prime_display","time_record_response","time_response_prompt","time_set_prime","time_stimulus_display","time_stimulus_positions_inline_script","time_trial_loop","time_trial_sequence","time_trigger_fixation","time_trigger_stimulus","time_welcome","title","total_correct","total_response_time","total_responses","trial_nr","txt_calibration","txt_goodbye","txt_instructions","txt_response_prompt","txt_welcome","ui_language","width","xL","xR","x_left","x_right","yL","yR","y_left","y_right"
"8","5000","undefined","undefined","undefined","undefined","#1a1a1a","0","psycho","False","psycho","psycho","uniform","undefined","undefined","undefined","0","NA","0","0","0","0","0","0","0","NA","0","0","0","NA","0","0","0","0","0","0","NA","0","0","0","0","0","0","0","0","0","0","0","0","363.05606218345946","Mon Jul  6 20:33:59 2026","1000","The main experiment item","False","V6_02_AttentionalSpatialBias_fixed.osexp","C:\Users\plcm\Downloads","31.195200000176555","000.png","942.9696","535.9176","False","mono","False","18","no","white","no","yes","RTL","942.9696","535.9176","1080","0","000.png","001.png","3","psycho","Arabic","0","0","C:\Users\plcm\Downloads\subject-44.csv","204","psycho","yes","93400.27789999977","Neonatal Nightingale","4.1.14","2","2","prime_1","1","RTL","في مزرعة مشمسة، كانت البطة الأم تنتظر فقس بيضها. انفتحت البيضات واحدة تلو الأخرى، وخرج منها فراخ البط الصفراء الناعمة. كانت إحدى البيضات أكبر حجماً واستغرق فقسها وقتاً أطول.","0","2","space","2","NA","NA","2","4761.707800000295","2162.5251000000426","NA","NA","4761.707800000295","2","psycho","2,4,1,2,4,3,5,6,6,6,2,6,5,3,4,6,4,6,4,2,3,1,5,4,1,6,5,4,1,3,5,2,3,5,1,1,2,5,2,1,3,1,6,2,3,5,4,3","True","1024","2","48000","-16","experiment","44","even","90.81858749999992","1013.0","1547.0","566.0","874.0","74304.26219999981","NA","NA","4374.676299999919","90818.5097999999","90818.5696999999","NA","14939.962899999955","48771.884599999794","NA","4374.847699999918","103235.33429999997","90779.32580000015","NA","92321.2281000001","92362.26609999995","17331.34710000013","98435.34240000008","76467.40910000016","NA","NA","77398.57940000002","77507.02520000005","103235.30720000008","98473.07139999975","77506.93589999992","93434.9984999999","93362.52229999991","77398.7702999998","77505.73900000018","93362.55560000018","93400.20890000006","14940.057299999808","Attentional Spatial Bias - DEMO","0","0","0","1","سنقوم الآن بمعايرة جهاز تتبع العين.<br><br>يرجى تتبع النقطة المتحركة بعينيك وإبقاء رأسك ثابتًا.<br><br>يرجى الانتظار.","شكرًا على مشاركتك!<br><br>انتهت التجربة الآن.<br><br>يرجى الاتصال بالباحث.","في هذه التجربة، ستقرأ قصة قصيرة معروضة على الشاشة.<br><br>يرجى قراءة كل سطر بعناية، حيث سيُطرح عليك بعض الأسئلة حول القصة في نهاية التجربة.<br><br>بعد كل فقرة، سترى صورتين. انظر إلى كلتا الصورتين واحسب العدد الإجمالي للدوائر الموجودة في الصورتين.<br><br>في الشاشة التالية، سترى أمثلة على دائرة صحيحة وشكل غير صحيح. احسب فقط الأشكال التي تتطابق مع مثال الدائرة الصحيحة.<br><br>اضغط على أي مفتاح للبدء.","أدخل عدد الدوائر (اضغط على 0-3)","مرحبًا! اضغط على أي مفتاح للمتابعة.","Arabic","1920","-267","267","-267","267","-154","154","-154","154"
"8","5000","undefined","undefined","undefined","undefined","#1a1a1a","0","psycho","False","psycho","psycho","uniform","undefined","undefined","undefined","0","NA","0","0","1","1","0","0","0","NA","0","1","1","NA","1","1","0","1","0","0","NA","0","1","1","1","1","1","1","0","1","1","1","0","378.3710256105771","Mon Jul  6 20:33:59 2026","1000","The main experiment item","False","V6_02_AttentionalSpatialBias_fixed.osexp","C:\Users\plcm\Downloads","-1","none","-1","-1","False","mono","False","18","no","white","no","yes","RTL","965.2800000000001","546.5016","1080","0","002.png","003.png","3","psycho","Arabic","1","1","C:\Users\plcm\Downloads\subject-44.csv","204","psycho","yes","105898.19320000015","Neonatal Nightingale","4.1.14","4","4","no_prime_trial_2","2","RTL","","0","1","space","1","NA","NA","1","3673.680200000046","2162.5251000000426","NA","NA","3673.680200000046","2","psycho","2, 4, 1, 2, 4, 3, 5, 6, 6, 6, 2, 6, 5, 3, 4, 6, 4, 6, 4, 2, 3, 1, 5, 4, 1, 6, 5, 4, 1, 3, 5, 2, 3, 5, 1, 1, 2, 5, 2, 1, 3, 1, 6, 2, 3, 5, 4, 3","False","1024","2","48000","-16","experiment","44","even","103.36397299999999","1280.0","1280.0","412.0","1028.0","74304.26219999981","NA","NA","4374.676299999919","103363.88029999989","103363.95249999987","NA","14939.962899999955","48771.884599999794","NA","4374.847699999918","119587.72520000002","103350.5811","NA","104865.89640000011","104871.50370000018","17331.34710000013","115904.63850000015","76467.40910000016","NA","NA","77398.57940000002","103350.56159999977","119587.69639999991","115913.19049999992","103350.52159999986","110904.4055999998","105872.13599999995","77398.7702999998","103350.27820000004","105872.20489999981","105898.15099999987","14940.057299999808","Attentional Spatial Bias - DEMO","0","0","0","2","سنقوم الآن بمعايرة جهاز تتبع العين.<br><br>يرجى تتبع النقطة المتحركة بعينيك وإبقاء رأسك ثابتًا.<br><br>يرجى الانتظار.","شكرًا على مشاركتك!<br><br>انتهت التجربة الآن.<br><br>يرجى الاتصال بالباحث.","في هذه التجربة، ستقرأ قصة قصيرة معروضة على الشاشة.<br><br>يرجى قراءة كل سطر بعناية، حيث سيُطرح عليك بعض الأسئلة حول القصة في نهاية التجربة.<br><br>بعد كل فقرة، سترى صورتين. انظر إلى كلتا الصورتين واحسب العدد الإجمالي للدوائر الموجودة في الصورتين.<br><br>في الشاشة التالية، سترى أمثلة على دائرة صحيحة وشكل غير صحيح. احسب فقط الأشكال التي تتطابق مع مثال الدائرة الصحيحة.<br><br>اضغط على أي مفتاح للبدء.","أدخل عدد الدوائر (اضغط على 0-3)","مرحبًا! اضغط على أي مفتاح للمتابعة.","Arabic","1920","0","0","0","0","-308","308","-308","308"
"8","5000","undefined","undefined","undefined","undefined","#1a1a1a","0","psycho","False","psycho","psycho","uniform","undefined","undefined","undefined","0","NA","0","0","2","2","0","0","0","NA","0","2","2","NA","2","2","0","2","0","0","NA","0","2","2","2","2","2","2","0","2","2","2","0","400.54383436363116","Mon Jul  6 20:33:59 2026","1000","The main experiment item","False","V6_02_AttentionalSpatialBias_fixed.osexp","C:\Users\plcm\Downloads","60.35179999981483","004.png","906.5663999999999","518.5404","False","mono","False","18","no","white","no","yes","RTL","906.5663999999999","518.5404","1080","0","004.png","005.png","3","psycho","Arabic","2","2","C:\Users\plcm\Downloads\subject-44.csv","204","psycho","yes","122276.15400000013","Neonatal Nightingale","4.1.14","1","1","no_prime_trial_3","3","RTL","","0","2","space","2","NA","NA","2","1902.0561000002053","2162.5251000000426","NA","NA","1902.0561000002053","2","psycho","2, 4, 1, 2, 4, 3, 5, 6, 6, 6, 2, 6, 5, 3, 4, 6, 4, 6, 4, 2, 3, 1, 5, 4, 1, 6, 5, 4, 1, 3, 5, 2, 3, 5, 1, 1, 2, 5, 2, 1, 3, 1, 6, 2, 3, 5, 4, 3","False","1024","2","48000","-16","experiment","44","even","119.73247450000008","972.0","1588.0","720.0","720.0","74304.26219999981","NA","NA","4374.676299999919","119732.30999999987","119732.44979999981","NA","14939.962899999955","48771.884599999794","NA","4374.847699999918","129251.37039999981","119719.98110000003","NA","121236.11560000018","121241.55549999978","17331.34710000013","127341.08590000005","76467.40910000016","NA","NA","77398.57940000002","119719.96129999979","129251.34260000005","127348.75749999992","119719.90580000011","122340.79999999994","122241.74459999995","77398.7702999998","119719.22189999986","122241.78050000001","122276.07209999996","14940.057299999808","Attentional Spatial Bias - DEMO","0","0","0","3","سنقوم الآن بمعايرة جهاز تتبع العين.<br><br>يرجى تتبع النقطة المتحركة بعينيك وإبقاء رأسك ثابتًا.<br><br>يرجى الانتظار.","شكرًا على مشاركتك!<br><br>انتهت التجربة الآن.<br><br>يرجى الاتصال بالباحث.","في هذه التجربة، ستقرأ قصة قصيرة معروضة على الشاشة.<br><br>يرجى قراءة كل سطر بعناية، حيث سيُطرح عليك بعض الأسئلة حول القصة في نهاية التجربة.<br><br>بعد كل فقرة، سترى صورتين. انظر إلى كلتا الصورتين واحسب العدد الإجمالي للدوائر الموجودة في الصورتين.<br><br>في الشاشة التالية، سترى أمثلة على دائرة صحيحة وشكل غير صحيح. احسب فقط الأشكال التي تتطابق مع مثال الدائرة الصحيحة.<br><br>اضغط على أي مفتاح للبدء.","أدخل عدد الدوائر (اضغط على 0-3)","مرحبًا! اضغط على أي مفتاح للمتابعة.","Arabic","1920","-308","308","-308","308","0","0","0","0"
"8","5000","undefined","undefined","undefined","undefined","#1a1a1a","0","psycho","False","psycho","psycho","uniform","undefined","undefined","undefined","0","NA","0","0","3","3","0","0","0","NA","0","3","3","NA","3","3","0","3","0","0","NA","0","3","3","3","3","3","3","0","3","3","3","0","383.780338873997","Mon Jul  6 20:33:59 2026","1000","The main experiment item","False","V6_02_AttentionalSpatialBias_fixed.osexp","C:\Users\plcm\Downloads","30.33499999990454","006.png","974.2464","475.794","False","mono","False","18","no","white","no","yes","RTL","974.2464","475.794","1080","0","006.png","007.png","3","psycho","Arabic","3","3","C:\Users\plcm\Downloads\subject-44.csv","204","psycho","yes","131940.96330000003","Neonatal Nightingale","4.1.14","2","2","no_prime_trial_4","4","RTL","","0","2","space","2","NA","NA","2","1556.297199999768","2162.5251000000426","NA","NA","1556.297199999768","2","psycho","2, 4, 1, 2, 4, 3, 5, 6, 6, 6, 2, 6, 5, 3, 4, 6, 4, 6, 4, 2, 3, 1, 5, 4, 1, 6, 5, 4, 1, 3, 5, 2, 3, 5, 1, 1, 2, 5, 2, 1, 3, 1, 6, 2, 3, 5, 4, 3","False","1024","2","48000","-16","experiment","44","even","129.3958035999999","1013.0","1547.0","566.0","874.0","74304.26219999981","NA","NA","4374.676299999919","129395.70700000013","129395.77599999984","NA","14939.962899999955","48771.884599999794","NA","4374.847699999918","138539.84979999997","129384.82829999976","NA","130897.39800000007","130902.93939999992","17331.34710000013","136974.54030000017","76467.40910000016","NA","NA","77398.57940000002","129384.80889999983","138539.8194999998","136982.5301000001","129384.76579999996","131974.39720000012","131903.0235","77398.7702999998","129384.42579999991","131903.05959999977","131940.9096999998","14940.057299999808","Attentional Spatial Bias - DEMO","0","0","0","4","سنقوم الآن بمعايرة جهاز تتبع العين.<br><br>يرجى تتبع النقطة المتحركة بعينيك وإبقاء رأسك ثابتًا.<br><br>يرجى الانتظار.","شكرًا على مشاركتك!<br><br>انتهت التجربة الآن.<br><br>يرجى الاتصال بالباحث.","في هذه التجربة، ستقرأ قصة قصيرة معروضة على الشاشة.<br><br>يرجى قراءة كل سطر بعناية، حيث سيُطرح عليك بعض الأسئلة حول القصة في نهاية التجربة.<br><br>بعد كل فقرة، سترى صورتين. انظر إلى كلتا الصورتين واحسب العدد الإجمالي للدوائر الموجودة في الصورتين.<br><br>في الشاشة التالية، سترى أمثلة على دائرة صحيحة وشكل غير صحيح. احسب فقط الأشكال التي تتطابق مع مثال الدائرة الصحيحة.<br><br>اضغط على أي مفتاح للبدء.","أدخل عدد الدوائر (اضغط على 0-3)","مرحبًا! اضغط على أي مفتاح للمتابعة.","Arabic","1920","-267","267","-267","267","-154","154","-154","154"
"8","5000","undefined","undefined","undefined","undefined","#1a1a1a","0","psycho","False","psycho","psycho","uniform","undefined","undefined","undefined","0","NA","0","0","4","4","0","0","0","NA","0","4","4","NA","4","4","0","4","0","0","NA","0","4","4","4","4","4","4","0","4","4","4","0","370.67723991289233","Mon Jul  6 20:33:59 2026","1000","The main experiment item","False","V6_02_AttentionalSpatialBias_fixed.osexp","C:\Users\plcm\Downloads","-1","none","-1","-1","False","mono","False","18","no","white","no","yes","RTL","935.4431999999999","527.526","1080","0","008.png","009.png","3","psycho","Arabic","4","4","C:\Users\plcm\Downloads\subject-44.csv","204","psycho","yes","141226.22899999988","Neonatal Nightingale","4.1.14","4","4","no_prime_trial_5","5","RTL","","0","0","space","0","NA","NA","0","2696.8271999999124","2162.5251000000426","NA","NA","2696.8271999999124","2","psycho","2, 4, 1, 2, 4, 3, 5, 6, 6, 6, 2, 6, 5, 3, 4, 6, 4, 6, 4, 2, 3, 1, 5, 4, 1, 6, 5, 4, 1, 3, 5, 2, 3, 5, 1, 1, 2, 5, 2, 1, 3, 1, 6, 2, 3, 5, 4, 3","False","1024","2","48000","-16","experiment","44","even","138.67594989999998","1280.0","1280.0","412.0","1028.0","74304.26219999981","NA","NA","4374.676299999919","138675.78379999986","138675.9173999999","NA","14939.962899999955","48771.884599999794","NA","4374.847699999918","153939.4953000001","138664.6409","NA","140177.61539999992","140183.33500000017","17331.34710000013","151233.698","76467.40910000016","NA","NA","77398.57940000002","138664.61639999988","153939.46370000002","151241.99020000015","138664.54870000007","146233.31030000007","141183.9120999998","77398.7702999998","138663.77199999988","141183.95009999996","141226.17979999995","14940.057299999808","Attentional Spatial Bias - DEMO","0","0","0","5","سنقوم الآن بمعايرة جهاز تتبع العين.<br><br>يرجى تتبع النقطة المتحركة بعينيك وإبقاء رأسك ثابتًا.<br><br>يرجى الانتظار.","شكرًا على مشاركتك!<br><br>انتهت التجربة الآن.<br><br>يرجى الاتصال بالباحث.","في هذه التجربة، ستقرأ قصة قصيرة معروضة على الشاشة.<br><br>يرجى قراءة كل سطر بعناية، حيث سيُطرح عليك بعض الأسئلة حول القصة في نهاية التجربة.<br><br>بعد كل فقرة، سترى صورتين. انظر إلى كلتا الصورتين واحسب العدد الإجمالي للدوائر الموجودة في الصورتين.<br><br>في الشاشة التالية، سترى أمثلة على دائرة صحيحة وشكل غير صحيح. احسب فقط الأشكال التي تتطابق مع مثال الدائرة الصحيحة.<br><br>اضغط على أي مفتاح للبدء.","أدخل عدد الدوائر (اضغط على 0-3)","مرحبًا! اضغط على أي مفتاح للمتابعة.","Arabic","1920","0","0","0","0","-308","308","-308","308"
"8","5000","undefined","undefined","undefined","undefined","#1a1a1a","0","psycho","False","psycho","psycho","uniform","undefined","undefined","undefined","0","NA","0","0","5","5","0","0","0","NA","0","5","5","NA","5","5","0","5","0","0","NA","0","5","5","5","5","5","5","0","5","5","5","0","388.2637404816474","Mon Jul  6 20:33:59 2026","1000","The main experiment item","False","V6_02_AttentionalSpatialBias_fixed.osexp","C:\Users\plcm\Downloads","32.230500000412576","010.png","969.0816","502.74","False","mono","False","18","no","white","no","yes","RTL","969.0816","502.74","1080","0","010.png","011.png","3","psycho","Arabic","5","5","C:\Users\plcm\Downloads\subject-44.csv","204","psycho","yes","156627.06339999978","Neonatal Nightingale","4.1.14","3","3","no_prime_trial_6","6","RTL","","0","2","space","2","NA","NA","2","1307.28900000031","2162.5251000000426","NA","NA","1307.28900000031","2","psycho","2, 4, 1, 2, 4, 3, 5, 6, 6, 6, 2, 6, 5, 3, 4, 6, 4, 6, 4, 2, 3, 1, 5, 4, 1, 6, 5, 4, 1, 3, 5, 2, 3, 5, 1, 1, 2, 5, 2, 1, 3, 1, 6, 2, 3, 5, 4, 3","False","1024","2","48000","-16","experiment","44","even","154.08576989999983","1126.0","1434.0","453.0","987.0","74304.26219999981","NA","NA","4374.676299999919","154085.59530000002","154085.73990000013","NA","14939.962899999955","48771.884599999794","NA","4374.847699999918","162979.24280000007","154072.59829999975","NA","155589.72850000008","155595.3202999999","17331.34710000013","161663.40369999988","76467.40910000016","NA","NA","77398.57940000002","154072.56860000006","162979.21820000012","161671.46349999984","154072.50329999987","156662.69169999988","156595.5478000001","77398.7702999998","154072.24459999998","156595.58789999984","156626.99440000005","14940.057299999808","Attentional Spatial Bias - DEMO","0","0","0","6","سنقوم الآن بمعايرة جهاز تتبع العين.<br><br>يرجى تتبع النقطة المتحركة بعينيك وإبقاء رأسك ثابتًا.<br><br>يرجى الانتظار.","شكرًا على مشاركتك!<br><br>انتهت التجربة الآن.<br><br>يرجى الاتصال بالباحث.","في هذه التجربة، ستقرأ قصة قصيرة معروضة على الشاشة.<br><br>يرجى قراءة كل سطر بعناية، حيث سيُطرح عليك بعض الأسئلة حول القصة في نهاية التجربة.<br><br>بعد كل فقرة، سترى صورتين. انظر إلى كلتا الصورتين واحسب العدد الإجمالي للدوائر الموجودة في الصورتين.<br><br>في الشاشة التالية، سترى أمثلة على دائرة صحيحة وشكل غير صحيح. احسب فقط الأشكال التي تتطابق مع مثال الدائرة الصحيحة.<br><br>اضغط على أي مفتاح للبدء.","أدخل عدد الدوائر (اضغط على 0-3)","مرحبًا! اضغط على أي مفتاح للمتابعة.","Arabic","1920","-154","154","-154","154","-267","267","-267","267"
"8","5000","undefined","undefined","undefined","undefined","#1a1a1a","0","psycho","False","psycho","psycho","uniform","undefined","undefined","undefined","0","NA","0","0","6","6","0","0","0","NA","0","6","6","NA","6","6","0","6","0","0","NA","0","6","6","6","6","6","6","0","6","6","6","0","548.7354872221771","Mon Jul  6 20:33:59 2026","1000","The main experiment item","False","V6_02_AttentionalSpatialBias_fixed.osexp","C:\Users\plcm\Downloads","2194.749400000088","012.png","937.1328000000001","960.0876000000001","False","mono","False","18","no","white","no","yes","RTL","937.1328000000001","960.0876000000001","1080","0","012.png","013.png","3","psycho","Arabic","6","6","C:\Users\plcm\Downloads\subject-44.csv","204","psycho","yes","165660.5491999999","Neonatal Nightingale","4.1.14","5","5","no_prime_trial_7","7","RTL","","0","1","space","1","NA","NA","1","2796.6705999997503","2162.5251000000426","NA","NA","2796.6705999997503","2","psycho","2, 4, 1, 2, 4, 3, 5, 6, 6, 6, 2, 6, 5, 3, 4, 6, 4, 6, 4, 2, 3, 1, 5, 4, 1, 6, 5, 4, 1, 3, 5, 2, 3, 5, 1, 1, 2, 5, 2, 1, 3, 1, 6, 2, 3, 5, 4, 3","False","1024","2","48000","-16","experiment","44","even","163.11938809999992","1126.0","1434.0","987.0","453.0","74304.26219999981","NA","NA","4374.676299999919","163119.24910000016","163119.35730000003","NA","14939.962899999955","48771.884599999794","NA","4374.847699999918","175667.4745","163107.19629999995","NA","164622.18119999988","164627.28849999985","17331.34710000013","172861.72570000007","76467.40910000016","NA","NA","77398.57940000002","163107.1738999999","175667.44949999976","172870.06250000012","163107.10680000013","167861.15059999976","165627.65309999985","77398.7702999998","163106.39119999995","165627.6922000002","165660.5109000002","14940.057299999808","Attentional Spatial Bias - DEMO","0","0","0","7","سنقوم الآن بمعايرة جهاز تتبع العين.<br><br>يرجى تتبع النقطة المتحركة بعينيك وإبقاء رأسك ثابتًا.<br><br>يرجى الانتظار.","شكرًا على مشاركتك!<br><br>انتهت التجربة الآن.<br><br>يرجى الاتصال بالباحث.","في هذه التجربة، ستقرأ قصة قصيرة معروضة على الشاشة.<br><br>يرجى قراءة كل سطر بعناية، حيث سيُطرح عليك بعض الأسئلة حول القصة في نهاية التجربة.<br><br>بعد كل فقرة، سترى صورتين. انظر إلى كلتا الصورتين واحسب العدد الإجمالي للدوائر الموجودة في الصورتين.<br><br>في الشاشة التالية، سترى أمثلة على دائرة صحيحة وشكل غير صحيح. احسب فقط الأشكال التي تتطابق مع مثال الدائرة الصحيحة.<br><br>اضغط على أي مفتاح للبدء.","أدخل عدد الدوائر (اضغط على 0-3)","مرحبًا! اضغط على أي مفتاح للمتابعة.","Arabic","1920","-154","154","-154","154","267","-267","267","-267"
"8","5000","undefined","undefined","undefined","undefined","#1a1a1a","0","psycho","False","psycho","psycho","uniform","undefined","undefined","undefined","0","NA","0","0","7","7","0","0","0","NA","0","7","7","NA","7","7","0","7","0","0","NA","0","7","7","7","7","7","7","0","7","7","7","0","396.8213022122679","Mon Jul  6 20:33:59 2026","1000","The main experiment item","False","V6_02_AttentionalSpatialBias_fixed.osexp","C:\Users\plcm\Downloads","-1","none","-1","-1","False","mono","False","18","no","white","no","yes","RTL","910.9248","517.5792","1080","0","014.png","015.png","3","psycho","Arabic","7","7","C:\Users\plcm\Downloads\subject-44.csv","204","psycho","yes","178351.3259000001","Neonatal Nightingale","4.1.14","6","6","no_prime_trial_8","8","RTL","","0","1","space","1","NA","NA","1","2962.013299999875","2162.5251000000426","NA","NA","2962.013299999875","2","psycho","2, 4, 1, 2, 4, 3, 5, 6, 6, 6, 2, 6, 5, 3, 4, 6, 4, 6, 4, 2, 3, 1, 5, 4, 1, 6, 5, 4, 1, 3, 5, 2, 3, 5, 1, 1, 2, 5, 2, 1, 3, 1, 6, 2, 3, 5, 4, 3","False","1024","2","48000","-16","experiment","44","even","175.81615580000016","1013.0","1547.0","874.0","566.0","74304.26219999981","NA","NA","4374.676299999919","175816.05360000004","175816.1344","NA","14939.962899999955","48771.884599999794","NA","4374.847699999918","191331.4891","175804.48200000002","NA","177319.2174999999","177325.16080000004","17331.34710000013","188360.64299999998","76467.40910000016","NA","NA","77398.57940000002","175804.46170000004","191331.45239999978","188368.82220000005","175804.40850000014","183360.3938000001","178325.34170000008","77398.7702999998","175803.8019999999","178325.37760000012","178351.2867999998","14940.057299999808","Attentional Spatial Bias - DEMO","0","0","0","8","سنقوم الآن بمعايرة جهاز تتبع العين.<br><br>يرجى تتبع النقطة المتحركة بعينيك وإبقاء رأسك ثابتًا.<br><br>يرجى الانتظار.","شكرًا على مشاركتك!<br><br>انتهت التجربة الآن.<br><br>يرجى الاتصال بالباحث.","في هذه التجربة، ستقرأ قصة قصيرة معروضة على الشاشة.<br><br>يرجى قراءة كل سطر بعناية، حيث سيُطرح عليك بعض الأسئلة حول القصة في نهاية التجربة.<br><br>بعد كل فقرة، سترى صورتين. انظر إلى كلتا الصورتين واحسب العدد الإجمالي للدوائر الموجودة في الصورتين.<br><br>في الشاشة التالية، سترى أمثلة على دائرة صحيحة وشكل غير صحيح. احسب فقط الأشكال التي تتطابق مع مثال الدائرة الصحيحة.<br><br>اضغط على أي مفتاح للبدء.","أدخل عدد الدوائر (اضغط على 0-3)","مرحبًا! اضغط على أي مفتاح للمتابعة.","Arabic","1920","-267","267","-267","267","154","-154","154","-154"
"8","5000","undefined","undefined","undefined","undefined","#1a1a1a","1","psycho","False","psycho","psycho","uniform","undefined","undefined","undefined","0","NA","0","0","8","8","0","0","0","NA","0","8","8","NA","8","8","0","8","0","0","NA","0","8","8","8","8","8","8","0","8","8","8","0","375.73410680916373","Mon Jul  6 20:33:59 2026","1000","The main experiment item","False","V6_02_AttentionalSpatialBias_fixed.osexp","C:\Users\plcm\Downloads","252.35089999978663","000.png","923.2704","844.5384","False","mono","False","18","no","white","no","yes","RTL","923.2704","844.5384","1080","1","000.png","001.png","3","psycho","Arabic","8","8","C:\Users\plcm\Downloads\subject-44.csv","204","psycho","yes","204886.6938000001","Neonatal Nightingale","4.1.14","6","6","prime_2","9","RTL","خرج طائر رمادي كبير من البيضة الأخيرة. بدا مختلفًا عن الآخرين. ضحك صغار البط ووصفوه بأنه قبيح. حزينًا ووحيدًا، هرب من المزرعة.","0","2","space","2","NA","NA","2","1641.4113000000652","2162.5251000000426","NA","NA","1641.4113000000652","2","psycho","2, 4, 1, 2, 4, 3, 5, 6, 6, 6, 2, 6, 5, 3, 4, 6, 4, 6, 4, 2, 3, 1, 5, 4, 1, 6, 5, 4, 1, 3, 5, 2, 3, 5, 1, 1, 2, 5, 2, 1, 3, 1, 6, 2, 3, 5, 4, 3","True","1024","2","48000","-16","experiment","44","even","202.35632870000018","1013.0","1547.0","874.0","566.0","74304.26219999981","NA","NA","4374.676299999919","202356.2597","202356.31160000002","NA","14939.962899999955","48771.884599999794","NA","4374.847699999918","211795.41590000008","202347.11930000002","NA","203858.21099999975","203863.66550000003","17331.34710000013","210145.35269999987","76467.40910000016","NA","NA","77398.57940000002","191463.23919999987","211795.38730000012","210153.3132999998","191463.1902000001","205145.25289999985","204863.94519999975","77398.7702999998","191462.64789999987","204863.98379999993","204886.6449000002","14940.057299999808","Attentional Spatial Bias - DEMO","0","0","0","9","سنقوم الآن بمعايرة جهاز تتبع العين.<br><br>يرجى تتبع النقطة المتحركة بعينيك وإبقاء رأسك ثابتًا.<br><br>يرجى الانتظار.","شكرًا على مشاركتك!<br><br>انتهت التجربة الآن.<br><br>يرجى الاتصال بالباحث.","في هذه التجربة، ستقرأ قصة قصيرة معروضة على الشاشة.<br><br>يرجى قراءة كل سطر بعناية، حيث سيُطرح عليك بعض الأسئلة حول القصة في نهاية التجربة.<br><br>بعد كل فقرة، سترى صورتين. انظر إلى كلتا الصورتين واحسب العدد الإجمالي للدوائر الموجودة في الصورتين.<br><br>في الشاشة التالية، سترى أمثلة على دائرة صحيحة وشكل غير صحيح. احسب فقط الأشكال التي تتطابق مع مثال الدائرة الصحيحة.<br><br>اضغط على أي مفتاح للبدء.","أدخل عدد الدوائر (اضغط على 0-3)","مرحبًا! اضغط على أي مفتاح للمتابعة.","Arabic","1920","-267","267","-267","267","154","-154","154","-154"
"8","5000","undefined","undefined","undefined","undefined","#1a1a1a","1","psycho","False","psycho","psycho","uniform","undefined","undefined","undefined","0","NA","0","0","9","9","0","0","0","NA","0","9","9","NA","9","9","0","9","0","0","NA","0","9","9","9","9","9","9","0","9","9","9","0","370.14487231698894","Mon Jul  6 20:33:59 2026","1000","The main experiment item","False","V6_02_AttentionalSpatialBias_fixed.osexp","C:\Users\plcm\Downloads","3913.5540000002075","002.png","930.9312","712.0224","False","mono","False","18","no","white","no","yes","RTL","930.9312","712.0224","1080","1","002.png","003.png","3","psycho","Arabic","9","9","C:\Users\plcm\Downloads\subject-44.csv","204","psycho","yes","214450.40689999997","Neonatal Nightingale","4.1.14","6","6","no_prime_trial_10","10","RTL","","0","2","space","2","NA","NA","2","1327.1876999997476","2162.5251000000426","NA","NA","1327.1876999997476","2","psycho","2, 4, 1, 2, 4, 3, 5, 6, 6, 6, 2, 6, 5, 3, 4, 6, 4, 6, 4, 2, 3, 1, 5, 4, 1, 6, 5, 4, 1, 3, 5, 2, 3, 5, 1, 1, 2, 5, 2, 1, 3, 1, 6, 2, 3, 5, 4, 3","False","1024","2","48000","-16","experiment","44","even","211.91599570000017","1013.0","1547.0","874.0","566.0","74304.26219999981","NA","NA","4374.676299999919","211915.77580000012","211915.95529999994","NA","14939.962899999955","48771.884599999794","NA","4374.847699999918","224707.44620000006","211903.29049999992","NA","213420.42459999994","213426.23219999997","17331.34710000013","223370.29260000007","76467.40910000016","NA","NA","77398.57940000002","211903.2628","224707.40879999995","223379.54350000017","211903.19869999983","218370.1618","214426.80019999988","77398.7702999998","211902.9135999999","214426.8355999998","214450.3510999998","14940.057299999808","Attentional Spatial Bias - DEMO","0","0","0","10","سنقوم الآن بمعايرة جهاز تتبع العين.<br><br>يرجى تتبع النقطة المتحركة بعينيك وإبقاء رأسك ثابتًا.<br><br>يرجى الانتظار.","شكرًا على مشاركتك!<br><br>انتهت التجربة الآن.<br><br>يرجى الاتصال بالباحث.","في هذه التجربة، ستقرأ قصة قصيرة معروضة على الشاشة.<br><br>يرجى قراءة كل سطر بعناية، حيث سيُطرح عليك بعض الأسئلة حول القصة في نهاية التجربة.<br><br>بعد كل فقرة، سترى صورتين. انظر إلى كلتا الصورتين واحسب العدد الإجمالي للدوائر الموجودة في الصورتين.<br><br>في الشاشة التالية، سترى أمثلة على دائرة صحيحة وشكل غير صحيح. احسب فقط الأشكال التي تتطابق مع مثال الدائرة الصحيحة.<br><br>اضغط على أي مفتاح للبدء.","أدخل عدد الدوائر (اضغط على 0-3)","مرحبًا! اضغط على أي مفتاح للمتابعة.","Arabic","1920","-267","267","-267","267","154","-154","154","-154"
"8","5000","undefined","undefined","undefined","undefined","#1a1a1a","1","psycho","False","psycho","psycho","uniform","undefined","undefined","undefined","0","NA","0","0","10","10","0","0","0","NA","0","10","10","NA","10","10","0","10","0","0","NA","0","10","10","10","10","10","10","0","10","10","10","0","362.8807865178866","Mon Jul  6 20:33:59 2026","1000","The main experiment item","False","V6_02_AttentionalSpatialBias_fixed.osexp","C:\Users\plcm\Downloads","31.28639999977895","004.png","978.9312","507.49199999999996","False","mono","False","18","no","white","no","yes","RTL","978.9312","507.49199999999996","1080","1","004.png","005.png","3","psycho","Arabic","10","10","C:\Users\plcm\Downloads\subject-44.csv","204","psycho","yes","227410.14240000004","Neonatal Nightingale","4.1.14","2","2","no_prime_trial_11","11","RTL","","0","2","space","2","NA","NA","2","1377.5514999997395","2162.5251000000426","NA","NA","1377.5514999997395","2","psycho","2, 4, 1, 2, 4, 3, 5, 6, 6, 6, 2, 6, 5, 3, 4, 6, 4, 6, 4, 2, 3, 1, 5, 4, 1, 6, 5, 4, 1, 3, 5, 2, 3, 5, 1, 1, 2, 5, 2, 1, 3, 1, 6, 2, 3, 5, 4, 3","False","1024","2","48000","-16","experiment","44","even","224.86256060000005","1013.0","1547.0","566.0","874.0","74304.26219999981","NA","NA","4374.676299999919","224862.44099999976","224862.52980000016","NA","14939.962899999955","48771.884599999794","NA","4374.847699999918","233835.18760000015","224846.71769999978","NA","226363.93390000012","226369.42809999982","17331.34710000013","232446.2555","76467.40910000016","NA","NA","77398.57940000002","224846.69110000005","233835.16229999985","232457.1363","224846.63189999992","227445.7268000001","227369.53679999989","77398.7702999998","224846.31869999977","227369.57489999986","227410.09699999995","14940.057299999808","Attentional Spatial Bias - DEMO","0","0","0","11","سنقوم الآن بمعايرة جهاز تتبع العين.<br><br>يرجى تتبع النقطة المتحركة بعينيك وإبقاء رأسك ثابتًا.<br><br>يرجى الانتظار.","شكرًا على مشاركتك!<br><br>انتهت التجربة الآن.<br><br>يرجى الاتصال بالباحث.","في هذه التجربة، ستقرأ قصة قصيرة معروضة على الشاشة.<br><br>يرجى قراءة كل سطر بعناية، حيث سيُطرح عليك بعض الأسئلة حول القصة في نهاية التجربة.<br><br>بعد كل فقرة، سترى صورتين. انظر إلى كلتا الصورتين واحسب العدد الإجمالي للدوائر الموجودة في الصورتين.<br><br>في الشاشة التالية، سترى أمثلة على دائرة صحيحة وشكل غير صحيح. احسب فقط الأشكال التي تتطابق مع مثال الدائرة الصحيحة.<br><br>اضغط على أي مفتاح للبدء.","أدخل عدد الدوائر (اضغط على 0-3)","مرحبًا! اضغط على أي مفتاح للمتابعة.","Arabic","1920","-267","267","-267","267","-154","154","-154","154"
"8","5000","undefined","undefined","undefined","undefined","#1a1a1a","1","psycho","False","psycho","psycho","uniform","undefined","undefined","undefined","0","NA","0","0","11","11","0","0","0","NA","0","11","11","NA","11","11","0","11","0","0","NA","0","11","11","11","11","11","11","0","11","11","11","0","376.8071161654992","Mon Jul  6 20:33:59 2026","1000","The main experiment item","False","V6_02_AttentionalSpatialBias_fixed.osexp","C:\Users\plcm\Downloads","203.13690000012866","006.png","938.4191999999999","674.082","False","mono","False","18","no","white","no","yes","RTL","938.4191999999999","674.082","1080","1","006.png","007.png","3","psycho","Arabic","11","11","C:\Users\plcm\Downloads\subject-44.csv","204","psycho","yes","236524.7476999998","Neonatal Nightingale","4.1.14","6","6","no_prime_trial_12","12","RTL","","0","2","space","2","NA","NA","2","1475.2675999998173","2162.5251000000426","NA","NA","1475.2675999998173","2","psycho","2, 4, 1, 2, 4, 3, 5, 6, 6, 6, 2, 6, 5, 3, 4, 6, 4, 6, 4, 2, 3, 1, 5, 4, 1, 6, 5, 4, 1, 3, 5, 2, 3, 5, 1, 1, 2, 5, 2, 1, 3, 1, 6, 2, 3, 5, 4, 3","False","1024","2","48000","-16","experiment","44","even","233.98106529999995","1013.0","1547.0","874.0","566.0","74304.26219999981","NA","NA","4374.676299999919","233980.97359999974","233981.04509999984","NA","14939.962899999955","48771.884599999794","NA","4374.847699999918","243219.45199999982","233968.98449999982","NA","235482.0304","235487.9775999998","17331.34710000013","241735.84849999996","76467.40910000016","NA","NA","77398.57940000002","233968.9626999998","243219.42420000004","241743.43940000018","233968.8901999998","236735.6313","236488.58269999982","77398.7702999998","233968.32670000003","236488.62009999994","236524.6729999999","14940.057299999808","Attentional Spatial Bias - DEMO","0","0","0","12","سنقوم الآن بمعايرة جهاز تتبع العين.<br><br>يرجى تتبع النقطة المتحركة بعينيك وإبقاء رأسك ثابتًا.<br><br>يرجى الانتظار.","شكرًا على مشاركتك!<br><br>انتهت التجربة الآن.<br><br>يرجى الاتصال بالباحث.","في هذه التجربة، ستقرأ قصة قصيرة معروضة على الشاشة.<br><br>يرجى قراءة كل سطر بعناية، حيث سيُطرح عليك بعض الأسئلة حول القصة في نهاية التجربة.<br><br>بعد كل فقرة، سترى صورتين. انظر إلى كلتا الصورتين واحسب العدد الإجمالي للدوائر الموجودة في الصورتين.<br><br>في الشاشة التالية، سترى أمثلة على دائرة صحيحة وشكل غير صحيح. احسب فقط الأشكال التي تتطابق مع مثال الدائرة الصحيحة.<br><br>اضغط على أي مفتاح للبدء.","أدخل عدد الدوائر (اضغط على 0-3)","مرحبًا! اضغط على أي مفتاح للمتابعة.","Arabic","1920","-267","267","-267","267","154","-154","154","-154"
"8","5000","undefined","undefined","undefined","undefined","#1a1a1a","1","psycho","False","psycho","psycho","uniform","undefined","undefined","undefined","0","NA","0","0","12","12","0","0","0","NA","0","12","12","NA","12","12","0","12","0","0","NA","0","12","12","12","12","12","12","0","12","12","12","0","361.10632459795","Mon Jul  6 20:33:59 2026","1000","The main experiment item","False","V6_02_AttentionalSpatialBias_fixed.osexp","C:\Users\plcm\Downloads","1176.7709000000614","008.png","1002.9312000000001","1152.4032","False","mono","False","18","no","white","no","yes","RTL","1002.9312000000001","1152.4032","1080","1","008.png","009.png","3","psycho","Arabic","12","12","C:\Users\plcm\Downloads\subject-44.csv","204","psycho","yes","245904.442","Neonatal Nightingale","4.1.14","5","5","no_prime_trial_13","13","RTL","","0","0","space","0","NA","NA","0","1803.7260999999417","2162.5251000000426","NA","NA","1803.7260999999417","2","psycho","2, 4, 1, 2, 4, 3, 5, 6, 6, 6, 2, 6, 5, 3, 4, 6, 4, 6, 4, 2, 3, 1, 5, 4, 1, 6, 5, 4, 1, 3, 5, 2, 3, 5, 1, 1, 2, 5, 2, 1, 3, 1, 6, 2, 3, 5, 4, 3","False","1024","2","48000","-16","experiment","44","even","243.35889970000017","1126.0","1434.0","987.0","453.0","74304.26219999981","NA","NA","4374.676299999919","243358.77879999997","243358.8705000002","NA","14939.962899999955","48771.884599999794","NA","4374.847699999918","253899.49879999994","243341.90690000015","NA","244860.27109999987","244865.76239999977","17331.34710000013","252087.48669999978","76467.40910000016","NA","NA","77398.57940000002","243341.88809999978","253899.46629999985","252095.01640000008","243341.8437999999","247087.35209999987","245866.06200000006","77398.7702999998","243341.58380000008","245866.09839999984","245904.3628999998","14940.057299999808","Attentional Spatial Bias - DEMO","0","0","0","13","سنقوم الآن بمعايرة جهاز تتبع العين.<br><br>يرجى تتبع النقطة المتحركة بعينيك وإبقاء رأسك ثابتًا.<br><br>يرجى الانتظار.","شكرًا على مشاركتك!<br><br>انتهت التجربة الآن.<br><br>يرجى الاتصال بالباحث.","في هذه التجربة، ستقرأ قصة قصيرة معروضة على الشاشة.<br><br>يرجى قراءة كل سطر بعناية، حيث سيُطرح عليك بعض الأسئلة حول القصة في نهاية التجربة.<br><br>بعد كل فقرة، سترى صورتين. انظر إلى كلتا الصورتين واحسب العدد الإجمالي للدوائر الموجودة في الصورتين.<br><br>في الشاشة التالية، سترى أمثلة على دائرة صحيحة وشكل غير صحيح. احسب فقط الأشكال التي تتطابق مع مثال الدائرة الصحيحة.<br><br>اضغط على أي مفتاح للبدء.","أدخل عدد الدوائر (اضغط على 0-3)","مرحبًا! اضغط على أي مفتاح للمتابعة.","Arabic","1920","-154","154","-154","154","267","-267","267","-267"
"8","5000","undefined","undefined","undefined","undefined","#1a1a1a","1","psycho","False","psycho","psycho","uniform","undefined","undefined","undefined","0","NA","0","0","13","13","0","0","0","NA","0","13","13","NA","13","13","0","13","0","0","NA","0","13","13","13","13","13","13","0","13","13","13","0","358.6713577120985","Mon Jul  6 20:33:59 2026","1000","The main experiment item","False","V6_02_AttentionalSpatialBias_fixed.osexp","C:\Users\plcm\Downloads","481.65059999976074","010.png","934.0799999999999","517.8708","False","mono","False","18","no","white","no","yes","RTL","934.0799999999999","517.8708","1080","1","010.png","011.png","3","psycho","Arabic","13","13","C:\Users\plcm\Downloads\subject-44.csv","204","psycho","yes","256573.03920000003","Neonatal Nightingale","4.1.14","3","3","no_prime_trial_14","14","RTL","","0","2","space","2","NA","NA","2","870.1661999998614","2162.5251000000426","NA","NA","870.1661999998614","2","psycho","2, 4, 1, 2, 4, 3, 5, 6, 6, 6, 2, 6, 5, 3, 4, 6, 4, 6, 4, 2, 3, 1, 5, 4, 1, 6, 5, 4, 1, 3, 5, 2, 3, 5, 1, 1, 2, 5, 2, 1, 3, 1, 6, 2, 3, 5, 4, 3","False","1024","2","48000","-16","experiment","44","even","254.0343198999999","1126.0","1434.0","453.0","987.0","74304.26219999981","NA","NA","4374.676299999919","254034.08050000007","254034.26780000018","NA","14939.962899999955","48771.884599999794","NA","4374.847699999918","262939.8587999999","254020.54369999995","NA","255538.53279999975","255544.01550000013","17331.34710000013","262059.90429999973","76467.40910000016","NA","NA","77398.57940000002","254020.52360000016","262939.8311","262068.53520000004","254020.4678","257059.49270000018","256544.59099999984","77398.7702999998","254019.93889999995","256544.62539999984","256572.9762000001","14940.057299999808","Attentional Spatial Bias - DEMO","0","0","0","14","سنقوم الآن بمعايرة جهاز تتبع العين.<br><br>يرجى تتبع النقطة المتحركة بعينيك وإبقاء رأسك ثابتًا.<br><br>يرجى الانتظار.","شكرًا على مشاركتك!<br><br>انتهت التجربة الآن.<br><br>يرجى الاتصال بالباحث.","في هذه التجربة، ستقرأ قصة قصيرة معروضة على الشاشة.<br><br>يرجى قراءة كل سطر بعناية، حيث سيُطرح عليك بعض الأسئلة حول القصة في نهاية التجربة.<br><br>بعد كل فقرة، سترى صورتين. انظر إلى كلتا الصورتين واحسب العدد الإجمالي للدوائر الموجودة في الصورتين.<br><br>في الشاشة التالية، سترى أمثلة على دائرة صحيحة وشكل غير صحيح. احسب فقط الأشكال التي تتطابق مع مثال الدائرة الصحيحة.<br><br>اضغط على أي مفتاح للبدء.","أدخل عدد الدوائر (اضغط على 0-3)","مرحبًا! اضغط على أي مفتاح للمتابعة.","Arabic","1920","-154","154","-154","154","-267","267","-267","267"
"8","5000","undefined","undefined","undefined","undefined","#1a1a1a","1","psycho","False","psycho","psycho","uniform","undefined","undefined","undefined","0","NA","0","0","14","14","0","0","0","NA","0","14","14","NA","14","14","0","14","0","0","NA","0","14","14","14","14","14","14","0","14","14","14","0","363.04920671997075","Mon Jul  6 20:33:59 2026","1000","The main experiment item","False","V6_02_AttentionalSpatialBias_fixed.osexp","C:\Users\plcm\Downloads","-1","none","-1","-1","False","mono","False","18","no","white","no","yes","RTL","953.5296000000001","494.7804","1080","1","012.png","013.png","3","psycho","Arabic","14","14","C:\Users\plcm\Downloads\subject-44.csv","204","psycho","yes","265631.03","Neonatal Nightingale","4.1.14","4","4","no_prime_trial_15","15","RTL","","0","1","space","1","NA","NA","1","1351.611399999936","2162.5251000000426","NA","NA","1351.611399999936","2","psycho","2, 4, 1, 2, 4, 3, 5, 6, 6, 6, 2, 6, 5, 3, 4, 6, 4, 6, 4, 2, 3, 1, 5, 4, 1, 6, 5, 4, 1, 3, 5, 2, 3, 5, 1, 1, 2, 5, 2, 1, 3, 1, 6, 2, 3, 5, 4, 3","False","1024","2","48000","-16","experiment","44","even","263.09176849999994","1280.0","1280.0","412.0","1028.0","74304.26219999981","NA","NA","4374.676299999919","263091.6357000001","263091.7436999998","NA","14939.962899999955","48771.884599999794","NA","4374.847699999918","277003.7136000001","263078.18450000015","NA","264595.1424","264600.9135999998","17331.34710000013","275642.8989000001","76467.40910000016","NA","NA","77398.57940000002","263078.1628999998","277003.68519999983","275651.1369","263078.10149999976","270642.47380000004","265601.48660000006","77398.7702999998","263077.1522","265601.5517999999","265630.98709999985","14940.057299999808","Attentional Spatial Bias - DEMO","0","0","0","15","سنقوم الآن بمعايرة جهاز تتبع العين.<br><br>يرجى تتبع النقطة المتحركة بعينيك وإبقاء رأسك ثابتًا.<br><br>يرجى الانتظار.","شكرًا على مشاركتك!<br><br>انتهت التجربة الآن.<br><br>يرجى الاتصال بالباحث.","في هذه التجربة، ستقرأ قصة قصيرة معروضة على الشاشة.<br><br>يرجى قراءة كل سطر بعناية، حيث سيُطرح عليك بعض الأسئلة حول القصة في نهاية التجربة.<br><br>بعد كل فقرة، سترى صورتين. انظر إلى كلتا الصورتين واحسب العدد الإجمالي للدوائر الموجودة في الصورتين.<br><br>في الشاشة التالية، سترى أمثلة على دائرة صحيحة وشكل غير صحيح. احسب فقط الأشكال التي تتطابق مع مثال الدائرة الصحيحة.<br><br>اضغط على أي مفتاح للبدء.","أدخل عدد الدوائر (اضغط على 0-3)","مرحبًا! اضغط على أي مفتاح للمتابعة.","Arabic","1920","0","0","0","0","-308","308","-308","308"
"8","5000","undefined","undefined","undefined","undefined","#1a1a1a","1","psycho","False","psycho","psycho","uniform","undefined","undefined","undefined","0","NA","0","0","15","15","0","0","0","NA","0","15","15","NA","15","15","0","15","0","0","NA","0","15","15","15","15","15","15","0","15","15","15","0","324.25868110235695","Mon Jul  6 20:33:59 2026","1000","The main experiment item","False","V6_02_AttentionalSpatialBias_fixed.osexp","C:\Users\plcm\Downloads","-1","none","-1","-1","False","mono","False","18","no","white","no","yes","RTL","952.8191999999999","532.8611999999999","1080","1","014.png","015.png","3","psycho","Arabic","15","15","C:\Users\plcm\Downloads\subject-44.csv","204","psycho","yes","279704.24279999995","Neonatal Nightingale","4.1.14","6","6","no_prime_trial_16","16","RTL","","0","1","space","1","NA","NA","1","1560.4861000001547","2162.5251000000426","NA","NA","1560.4861000001547","2","psycho","2, 4, 1, 2, 4, 3, 5, 6, 6, 6, 2, 6, 5, 3, 4, 6, 4, 6, 4, 2, 3, 1, 5, 4, 1, 6, 5, 4, 1, 3, 5, 2, 3, 5, 1, 1, 2, 5, 2, 1, 3, 1, 6, 2, 3, 5, 4, 3","False","1024","2","48000","-16","experiment","44","even","277.1621372999998","1013.0","1547.0","874.0","566.0","74304.26219999981","NA","NA","4374.676299999919","277162.02250000014","277162.1142999998","NA","14939.962899999955","48771.884599999794","NA","4374.847699999918","291283.46650000004","277145.3898","NA","278664.2044999999","278669.64830000006","17331.34710000013","289710.6129999997","76467.40910000016","NA","NA","77398.57940000002","277145.3655999999","291283.4349999998","289722.3356999998","277145.2915999998","284710.0618999998","279670.2182999998","77398.7702999998","277144.22680000006","279670.25710000005","279704.1989999998","14940.057299999808","Attentional Spatial Bias - DEMO","0","0","0","16","سنقوم الآن بمعايرة جهاز تتبع العين.<br><br>يرجى تتبع النقطة المتحركة بعينيك وإبقاء رأسك ثابتًا.<br><br>يرجى الانتظار.","شكرًا على مشاركتك!<br><br>انتهت التجربة الآن.<br><br>يرجى الاتصال بالباحث.","في هذه التجربة، ستقرأ قصة قصيرة معروضة على الشاشة.<br><br>يرجى قراءة كل سطر بعناية، حيث سيُطرح عليك بعض الأسئلة حول القصة في نهاية التجربة.<br><br>بعد كل فقرة، سترى صورتين. انظر إلى كلتا الصورتين واحسب العدد الإجمالي للدوائر الموجودة في الصورتين.<br><br>في الشاشة التالية، سترى أمثلة على دائرة صحيحة وشكل غير صحيح. احسب فقط الأشكال التي تتطابق مع مثال الدائرة الصحيحة.<br><br>اضغط على أي مفتاح للبدء.","أدخل عدد الدوائر (اضغط على 0-3)","مرحبًا! اضغط على أي مفتاح للمتابعة.","Arabic","1920","-267","267","-267","267","154","-154","154","-154"
"8","5000","undefined","undefined","undefined","undefined","#1a1a1a","2","psycho","False","psycho","psycho","uniform","undefined","undefined","undefined","0","NA","0","0","16","16","0","0","0","NA","0","16","16","NA","16","16","0","16","0","0","NA","0","16","16","16","16","16","16","0","16","16","16","0","385.7574049551868","Mon Jul  6 20:33:59 2026","1000","The main experiment item","False","V6_02_AttentionalSpatialBias_fixed.osexp","C:\Users\plcm\Downloads","-1","none","-1","-1","False","mono","False","18","no","white","no","yes","RTL","921.4848","504.83520000000004","1080","2","000.png","001.png","3","psycho","Arabic","16","16","C:\Users\plcm\Downloads\subject-44.csv","204","psycho","yes","309313.94749999983","Neonatal Nightingale","4.1.14","4","4","prime_3","17","RTL","تجول عبر الحقول والمستنقعات، باحثًا عن مكان ينتمي إليه. قال البط البري إنه قبيح جدًّا لدرجة لا تسمح له بأن يكون صديقًا لهم. ذات ليلة، أطلق الصيادون النار بالقرب منه، فاختبأ بين القصب حتى أصبح المكان آمنًا.","0","2","space","2","NA","NA","2","602.7825999999768","2162.5251000000426","NA","NA","602.7825999999768","2","psycho","2, 4, 1, 2, 4, 3, 5, 6, 6, 6, 2, 6, 5, 3, 4, 6, 4, 6, 4, 2, 3, 1, 5, 4, 1, 6, 5, 4, 1, 3, 5, 2, 3, 5, 1, 1, 2, 5, 2, 1, 3, 1, 6, 2, 3, 5, 4, 3","True","1024","2","48000","-16","experiment","44","even","306.75954619999993","1280.0","1280.0","412.0","1028.0","74304.26219999981","NA","NA","4374.676299999919","306759.44889999984","306759.52400000003","NA","14939.962899999955","48771.884599999794","NA","4374.847699999918","319931.3975","306747.61699999997","NA","308264.48279999977","308269.5856999999","17331.34710000013","319320.04849999974","76467.40910000016","NA","NA","77398.57940000002","291387.1765999998","319931.3695000001","319327.9361999998","291387.1343999999","314319.3873999999","309270.0098999999","77398.7702999998","291386.9086999998","309270.0473","309313.9120999999","14940.057299999808","Attentional Spatial Bias - DEMO","0","0","0","17","سنقوم الآن بمعايرة جهاز تتبع العين.<br><br>يرجى تتبع النقطة المتحركة بعينيك وإبقاء رأسك ثابتًا.<br><br>يرجى الانتظار.","شكرًا على مشاركتك!<br><br>انتهت التجربة الآن.<br><br>يرجى الاتصال بالباحث.","في هذه التجربة، ستقرأ قصة قصيرة معروضة على الشاشة.<br><br>يرجى قراءة كل سطر بعناية، حيث سيُطرح عليك بعض الأسئلة حول القصة في نهاية التجربة.<br><br>بعد كل فقرة، سترى صورتين. انظر إلى كلتا الصورتين واحسب العدد الإجمالي للدوائر الموجودة في الصورتين.<br><br>في الشاشة التالية، سترى أمثلة على دائرة صحيحة وشكل غير صحيح. احسب فقط الأشكال التي تتطابق مع مثال الدائرة الصحيحة.<br><br>اضغط على أي مفتاح للبدء.","أدخل عدد الدوائر (اضغط على 0-3)","مرحبًا! اضغط على أي مفتاح للمتابعة.","Arabic","1920","0","0","0","0","-308","308","-308","308"
"8","5000","undefined","undefined","undefined","undefined","#1a1a1a","2","psycho","False","psycho","psycho","uniform","undefined","undefined","undefined","0","NA","0","0","17","17","0","0","0","NA","0","17","17","NA","17","17","0","17","0","0","NA","0","17","17","17","17","17","17","0","17","17","17","0","358.544454949062","Mon Jul  6 20:33:59 2026","1000","The main experiment item","False","V6_02_AttentionalSpatialBias_fixed.osexp","C:\Users\plcm\Downloads","31.170700000075158","002.png","911.8464","774.1007999999999","False","mono","False","18","no","white","no","yes","RTL","911.8464","774.1007999999999","1080","2","002.png","003.png","3","psycho","Arabic","17","17","C:\Users\plcm\Downloads\subject-44.csv","204","psycho","yes","322610.3543999998","Neonatal Nightingale","4.1.14","6","6","no_prime_trial_18","18","RTL","","0","2","space","2","NA","NA","2","1132.9324000002816","2162.5251000000426","NA","NA","1132.9324000002816","2","psycho","2, 4, 1, 2, 4, 3, 5, 6, 6, 6, 2, 6, 5, 3, 4, 6, 4, 6, 4, 2, 3, 1, 5, 4, 1, 6, 5, 4, 1, 3, 5, 2, 3, 5, 1, 1, 2, 5, 2, 1, 3, 1, 6, 2, 3, 5, 4, 3","False","1024","2","48000","-16","experiment","44","even","320.0648504999999","1013.0","1547.0","874.0","566.0","74304.26219999981","NA","NA","4374.676299999919","320064.7479999998","320064.82989999995","NA","14939.962899999955","48771.884599999794","NA","4374.847699999918","328787.2968000001","320051.07339999994","NA","321568.6563999998","321574.80179999996","17331.34710000013","327645.72869999986","76467.40910000016","NA","NA","77398.57940000002","320051.0518000001","328787.27019999997","327653.8077999999","320050.99089999974","322645.4798999998","322575.6387000001","77398.7702999998","320050.3779999999","322575.68690000015","322610.30449999997","14940.057299999808","Attentional Spatial Bias - DEMO","0","0","0","18","سنقوم الآن بمعايرة جهاز تتبع العين.<br><br>يرجى تتبع النقطة المتحركة بعينيك وإبقاء رأسك ثابتًا.<br><br>يرجى الانتظار.","شكرًا على مشاركتك!<br><br>انتهت التجربة الآن.<br><br>يرجى الاتصال بالباحث.","في هذه التجربة، ستقرأ قصة قصيرة معروضة على الشاشة.<br><br>يرجى قراءة كل سطر بعناية، حيث سيُطرح عليك بعض الأسئلة حول القصة في نهاية التجربة.<br><br>بعد كل فقرة، سترى صورتين. انظر إلى كلتا الصورتين واحسب العدد الإجمالي للدوائر الموجودة في الصورتين.<br><br>في الشاشة التالية، سترى أمثلة على دائرة صحيحة وشكل غير صحيح. احسب فقط الأشكال التي تتطابق مع مثال الدائرة الصحيحة.<br><br>اضغط على أي مفتاح للبدء.","أدخل عدد الدوائر (اضغط على 0-3)","مرحبًا! اضغط على أي مفتاح للمتابعة.","Arabic","1920","-267","267","-267","267","154","-154","154","-154"
"8","5000","undefined","undefined","undefined","undefined","#1a1a1a","2","psycho","False","psycho","psycho","uniform","undefined","undefined","undefined","0","NA","0","0","18","18","0","0","0","NA","0","18","18","NA","18","18","0","18","0","0","NA","0","18","18","18","18","18","18","0","18","18","18","0","375.4181807853211","Mon Jul  6 20:33:59 2026","1000","The main experiment item","False","V6_02_AttentionalSpatialBias_fixed.osexp","C:\Users\plcm\Downloads","-1","none","-1","-1","False","mono","False","18","no","white","no","yes","RTL","947.1360000000001","523.8324","1080","2","004.png","005.png","3","psycho","Arabic","18","18","C:\Users\plcm\Downloads\subject-44.csv","204","psycho","yes","331487.69859999995","Neonatal Nightingale","4.1.14","4","4","no_prime_trial_19","19","RTL","","0","2","space","2","NA","NA","2","422.22119999997085","2162.5251000000426","NA","NA","422.22119999997085","2","psycho","2, 4, 1, 2, 4, 3, 5, 6, 6, 6, 2, 6, 5, 3, 4, 6, 4, 6, 4, 2, 3, 1, 5, 4, 1, 6, 5, 4, 1, 3, 5, 2, 3, 5, 1, 1, 2, 5, 2, 1, 3, 1, 6, 2, 3, 5, 4, 3","False","1024","2","48000","-16","experiment","44","even","328.9419914","1280.0","1280.0","412.0","1028.0","74304.26219999981","NA","NA","4374.676299999919","328941.8421","328941.9653","NA","14939.962899999955","48771.884599999794","NA","4374.847699999918","341923.37749999977","328927.7855","NA","330442.5044","330447.98089999997","17331.34710000013","341492.03050000005","76467.40910000016","NA","NA","77398.57940000002","328927.7551","341923.3436999998","341500.49649999983","328927.68389999995","336491.9114999998","331449.04429999995","77398.7702999998","328927.3951","331449.1002","331487.65249999997","14940.057299999808","Attentional Spatial Bias - DEMO","0","0","0","19","سنقوم الآن بمعايرة جهاز تتبع العين.<br><br>يرجى تتبع النقطة المتحركة بعينيك وإبقاء رأسك ثابتًا.<br><br>يرجى الانتظار.","شكرًا على مشاركتك!<br><br>انتهت التجربة الآن.<br><br>يرجى الاتصال بالباحث.","في هذه التجربة، ستقرأ قصة قصيرة معروضة على الشاشة.<br><br>يرجى قراءة كل سطر بعناية، حيث سيُطرح عليك بعض الأسئلة حول القصة في نهاية التجربة.<br><br>بعد كل فقرة، سترى صورتين. انظر إلى كلتا الصورتين واحسب العدد الإجمالي للدوائر الموجودة في الصورتين.<br><br>في الشاشة التالية، سترى أمثلة على دائرة صحيحة وشكل غير صحيح. احسب فقط الأشكال التي تتطابق مع مثال الدائرة الصحيحة.<br><br>اضغط على أي مفتاح للبدء.","أدخل عدد الدوائر (اضغط على 0-3)","مرحبًا! اضغط على أي مفتاح للمتابعة.","Arabic","1920","0","0","0","0","-308","308","-308","308"
"8","5000","undefined","undefined","undefined","undefined","#1a1a1a","2","psycho","False","psycho","psycho","uniform","undefined","undefined","undefined","0","NA","0","0","19","19","0","0","0","NA","0","19","19","NA","19","19","0","19","0","0","NA","0","19","19","19","19","19","19","0","19","19","19","0","384.10488699624744","Mon Jul  6 20:33:59 2026","1000","The main experiment item","False","V6_02_AttentionalSpatialBias_fixed.osexp","C:\Users\plcm\Downloads","31.69269999989774","006.png","970.2528","526.9644","False","mono","False","18","no","white","no","yes","RTL","970.2528","526.9644","1080","2","006.png","007.png","3","psycho","Arabic","19","19","C:\Users\plcm\Downloads\subject-44.csv","204","psycho","yes","344613.9862","Neonatal Nightingale","4.1.14","2","2","no_prime_trial_20","20","RTL","","0","2","space","2","NA","NA","2","537.3846000002231","2162.5251000000426","NA","NA","537.3846000002231","2","psycho","2, 4, 1, 2, 4, 3, 5, 6, 6, 6, 2, 6, 5, 3, 4, 6, 4, 6, 4, 2, 3, 1, 5, 4, 1, 6, 5, 4, 1, 3, 5, 2, 3, 5, 1, 1, 2, 5, 2, 1, 3, 1, 6, 2, 3, 5, 4, 3","False","1024","2","48000","-16","experiment","44","even","342.06412379999983","1013.0","1547.0","566.0","874.0","74304.26219999981","NA","NA","4374.676299999919","342063.97030000016","342064.08809999994","NA","14939.962899999955","48771.884599999794","NA","4374.847699999918","350195.6217000002","342053.5122000001","NA","343567.45610000007","343572.91170000006","17331.34710000013","349649.093","76467.40910000016","NA","NA","77398.57940000002","342053.4874","350195.5441","349657.3620999998","342053.4207000001","344648.80570000014","344573.45260000014","77398.7702999998","342051.74140000006","344573.4868999998","344613.92939999996","14940.057299999808","Attentional Spatial Bias - DEMO","0","0","0","20","سنقوم الآن بمعايرة جهاز تتبع العين.<br><br>يرجى تتبع النقطة المتحركة بعينيك وإبقاء رأسك ثابتًا.<br><br>يرجى الانتظار.","شكرًا على مشاركتك!<br><br>انتهت التجربة الآن.<br><br>يرجى الاتصال بالباحث.","في هذه التجربة، ستقرأ قصة قصيرة معروضة على الشاشة.<br><br>يرجى قراءة كل سطر بعناية، حيث سيُطرح عليك بعض الأسئلة حول القصة في نهاية التجربة.<br><br>بعد كل فقرة، سترى صورتين. انظر إلى كلتا الصورتين واحسب العدد الإجمالي للدوائر الموجودة في الصورتين.<br><br>في الشاشة التالية، سترى أمثلة على دائرة صحيحة وشكل غير صحيح. احسب فقط الأشكال التي تتطابق مع مثال الدائرة الصحيحة.<br><br>اضغط على أي مفتاح للبدء.","أدخل عدد الدوائر (اضغط على 0-3)","مرحبًا! اضغط على أي مفتاح للمتابعة.","Arabic","1920","-267","267","-267","267","-154","154","-154","154"
"8","5000","undefined","undefined","undefined","undefined","#1a1a1a","2","psycho","False","psycho","psycho","uniform","undefined","undefined","undefined","0","NA","0","0","20","20","0","0","0","NA","0","20","20","NA","20","20","0","20","0","0","NA","0","20","20","20","20","20","20","0","20","20","20","0","383.69820444072974","Mon Jul  6 20:33:59 2026","1000","The main experiment item","False","V6_02_AttentionalSpatialBias_fixed.osexp","C:\Users\plcm\Downloads","31.355399999883957","008.png","977.8368","503.5284","False","mono","False","18","no","white","no","yes","RTL","977.8368","503.5284","1080","2","008.png","009.png","3","psycho","Arabic","20","20","C:\Users\plcm\Downloads\subject-44.csv","204","psycho","yes","352884.90559999994","Neonatal Nightingale","4.1.14","3","3","no_prime_trial_21","21","RTL","","0","0","space","0","NA","NA","0","1449.940999999817","2162.5251000000426","NA","NA","1449.940999999817","2","psycho","2, 4, 1, 2, 4, 3, 5, 6, 6, 6, 2, 6, 5, 3, 4, 6, 4, 6, 4, 2, 3, 1, 5, 4, 1, 6, 5, 4, 1, 3, 5, 2, 3, 5, 1, 1, 2, 5, 2, 1, 3, 1, 6, 2, 3, 5, 4, 3","False","1024","2","48000","-16","experiment","44","even","350.34434310000006","1126.0","1434.0","453.0","987.0","74304.26219999981","NA","NA","4374.676299999919","350344.1306999998","350344.3066","NA","14939.962899999955","48771.884599999794","NA","4374.847699999918","359379.5055999999","350331.86609999987","NA","351848.9756999998","351854.67169999995","17331.34710000013","357919.9743999998","76467.40910000016","NA","NA","77398.57940000002","350331.8456000002","359379.46860000014","357928.7469000001","350331.79139999993","352919.6063999998","352855.1594999999","77398.7702999998","350331.5183","352855.25989999995","352884.8370999999","14940.057299999808","Attentional Spatial Bias - DEMO","0","0","0","21","سنقوم الآن بمعايرة جهاز تتبع العين.<br><br>يرجى تتبع النقطة المتحركة بعينيك وإبقاء رأسك ثابتًا.<br><br>يرجى الانتظار.","شكرًا على مشاركتك!<br><br>انتهت التجربة الآن.<br><br>يرجى الاتصال بالباحث.","في هذه التجربة، ستقرأ قصة قصيرة معروضة على الشاشة.<br><br>يرجى قراءة كل سطر بعناية، حيث سيُطرح عليك بعض الأسئلة حول القصة في نهاية التجربة.<br><br>بعد كل فقرة، سترى صورتين. انظر إلى كلتا الصورتين واحسب العدد الإجمالي للدوائر الموجودة في الصورتين.<br><br>في الشاشة التالية، سترى أمثلة على دائرة صحيحة وشكل غير صحيح. احسب فقط الأشكال التي تتطابق مع مثال الدائرة الصحيحة.<br><br>اضغط على أي مفتاح للبدء.","أدخل عدد الدوائر (اضغط على 0-3)","مرحبًا! اضغط على أي مفتاح للمتابعة.","Arabic","1920","-154","154","-154","154","-267","267","-267","267"
"8","5000","undefined","undefined","undefined","undefined","#1a1a1a","2","psycho","False","psycho","psycho","uniform","undefined","undefined","undefined","0","NA","0","0","21","21","0","0","0","NA","0","21","21","NA","21","21","0","21","0","0","NA","0","21","21","21","21","21","21","0","21","21","21","0","343.88925732334235","Mon Jul  6 20:33:59 2026","1000","The main experiment item","False","V6_02_AttentionalSpatialBias_fixed.osexp","C:\Users\plcm\Downloads","1391.2196000001277","010.png","856.8384","582.7896","False","mono","False","18","no","white","no","yes","RTL","856.8384","582.7896","1080","2","010.png","011.png","3","psycho","Arabic","21","21","C:\Users\plcm\Downloads\subject-44.csv","204","psycho","yes","362096.21539999987","Neonatal Nightingale","4.1.14","1","1","no_prime_trial_22","22","RTL","","0","2","space","2","NA","NA","2","1415.290199999581","2162.5251000000426","NA","NA","1415.290199999581","2","psycho","2, 4, 1, 2, 4, 3, 5, 6, 6, 6, 2, 6, 5, 3, 4, 6, 4, 6, 4, 2, 3, 1, 5, 4, 1, 6, 5, 4, 1, 3, 5, 2, 3, 5, 1, 1, 2, 5, 2, 1, 3, 1, 6, 2, 3, 5, 4, 3","False","1024","2","48000","-16","experiment","44","even","359.5587347999999","972.0","1588.0","720.0","720.0","74304.26219999981","NA","NA","4374.676299999919","359558.6110999998","359558.7034999999","NA","14939.962899999955","48771.884599999794","NA","4374.847699999918","369915.54279999994","359541.2148999999","NA","361062.73729999975","361068.6083999999","17331.34710000013","368491.37629999995","76467.40910000016","NA","NA","77398.57940000002","359541.19619999983","369915.50670000014","368499.48080000014","359541.15249999997","363491.21379999997","362069.1597","77398.7702999998","359540.77430000005","362069.2039","362096.125","14940.057299999808","Attentional Spatial Bias - DEMO","0","0","0","22","سنقوم الآن بمعايرة جهاز تتبع العين.<br><br>يرجى تتبع النقطة المتحركة بعينيك وإبقاء رأسك ثابتًا.<br><br>يرجى الانتظار.","شكرًا على مشاركتك!<br><br>انتهت التجربة الآن.<br><br>يرجى الاتصال بالباحث.","في هذه التجربة، ستقرأ قصة قصيرة معروضة على الشاشة.<br><br>يرجى قراءة كل سطر بعناية، حيث سيُطرح عليك بعض الأسئلة حول القصة في نهاية التجربة.<br><br>بعد كل فقرة، سترى صورتين. انظر إلى كلتا الصورتين واحسب العدد الإجمالي للدوائر الموجودة في الصورتين.<br><br>في الشاشة التالية، سترى أمثلة على دائرة صحيحة وشكل غير صحيح. احسب فقط الأشكال التي تتطابق مع مثال الدائرة الصحيحة.<br><br>اضغط على أي مفتاح للبدء.","أدخل عدد الدوائر (اضغط على 0-3)","مرحبًا! اضغط على أي مفتاح للمتابعة.","Arabic","1920","-308","308","-308","308","0","0","0","0"
"8","5000","undefined","undefined","undefined","undefined","#1a1a1a","2","psycho","False","psycho","psycho","uniform","undefined","undefined","undefined","0","NA","0","0","22","22","0","0","0","NA","0","22","22","NA","22","22","0","22","0","0","NA","0","22","22","22","22","22","22","0","22","22","22","0","367.7704314204719","Mon Jul  6 20:33:59 2026","1000","The main experiment item","False","V6_02_AttentionalSpatialBias_fixed.osexp","C:\Users\plcm\Downloads","-1","none","-1","-1","False","mono","False","18","no","white","no","yes","RTL","929.0688","484.1856","1080","2","012.png","013.png","3","psycho","Arabic","22","22","C:\Users\plcm\Downloads\subject-44.csv","204","psycho","yes","372609.3445000001","Neonatal Nightingale","4.1.14","5","5","no_prime_trial_23","23","RTL","","0","1","space","1","NA","NA","1","1160.0136000001803","2162.5251000000426","NA","NA","1160.0136000001803","2","psycho","2, 4, 1, 2, 4, 3, 5, 6, 6, 6, 2, 6, 5, 3, 4, 6, 4, 6, 4, 2, 3, 1, 5, 4, 1, 6, 5, 4, 1, 3, 5, 2, 3, 5, 1, 1, 2, 5, 2, 1, 3, 1, 6, 2, 3, 5, 4, 3","False","1024","2","48000","-16","experiment","44","even","370.06980780000004","1126.0","1434.0","987.0","453.0","74304.26219999981","NA","NA","4374.676299999919","370069.29360000003","370069.6794","NA","14939.962899999955","48771.884599999794","NA","4374.847699999918","383787.54249999975","370053.0604999999","NA","371573.8633999999","371579.4947999998","17331.34710000013","382618.2551000002","76467.40910000016","NA","NA","77398.57940000002","370053.0414","383787.5175999998","382626.7315","370052.9978999998","377618.05030000006","372579.5613","77398.7702999998","370052.6470999998","372579.59840000013","372609.2755","14940.057299999808","Attentional Spatial Bias - DEMO","0","0","0","23","سنقوم الآن بمعايرة جهاز تتبع العين.<br><br>يرجى تتبع النقطة المتحركة بعينيك وإبقاء رأسك ثابتًا.<br><br>يرجى الانتظار.","شكرًا على مشاركتك!<br><br>انتهت التجربة الآن.<br><br>يرجى الاتصال بالباحث.","في هذه التجربة، ستقرأ قصة قصيرة معروضة على الشاشة.<br><br>يرجى قراءة كل سطر بعناية، حيث سيُطرح عليك بعض الأسئلة حول القصة في نهاية التجربة.<br><br>بعد كل فقرة، سترى صورتين. انظر إلى كلتا الصورتين واحسب العدد الإجمالي للدوائر الموجودة في الصورتين.<br><br>في الشاشة التالية، سترى أمثلة على دائرة صحيحة وشكل غير صحيح. احسب فقط الأشكال التي تتطابق مع مثال الدائرة الصحيحة.<br><br>اضغط على أي مفتاح للبدء.","أدخل عدد الدوائر (اضغط على 0-3)","مرحبًا! اضغط على أي مفتاح للمتابعة.","Arabic","1920","-154","154","-154","154","267","-267","267","-267"
"8","5000","undefined","undefined","undefined","undefined","#1a1a1a","2","psycho","False","psycho","psycho","uniform","undefined","undefined","undefined","0","NA","0","0","23","23","0","0","0","NA","0","23","23","NA","23","23","0","23","0","0","NA","0","23","23","23","23","23","23","0","23","23","23","0","412.8375968933062","Mon Jul  6 20:33:59 2026","1000","The main experiment item","False","V6_02_AttentionalSpatialBias_fixed.osexp","C:\Users\plcm\Downloads","-1","none","-1","-1","False","mono","False","18","no","white","no","yes","RTL","959.6351999999999","541.2312000000001","1080","2","014.png","015.png","3","psycho","Arabic","23","23","C:\Users\plcm\Downloads\subject-44.csv","204","psycho","yes","386497.1827999998","Neonatal Nightingale","4.1.14","4","4","no_prime_trial_24","24","RTL","","0","1","space","1","NA","NA","1","1304.142800000147","2162.5251000000426","NA","NA","1304.142800000147","2","psycho","2, 4, 1, 2, 4, 3, 5, 6, 6, 6, 2, 6, 5, 3, 4, 6, 4, 6, 4, 2, 3, 1, 5, 4, 1, 6, 5, 4, 1, 3, 5, 2, 3, 5, 1, 1, 2, 5, 2, 1, 3, 1, 6, 2, 3, 5, 4, 3","False","1024","2","48000","-16","experiment","44","even","383.9508126999999","1280.0","1280.0","412.0","1028.0","74304.26219999981","NA","NA","4374.676299999919","383950.6968999999","383950.7906999997","NA","14939.962899999955","48771.884599999794","NA","4374.847699999918","397819.9540999999","383935.92880000005","NA","385453.66449999984","385459.18399999983","17331.34710000013","396506.70439999975","76467.40910000016","NA","NA","77398.57940000002","383935.89789999987","397819.9129999998","396514.5812999999","383935.8250999999","391506.33759999985","386459.78030000016","77398.7702999998","383935.28650000005","386459.8153000002","386497.1359000001","14940.057299999808","Attentional Spatial Bias - DEMO","0","0","0","24","سنقوم الآن بمعايرة جهاز تتبع العين.<br><br>يرجى تتبع النقطة المتحركة بعينيك وإبقاء رأسك ثابتًا.<br><br>يرجى الانتظار.","شكرًا على مشاركتك!<br><br>انتهت التجربة الآن.<br><br>يرجى الاتصال بالباحث.","في هذه التجربة، ستقرأ قصة قصيرة معروضة على الشاشة.<br><br>يرجى قراءة كل سطر بعناية، حيث سيُطرح عليك بعض الأسئلة حول القصة في نهاية التجربة.<br><br>بعد كل فقرة، سترى صورتين. انظر إلى كلتا الصورتين واحسب العدد الإجمالي للدوائر الموجودة في الصورتين.<br><br>في الشاشة التالية، سترى أمثلة على دائرة صحيحة وشكل غير صحيح. احسب فقط الأشكال التي تتطابق مع مثال الدائرة الصحيحة.<br><br>اضغط على أي مفتاح للبدء.","أدخل عدد الدوائر (اضغط على 0-3)","مرحبًا! اضغط على أي مفتاح للمتابعة.","Arabic","1920","0","0","0","0","-308","308","-308","308"
"8","5000","undefined","undefined","undefined","undefined","#1a1a1a","3","psycho","False","psycho","psycho","uniform","undefined","undefined","undefined","0","NA","0","0","24","24","0","0","0","NA","0","24","24","NA","24","24","0","24","0","0","NA","0","24","24","24","24","24","24","0","24","24","24","0","2129.5451223412006","Mon Jul  6 20:33:59 2026","1000","The main experiment item","False","V6_02_AttentionalSpatialBias_fixed.osexp","C:\Users\plcm\Downloads","66.29220000014175","000.png","984.9792","565.0236","False","mono","False","18","no","white","no","yes","RTL","984.9792","565.0236","1080","3","000.png","001.png","3","psycho","Arabic","24","24","C:\Users\plcm\Downloads\subject-44.csv","204","psycho","yes","410814.00619999977","Neonatal Nightingale","4.1.14","1","1","prime_4","25","RTL","عثر على منزل صغير تسكنه امرأة عجوز وقطة ودجاجة. كانت القطة والدجاجة لئيمتين ووصفتاه بأنه عديم الفائدة. حزينًا، غادر المكان وواصل تجوله وحيدًا.","0","2","space","2","NA","NA","2","1077.7728999996907","2162.5251000000426","NA","NA","1077.7728999996907","2","psycho","2, 4, 1, 2, 4, 3, 5, 6, 6, 6, 2, 6, 5, 3, 4, 6, 4, 6, 4, 2, 3, 1, 5, 4, 1, 6, 5, 4, 1, 3, 5, 2, 3, 5, 1, 1, 2, 5, 2, 1, 3, 1, 6, 2, 3, 5, 4, 3","True","1024","2","48000","-16","experiment","44","even","408.27824839999994","972.0","1588.0","720.0","720.0","74304.26219999981","NA","NA","4374.676299999919","408278.1535999998","408278.2220999998","NA","14939.962899999955","48771.884599999794","NA","4374.847699999918","416971.1576","408267.13449999987","NA","409782.8885999998","409788.28699999984","17331.34710000013","415884.7535999998","76467.40910000016","NA","NA","77398.57940000002","397936.47779999994","416971.1324","415892.88780000014","397936.4188999998","410884.49519999995","410788.9424","77398.7702999998","397935.90170000016","410788.98260000005","410813.9342999998","14940.057299999808","Attentional Spatial Bias - DEMO","0","0","0","25","سنقوم الآن بمعايرة جهاز تتبع العين.<br><br>يرجى تتبع النقطة المتحركة بعينيك وإبقاء رأسك ثابتًا.<br><br>يرجى الانتظار.","شكرًا على مشاركتك!<br><br>انتهت التجربة الآن.<br><br>يرجى الاتصال بالباحث.","في هذه التجربة، ستقرأ قصة قصيرة معروضة على الشاشة.<br><br>يرجى قراءة كل سطر بعناية، حيث سيُطرح عليك بعض الأسئلة حول القصة في نهاية التجربة.<br><br>بعد كل فقرة، سترى صورتين. انظر إلى كلتا الصورتين واحسب العدد الإجمالي للدوائر الموجودة في الصورتين.<br><br>في الشاشة التالية، سترى أمثلة على دائرة صحيحة وشكل غير صحيح. احسب فقط الأشكال التي تتطابق مع مثال الدائرة الصحيحة.<br><br>اضغط على أي مفتاح للبدء.","أدخل عدد الدوائر (اضغط على 0-3)","مرحبًا! اضغط على أي مفتاح للمتابعة.","Arabic","1920","-308","308","-308","308","0","0","0","0"
"8","5000","undefined","undefined","undefined","undefined","#1a1a1a","3","psycho","False","psycho","psycho","uniform","undefined","undefined","undefined","0","NA","0","0","25","25","0","0","0","NA","0","25","25","NA","25","25","0","25","0","0","NA","0","25","25","25","25","25","25","0","25","25","25","0","333.2331692964553","Mon Jul  6 20:33:59 2026","1000","The main experiment item","False","V6_02_AttentionalSpatialBias_fixed.osexp","C:\Users\plcm\Downloads","-1","none","-1","-1","False","mono","False","18","no","white","no","yes","RTL","977.7216","525.636","1080","3","002.png","003.png","3","psycho","Arabic","25","25","C:\Users\plcm\Downloads\subject-44.csv","204","psycho","yes","419628.78159999993","Neonatal Nightingale","4.1.14","6","6","no_prime_trial_26","26","RTL","","0","2","space","2","NA","NA","2","764.8266000000876","2162.5251000000426","NA","NA","764.8266000000876","2","psycho","2, 4, 1, 2, 4, 3, 5, 6, 6, 6, 2, 6, 5, 3, 4, 6, 4, 6, 4, 2, 3, 1, 5, 4, 1, 6, 5, 4, 1, 3, 5, 2, 3, 5, 1, 1, 2, 5, 2, 1, 3, 1, 6, 2, 3, 5, 4, 3","False","1024","2","48000","-16","experiment","44","even","417.09661370000003","1013.0","1547.0","874.0","566.0","74304.26219999981","NA","NA","4374.676299999919","417096.47970000014","417096.5823000001","NA","14939.962899999955","48771.884599999794","NA","4374.847699999918","430411.17619999975","417081.38899999997","NA","418597.9889999999","418603.80309999984","17331.34710000013","429637.7604999998","76467.40910000016","NA","NA","77398.57940000002","417081.36130000005","430411.1496999999","429645.8253000001","417081.2913","424637.338","419604.12700000004","77398.7702999998","417080.653","419604.1607000002","419628.73709999985","14940.057299999808","Attentional Spatial Bias - DEMO","0","0","0","26","سنقوم الآن بمعايرة جهاز تتبع العين.<br><br>يرجى تتبع النقطة المتحركة بعينيك وإبقاء رأسك ثابتًا.<br><br>يرجى الانتظار.","شكرًا على مشاركتك!<br><br>انتهت التجربة الآن.<br><br>يرجى الاتصال بالباحث.","في هذه التجربة، ستقرأ قصة قصيرة معروضة على الشاشة.<br><br>يرجى قراءة كل سطر بعناية، حيث سيُطرح عليك بعض الأسئلة حول القصة في نهاية التجربة.<br><br>بعد كل فقرة، سترى صورتين. انظر إلى كلتا الصورتين واحسب العدد الإجمالي للدوائر الموجودة في الصورتين.<br><br>في الشاشة التالية، سترى أمثلة على دائرة صحيحة وشكل غير صحيح. احسب فقط الأشكال التي تتطابق مع مثال الدائرة الصحيحة.<br><br>اضغط على أي مفتاح للبدء.","أدخل عدد الدوائر (اضغط على 0-3)","مرحبًا! اضغط على أي مفتاح للمتابعة.","Arabic","1920","-267","267","-267","267","154","-154","154","-154"
"8","5000","undefined","undefined","undefined","undefined","#1a1a1a","3","psycho","False","psycho","psycho","uniform","undefined","undefined","undefined","0","NA","0","0","26","26","0","0","0","NA","0","26","26","NA","26","26","0","26","0","0","NA","0","26","26","26","26","26","26","0","26","26","26","0","334.946537489194","Mon Jul  6 20:33:59 2026","1000","The main experiment item","False","V6_02_AttentionalSpatialBias_fixed.osexp","C:\Users\plcm\Downloads","-1","none","-1","-1","False","mono","False","18","no","white","no","yes","RTL","965.2991999999999","546.3396","1080","3","004.png","005.png","3","psycho","Arabic","26","26","C:\Users\plcm\Downloads\subject-44.csv","204","psycho","yes","433098.36940000014","Neonatal Nightingale","4.1.14","5","5","no_prime_trial_27","27","RTL","","0","2","space","2","NA","NA","2","586.2878999996465","2162.5251000000426","NA","NA","586.2878999996465","2","psycho","2, 4, 1, 2, 4, 3, 5, 6, 6, 6, 2, 6, 5, 3, 4, 6, 4, 6, 4, 2, 3, 1, 5, 4, 1, 6, 5, 4, 1, 3, 5, 2, 3, 5, 1, 1, 2, 5, 2, 1, 3, 1, 6, 2, 3, 5, 4, 3","False","1024","2","48000","-16","experiment","44","even","430.55567889999975","1126.0","1434.0","987.0","453.0","74304.26219999981","NA","NA","4374.676299999919","430555.5522999998","430555.6505999998","NA","14939.962899999955","48771.884599999794","NA","4374.847699999918","443699.1844999998","430543.6641000001","NA","432059.6148999998","432066.0592999998","17331.34710000013","443104.0876000002","76467.40910000016","NA","NA","77398.57940000002","430543.63719999994","443699.15809999977","443112.3139000001","430543.5954999998","438103.85069999984","433066.1319000001","77398.7702999998","430543.443","433066.1866999999","433098.324","14940.057299999808","Attentional Spatial Bias - DEMO","0","0","0","27","سنقوم الآن بمعايرة جهاز تتبع العين.<br><br>يرجى تتبع النقطة المتحركة بعينيك وإبقاء رأسك ثابتًا.<br><br>يرجى الانتظار.","شكرًا على مشاركتك!<br><br>انتهت التجربة الآن.<br><br>يرجى الاتصال بالباحث.","في هذه التجربة، ستقرأ قصة قصيرة معروضة على الشاشة.<br><br>يرجى قراءة كل سطر بعناية، حيث سيُطرح عليك بعض الأسئلة حول القصة في نهاية التجربة.<br><br>بعد كل فقرة، سترى صورتين. انظر إلى كلتا الصورتين واحسب العدد الإجمالي للدوائر الموجودة في الصورتين.<br><br>في الشاشة التالية، سترى أمثلة على دائرة صحيحة وشكل غير صحيح. احسب فقط الأشكال التي تتطابق مع مثال الدائرة الصحيحة.<br><br>اضغط على أي مفتاح للبدء.","أدخل عدد الدوائر (اضغط على 0-3)","مرحبًا! اضغط على أي مفتاح للمتابعة.","Arabic","1920","-154","154","-154","154","267","-267","267","-267"
"8","5000","undefined","undefined","undefined","undefined","#1a1a1a","3","psycho","False","psycho","psycho","uniform","undefined","undefined","undefined","0","NA","0","0","27","27","0","0","0","NA","0","27","27","NA","27","27","0","27","0","0","NA","0","27","27","27","27","27","27","0","27","27","27","0","367.5102566250907","Mon Jul  6 20:33:59 2026","1000","The main experiment item","False","V6_02_AttentionalSpatialBias_fixed.osexp","C:\Users\plcm\Downloads","-1","none","-1","-1","False","mono","False","18","no","white","no","yes","RTL","974.3999999999999","527.7096","1080","3","006.png","007.png","3","psycho","Arabic","27","27","C:\Users\plcm\Downloads\subject-44.csv","204","psycho","yes","446398.27220000006","Neonatal Nightingale","4.1.14","4","4","no_prime_trial_28","28","RTL","","0","2","space","2","NA","NA","2","453.95409999991534","2162.5251000000426","NA","NA","453.95409999991534","2","psycho","2, 4, 1, 2, 4, 3, 5, 6, 6, 6, 2, 6, 5, 3, 4, 6, 4, 6, 4, 2, 3, 1, 5, 4, 1, 6, 5, 4, 1, 3, 5, 2, 3, 5, 1, 1, 2, 5, 2, 1, 3, 1, 6, 2, 3, 5, 4, 3","False","1024","2","48000","-16","experiment","44","even","443.86482799999976","1280.0","1280.0","412.0","1028.0","74304.26219999981","NA","NA","4374.676299999919","443864.6936","443864.80119999987","NA","14939.962899999955","48771.884599999794","NA","4374.847699999918","456867.22959999996","443853.08600000007","NA","445366.7755000001","445372.5543000001","17331.34710000013","456404.17419999995","76467.40910000016","NA","NA","77398.57940000002","443853.0658","456867.2022999999","456412.6882999999","443853.01359999995","451403.5103000001","446373.17660000006","77398.7702999998","443852.5963000002","446373.21429999976","446398.2329999999","14940.057299999808","Attentional Spatial Bias - DEMO","0","0","0","28","سنقوم الآن بمعايرة جهاز تتبع العين.<br><br>يرجى تتبع النقطة المتحركة بعينيك وإبقاء رأسك ثابتًا.<br><br>يرجى الانتظار.","شكرًا على مشاركتك!<br><br>انتهت التجربة الآن.<br><br>يرجى الاتصال بالباحث.","في هذه التجربة، ستقرأ قصة قصيرة معروضة على الشاشة.<br><br>يرجى قراءة كل سطر بعناية، حيث سيُطرح عليك بعض الأسئلة حول القصة في نهاية التجربة.<br><br>بعد كل فقرة، سترى صورتين. انظر إلى كلتا الصورتين واحسب العدد الإجمالي للدوائر الموجودة في الصورتين.<br><br>في الشاشة التالية، سترى أمثلة على دائرة صحيحة وشكل غير صحيح. احسب فقط الأشكال التي تتطابق مع مثال الدائرة الصحيحة.<br><br>اضغط على أي مفتاح للبدء.","أدخل عدد الدوائر (اضغط على 0-3)","مرحبًا! اضغط على أي مفتاح للمتابعة.","Arabic","1920","0","0","0","0","-308","308","-308","308"
"8","5000","undefined","undefined","undefined","undefined","#1a1a1a","3","psycho","False","psycho","psycho","uniform","undefined","undefined","undefined","0","NA","0","0","28","28","0","0","0","NA","0","28","28","NA","28","28","0","28","0","0","NA","0","28","28","28","28","28","28","0","28","28","28","0","337.283816297195","Mon Jul  6 20:33:59 2026","1000","The main experiment item","False","V6_02_AttentionalSpatialBias_fixed.osexp","C:\Users\plcm\Downloads","30.348300000245217","008.png","925.5168000000001","556.4592","False","mono","False","18","no","white","no","yes","RTL","925.5168000000001","556.4592","1080","3","008.png","009.png","3","psycho","Arabic","28","28","C:\Users\plcm\Downloads\subject-44.csv","204","psycho","yes","459560.0070999999","Neonatal Nightingale","4.1.14","1","1","no_prime_trial_29","29","RTL","","0","0","space","0","NA","NA","0","1374.4538999999058","2162.5251000000426","NA","NA","1374.4538999999058","2","psycho","2, 4, 1, 2, 4, 3, 5, 6, 6, 6, 2, 6, 5, 3, 4, 6, 4, 6, 4, 2, 3, 1, 5, 4, 1, 6, 5, 4, 1, 3, 5, 2, 3, 5, 1, 1, 2, 5, 2, 1, 3, 1, 6, 2, 3, 5, 4, 3","False","1024","2","48000","-16","experiment","44","even","457.01664870000013","972.0","1588.0","720.0","720.0","74304.26219999981","NA","NA","4374.676299999919","457016.49529999983","457016.6255999998","NA","14939.962899999955","48771.884599999794","NA","4374.847699999918","465979.7463999998","457005.87859999994","NA","458521.40289999987","458526.93259999977","17331.34710000013","464594.3232","76467.40910000016","NA","NA","77398.57940000002","457005.85809999984","465979.71640000015","464604.32330000005","457005.8079","459593.73700000014","459527.07580000017","77398.7702999998","457005.3287000001","459527.1087000001","459559.9287","14940.057299999808","Attentional Spatial Bias - DEMO","0","0","0","29","سنقوم الآن بمعايرة جهاز تتبع العين.<br><br>يرجى تتبع النقطة المتحركة بعينيك وإبقاء رأسك ثابتًا.<br><br>يرجى الانتظار.","شكرًا على مشاركتك!<br><br>انتهت التجربة الآن.<br><br>يرجى الاتصال بالباحث.","في هذه التجربة، ستقرأ قصة قصيرة معروضة على الشاشة.<br><br>يرجى قراءة كل سطر بعناية، حيث سيُطرح عليك بعض الأسئلة حول القصة في نهاية التجربة.<br><br>بعد كل فقرة، سترى صورتين. انظر إلى كلتا الصورتين واحسب العدد الإجمالي للدوائر الموجودة في الصورتين.<br><br>في الشاشة التالية، سترى أمثلة على دائرة صحيحة وشكل غير صحيح. احسب فقط الأشكال التي تتطابق مع مثال الدائرة الصحيحة.<br><br>اضغط على أي مفتاح للبدء.","أدخل عدد الدوائر (اضغط على 0-3)","مرحبًا! اضغط على أي مفتاح للمتابعة.","Arabic","1920","-308","308","-308","308","0","0","0","0"
"8","5000","undefined","undefined","undefined","undefined","#1a1a1a","3","psycho","False","psycho","psycho","uniform","undefined","undefined","undefined","0","NA","0","0","29","29","0","0","0","NA","0","29","29","NA","29","29","0","29","0","0","NA","0","29","29","29","29","29","29","0","29","29","29","0","318.7627771453875","Mon Jul  6 20:33:59 2026","1000","The main experiment item","False","V6_02_AttentionalSpatialBias_fixed.osexp","C:\Users\plcm\Downloads","30.626900000264868","010.png","965.664","543.294","False","mono","False","18","no","white","no","yes","RTL","965.664","543.294","1080","3","010.png","011.png","3","psycho","Arabic","29","29","C:\Users\plcm\Downloads\subject-44.csv","204","psycho","yes","468641.9768999999","Neonatal Nightingale","4.1.14","3","3","no_prime_trial_30","30","RTL","","0","2","space","2","NA","NA","2","489.3472000003094","2162.5251000000426","NA","NA","489.3472000003094","2","psycho","2, 4, 1, 2, 4, 3, 5, 6, 6, 6, 2, 6, 5, 3, 4, 6, 4, 6, 4, 2, 3, 1, 5, 4, 1, 6, 5, 4, 1, 3, 5, 2, 3, 5, 1, 1, 2, 5, 2, 1, 3, 1, 6, 2, 3, 5, 4, 3","False","1024","2","48000","-16","experiment","44","even","466.10700110000016","1126.0","1434.0","453.0","987.0","74304.26219999981","NA","NA","4374.676299999919","466106.84300000005","466106.9647999998","NA","14939.962899999955","48771.884599999794","NA","4374.847699999918","474179.2273000001","466095.3534","NA","467608.5702999999","467614.5722000001","17331.34710000013","473680.4440000001","76467.40910000016","NA","NA","77398.57940000002","466095.33509999985","474179.2018999999","473689.2592999998","466095.28649999993","468680.3243999998","468614.9236000001","77398.7702999998","466094.8785999999","468614.96450000006","468641.89899999974","14940.057299999808","Attentional Spatial Bias - DEMO","0","0","0","30","سنقوم الآن بمعايرة جهاز تتبع العين.<br><br>يرجى تتبع النقطة المتحركة بعينيك وإبقاء رأسك ثابتًا.<br><br>يرجى الانتظار.","شكرًا على مشاركتك!<br><br>انتهت التجربة الآن.<br><br>يرجى الاتصال بالباحث.","في هذه التجربة، ستقرأ قصة قصيرة معروضة على الشاشة.<br><br>يرجى قراءة كل سطر بعناية، حيث سيُطرح عليك بعض الأسئلة حول القصة في نهاية التجربة.<br><br>بعد كل فقرة، سترى صورتين. انظر إلى كلتا الصورتين واحسب العدد الإجمالي للدوائر الموجودة في الصورتين.<br><br>في الشاشة التالية، سترى أمثلة على دائرة صحيحة وشكل غير صحيح. احسب فقط الأشكال التي تتطابق مع مثال الدائرة الصحيحة.<br><br>اضغط على أي مفتاح للبدء.","أدخل عدد الدوائر (اضغط على 0-3)","مرحبًا! اضغط على أي مفتاح للمتابعة.","Arabic","1920","-154","154","-154","154","-267","267","-267","267"
"8","5000","undefined","undefined","undefined","undefined","#1a1a1a","3","psycho","False","psycho","psycho","uniform","undefined","undefined","undefined","0","NA","0","0","30","30","0","0","0","NA","0","30","30","NA","30","30","0","30","0","0","NA","0","30","30","30","30","30","30","0","30","30","30","0","343.93602399050906","Mon Jul  6 20:33:59 2026","1000","The main experiment item","False","V6_02_AttentionalSpatialBias_fixed.osexp","C:\Users\plcm\Downloads","950.6513999999734","012.png","924.5568000000001","1176.9191999999998","False","mono","False","18","no","white","no","yes","RTL","924.5568000000001","1176.9191999999998","1080","3","012.png","013.png","3","psycho","Arabic","30","30","C:\Users\plcm\Downloads\subject-44.csv","204","psycho","yes","476875.0501999998","Neonatal Nightingale","4.1.14","5","5","no_prime_trial_31","31","RTL","","0","1","space","1","NA","NA","1","1252.018499999831","2162.5251000000426","NA","NA","1252.018499999831","2","psycho","2, 4, 1, 2, 4, 3, 5, 6, 6, 6, 2, 6, 5, 3, 4, 6, 4, 6, 4, 2, 3, 1, 5, 4, 1, 6, 5, 4, 1, 3, 5, 2, 3, 5, 1, 1, 2, 5, 2, 1, 3, 1, 6, 2, 3, 5, 4, 3","False","1024","2","48000","-16","experiment","44","even","474.3305888","1126.0","1434.0","987.0","453.0","74304.26219999981","NA","NA","4374.676299999919","474330.3786000001","474330.55379999994","NA","14939.962899999955","48771.884599999794","NA","4374.847699999918","484091.64139999985","474317.0242000001","NA","475831.40460000007","475837.2036999999","17331.34710000013","482830.67290000006","76467.40910000016","NA","NA","77398.57940000002","474317.0049999999","484091.6146","482838.84780000016","474316.9567","477830.29309999984","476837.45899999986","77398.7702999998","474316.4864999999","476837.4960000001","476874.9793000002","14940.057299999808","Attentional Spatial Bias - DEMO","0","0","0","31","سنقوم الآن بمعايرة جهاز تتبع العين.<br><br>يرجى تتبع النقطة المتحركة بعينيك وإبقاء رأسك ثابتًا.<br><br>يرجى الانتظار.","شكرًا على مشاركتك!<br><br>انتهت التجربة الآن.<br><br>يرجى الاتصال بالباحث.","في هذه التجربة، ستقرأ قصة قصيرة معروضة على الشاشة.<br><br>يرجى قراءة كل سطر بعناية، حيث سيُطرح عليك بعض الأسئلة حول القصة في نهاية التجربة.<br><br>بعد كل فقرة، سترى صورتين. انظر إلى كلتا الصورتين واحسب العدد الإجمالي للدوائر الموجودة في الصورتين.<br><br>في الشاشة التالية، سترى أمثلة على دائرة صحيحة وشكل غير صحيح. احسب فقط الأشكال التي تتطابق مع مثال الدائرة الصحيحة.<br><br>اضغط على أي مفتاح للبدء.","أدخل عدد الدوائر (اضغط على 0-3)","مرحبًا! اضغط على أي مفتاح للمتابعة.","Arabic","1920","-154","154","-154","154","267","-267","267","-267"
"8","5000","undefined","undefined","undefined","undefined","#1a1a1a","3","psycho","False","psycho","psycho","uniform","undefined","undefined","undefined","0","NA","0","0","31","31","0","0","0","NA","0","31","31","NA","31","31","0","31","0","0","NA","0","31","31","31","31","31","31","0","31","31","31","0","389.2032164997612","Mon Jul  6 20:33:59 2026","1000","The main experiment item","False","V6_02_AttentionalSpatialBias_fixed.osexp","C:\Users\plcm\Downloads","30.463599999668077","014.png","981.2736","526.176","False","mono","False","18","no","white","no","yes","RTL","981.2736","526.176","1080","3","014.png","015.png","3","psycho","Arabic","31","31","C:\Users\plcm\Downloads\subject-44.csv","204","psycho","yes","486788.15040000016","Neonatal Nightingale","4.1.14","2","2","no_prime_trial_32","32","RTL","","0","2","space","2","NA","NA","2","576.1915999996709","2162.5251000000426","NA","NA","576.1915999996709","2","psycho","2, 4, 1, 2, 4, 3, 5, 6, 6, 6, 2, 6, 5, 3, 4, 6, 4, 6, 4, 2, 3, 1, 5, 4, 1, 6, 5, 4, 1, 3, 5, 2, 3, 5, 1, 1, 2, 5, 2, 1, 3, 1, 6, 2, 3, 5, 4, 3","False","1024","2","48000","-16","experiment","44","even","484.2357105000001","1013.0","1547.0","566.0","874.0","74304.26219999981","NA","NA","4374.676299999919","484235.6079000001","484235.6896000001","NA","14939.962899999955","48771.884599999794","NA","4374.847699999918","492411.32779999997","484224.22860000003","NA","485739.47480000014","485745.52809999976","17331.34710000013","491826.5464000001","76467.40910000016","NA","NA","77398.57940000002","484224.21040000016","492411.2973000001","491834.4919000001","484224.16729999986","486826.1680999999","486746.0597999998","77398.7702999998","484223.89139999996","486746.09770000004","486788.06480000005","14940.057299999808","Attentional Spatial Bias - DEMO","0","0","0","32","سنقوم الآن بمعايرة جهاز تتبع العين.<br><br>يرجى تتبع النقطة المتحركة بعينيك وإبقاء رأسك ثابتًا.<br><br>يرجى الانتظار.","شكرًا على مشاركتك!<br><br>انتهت التجربة الآن.<br><br>يرجى الاتصال بالباحث.","في هذه التجربة، ستقرأ قصة قصيرة معروضة على الشاشة.<br><br>يرجى قراءة كل سطر بعناية، حيث سيُطرح عليك بعض الأسئلة حول القصة في نهاية التجربة.<br><br>بعد كل فقرة، سترى صورتين. انظر إلى كلتا الصورتين واحسب العدد الإجمالي للدوائر الموجودة في الصورتين.<br><br>في الشاشة التالية، سترى أمثلة على دائرة صحيحة وشكل غير صحيح. احسب فقط الأشكال التي تتطابق مع مثال الدائرة الصحيحة.<br><br>اضغط على أي مفتاح للبدء.","أدخل عدد الدوائر (اضغط على 0-3)","مرحبًا! اضغط على أي مفتاح للمتابعة.","Arabic","1920","-267","267","-267","267","-154","154","-154","154"
"8","5000","undefined","undefined","undefined","undefined","#1a1a1a","4","psycho","False","psycho","psycho","uniform","undefined","undefined","undefined","0","NA","0","0","32","32","0","0","0","NA","0","32","32","NA","32","32","0","32","0","0","NA","0","32","32","32","32","32","32","0","32","32","32","0","410.46634871472725","Mon Jul  6 20:33:59 2026","1000","The main experiment item","False","V6_02_AttentionalSpatialBias_fixed.osexp","C:\Users\plcm\Downloads","32.23540000000503","000.png","935.904","544.5036","False","mono","False","18","no","white","no","yes","RTL","935.904","544.5036","1080","4","000.png","001.png","3","psycho","Arabic","32","32","C:\Users\plcm\Downloads\subject-44.csv","204","psycho","yes","508084.8578","Neonatal Nightingale","4.1.14","3","3","prime_5","33","RTL","حل الشتاء وكان الجو شديد البرودة. كاد يتجمد في بحيرة، لكن مزارعًا عثر عليه وأخذه إلى منزله. أخافته أطفال المزارع، فهرب مرة أخرى في البرد.","0","2","space","2","NA","NA","2","1287.529700000072","2162.5251000000426","NA","NA","1287.529700000072","2","psycho","2, 4, 1, 2, 4, 3, 5, 6, 6, 6, 2, 6, 5, 3, 4, 6, 4, 6, 4, 2, 3, 1, 5, 4, 1, 6, 5, 4, 1, 3, 5, 2, 3, 5, 1, 1, 2, 5, 2, 1, 3, 1, 6, 2, 3, 5, 4, 3","True","1024","2","48000","-16","experiment","44","even","505.54012550000016","1126.0","1434.0","453.0","987.0","74304.26219999981","NA","NA","4374.676299999919","505540.0543999999","505540.1077000001","NA","14939.962899999955","48771.884599999794","NA","4374.847699999918","514419.59050000017","505531.1453999998","NA","507040.3345","507046.05230000016","17331.34710000013","513122.94680000015","76467.40910000016","NA","NA","77398.57940000002","492522.95640000014","514419.5611","513131.2063","492522.8858999999","508122.48469999986","508046.32649999985","77398.7702999998","492522.5360999998","508046.3675000001","508084.81789999997","14940.057299999808","Attentional Spatial Bias - DEMO","0","0","0","33","سنقوم الآن بمعايرة جهاز تتبع العين.<br><br>يرجى تتبع النقطة المتحركة بعينيك وإبقاء رأسك ثابتًا.<br><br>يرجى الانتظار.","شكرًا على مشاركتك!<br><br>انتهت التجربة الآن.<br><br>يرجى الاتصال بالباحث.","في هذه التجربة، ستقرأ قصة قصيرة معروضة على الشاشة.<br><br>يرجى قراءة كل سطر بعناية، حيث سيُطرح عليك بعض الأسئلة حول القصة في نهاية التجربة.<br><br>بعد كل فقرة، سترى صورتين. انظر إلى كلتا الصورتين واحسب العدد الإجمالي للدوائر الموجودة في الصورتين.<br><br>في الشاشة التالية، سترى أمثلة على دائرة صحيحة وشكل غير صحيح. احسب فقط الأشكال التي تتطابق مع مثال الدائرة الصحيحة.<br><br>اضغط على أي مفتاح للبدء.","أدخل عدد الدوائر (اضغط على 0-3)","مرحبًا! اضغط على أي مفتاح للمتابعة.","Arabic","1920","-154","154","-154","154","-267","267","-267","267"
"8","5000","undefined","undefined","undefined","undefined","#1a1a1a","4","psycho","False","psycho","psycho","uniform","undefined","undefined","undefined","0","NA","0","0","33","33","0","0","0","NA","0","33","33","NA","33","33","0","33","0","0","NA","0","33","33","33","33","33","33","0","33","33","33","0","331.93773897163317","Mon Jul  6 20:33:59 2026","1000","The main experiment item","False","V6_02_AttentionalSpatialBias_fixed.osexp","C:\Users\plcm\Downloads","-1","none","-1","-1","False","mono","False","18","no","white","no","yes","RTL","991.9296","543.2724","1080","4","002.png","003.png","3","psycho","Arabic","33","33","C:\Users\plcm\Downloads\subject-44.csv","204","psycho","yes","517096.7839","Neonatal Nightingale","4.1.14","5","5","no_prime_trial_34","34","RTL","","0","2","space","2","NA","NA","2","444.58180000039283","2162.5251000000426","NA","NA","444.58180000039283","2","psycho","2, 4, 1, 2, 4, 3, 5, 6, 6, 6, 2, 6, 5, 3, 4, 6, 4, 6, 4, 2, 3, 1, 5, 4, 1, 6, 5, 4, 1, 3, 5, 2, 3, 5, 1, 1, 2, 5, 2, 1, 3, 1, 6, 2, 3, 5, 4, 3","False","1024","2","48000","-16","experiment","44","even","514.5486645000001","1126.0","1434.0","987.0","453.0","74304.26219999981","NA","NA","4374.676299999919","514548.57360000006","514548.644","NA","14939.962899999955","48771.884599999794","NA","4374.847699999918","527555.3011000002","514531.8065000001","NA","516052.995","516058.2939000001","17331.34710000013","527101.8229000001","76467.40910000016","NA","NA","77398.57940000002","514531.78660000005","527555.2742","527110.0453999997","514531.71759999986","522101.65959999996","517058.47760000004","77398.7702999998","514531.1412000001","517058.5129999999","517096.73220000014","14940.057299999808","Attentional Spatial Bias - DEMO","0","0","0","34","سنقوم الآن بمعايرة جهاز تتبع العين.<br><br>يرجى تتبع النقطة المتحركة بعينيك وإبقاء رأسك ثابتًا.<br><br>يرجى الانتظار.","شكرًا على مشاركتك!<br><br>انتهت التجربة الآن.<br><br>يرجى الاتصال بالباحث.","في هذه التجربة، ستقرأ قصة قصيرة معروضة على الشاشة.<br><br>يرجى قراءة كل سطر بعناية، حيث سيُطرح عليك بعض الأسئلة حول القصة في نهاية التجربة.<br><br>بعد كل فقرة، سترى صورتين. انظر إلى كلتا الصورتين واحسب العدد الإجمالي للدوائر الموجودة في الصورتين.<br><br>في الشاشة التالية، سترى أمثلة على دائرة صحيحة وشكل غير صحيح. احسب فقط الأشكال التي تتطابق مع مثال الدائرة الصحيحة.<br><br>اضغط على أي مفتاح للبدء.","أدخل عدد الدوائر (اضغط على 0-3)","مرحبًا! اضغط على أي مفتاح للمتابعة.","Arabic","1920","-154","154","-154","154","267","-267","267","-267"
"8","5000","undefined","undefined","undefined","undefined","#1a1a1a","4","psycho","False","psycho","psycho","uniform","undefined","undefined","undefined","0","NA","0","0","34","34","0","0","0","NA","0","34","34","NA","34","34","0","34","0","0","NA","0","34","34","34","34","34","34","0","34","34","34","0","335.05344463664284","Mon Jul  6 20:33:59 2026","1000","The main experiment item","False","V6_02_AttentionalSpatialBias_fixed.osexp","C:\Users\plcm\Downloads","30.878399999812245","004.png","965.0496","563.3064","False","mono","False","18","no","white","no","yes","RTL","965.0496","563.3064","1080","4","004.png","005.png","3","psycho","Arabic","34","34","C:\Users\plcm\Downloads\subject-44.csv","204","psycho","yes","530252.8358","Neonatal Nightingale","4.1.14","1","1","no_prime_trial_35","35","RTL","","0","2","space","2","NA","NA","2","1429.38619999995","2162.5251000000426","NA","NA","1429.38619999995","2","psycho","2, 4, 1, 2, 4, 3, 5, 6, 6, 6, 2, 6, 5, 3, 4, 6, 4, 6, 4, 2, 3, 1, 5, 4, 1, 6, 5, 4, 1, 3, 5, 2, 3, 5, 1, 1, 2, 5, 2, 1, 3, 1, 6, 2, 3, 5, 4, 3","False","1024","2","48000","-16","experiment","44","even","527.7066905000001","972.0","1588.0","720.0","720.0","74304.26219999981","NA","NA","4374.676299999919","527706.5668","527706.6675000001","NA","14939.962899999955","48771.884599999794","NA","4374.847699999918","536731.3832","527693.2575999999","NA","529210.4334999999","529215.8470999998","17331.34710000013","535290.0491000001","76467.40910000016","NA","NA","77398.57940000002","527693.2375000002","536731.3442999998","535301.2325999999","527693.1788000001","530289.9028000002","530216.2868999998","77398.7702999998","527692.6616999999","530216.3224999999","530252.7657000001","14940.057299999808","Attentional Spatial Bias - DEMO","0","0","0","35","سنقوم الآن بمعايرة جهاز تتبع العين.<br><br>يرجى تتبع النقطة المتحركة بعينيك وإبقاء رأسك ثابتًا.<br><br>يرجى الانتظار.","شكرًا على مشاركتك!<br><br>انتهت التجربة الآن.<br><br>يرجى الاتصال بالباحث.","في هذه التجربة، ستقرأ قصة قصيرة معروضة على الشاشة.<br><br>يرجى قراءة كل سطر بعناية، حيث سيُطرح عليك بعض الأسئلة حول القصة في نهاية التجربة.<br><br>بعد كل فقرة، سترى صورتين. انظر إلى كلتا الصورتين واحسب العدد الإجمالي للدوائر الموجودة في الصورتين.<br><br>في الشاشة التالية، سترى أمثلة على دائرة صحيحة وشكل غير صحيح. احسب فقط الأشكال التي تتطابق مع مثال الدائرة الصحيحة.<br><br>اضغط على أي مفتاح للبدء.","أدخل عدد الدوائر (اضغط على 0-3)","مرحبًا! اضغط على أي مفتاح للمتابعة.","Arabic","1920","-308","308","-308","308","0","0","0","0"
"8","5000","undefined","undefined","undefined","undefined","#1a1a1a","4","psycho","False","psycho","psycho","uniform","undefined","undefined","undefined","0","NA","0","0","35","35","0","0","0","NA","0","35","35","NA","35","35","0","35","0","0","NA","0","35","35","35","35","35","35","0","35","35","35","0","364.84008788245853","Mon Jul  6 20:33:59 2026","1000","The main experiment item","False","V6_02_AttentionalSpatialBias_fixed.osexp","C:\Users\plcm\Downloads","31.593100000056438","006.png","967.8335999999999","546.966","False","mono","False","18","no","white","no","yes","RTL","967.8335999999999","546.966","1080","4","006.png","007.png","3","psycho","Arabic","35","35","C:\Users\plcm\Downloads\subject-44.csv","204","psycho","yes","539434.7318","Neonatal Nightingale","4.1.14","1","1","no_prime_trial_36","36","RTL","","0","2","space","2","NA","NA","2","514.7584000001661","2162.5251000000426","NA","NA","514.7584000001661","2","psycho","2, 4, 1, 2, 4, 3, 5, 6, 6, 6, 2, 6, 5, 3, 4, 6, 4, 6, 4, 2, 3, 1, 5, 4, 1, 6, 5, 4, 1, 3, 5, 2, 3, 5, 1, 1, 2, 5, 2, 1, 3, 1, 6, 2, 3, 5, 4, 3","False","1024","2","48000","-16","experiment","44","even","536.8939891","972.0","1588.0","720.0","720.0","74304.26219999981","NA","NA","4374.676299999919","536893.7688000001","536893.9556999999","NA","14939.962899999955","48771.884599999794","NA","4374.847699999918","544995.2515999998","536877.5326","NA","538396.0882000001","538401.8422999998","17331.34710000013","544470.1853000001","76467.40910000016","NA","NA","77398.57940000002","536877.5062","544995.2260999999","544479.9865","536877.4463","539469.6380999999","539402.1874999999","77398.7702999998","536876.8623","539402.2744999997","539434.6826000001","14940.057299999808","Attentional Spatial Bias - DEMO","0","0","0","36","سنقوم الآن بمعايرة جهاز تتبع العين.<br><br>يرجى تتبع النقطة المتحركة بعينيك وإبقاء رأسك ثابتًا.<br><br>يرجى الانتظار.","شكرًا على مشاركتك!<br><br>انتهت التجربة الآن.<br><br>يرجى الاتصال بالباحث.","في هذه التجربة، ستقرأ قصة قصيرة معروضة على الشاشة.<br><br>يرجى قراءة كل سطر بعناية، حيث سيُطرح عليك بعض الأسئلة حول القصة في نهاية التجربة.<br><br>بعد كل فقرة، سترى صورتين. انظر إلى كلتا الصورتين واحسب العدد الإجمالي للدوائر الموجودة في الصورتين.<br><br>في الشاشة التالية، سترى أمثلة على دائرة صحيحة وشكل غير صحيح. احسب فقط الأشكال التي تتطابق مع مثال الدائرة الصحيحة.<br><br>اضغط على أي مفتاح للبدء.","أدخل عدد الدوائر (اضغط على 0-3)","مرحبًا! اضغط على أي مفتاح للمتابعة.","Arabic","1920","-308","308","-308","308","0","0","0","0"
"8","5000","undefined","undefined","undefined","undefined","#1a1a1a","4","psycho","False","psycho","psycho","uniform","undefined","undefined","undefined","0","NA","0","0","36","36","0","0","0","NA","0","36","36","NA","36","36","0","36","0","0","NA","0","36","36","36","36","36","36","0","36","36","36","0","379.49283866718736","Mon Jul  6 20:33:59 2026","1000","The main experiment item","False","V6_02_AttentionalSpatialBias_fixed.osexp","C:\Users\plcm\Downloads","78.47409999975935","008.png","971.0976","574.6464","False","mono","False","18","no","white","no","yes","RTL","971.0976","574.6464","1080","4","008.png","009.png","3","psycho","Arabic","36","36","C:\Users\plcm\Downloads\subject-44.csv","204","psycho","yes","547683.2592000001","Neonatal Nightingale","4.1.14","2","2","no_prime_trial_37","37","RTL","","0","0","space","0","NA","NA","0","1505.778899999801","2162.5251000000426","NA","NA","1505.778899999801","2","psycho","2, 4, 1, 2, 4, 3, 5, 6, 6, 6, 2, 6, 5, 3, 4, 6, 4, 6, 4, 2, 3, 1, 5, 4, 1, 6, 5, 4, 1, 3, 5, 2, 3, 5, 1, 1, 2, 5, 2, 1, 3, 1, 6, 2, 3, 5, 4, 3","False","1024","2","48000","-16","experiment","44","even","545.1370068000001","1013.0","1547.0","566.0","874.0","74304.26219999981","NA","NA","4374.676299999919","545136.88","545136.9773000001","NA","14939.962899999955","48771.884599999794","NA","4374.847699999918","554283.2391000001","545121.1161000001","NA","546641.6595000001","546647.3685999999","17331.34710000013","552768.8807","76467.40910000016","NA","NA","77398.57940000002","545121.0888","554283.2109999999","552776.8584","545121.0160000001","547768.7614000001","547647.6852999999","77398.7702999998","545119.7042999998","547647.7325","547683.2113999999","14940.057299999808","Attentional Spatial Bias - DEMO","0","0","0","37","سنقوم الآن بمعايرة جهاز تتبع العين.<br><br>يرجى تتبع النقطة المتحركة بعينيك وإبقاء رأسك ثابتًا.<br><br>يرجى الانتظار.","شكرًا على مشاركتك!<br><br>انتهت التجربة الآن.<br><br>يرجى الاتصال بالباحث.","في هذه التجربة، ستقرأ قصة قصيرة معروضة على الشاشة.<br><br>يرجى قراءة كل سطر بعناية، حيث سيُطرح عليك بعض الأسئلة حول القصة في نهاية التجربة.<br><br>بعد كل فقرة، سترى صورتين. انظر إلى كلتا الصورتين واحسب العدد الإجمالي للدوائر الموجودة في الصورتين.<br><br>في الشاشة التالية، سترى أمثلة على دائرة صحيحة وشكل غير صحيح. احسب فقط الأشكال التي تتطابق مع مثال الدائرة الصحيحة.<br><br>اضغط على أي مفتاح للبدء.","أدخل عدد الدوائر (اضغط على 0-3)","مرحبًا! اضغط على أي مفتاح للمتابعة.","Arabic","1920","-267","267","-267","267","-154","154","-154","154"
"8","5000","undefined","undefined","undefined","undefined","#1a1a1a","4","psycho","False","psycho","psycho","uniform","undefined","undefined","undefined","0","NA","0","0","37","37","0","0","0","NA","0","37","37","NA","37","37","0","37","0","0","NA","0","37","37","37","37","37","37","0","37","37","37","0","403.54586302704183","Mon Jul  6 20:33:59 2026","1000","The main experiment item","False","V6_02_AttentionalSpatialBias_fixed.osexp","C:\Users\plcm\Downloads","-1","none","-1","-1","False","mono","False","18","no","white","no","yes","RTL","951.3024","525.6792","1080","4","010.png","011.png","3","psycho","Arabic","37","37","C:\Users\plcm\Downloads\subject-44.csv","204","psycho","yes","556953.4512999998","Neonatal Nightingale","4.1.14","5","5","no_prime_trial_38","38","RTL","","0","2","space","2","NA","NA","2","807.8879000004381","2162.5251000000426","NA","NA","807.8879000004381","2","psycho","2, 4, 1, 2, 4, 3, 5, 6, 6, 6, 2, 6, 5, 3, 4, 6, 4, 6, 4, 2, 3, 1, 5, 4, 1, 6, 5, 4, 1, 3, 5, 2, 3, 5, 1, 1, 2, 5, 2, 1, 3, 1, 6, 2, 3, 5, 4, 3","False","1024","2","48000","-16","experiment","44","even","554.4117182999998","1126.0","1434.0","987.0","453.0","74304.26219999981","NA","NA","4374.676299999919","554411.6018","554411.6930999999","NA","14939.962899999955","48771.884599999794","NA","4374.847699999918","567779.4177000001","554399.3949000001","NA","555912.6470000001","555918.9950999998","17331.34710000013","566960.8644","76467.40910000016","NA","NA","77398.57940000002","554399.3701999998","567779.3799999999","566970.8130999998","554399.2944000001","561960.2353000001","556919.5761999999","77398.7702999998","554398.5114000002","556919.6161","556953.3812","14940.057299999808","Attentional Spatial Bias - DEMO","0","0","0","38","سنقوم الآن بمعايرة جهاز تتبع العين.<br><br>يرجى تتبع النقطة المتحركة بعينيك وإبقاء رأسك ثابتًا.<br><br>يرجى الانتظار.","شكرًا على مشاركتك!<br><br>انتهت التجربة الآن.<br><br>يرجى الاتصال بالباحث.","في هذه التجربة، ستقرأ قصة قصيرة معروضة على الشاشة.<br><br>يرجى قراءة كل سطر بعناية، حيث سيُطرح عليك بعض الأسئلة حول القصة في نهاية التجربة.<br><br>بعد كل فقرة، سترى صورتين. انظر إلى كلتا الصورتين واحسب العدد الإجمالي للدوائر الموجودة في الصورتين.<br><br>في الشاشة التالية، سترى أمثلة على دائرة صحيحة وشكل غير صحيح. احسب فقط الأشكال التي تتطابق مع مثال الدائرة الصحيحة.<br><br>اضغط على أي مفتاح للبدء.","أدخل عدد الدوائر (اضغط على 0-3)","مرحبًا! اضغط على أي مفتاح للمتابعة.","Arabic","1920","-154","154","-154","154","267","-267","267","-267"
"8","5000","undefined","undefined","undefined","undefined","#1a1a1a","4","psycho","False","psycho","psycho","uniform","undefined","undefined","undefined","0","NA","0","0","38","38","0","0","0","NA","0","38","38","NA","38","38","0","38","0","0","NA","0","38","38","38","38","38","38","0","38","38","38","0","361.5344372279907","Mon Jul  6 20:33:59 2026","1000","The main experiment item","False","V6_02_AttentionalSpatialBias_fixed.osexp","C:\Users\plcm\Downloads","27.25","012.png","976.0128","536.814","False","mono","False","18","no","white","no","yes","RTL","976.0128","536.814","1080","4","012.png","013.png","3","psycho","Arabic","38","38","C:\Users\plcm\Downloads\subject-44.csv","204","psycho","yes","570458.3426","Neonatal Nightingale","4.1.14","2","2","no_prime_trial_39","39","RTL","","0","0","space","0","NA","NA","0","1752.1742000003578","2162.5251000000426","NA","NA","1752.1742000003578","2","psycho","2, 4, 1, 2, 4, 3, 5, 6, 6, 6, 2, 6, 5, 3, 4, 6, 4, 6, 4, 2, 3, 1, 5, 4, 1, 6, 5, 4, 1, 3, 5, 2, 3, 5, 1, 1, 2, 5, 2, 1, 3, 1, 6, 2, 3, 5, 4, 3","False","1024","2","48000","-16","experiment","44","even","567.9145021999998","1013.0","1547.0","566.0","874.0","74304.26219999981","NA","NA","4374.676299999919","567914.2925000001","567914.4593000001","NA","14939.962899999955","48771.884599999794","NA","4374.847699999918","577251.9674","567899.9196","NA","569416.5490999998","569422.2887","17331.34710000013","575490.3172999998","76467.40910000016","NA","NA","77398.57940000002","567899.8892","577251.9051","575498.6307999998","567899.8158","570489.7606999998","570422.646","77398.7702999998","567899.1832000002","570422.7025","570458.3028000002","14940.057299999808","Attentional Spatial Bias - DEMO","0","0","0","39","سنقوم الآن بمعايرة جهاز تتبع العين.<br><br>يرجى تتبع النقطة المتحركة بعينيك وإبقاء رأسك ثابتًا.<br><br>يرجى الانتظار.","شكرًا على مشاركتك!<br><br>انتهت التجربة الآن.<br><br>يرجى الاتصال بالباحث.","في هذه التجربة، ستقرأ قصة قصيرة معروضة على الشاشة.<br><br>يرجى قراءة كل سطر بعناية، حيث سيُطرح عليك بعض الأسئلة حول القصة في نهاية التجربة.<br><br>بعد كل فقرة، سترى صورتين. انظر إلى كلتا الصورتين واحسب العدد الإجمالي للدوائر الموجودة في الصورتين.<br><br>في الشاشة التالية، سترى أمثلة على دائرة صحيحة وشكل غير صحيح. احسب فقط الأشكال التي تتطابق مع مثال الدائرة الصحيحة.<br><br>اضغط على أي مفتاح للبدء.","أدخل عدد الدوائر (اضغط على 0-3)","مرحبًا! اضغط على أي مفتاح للمتابعة.","Arabic","1920","-267","267","-267","267","-154","154","-154","154"
"8","5000","undefined","undefined","undefined","undefined","#1a1a1a","4","psycho","False","psycho","psycho","uniform","undefined","undefined","undefined","0","NA","0","0","39","39","0","0","0","NA","0","39","39","NA","39","39","0","39","0","0","NA","0","39","39","39","39","39","39","0","39","39","39","0","372.36201823773587","Mon Jul  6 20:33:59 2026","1000","The main experiment item","False","V6_02_AttentionalSpatialBias_fixed.osexp","C:\Users\plcm\Downloads","65.84650000010151","014.png","962.9952000000001","518.8968","False","mono","False","18","no","white","no","yes","RTL","962.9952000000001","518.8968","1080","4","014.png","015.png","3","psycho","Arabic","39","39","C:\Users\plcm\Downloads\subject-44.csv","204","psycho","yes","579964.5854999999","Neonatal Nightingale","4.1.14","1","1","no_prime_trial_40","40","RTL","","0","2","space","2","NA","NA","2","1110.8793000002624","2162.5251000000426","NA","NA","1110.8793000002624","2","psycho","2, 4, 1, 2, 4, 3, 5, 6, 6, 6, 2, 6, 5, 3, 4, 6, 4, 6, 4, 2, 3, 1, 5, 4, 1, 6, 5, 4, 1, 3, 5, 2, 3, 5, 1, 1, 2, 5, 2, 1, 3, 1, 6, 2, 3, 5, 4, 3","False","1024","2","48000","-16","experiment","44","even","577.4167198999999","972.0","1588.0","720.0","720.0","74304.26219999981","NA","NA","4374.676299999919","577416.6203","577416.6992999999","NA","14939.962899999955","48771.884599999794","NA","4374.847699999918","586155.9204000001","577406.2589","NA","578920.6765","578926.449","17331.34710000013","585035.4016999999","76467.40910000016","NA","NA","77398.57940000002","577406.2386999999","586155.878","585044.0362999998","577406.1854000002","580035.1552000002","579926.6984000001","77398.7702999998","577405.7159999998","579926.7372999998","579964.4923999999","14940.057299999808","Attentional Spatial Bias - DEMO","0","0","0","40","سنقوم الآن بمعايرة جهاز تتبع العين.<br><br>يرجى تتبع النقطة المتحركة بعينيك وإبقاء رأسك ثابتًا.<br><br>يرجى الانتظار.","شكرًا على مشاركتك!<br><br>انتهت التجربة الآن.<br><br>يرجى الاتصال بالباحث.","في هذه التجربة، ستقرأ قصة قصيرة معروضة على الشاشة.<br><br>يرجى قراءة كل سطر بعناية، حيث سيُطرح عليك بعض الأسئلة حول القصة في نهاية التجربة.<br><br>بعد كل فقرة، سترى صورتين. انظر إلى كلتا الصورتين واحسب العدد الإجمالي للدوائر الموجودة في الصورتين.<br><br>في الشاشة التالية، سترى أمثلة على دائرة صحيحة وشكل غير صحيح. احسب فقط الأشكال التي تتطابق مع مثال الدائرة الصحيحة.<br><br>اضغط على أي مفتاح للبدء.","أدخل عدد الدوائر (اضغط على 0-3)","مرحبًا! اضغط على أي مفتاح للمتابعة.","Arabic","1920","-308","308","-308","308","0","0","0","0"
"8","5000","undefined","undefined","undefined","undefined","#1a1a1a","5","psycho","False","psycho","psycho","uniform","undefined","undefined","undefined","0","NA","0","0","40","40","0","0","0","NA","0","40","40","NA","40","40","0","40","0","0","NA","0","40","40","40","40","40","40","0","40","40","40","0","417.820942697132","Mon Jul  6 20:33:59 2026","1000","The main experiment item","False","V6_02_AttentionalSpatialBias_fixed.osexp","C:\Users\plcm\Downloads","31.046099999919534","000.png","956.1792","524.556","False","mono","False","18","no","white","no","yes","RTL","956.1792","524.556","1080","5","000.png","001.png","3","psycho","Arabic","40","40","C:\Users\plcm\Downloads\subject-44.csv","204","psycho","yes","599415.6905999999","Neonatal Nightingale","4.1.14","3","3","prime_6","41","RTL","أمضى الشتاء وحده، معتقدًا أنه أبشع مخلوق على وجه الأرض. ثم جاء الربيع وتلاشى البرد. ذات يوم رأى بجعات بيضاء جميلة على البحيرة فسبح نحوهم، خائفًا من أن يطردوه.","0","2","space","2","NA","NA","2","824.2632999999914","2162.5251000000426","NA","NA","824.2632999999914","2","psycho","2, 4, 1, 2, 4, 3, 5, 6, 6, 6, 2, 6, 5, 3, 4, 6, 4, 6, 4, 2, 3, 1, 5, 4, 1, 6, 5, 4, 1, 3, 5, 2, 3, 5, 1, 1, 2, 5, 2, 1, 3, 1, 6, 2, 3, 5, 4, 3","True","1024","2","48000","-16","experiment","44","even","596.8803238","1126.0","1434.0","453.0","987.0","74304.26219999981","NA","NA","4374.676299999919","596880.2267000001","596880.3019000002","NA","14939.962899999955","48771.884599999794","NA","4374.847699999918","605283.6121","596867.2523","NA","598381.2437000001","598386.7781999997","17331.34710000013","604450.3470999998","76467.40910000016","NA","NA","77398.57940000002","586278.4221000002","605283.5787","604458.4552999999","586278.3633999998","599449.9064000001","599387.0744","77398.7702999998","586277.5734000001","599387.1110999999","599415.6087000001","14940.057299999808","Attentional Spatial Bias - DEMO","0","0","0","41","سنقوم الآن بمعايرة جهاز تتبع العين.<br><br>يرجى تتبع النقطة المتحركة بعينيك وإبقاء رأسك ثابتًا.<br><br>يرجى الانتظار.","شكرًا على مشاركتك!<br><br>انتهت التجربة الآن.<br><br>يرجى الاتصال بالباحث.","في هذه التجربة، ستقرأ قصة قصيرة معروضة على الشاشة.<br><br>يرجى قراءة كل سطر بعناية، حيث سيُطرح عليك بعض الأسئلة حول القصة في نهاية التجربة.<br><br>بعد كل فقرة، سترى صورتين. انظر إلى كلتا الصورتين واحسب العدد الإجمالي للدوائر الموجودة في الصورتين.<br><br>في الشاشة التالية، سترى أمثلة على دائرة صحيحة وشكل غير صحيح. احسب فقط الأشكال التي تتطابق مع مثال الدائرة الصحيحة.<br><br>اضغط على أي مفتاح للبدء.","أدخل عدد الدوائر (اضغط على 0-3)","مرحبًا! اضغط على أي مفتاح للمتابعة.","Arabic","1920","-154","154","-154","154","-267","267","-267","267"
"8","5000","undefined","undefined","undefined","undefined","#1a1a1a","5","psycho","False","psycho","psycho","uniform","undefined","undefined","undefined","0","NA","0","0","41","41","0","0","0","NA","0","41","41","NA","41","41","0","41","0","0","NA","0","41","41","41","41","41","41","0","41","41","41","0","392.87101286748043","Mon Jul  6 20:33:59 2026","1000","The main experiment item","False","V6_02_AttentionalSpatialBias_fixed.osexp","C:\Users\plcm\Downloads","32.03759999992326","002.png","955.8528","537.57","False","mono","False","18","no","white","no","yes","RTL","955.8528","537.57","1080","5","002.png","003.png","3","psycho","Arabic","41","41","C:\Users\plcm\Downloads\subject-44.csv","204","psycho","yes","607942.6456000002","Neonatal Nightingale","4.1.14","1","1","no_prime_trial_42","42","RTL","","0","2","space","2","NA","NA","2","1423.9904999999562","2162.5251000000426","NA","NA","1423.9904999999562","2","psycho","2, 4, 1, 2, 4, 3, 5, 6, 6, 6, 2, 6, 5, 3, 4, 6, 4, 6, 4, 2, 3, 1, 5, 4, 1, 6, 5, 4, 1, 3, 5, 2, 3, 5, 1, 1, 2, 5, 2, 1, 3, 1, 6, 2, 3, 5, 4, 3","False","1024","2","48000","-16","experiment","44","even","605.4036502999998","972.0","1588.0","720.0","720.0","74304.26219999981","NA","NA","4374.676299999919","605403.5534","605403.6283","NA","14939.962899999955","48771.884599999794","NA","4374.847699999918","614411.1149999999","605392.5983999998","NA","606906.9604000001","606912.8061000002","17331.34710000013","612978.3017999998","76467.40910000016","NA","NA","77398.57940000002","605392.5788000001","614411.0878000001","612986.5811","605392.5338999998","607977.9439999998","607913.3683999998","77398.7702999998","605392.2072000001","607913.4064999998","607942.5682999999","14940.057299999808","Attentional Spatial Bias - DEMO","0","0","0","42","سنقوم الآن بمعايرة جهاز تتبع العين.<br><br>يرجى تتبع النقطة المتحركة بعينيك وإبقاء رأسك ثابتًا.<br><br>يرجى الانتظار.","شكرًا على مشاركتك!<br><br>انتهت التجربة الآن.<br><br>يرجى الاتصال بالباحث.","في هذه التجربة، ستقرأ قصة قصيرة معروضة على الشاشة.<br><br>يرجى قراءة كل سطر بعناية، حيث سيُطرح عليك بعض الأسئلة حول القصة في نهاية التجربة.<br><br>بعد كل فقرة، سترى صورتين. انظر إلى كلتا الصورتين واحسب العدد الإجمالي للدوائر الموجودة في الصورتين.<br><br>في الشاشة التالية، سترى أمثلة على دائرة صحيحة وشكل غير صحيح. احسب فقط الأشكال التي تتطابق مع مثال الدائرة الصحيحة.<br><br>اضغط على أي مفتاح للبدء.","أدخل عدد الدوائر (اضغط على 0-3)","مرحبًا! اضغط على أي مفتاح للمتابعة.","Arabic","1920","-308","308","-308","308","0","0","0","0"
"8","5000","undefined","undefined","undefined","undefined","#1a1a1a","5","psycho","False","psycho","psycho","uniform","undefined","undefined","undefined","0","NA","0","0","42","42","0","0","0","NA","0","42","42","NA","42","42","0","42","0","0","NA","0","42","42","42","42","42","42","0","42","42","42","0","375.83518160917293","Mon Jul  6 20:33:59 2026","1000","The main experiment item","False","V6_02_AttentionalSpatialBias_fixed.osexp","C:\Users\plcm\Downloads","3385.7615000001388","004.png","942.2976","864.8532","False","mono","False","18","no","white","no","yes","RTL","942.2976","864.8532","1080","5","004.png","005.png","3","psycho","Arabic","42","42","C:\Users\plcm\Downloads\subject-44.csv","204","psycho","yes","617097.2047","Neonatal Nightingale","4.1.14","6","6","no_prime_trial_43","43","RTL","","0","2","space","2","NA","NA","2","1135.5770000000484","2162.5251000000426","NA","NA","1135.5770000000484","2","psycho","2, 4, 1, 2, 4, 3, 5, 6, 6, 6, 2, 6, 5, 3, 4, 6, 4, 6, 4, 2, 3, 1, 5, 4, 1, 6, 5, 4, 1, 3, 5, 2, 3, 5, 1, 1, 2, 5, 2, 1, 3, 1, 6, 2, 3, 5, 4, 3","False","1024","2","48000","-16","experiment","44","even","614.5484808000001","1013.0","1547.0","874.0","566.0","74304.26219999981","NA","NA","4374.676299999919","614548.2548","614548.4378999999","NA","14939.962899999955","48771.884599999794","NA","4374.847699999918","626635.1482","614533.3648000001","NA","616050.4826000001","616056.1269","17331.34710000013","625490.4298000002","76467.40910000016","NA","NA","77398.57940000002","614533.3437","626635.1174000001","625498.9682","614533.2877000001","620489.7470999999","617056.1926000001","77398.7702999998","614532.7515999997","617056.2334000001","617097.1292999998","14940.057299999808","Attentional Spatial Bias - DEMO","0","0","0","43","سنقوم الآن بمعايرة جهاز تتبع العين.<br><br>يرجى تتبع النقطة المتحركة بعينيك وإبقاء رأسك ثابتًا.<br><br>يرجى الانتظار.","شكرًا على مشاركتك!<br><br>انتهت التجربة الآن.<br><br>يرجى الاتصال بالباحث.","في هذه التجربة، ستقرأ قصة قصيرة معروضة على الشاشة.<br><br>يرجى قراءة كل سطر بعناية، حيث سيُطرح عليك بعض الأسئلة حول القصة في نهاية التجربة.<br><br>بعد كل فقرة، سترى صورتين. انظر إلى كلتا الصورتين واحسب العدد الإجمالي للدوائر الموجودة في الصورتين.<br><br>في الشاشة التالية، سترى أمثلة على دائرة صحيحة وشكل غير صحيح. احسب فقط الأشكال التي تتطابق مع مثال الدائرة الصحيحة.<br><br>اضغط على أي مفتاح للبدء.","أدخل عدد الدوائر (اضغط على 0-3)","مرحبًا! اضغط على أي مفتاح للمتابعة.","Arabic","1920","-267","267","-267","267","154","-154","154","-154"
"8","5000","undefined","undefined","undefined","undefined","#1a1a1a","5","psycho","False","psycho","psycho","uniform","undefined","undefined","undefined","0","NA","0","0","43","43","0","0","0","NA","0","43","43","NA","43","43","0","43","0","0","NA","0","43","43","43","43","43","43","0","43","43","43","0","341.3237269352368","Mon Jul  6 20:33:59 2026","1000","The main experiment item","False","V6_02_AttentionalSpatialBias_fixed.osexp","C:\Users\plcm\Downloads","33.00880000006873","006.png","966.5663999999999","569.5056","False","mono","False","18","no","white","no","yes","RTL","966.5663999999999","569.5056","1080","5","006.png","007.png","3","psycho","Arabic","43","43","C:\Users\plcm\Downloads\subject-44.csv","204","psycho","yes","629342.3238999998","Neonatal Nightingale","4.1.14","2","2","no_prime_trial_44","44","RTL","","0","2","space","2","NA","NA","2","1231.0096000001067","2162.5251000000426","NA","NA","1231.0096000001067","2","psycho","2, 4, 1, 2, 4, 3, 5, 6, 6, 6, 2, 6, 5, 3, 4, 6, 4, 6, 4, 2, 3, 1, 5, 4, 1, 6, 5, 4, 1, 3, 5, 2, 3, 5, 1, 1, 2, 5, 2, 1, 3, 1, 6, 2, 3, 5, 4, 3","False","1024","2","48000","-16","experiment","44","even","626.7996438999999","1013.0","1547.0","566.0","874.0","74304.26219999981","NA","NA","4374.676299999919","626799.496","626799.6153","NA","14939.962899999955","48771.884599999794","NA","4374.847699999918","635619.6937999998","626783.7657999998","NA","628301.5105999998","628307.7481","17331.34710000013","634379.4818000001","76467.40910000016","NA","NA","77398.57940000002","626783.7466000001","635619.6592999999","634387.8028999998","626783.6993000001","629379.3495999998","629308.2909","77398.7702999998","626783.1747999999","629308.3342999999","629342.278","14940.057299999808","Attentional Spatial Bias - DEMO","0","0","0","44","سنقوم الآن بمعايرة جهاز تتبع العين.<br><br>يرجى تتبع النقطة المتحركة بعينيك وإبقاء رأسك ثابتًا.<br><br>يرجى الانتظار.","شكرًا على مشاركتك!<br><br>انتهت التجربة الآن.<br><br>يرجى الاتصال بالباحث.","في هذه التجربة، ستقرأ قصة قصيرة معروضة على الشاشة.<br><br>يرجى قراءة كل سطر بعناية، حيث سيُطرح عليك بعض الأسئلة حول القصة في نهاية التجربة.<br><br>بعد كل فقرة، سترى صورتين. انظر إلى كلتا الصورتين واحسب العدد الإجمالي للدوائر الموجودة في الصورتين.<br><br>في الشاشة التالية، سترى أمثلة على دائرة صحيحة وشكل غير صحيح. احسب فقط الأشكال التي تتطابق مع مثال الدائرة الصحيحة.<br><br>اضغط على أي مفتاح للبدء.","أدخل عدد الدوائر (اضغط على 0-3)","مرحبًا! اضغط على أي مفتاح للمتابعة.","Arabic","1920","-267","267","-267","267","-154","154","-154","154"
"8","5000","undefined","undefined","undefined","undefined","#1a1a1a","5","psycho","False","psycho","psycho","uniform","undefined","undefined","undefined","0","NA","0","0","44","44","0","0","0","NA","0","44","44","NA","44","44","0","44","0","0","NA","0","44","44","44","44","44","44","0","44","44","44","0","569.6067739913211","Mon Jul  6 20:33:59 2026","1000","The main experiment item","False","V6_02_AttentionalSpatialBias_fixed.osexp","C:\Users\plcm\Downloads","30.71860000002198","008.png","969.4848000000001","560.3364","False","mono","False","18","no","white","no","yes","RTL","969.4848000000001","560.3364","1080","5","008.png","009.png","3","psycho","Arabic","44","44","C:\Users\plcm\Downloads\subject-44.csv","204","psycho","yes","638317.7350000001","Neonatal Nightingale","4.1.14","3","3","no_prime_trial_45","45","RTL","","0","0","space","0","NA","NA","0","553.7791999999899","2162.5251000000426","NA","NA","553.7791999999899","2","psycho","2, 4, 1, 2, 4, 3, 5, 6, 6, 6, 2, 6, 5, 3, 4, 6, 4, 6, 4, 2, 3, 1, 5, 4, 1, 6, 5, 4, 1, 3, 5, 2, 3, 5, 1, 1, 2, 5, 2, 1, 3, 1, 6, 2, 3, 5, 4, 3","False","1024","2","48000","-16","experiment","44","even","635.7741803999998","1126.0","1434.0","453.0","987.0","74304.26219999981","NA","NA","4374.676299999919","635774.0903999998","635774.1590999999","NA","14939.962899999955","48771.884599999794","NA","4374.847699999918","643915.1863000002","635762.4443","NA","637276.2469999997","637282.139","17331.34710000013","643352.3897","76467.40910000016","NA","NA","77398.57940000002","635762.4230000002","643915.1585999998","643360.7572000001","635762.3616000001","638351.8770000001","638282.4904999997","77398.7702999998","635761.6358","638282.5300999999","638317.6718","14940.057299999808","Attentional Spatial Bias - DEMO","0","0","0","45","سنقوم الآن بمعايرة جهاز تتبع العين.<br><br>يرجى تتبع النقطة المتحركة بعينيك وإبقاء رأسك ثابتًا.<br><br>يرجى الانتظار.","شكرًا على مشاركتك!<br><br>انتهت التجربة الآن.<br><br>يرجى الاتصال بالباحث.","في هذه التجربة، ستقرأ قصة قصيرة معروضة على الشاشة.<br><br>يرجى قراءة كل سطر بعناية، حيث سيُطرح عليك بعض الأسئلة حول القصة في نهاية التجربة.<br><br>بعد كل فقرة، سترى صورتين. انظر إلى كلتا الصورتين واحسب العدد الإجمالي للدوائر الموجودة في الصورتين.<br><br>في الشاشة التالية، سترى أمثلة على دائرة صحيحة وشكل غير صحيح. احسب فقط الأشكال التي تتطابق مع مثال الدائرة الصحيحة.<br><br>اضغط على أي مفتاح للبدء.","أدخل عدد الدوائر (اضغط على 0-3)","مرحبًا! اضغط على أي مفتاح للمتابعة.","Arabic","1920","-154","154","-154","154","-267","267","-267","267"
"8","5000","undefined","undefined","undefined","undefined","#1a1a1a","5","psycho","False","psycho","psycho","uniform","undefined","undefined","undefined","0","NA","0","0","45","45","0","0","0","NA","0","45","45","NA","45","45","0","45","0","0","NA","0","45","45","45","45","45","45","0","45","45","45","0","349.43934045565044","Mon Jul  6 20:33:59 2026","1000","The main experiment item","False","V6_02_AttentionalSpatialBias_fixed.osexp","C:\Users\plcm\Downloads","-1","none","-1","-1","False","mono","False","18","no","white","no","yes","RTL","973.2672","576.7092","1080","5","010.png","011.png","3","psycho","Arabic","45","45","C:\Users\plcm\Downloads\subject-44.csv","204","psycho","yes","646575.4772000001","Neonatal Nightingale","4.1.14","5","5","no_prime_trial_46","46","RTL","","0","2","space","2","NA","NA","2","1296.4209000001429","2162.5251000000426","NA","NA","1296.4209000001429","2","psycho","2, 4, 1, 2, 4, 3, 5, 6, 6, 6, 2, 6, 5, 3, 4, 6, 4, 6, 4, 2, 3, 1, 5, 4, 1, 6, 5, 4, 1, 3, 5, 2, 3, 5, 1, 1, 2, 5, 2, 1, 3, 1, 6, 2, 3, 5, 4, 3","False","1024","2","48000","-16","experiment","44","even","644.0404235999999","1126.0","1434.0","987.0","453.0","74304.26219999981","NA","NA","4374.676299999919","644040.2257000001","644040.3846999998","NA","14939.962899999955","48771.884599999794","NA","4374.847699999918","657892.3832","644025.9585999998","NA","645542.8808000002","645548.703","17331.34710000013","656583.4003999998","76467.40910000016","NA","NA","77398.57940000002","644025.9283999999","657892.2962000001","656594.1804","644025.8536000001","651582.7955999998","646549.1793999999","77398.7702999998","644025.3001000001","646549.2128000001","646575.4358999998","14940.057299999808","Attentional Spatial Bias - DEMO","0","0","0","46","سنقوم الآن بمعايرة جهاز تتبع العين.<br><br>يرجى تتبع النقطة المتحركة بعينيك وإبقاء رأسك ثابتًا.<br><br>يرجى الانتظار.","شكرًا على مشاركتك!<br><br>انتهت التجربة الآن.<br><br>يرجى الاتصال بالباحث.","في هذه التجربة، ستقرأ قصة قصيرة معروضة على الشاشة.<br><br>يرجى قراءة كل سطر بعناية، حيث سيُطرح عليك بعض الأسئلة حول القصة في نهاية التجربة.<br><br>بعد كل فقرة، سترى صورتين. انظر إلى كلتا الصورتين واحسب العدد الإجمالي للدوائر الموجودة في الصورتين.<br><br>في الشاشة التالية، سترى أمثلة على دائرة صحيحة وشكل غير صحيح. احسب فقط الأشكال التي تتطابق مع مثال الدائرة الصحيحة.<br><br>اضغط على أي مفتاح للبدء.","أدخل عدد الدوائر (اضغط على 0-3)","مرحبًا! اضغط على أي مفتاح للمتابعة.","Arabic","1920","-154","154","-154","154","267","-267","267","-267"
"8","5000","undefined","undefined","undefined","undefined","#1a1a1a","5","psycho","False","psycho","psycho","uniform","undefined","undefined","undefined","0","NA","0","0","46","46","0","0","0","NA","0","46","46","NA","46","46","0","46","0","0","NA","0","46","46","46","46","46","46","0","46","46","46","0","380.8356319516334","Mon Jul  6 20:33:59 2026","1000","The main experiment item","False","V6_02_AttentionalSpatialBias_fixed.osexp","C:\Users\plcm\Downloads","-1","none","-1","-1","False","mono","False","18","no","white","no","yes","RTL","944.0256","556.3944","1080","5","012.png","013.png","3","psycho","Arabic","46","46","C:\Users\plcm\Downloads\subject-44.csv","204","psycho","yes","660567.7860000001","Neonatal Nightingale","4.1.14","4","4","no_prime_trial_47","47","RTL","","0","1","space","1","NA","NA","1","1162.0508999999147","2162.5251000000426","NA","NA","1162.0508999999147","2","psycho","2, 4, 1, 2, 4, 3, 5, 6, 6, 6, 2, 6, 5, 3, 4, 6, 4, 6, 4, 2, 3, 1, 5, 4, 1, 6, 5, 4, 1, 3, 5, 2, 3, 5, 1, 1, 2, 5, 2, 1, 3, 1, 6, 2, 3, 5, 4, 3","False","1024","2","48000","-16","experiment","44","even","658.0256174000001","1280.0","1280.0","412.0","1028.0","74304.26219999981","NA","NA","4374.676299999919","658025.5213999999","658025.5975999999","NA","14939.962899999955","48771.884599999794","NA","4374.847699999918","671747.3411999999","658012.1266000001","NA","659527.0234","659532.7471","17331.34710000013","670576.1917999998","76467.40910000016","NA","NA","77398.57940000002","658012.1067","671747.3153000001","670584.6418999999","658012.0560999999","665575.9947000002","660533.0118000002","77398.7702999998","658011.4746999998","660533.0565999998","660567.7234999998","14940.057299999808","Attentional Spatial Bias - DEMO","0","0","0","47","سنقوم الآن بمعايرة جهاز تتبع العين.<br><br>يرجى تتبع النقطة المتحركة بعينيك وإبقاء رأسك ثابتًا.<br><br>يرجى الانتظار.","شكرًا على مشاركتك!<br><br>انتهت التجربة الآن.<br><br>يرجى الاتصال بالباحث.","في هذه التجربة، ستقرأ قصة قصيرة معروضة على الشاشة.<br><br>يرجى قراءة كل سطر بعناية، حيث سيُطرح عليك بعض الأسئلة حول القصة في نهاية التجربة.<br><br>بعد كل فقرة، سترى صورتين. انظر إلى كلتا الصورتين واحسب العدد الإجمالي للدوائر الموجودة في الصورتين.<br><br>في الشاشة التالية، سترى أمثلة على دائرة صحيحة وشكل غير صحيح. احسب فقط الأشكال التي تتطابق مع مثال الدائرة الصحيحة.<br><br>اضغط على أي مفتاح للبدء.","أدخل عدد الدوائر (اضغط على 0-3)","مرحبًا! اضغط على أي مفتاح للمتابعة.","Arabic","1920","0","0","0","0","-308","308","-308","308"
"8","5000","undefined","undefined","undefined","undefined","#1a1a1a","5","psycho","False","psycho","psycho","uniform","undefined","undefined","undefined","0","NA","0","0","47","47","0","0","0","NA","0","47","47","NA","47","47","0","47","0","0","NA","0","47","47","47","47","47","47","0","47","47","47","0","364.55171546698284","Mon Jul  6 20:33:59 2026","1000","The main experiment item","False","V6_02_AttentionalSpatialBias_fixed.osexp","C:\Users\plcm\Downloads","31.795599999953993","014.png","958.5984","542.8080000000001","False","mono","False","18","no","white","no","yes","RTL","958.5984","542.8080000000001","1080","5","014.png","015.png","3","psycho","Arabic","47","47","C:\Users\plcm\Downloads\subject-44.csv","204","psycho","yes","674461.0198999998","Neonatal Nightingale","4.1.14","3","3","no_prime_trial_48","48","RTL","","0","2","space","2","NA","NA","2","987.935999999987","2162.5251000000426","NA","NA","987.935999999987","2","psycho","2, 4, 1, 2, 4, 3, 5, 6, 6, 6, 2, 6, 5, 3, 4, 6, 4, 6, 4, 2, 3, 1, 5, 4, 1, 6, 5, 4, 1, 3, 5, 2, 3, 5, 1, 1, 2, 5, 2, 1, 3, 1, 6, 2, 3, 5, 4, 3","False","1024","2","48000","-16","experiment","44","even","671.9101728999999","1126.0","1434.0","453.0","987.0","74304.26219999981","NA","NA","4374.676299999919","671910.01","671910.1366999998","NA","14939.962899999955","48771.884599999794","NA","4374.847699999918","680499.3476","671894.6775999998","NA","673411.2773000002","673416.8454999999","17331.34710000013","679498.0517999998","76467.40910000016","NA","NA","77398.57940000002","671894.6390999999","680499.3138999998","679510.5899999999","671894.5726000002","674497.5964","674417.1541","77398.7702999998","671893.9623000001","674417.1916999999","674460.9823","14940.057299999808","Attentional Spatial Bias - DEMO","0","0","0","48","سنقوم الآن بمعايرة جهاز تتبع العين.<br><br>يرجى تتبع النقطة المتحركة بعينيك وإبقاء رأسك ثابتًا.<br><br>يرجى الانتظار.","شكرًا على مشاركتك!<br><br>انتهت التجربة الآن.<br><br>يرجى الاتصال بالباحث.","في هذه التجربة، ستقرأ قصة قصيرة معروضة على الشاشة.<br><br>يرجى قراءة كل سطر بعناية، حيث سيُطرح عليك بعض الأسئلة حول القصة في نهاية التجربة.<br><br>بعد كل فقرة، سترى صورتين. انظر إلى كلتا الصورتين واحسب العدد الإجمالي للدوائر الموجودة في الصورتين.<br><br>في الشاشة التالية، سترى أمثلة على دائرة صحيحة وشكل غير صحيح. احسب فقط الأشكال التي تتطابق مع مثال الدائرة الصحيحة.<br><br>اضغط على أي مفتاح للبدء.","أدخل عدد الدوائر (اضغط على 0-3)","مرحبًا! اضغط على أي مفتاح للمتابعة.","Arabic","1920","-154","154","-154","154","-267","267","-267","267"
