"BLOCK_SIZE","DEADLINE_MS","NUM_BLOCKS","acc","accuracy","average_response_time","avg_rt","background","block_index","canvas_backend","central_fixation","clock_backend","color_backend","coordinates","correct","correct_Circle","correct_response_prompt","count_Circle","count_calibration_note","count_epilogue","count_experiment","count_fixation","count_fixation_cross_inline_script","count_goodbye","count_init_experiment","count_instructions","count_iti","count_language_selection","count_log_trial","count_new_1_pygaze_log","count_new_1_sketchpad","count_new_2_pygaze_log","count_new_advanced_delay","count_new_pygaze_init","count_new_pygaze_log","count_new_pygaze_start_recording","count_new_pygaze_stop_recording","count_new_sketchpad","count_position_randomization_inline_script","count_prime_display","count_record_response","count_response_prompt","count_set_prime","count_stimulus_display","count_stimulus_positions_inline_script","count_trial_loop","count_trial_sequence","count_trigger_fixation","count_trigger_stimulus","count_welcome","d","datetime","delay_new_advanced_delay","description","disable_garbage_collection","experiment_file","experiment_path","first_fix_rt","first_fix_side","first_fix_x","first_fix_y","fixation_found","font_bold","font_family","font_italic","font_size","font_underline","foreground","form_clicks","fullscreen","group","gx","gy","height","idx","img_left","img_right","key","keyboard_backend","lang","live_row","live_row_trial_loop","logfile","margin","mouse_backend","mouse_simulation","onset","opensesame_codename","opensesame_version","pos","position","prime_condition","prime_index","prime_lang","prime_text","repeat_cycle","response","response_Circle","response_count","response_new_1_sketchpad","response_new_sketchpad","response_response_prompt","response_time","response_time_Circle","response_time_new_1_sketchpad","response_time_new_sketchpad","response_time_response_prompt","round_decimals","sampler_backend","seq","show_prime","sound_buf_size","sound_channels","sound_freq","sound_sample_size","start","subject_nr","subject_parity","t0","target_x_left","target_x_right","target_y_left","target_y_right","time_Circle","time_calibration_note","time_epilogue","time_experiment","time_fixation","time_fixation_cross_inline_script","time_goodbye","time_init_experiment","time_instructions","time_iti","time_language_selection","time_log_trial","time_new_1_pygaze_log","time_new_1_sketchpad","time_new_2_pygaze_log","time_new_advanced_delay","time_new_pygaze_init","time_new_pygaze_log","time_new_pygaze_start_recording","time_new_pygaze_stop_recording","time_new_sketchpad","time_position_randomization_inline_script","time_prime_display","time_record_response","time_response_prompt","time_set_prime","time_stimulus_display","time_stimulus_positions_inline_script","time_trial_loop","time_trial_sequence","time_trigger_fixation","time_trigger_stimulus","time_welcome","title","total_correct","total_response_time","total_responses","trial_nr","txt_calibration","txt_goodbye","txt_instructions","txt_response_prompt","txt_welcome","ui_language","width","xL","xR","x_left","x_right","yL","yR","y_left","y_right"
"6","5000","8","undefined","undefined","undefined","undefined","#1a1a1a","0","psycho","True","psycho","psycho","uniform","undefined","undefined","undefined","0","NA","0","0","0","0","0","0","0","NA","0","0","0","NA","0","0","0","0","0","0","NA","0","0","0","0","0","0","0","0","0","0","0","0","49.21229130681888","Thu Aug 20 14:10:29 2026","1000","The main experiment item","False","V7_AttentionalSpatialBias_.osexp","C:\Users\plcm\Desktop\2026-EyeTracking\group-bayes\Experiment","396.8334000092","000.png","553.7433599999999","321.95232","True","False","mono","False","18","no","white","no","yes","RTL","553.7433599999999","321.95232","864","0","000.png","001.png","num_4","psycho","Farsi","0","0","C:\Users\plcm\Desktop\2026-EyeTracking\group-bayes\Experiment\subject-64.csv","150","psycho","no","136875.92099999893","Neonatal Nightingale","4.1.14","2","2","prime_1","1","RTL","تو یک مزرعه آفتابی، یک مادر اردک منتظر بود تا تخم‌هایش بشکنند. تخم‌ها یکی یکی شکستند و جوجه‌اردک‌های زرد و پفکی از آن‌ها بیرون آمدند. اما یک تخم که بزرگ‌تر بود شکستنش بیشتر طول کشید.","0","num_0","return","num_0","NA","NA","num_0","27302.33780000708","8718.486300000222","NA","NA","27302.33780000708","2","psycho","2,5,3,6,1,4,4,1,5,6,3,2,2,3,6,5,4,1,2,3,5,6,4,1,4,2,3,6,5,1,4,3,1,6,5,2,3,1,5,2,6,4,1,2,6,3,4,5","True","1024","2","48000","-16","experiment","64","even","135.84604480001144","501.0","1035.0","278.0","586.0","76812.4661000038","NA","NA","5488.431200006744","135845.91730000102","135846.01820001262","NA","19187.410500016995","56052.01430001762","NA","5488.630500010913","169195.55870001204","135827.89559999947","NA","135851.72380000586","135863.39630000293","21835.201900015818","141877.8578999918","85531.65650001029","NA","NA","86295.82570001367","86397.20639999723","169195.52840001415","141892.7171000105","86397.15910001541","136866.7769000167","136863.5837000038","86295.97209999338","86396.79649999016","136866.83700000867","136875.887400005","19187.486700015143","Attentional Spatial Bias","0","0","0","1","اکنون چشم‌پیما را کالیبره می‌کنیم.<br><br>لطفاً نقطه متحرک را با چشمان خود دنبال کنید و سرتان را ثابت نگه دارید.<br><br>لطفاً منتظر بمانید.","از شرکت شما سپاسگزاریم!<br><br>آزمایش اکنون به پایان رسیده است.<br><br>لطفاً با آزمایشگر تماس بگیرید.","در این آزمایش، شما یک داستان کوتاه را که روی صفحه نمایش داده می‌شود، خواهید خواند.<br><br>لطفاً هر خط را با دقت بخوانید، زیرا در پایان آزمایش چند سؤال در مورد داستان از شما پرسیده خواهد شد.<br><br>پس از هر پاراگراف، یک جفت تصویر خواهید دید. به هر دو تصویر نگاه کنید و تعداد کل دایره‌ها را در دو تصویر بشمارید.<br><br>در صفحه بعد می‌توانید نمونه‌هایی از یک دایره صحیح و یک شکل نادرست را ببینید. فقط شکل‌هایی را بشمارید که با نمونه دایره صحیح مطابقت دارند.<br><br>برای شروع هر کلیدی را فشار دهید.","دایره شمارش شده را وارد کنید (۰-۳ را فشار دهید)","خوش آمدید! برای ادامه هر کلیدی را فشار دهید.","Farsi","1536","-267","267","-267","267","-154","154","-154","154"
"6","5000","8","undefined","undefined","undefined","undefined","#1a1a1a","0","psycho","True","psycho","psycho","uniform","undefined","undefined","undefined","0","NA","0","0","1","1","0","0","0","NA","0","1","1","NA","1","1","0","1","0","0","NA","0","1","1","1","1","1","1","0","1","1","1","0","72.5982224834962","Thu Aug 20 14:10:29 2026","1000","The main experiment item","False","V7_AttentionalSpatialBias_.osexp","C:\Users\plcm\Desktop\2026-EyeTracking\group-bayes\Experiment","325.19719999982044","002.png","685.10208","619.51392","True","False","mono","False","18","no","white","no","yes","RTL","685.10208","619.51392","864","0","002.png","003.png","num_4","psycho","Farsi","1","1","C:\Users\plcm\Desktop\2026-EyeTracking\group-bayes\Experiment\subject-64.csv","150","psycho","no","170352.2794000164","Neonatal Nightingale","4.1.14","5","5","no_prime_trial_2","2","RTL","","0","num_3","return","num_3","NA","NA","num_3","6416.034399997443","8718.486300000222","NA","NA","6416.034399997443","2","psycho","2, 5, 3, 6, 1, 4, 4, 1, 5, 6, 3, 2, 2, 3, 6, 5, 4, 1, 2, 3, 5, 6, 4, 1, 4, 2, 3, 6, 5, 1, 4, 3, 1, 6, 5, 2, 3, 1, 5, 2, 6, 4, 1, 2, 6, 3, 4, 5","False","1024","2","48000","-16","experiment","64","even","169.31198530000984","614.0","922.0","699.0","165.0","76812.4661000038","NA","NA","5488.431200006744","169311.89390001236","169311.96449999698","NA","19187.410500016995","56052.01430001762","NA","5488.630500010913","181779.5022999926","169301.1439999973","NA","169334.01600000798","169339.37950001564","21835.201900015818","175354.57110000425","85531.65650001029","NA","NA","86295.82570001367","169301.12469999585","181779.46950000478","175362.92330001015","169301.08209999162","170342.82379999058","170339.79630001704","86295.97209999338","169300.78389999107","170342.91629999643","170352.24619999644","19187.486700015143","Attentional Spatial Bias","0","0","0","2","اکنون چشم‌پیما را کالیبره می‌کنیم.<br><br>لطفاً نقطه متحرک را با چشمان خود دنبال کنید و سرتان را ثابت نگه دارید.<br><br>لطفاً منتظر بمانید.","از شرکت شما سپاسگزاریم!<br><br>آزمایش اکنون به پایان رسیده است.<br><br>لطفاً با آزمایشگر تماس بگیرید.","در این آزمایش، شما یک داستان کوتاه را که روی صفحه نمایش داده می‌شود، خواهید خواند.<br><br>لطفاً هر خط را با دقت بخوانید، زیرا در پایان آزمایش چند سؤال در مورد داستان از شما پرسیده خواهد شد.<br><br>پس از هر پاراگراف، یک جفت تصویر خواهید دید. به هر دو تصویر نگاه کنید و تعداد کل دایره‌ها را در دو تصویر بشمارید.<br><br>در صفحه بعد می‌توانید نمونه‌هایی از یک دایره صحیح و یک شکل نادرست را ببینید. فقط شکل‌هایی را بشمارید که با نمونه دایره صحیح مطابقت دارند.<br><br>برای شروع هر کلیدی را فشار دهید.","دایره شمارش شده را وارد کنید (۰-۳ را فشار دهید)","خوش آمدید! برای ادامه هر کلیدی را فشار دهید.","Farsi","1536","-154","154","-154","154","267","-267","267","-267"
"6","5000","8","undefined","undefined","undefined","undefined","#1a1a1a","0","psycho","True","psycho","psycho","uniform","undefined","undefined","undefined","0","NA","0","0","2","2","0","0","0","NA","0","2","2","NA","2","2","0","2","0","0","NA","0","2","2","2","2","2","2","0","2","2","2","0","77.87182253030936","Thu Aug 20 14:10:29 2026","1000","The main experiment item","False","V7_AttentionalSpatialBias_.osexp","C:\Users\plcm\Desktop\2026-EyeTracking\group-bayes\Experiment","10.716100019635633","005.png","844.70784","779.49216","True","False","mono","False","18","no","white","no","yes","RTL","844.70784","779.49216","864","0","004.png","005.png","num_4","psycho","Farsi","2","2","C:\Users\plcm\Desktop\2026-EyeTracking\group-bayes\Experiment\subject-64.csv","150","psycho","no","182954.2020999943","Neonatal Nightingale","4.1.14","3","3","no_prime_trial_3","3","RTL","","0","num_2","return","num_2","NA","NA","num_2","1814.0262000088114","8718.486300000222","NA","NA","1814.0262000088114","2","psycho","2, 5, 3, 6, 1, 4, 4, 1, 5, 6, 3, 2, 2, 3, 6, 5, 4, 1, 2, 3, 5, 6, 4, 1, 4, 2, 3, 6, 5, 1, 4, 3, 1, 6, 5, 2, 3, 1, 5, 2, 6, 4, 1, 2, 6, 3, 4, 5","False","1024","2","48000","-16","experiment","64","even","181.9311694999924","614.0","922.0","165.0","699.0","76812.4661000038","NA","NA","5488.431200006744","181931.05600000126","181931.1454000126","NA","19187.410500016995","56052.01430001762","NA","5488.630500010913","189779.5260999992","181919.76399999112","NA","181936.68539999635","181942.25339998957","21835.201900015818","187956.43059999566","85531.65650001029","NA","NA","86295.82570001367","181919.74460001802","189779.49290000834","187964.9306999927","181919.69889999018","182946.62309999694","182942.88059999235","86295.97209999338","181919.29970000638","182946.68439999805","182954.1603999969","19187.486700015143","Attentional Spatial Bias","0","0","0","3","اکنون چشم‌پیما را کالیبره می‌کنیم.<br><br>لطفاً نقطه متحرک را با چشمان خود دنبال کنید و سرتان را ثابت نگه دارید.<br><br>لطفاً منتظر بمانید.","از شرکت شما سپاسگزاریم!<br><br>آزمایش اکنون به پایان رسیده است.<br><br>لطفاً با آزمایشگر تماس بگیرید.","در این آزمایش، شما یک داستان کوتاه را که روی صفحه نمایش داده می‌شود، خواهید خواند.<br><br>لطفاً هر خط را با دقت بخوانید، زیرا در پایان آزمایش چند سؤال در مورد داستان از شما پرسیده خواهد شد.<br><br>پس از هر پاراگراف، یک جفت تصویر خواهید دید. به هر دو تصویر نگاه کنید و تعداد کل دایره‌ها را در دو تصویر بشمارید.<br><br>در صفحه بعد می‌توانید نمونه‌هایی از یک دایره صحیح و یک شکل نادرست را ببینید. فقط شکل‌هایی را بشمارید که با نمونه دایره صحیح مطابقت دارند.<br><br>برای شروع هر کلیدی را فشار دهید.","دایره شمارش شده را وارد کنید (۰-۳ را فشار دهید)","خوش آمدید! برای ادامه هر کلیدی را فشار دهید.","Farsi","1536","-154","154","-154","154","-267","267","-267","267"
"6","5000","8","undefined","undefined","undefined","undefined","#1a1a1a","0","psycho","True","psycho","psycho","uniform","undefined","undefined","undefined","0","NA","0","0","3","3","0","0","0","NA","0","3","3","NA","3","3","0","3","0","0","NA","0","3","3","3","3","3","3","0","3","3","3","0","89.76947768743673","Thu Aug 20 14:10:29 2026","1000","The main experiment item","False","V7_AttentionalSpatialBias_.osexp","C:\Users\plcm\Desktop\2026-EyeTracking\group-bayes\Experiment","249.72349999006838","006.png","590.79168","483.68448","True","False","mono","False","18","no","white","no","yes","RTL","590.79168","483.68448","864","0","006.png","007.png","num_4","psycho","Farsi","3","3","C:\Users\plcm\Desktop\2026-EyeTracking\group-bayes\Experiment\subject-64.csv","150","psycho","no","191026.0685000103","Neonatal Nightingale","4.1.14","6","6","no_prime_trial_4","4","RTL","","0","num_1","return","num_1","NA","NA","num_1","2039.5525000058115","8718.486300000222","NA","NA","2039.5525000058115","2","psycho","2, 5, 3, 6, 1, 4, 4, 1, 5, 6, 3, 2, 2, 3, 6, 5, 4, 1, 2, 3, 5, 6, 4, 1, 4, 2, 3, 6, 5, 1, 4, 3, 1, 6, 5, 2, 3, 1, 5, 2, 6, 4, 1, 2, 6, 3, 4, 5","False","1024","2","48000","-16","experiment","64","even","189.92731739999726","501.0","1035.0","586.0","278.0","76812.4661000038","NA","NA","5488.431200006744","189927.2079000075","189927.28840000927","NA","19187.410500016995","56052.01430001762","NA","5488.630500010913","198075.71319999988","189916.75569998915","NA","190008.9045999921","190014.77939999313","21835.201900015818","196027.57020000718","85531.65650001029","NA","NA","86295.82570001367","189916.7349000054","198075.67039999412","196035.47329999856","189916.67860001326","191018.0968999921","191015.30920001096","86295.97209999338","189915.5494000006","191018.14309999463","191026.02640000987","19187.486700015143","Attentional Spatial Bias","0","0","0","4","اکنون چشم‌پیما را کالیبره می‌کنیم.<br><br>لطفاً نقطه متحرک را با چشمان خود دنبال کنید و سرتان را ثابت نگه دارید.<br><br>لطفاً منتظر بمانید.","از شرکت شما سپاسگزاریم!<br><br>آزمایش اکنون به پایان رسیده است.<br><br>لطفاً با آزمایشگر تماس بگیرید.","در این آزمایش، شما یک داستان کوتاه را که روی صفحه نمایش داده می‌شود، خواهید خواند.<br><br>لطفاً هر خط را با دقت بخوانید، زیرا در پایان آزمایش چند سؤال در مورد داستان از شما پرسیده خواهد شد.<br><br>پس از هر پاراگراف، یک جفت تصویر خواهید دید. به هر دو تصویر نگاه کنید و تعداد کل دایره‌ها را در دو تصویر بشمارید.<br><br>در صفحه بعد می‌توانید نمونه‌هایی از یک دایره صحیح و یک شکل نادرست را ببینید. فقط شکل‌هایی را بشمارید که با نمونه دایره صحیح مطابقت دارند.<br><br>برای شروع هر کلیدی را فشار دهید.","دایره شمارش شده را وارد کنید (۰-۳ را فشار دهید)","خوش آمدید! برای ادامه هر کلیدی را فشار دهید.","Farsi","1536","-267","267","-267","267","154","-154","154","-154"
"6","5000","8","undefined","undefined","undefined","undefined","#1a1a1a","0","psycho","True","psycho","psycho","uniform","undefined","undefined","undefined","0","NA","0","0","4","4","0","0","0","NA","0","4","4","NA","4","4","0","4","0","0","NA","0","4","4","4","4","4","4","0","4","4","4","0","92.71782154748891","Thu Aug 20 14:10:29 2026","1000","The main experiment item","False","V7_AttentionalSpatialBias_.osexp","C:\Users\plcm\Desktop\2026-EyeTracking\group-bayes\Experiment","320.5504000070505","008.png","562.03776","404.68895999999995","True","False","mono","False","18","no","white","no","yes","RTL","562.03776","404.68895999999995","864","0","008.png","009.png","num_4","psycho","Farsi","4","4","C:\Users\plcm\Desktop\2026-EyeTracking\group-bayes\Experiment\subject-64.csv","150","psycho","no","199330.6370000064","Neonatal Nightingale","4.1.14","1","1","no_prime_trial_5","5","RTL","","0","num_0","return","num_0","NA","NA","num_0","2566.967699996894","8718.486300000222","NA","NA","2566.967699996894","2","psycho","2, 5, 3, 6, 1, 4, 4, 1, 5, 6, 3, 2, 2, 3, 6, 5, 4, 1, 2, 3, 5, 6, 4, 1, 4, 2, 3, 6, 5, 1, 4, 3, 1, 6, 5, 2, 3, 1, 5, 2, 6, 4, 1, 2, 6, 3, 4, 5","False","1024","2","48000","-16","experiment","64","even","198.20964899999672","460.0","1076.0","432.0","432.0","76812.4661000038","NA","NA","5488.431200006744","198209.52730000135","198209.62219999637","NA","19187.410500016995","56052.01430001762","NA","5488.630500010913","206907.51220000675","198198.9501999924","NA","198312.46320001082","198318.41259999783","21835.201900015818","204331.6385000071","85531.65650001029","NA","NA","86295.82570001367","198198.92809999874","206907.47199999169","204340.00090000336","198198.87039999594","199321.58690001233","199318.80120001733","86295.97209999338","198197.87599999108","199321.6373999894","199330.60839999234","19187.486700015143","Attentional Spatial Bias","0","0","0","5","اکنون چشم‌پیما را کالیبره می‌کنیم.<br><br>لطفاً نقطه متحرک را با چشمان خود دنبال کنید و سرتان را ثابت نگه دارید.<br><br>لطفاً منتظر بمانید.","از شرکت شما سپاسگزاریم!<br><br>آزمایش اکنون به پایان رسیده است.<br><br>لطفاً با آزمایشگر تماس بگیرید.","در این آزمایش، شما یک داستان کوتاه را که روی صفحه نمایش داده می‌شود، خواهید خواند.<br><br>لطفاً هر خط را با دقت بخوانید، زیرا در پایان آزمایش چند سؤال در مورد داستان از شما پرسیده خواهد شد.<br><br>پس از هر پاراگراف، یک جفت تصویر خواهید دید. به هر دو تصویر نگاه کنید و تعداد کل دایره‌ها را در دو تصویر بشمارید.<br><br>در صفحه بعد می‌توانید نمونه‌هایی از یک دایره صحیح و یک شکل نادرست را ببینید. فقط شکل‌هایی را بشمارید که با نمونه دایره صحیح مطابقت دارند.<br><br>برای شروع هر کلیدی را فشار دهید.","دایره شمارش شده را وارد کنید (۰-۳ را فشار دهید)","خوش آمدید! برای ادامه هر کلیدی را فشار دهید.","Farsi","1536","-308","308","-308","308","0","0","0","0"
"6","5000","8","undefined","undefined","undefined","undefined","#1a1a1a","0","psycho","True","psycho","psycho","uniform","undefined","undefined","undefined","0","NA","0","0","5","5","0","0","0","NA","0","5","5","NA","5","5","0","5","0","0","NA","0","5","5","5","5","5","5","0","5","5","5","0","73.83234306458392","Thu Aug 20 14:10:29 2026","1000","The main experiment item","False","V7_AttentionalSpatialBias_.osexp","C:\Users\plcm\Desktop\2026-EyeTracking\group-bayes\Experiment","190.62570002279244","010.png","793.37472","220.23360000000002","True","False","mono","False","18","no","white","no","yes","RTL","793.37472","220.23360000000002","864","0","010.png","011.png","num_4","psycho","Farsi","5","5","C:\Users\plcm\Desktop\2026-EyeTracking\group-bayes\Experiment\subject-64.csv","150","psycho","no","208064.47499999194","Neonatal Nightingale","4.1.14","4","4","no_prime_trial_6","6","RTL","","0","num_2","return","num_2","NA","NA","num_2","1173.8003000209574","8718.486300000222","NA","NA","1173.8003000209574","2","psycho","2, 5, 3, 6, 1, 4, 4, 1, 5, 6, 3, 2, 2, 3, 6, 5, 4, 1, 2, 3, 5, 6, 4, 1, 4, 2, 3, 6, 5, 1, 4, 3, 1, 6, 5, 2, 3, 1, 5, 2, 6, 4, 1, 2, 6, 3, 4, 5","False","1024","2","48000","-16","experiment","64","even","207.03310329999658","768.0","768.0","124.0","740.0","76812.4661000038","NA","NA","5488.431200006744","207032.99320000224","207033.07289999793","NA","19187.410500016995","56052.01430001762","NA","5488.630500010913","214251.7477000074","207020.51709999796","NA","207043.82429999532","207049.59080001572","21835.201900015818","213069.21839999268","85531.65650001029","NA","NA","86295.82570001367","207020.49520000583","214251.70920000528","213077.18049999676","207020.43219999177","208053.18630000693","208049.75070001092","86295.97209999338","207019.96219999273","208053.2371000154","208064.4306000031","19187.486700015143","Attentional Spatial Bias","0","0","0","6","اکنون چشم‌پیما را کالیبره می‌کنیم.<br><br>لطفاً نقطه متحرک را با چشمان خود دنبال کنید و سرتان را ثابت نگه دارید.<br><br>لطفاً منتظر بمانید.","از شرکت شما سپاسگزاریم!<br><br>آزمایش اکنون به پایان رسیده است.<br><br>لطفاً با آزمایشگر تماس بگیرید.","در این آزمایش، شما یک داستان کوتاه را که روی صفحه نمایش داده می‌شود، خواهید خواند.<br><br>لطفاً هر خط را با دقت بخوانید، زیرا در پایان آزمایش چند سؤال در مورد داستان از شما پرسیده خواهد شد.<br><br>پس از هر پاراگراف، یک جفت تصویر خواهید دید. به هر دو تصویر نگاه کنید و تعداد کل دایره‌ها را در دو تصویر بشمارید.<br><br>در صفحه بعد می‌توانید نمونه‌هایی از یک دایره صحیح و یک شکل نادرست را ببینید. فقط شکل‌هایی را بشمارید که با نمونه دایره صحیح مطابقت دارند.<br><br>برای شروع هر کلیدی را فشار دهید.","دایره شمارش شده را وارد کنید (۰-۳ را فشار دهید)","خوش آمدید! برای ادامه هر کلیدی را فشار دهید.","Farsi","1536","0","0","0","0","-308","308","-308","308"
"6","5000","8","undefined","undefined","undefined","undefined","#1a1a1a","1","psycho","True","psycho","psycho","uniform","undefined","undefined","undefined","0","NA","0","0","6","6","0","0","0","NA","0","6","6","NA","6","6","0","6","0","0","NA","0","6","6","6","6","6","6","0","6","6","6","0","37.03980440691344","Thu Aug 20 14:10:29 2026","1000","The main experiment item","False","V7_AttentionalSpatialBias_.osexp","C:\Users\plcm\Desktop\2026-EyeTracking\group-bayes\Experiment","210.01029998296872","012.png","761.41056","271.4256","True","False","mono","False","18","no","white","no","yes","RTL","761.41056","271.4256","864","1","012.png","013.png","num_4","psycho","Farsi","6","6","C:\Users\plcm\Desktop\2026-EyeTracking\group-bayes\Experiment\subject-64.csv","150","psycho","no","228542.77930001263","Neonatal Nightingale","4.1.14","4","4","prime_2","7","RTL","از آخرین تخم، یک پرنده بزرگ خاکستری بیرون آمد. او از بقیه متفاوت به نظر می‌رسید. جوجه‌اردک‌‌ها به او خندیدند و او را جوجه‌اردک زشت صدا کردند. او که غمگین و تنها بود، از مزرعه فرار کرد.","0","num_1","return","num_1","NA","NA","num_1","2921.922400011681","8718.486300000222","NA","NA","2921.922400011681","2","psycho","2, 5, 3, 6, 1, 4, 4, 1, 5, 6, 3, 2, 2, 3, 6, 5, 4, 1, 2, 3, 5, 6, 4, 1, 4, 2, 3, 6, 5, 1, 4, 3, 1, 6, 5, 2, 3, 1, 5, 2, 6, 4, 1, 2, 6, 3, 4, 5","True","1024","2","48000","-16","experiment","64","even","227.2126522999897","768.0","768.0","124.0","740.0","76812.4661000038","NA","NA","5488.431200006744","227212.58829999715","227212.63560000807","NA","19187.410500016995","56052.01430001762","NA","5488.630500010913","236475.9066000115","227203.72720001615","NA","227523.0913000123","227528.53239999968","21835.201900015818","233544.58909999812","85531.65650001029","NA","NA","86295.82570001367","214378.9528000052","236475.869100017","233553.11320000328","214378.90630000038","228531.72240001732","228528.77120001358","86295.97209999338","214378.55379999382","228531.78700001445","228542.7413000143","19187.486700015143","Attentional Spatial Bias","0","0","0","7","اکنون چشم‌پیما را کالیبره می‌کنیم.<br><br>لطفاً نقطه متحرک را با چشمان خود دنبال کنید و سرتان را ثابت نگه دارید.<br><br>لطفاً منتظر بمانید.","از شرکت شما سپاسگزاریم!<br><br>آزمایش اکنون به پایان رسیده است.<br><br>لطفاً با آزمایشگر تماس بگیرید.","در این آزمایش، شما یک داستان کوتاه را که روی صفحه نمایش داده می‌شود، خواهید خواند.<br><br>لطفاً هر خط را با دقت بخوانید، زیرا در پایان آزمایش چند سؤال در مورد داستان از شما پرسیده خواهد شد.<br><br>پس از هر پاراگراف، یک جفت تصویر خواهید دید. به هر دو تصویر نگاه کنید و تعداد کل دایره‌ها را در دو تصویر بشمارید.<br><br>در صفحه بعد می‌توانید نمونه‌هایی از یک دایره صحیح و یک شکل نادرست را ببینید. فقط شکل‌هایی را بشمارید که با نمونه دایره صحیح مطابقت دارند.<br><br>برای شروع هر کلیدی را فشار دهید.","دایره شمارش شده را وارد کنید (۰-۳ را فشار دهید)","خوش آمدید! برای ادامه هر کلیدی را فشار دهید.","Farsi","1536","0","0","0","0","-308","308","-308","308"
"6","5000","8","undefined","undefined","undefined","undefined","#1a1a1a","1","psycho","True","psycho","psycho","uniform","undefined","undefined","undefined","0","NA","0","0","7","7","0","0","0","NA","0","7","7","NA","7","7","0","7","0","0","NA","0","7","7","7","7","7","7","0","7","7","7","0","94.42618109296596","Thu Aug 20 14:10:29 2026","1000","The main experiment item","False","V7_AttentionalSpatialBias_.osexp","C:\Users\plcm\Desktop\2026-EyeTracking\group-bayes\Experiment","312.12100002449006","015.png","1079.83872","443.39616","True","False","mono","False","18","no","white","no","yes","RTL","1079.83872","443.39616","864","1","014.png","015.png","num_4","psycho","Farsi","7","7","C:\Users\plcm\Desktop\2026-EyeTracking\group-bayes\Experiment\subject-64.csv","150","psycho","no","237658.69099998963","Neonatal Nightingale","4.1.14","1","1","no_prime_trial_8","8","RTL","","0","num_2","return","num_2","NA","NA","num_2","1540.8466999942902","8718.486300000222","NA","NA","1540.8466999942902","2","psycho","2, 5, 3, 6, 1, 4, 4, 1, 5, 6, 3, 2, 2, 3, 6, 5, 4, 1, 2, 3, 5, 6, 4, 1, 4, 2, 3, 6, 5, 1, 4, 3, 1, 6, 5, 2, 3, 1, 5, 2, 6, 4, 1, 2, 6, 3, 4, 5","False","1024","2","48000","-16","experiment","64","even","236.63549280000734","460.0","1076.0","432.0","432.0","76812.4661000038","NA","NA","5488.431200006744","236635.38570000674","236635.47070001368","NA","19187.410500016995","56052.01430001762","NA","5488.630500010913","244211.916500004","236625.03670001752","NA","236640.86680000764","236646.64290001383","21835.201900015818","242662.74800000247","85531.65650001029","NA","NA","86295.82570001367","236625.01730001532","244211.88580000307","242670.1555000036","236624.97110001277","237649.64700001292","237646.73400000902","86295.97209999338","236624.6507000178","237649.69680001377","237658.64280000096","19187.486700015143","Attentional Spatial Bias","0","0","0","8","اکنون چشم‌پیما را کالیبره می‌کنیم.<br><br>لطفاً نقطه متحرک را با چشمان خود دنبال کنید و سرتان را ثابت نگه دارید.<br><br>لطفاً منتظر بمانید.","از شرکت شما سپاسگزاریم!<br><br>آزمایش اکنون به پایان رسیده است.<br><br>لطفاً با آزمایشگر تماس بگیرید.","در این آزمایش، شما یک داستان کوتاه را که روی صفحه نمایش داده می‌شود، خواهید خواند.<br><br>لطفاً هر خط را با دقت بخوانید، زیرا در پایان آزمایش چند سؤال در مورد داستان از شما پرسیده خواهد شد.<br><br>پس از هر پاراگراف، یک جفت تصویر خواهید دید. به هر دو تصویر نگاه کنید و تعداد کل دایره‌ها را در دو تصویر بشمارید.<br><br>در صفحه بعد می‌توانید نمونه‌هایی از یک دایره صحیح و یک شکل نادرست را ببینید. فقط شکل‌هایی را بشمارید که با نمونه دایره صحیح مطابقت دارند.<br><br>برای شروع هر کلیدی را فشار دهید.","دایره شمارش شده را وارد کنید (۰-۳ را فشار دهید)","خوش آمدید! برای ادامه هر کلیدی را فشار دهید.","Farsi","1536","-308","308","-308","308","0","0","0","0"
"6","5000","8","undefined","undefined","undefined","undefined","#1a1a1a","1","psycho","True","psycho","psycho","uniform","undefined","undefined","undefined","0","NA","0","0","8","8","0","0","0","NA","0","8","8","NA","8","8","0","8","0","0","NA","0","8","8","8","8","8","8","0","8","8","8","0","91.76062618513467","Thu Aug 20 14:10:29 2026","1000","The main experiment item","False","V7_AttentionalSpatialBias_.osexp","C:\Users\plcm\Desktop\2026-EyeTracking\group-bayes\Experiment","214.9941000097897","001.png","831.6364799999999","301.24224000000004","True","False","mono","False","18","no","white","no","yes","RTL","831.6364799999999","301.24224000000004","864","1","000.png","001.png","num_4","psycho","Farsi","8","8","C:\Users\plcm\Desktop\2026-EyeTracking\group-bayes\Experiment\subject-64.csv","150","psycho","no","245456.9588000013","Neonatal Nightingale","4.1.14","5","5","no_prime_trial_9","9","RTL","","0","num_2","return","num_2","NA","NA","num_2","1856.7551999876741","8718.486300000222","NA","NA","1856.7551999876741","2","psycho","2, 5, 3, 6, 1, 4, 4, 1, 5, 6, 3, 2, 2, 3, 6, 5, 4, 1, 2, 3, 5, 6, 4, 1, 4, 2, 3, 6, 5, 1, 4, 3, 1, 6, 5, 2, 3, 1, 5, 2, 6, 4, 1, 2, 6, 3, 4, 5","False","1024","2","48000","-16","experiment","64","even","244.3421440999955","614.0","922.0","699.0","165.0","76812.4661000038","NA","NA","5488.431200006744","244342.01280001434","244342.11910000886","NA","19187.410500016995","56052.01430001762","NA","5488.630500010913","252323.60180001706","244330.23190000677","NA","244440.7993000059","244446.28679999732","21835.201900015818","250458.3779000095","85531.65650001029","NA","NA","86295.82570001367","244330.2132000099","252323.56930000242","250466.25140000833","244330.16599999974","245449.47550000506","245446.53169999947","86295.97209999338","244329.80770000722","245449.52670001658","245456.92500000587","19187.486700015143","Attentional Spatial Bias","0","0","0","9","اکنون چشم‌پیما را کالیبره می‌کنیم.<br><br>لطفاً نقطه متحرک را با چشمان خود دنبال کنید و سرتان را ثابت نگه دارید.<br><br>لطفاً منتظر بمانید.","از شرکت شما سپاسگزاریم!<br><br>آزمایش اکنون به پایان رسیده است.<br><br>لطفاً با آزمایشگر تماس بگیرید.","در این آزمایش، شما یک داستان کوتاه را که روی صفحه نمایش داده می‌شود، خواهید خواند.<br><br>لطفاً هر خط را با دقت بخوانید، زیرا در پایان آزمایش چند سؤال در مورد داستان از شما پرسیده خواهد شد.<br><br>پس از هر پاراگراف، یک جفت تصویر خواهید دید. به هر دو تصویر نگاه کنید و تعداد کل دایره‌ها را در دو تصویر بشمارید.<br><br>در صفحه بعد می‌توانید نمونه‌هایی از یک دایره صحیح و یک شکل نادرست را ببینید. فقط شکل‌هایی را بشمارید که با نمونه دایره صحیح مطابقت دارند.<br><br>برای شروع هر کلیدی را فشار دهید.","دایره شمارش شده را وارد کنید (۰-۳ را فشار دهید)","خوش آمدید! برای ادامه هر کلیدی را فشار دهید.","Farsi","1536","-154","154","-154","154","267","-267","267","-267"
"6","5000","8","undefined","undefined","undefined","undefined","#1a1a1a","1","psycho","True","psycho","psycho","uniform","undefined","undefined","undefined","0","NA","0","0","9","9","0","0","0","NA","0","9","9","NA","9","9","0","9","0","0","NA","0","9","9","9","9","9","9","0","9","9","9","0","91.07595587922869","Thu Aug 20 14:10:29 2026","1000","The main experiment item","False","V7_AttentionalSpatialBias_.osexp","C:\Users\plcm\Desktop\2026-EyeTracking\group-bayes\Experiment","21.645300003001466","002.png","401.87904","729.3888","True","False","mono","False","18","no","white","no","yes","RTL","401.87904","729.3888","864","1","002.png","003.png","num_4","psycho","Farsi","9","9","C:\Users\plcm\Desktop\2026-EyeTracking\group-bayes\Experiment\subject-64.csv","150","psycho","no","253461.74090000568","Neonatal Nightingale","4.1.14","6","6","no_prime_trial_10","10","RTL","","0","num_1","return","num_1","NA","NA","num_1","1975.7380000082776","8718.486300000222","NA","NA","1975.7380000082776","2","psycho","2, 5, 3, 6, 1, 4, 4, 1, 5, 6, 3, 2, 2, 3, 6, 5, 4, 1, 2, 3, 5, 6, 4, 1, 4, 2, 3, 6, 5, 1, 4, 3, 1, 6, 5, 2, 3, 1, 5, 2, 6, 4, 1, 2, 6, 3, 4, 5","False","1024","2","48000","-16","experiment","64","even","252.43852520000655","501.0","1035.0","586.0","278.0","76812.4661000038","NA","NA","5488.431200006744","252438.3633999969","252438.47940000705","NA","19187.410500016995","56052.01430001762","NA","5488.630500010913","260451.6593000153","252427.30169999413","NA","252444.2463000014","252450.04130000598","21835.201900015818","258464.9417999899","85531.65650001029","NA","NA","86295.82570001367","252427.2823999927","260451.62770000752","258475.2768999897","252427.2376000008","253454.2616000108","253450.6187000079","86295.97209999338","252426.8516000011","253454.33080001385","253461.69640001608","19187.486700015143","Attentional Spatial Bias","0","0","0","10","اکنون چشم‌پیما را کالیبره می‌کنیم.<br><br>لطفاً نقطه متحرک را با چشمان خود دنبال کنید و سرتان را ثابت نگه دارید.<br><br>لطفاً منتظر بمانید.","از شرکت شما سپاسگزاریم!<br><br>آزمایش اکنون به پایان رسیده است.<br><br>لطفاً با آزمایشگر تماس بگیرید.","در این آزمایش، شما یک داستان کوتاه را که روی صفحه نمایش داده می‌شود، خواهید خواند.<br><br>لطفاً هر خط را با دقت بخوانید، زیرا در پایان آزمایش چند سؤال در مورد داستان از شما پرسیده خواهد شد.<br><br>پس از هر پاراگراف، یک جفت تصویر خواهید دید. به هر دو تصویر نگاه کنید و تعداد کل دایره‌ها را در دو تصویر بشمارید.<br><br>در صفحه بعد می‌توانید نمونه‌هایی از یک دایره صحیح و یک شکل نادرست را ببینید. فقط شکل‌هایی را بشمارید که با نمونه دایره صحیح مطابقت دارند.<br><br>برای شروع هر کلیدی را فشار دهید.","دایره شمارش شده را وارد کنید (۰-۳ را فشار دهید)","خوش آمدید! برای ادامه هر کلیدی را فشار دهید.","Farsi","1536","-267","267","-267","267","154","-154","154","-154"
"6","5000","8","undefined","undefined","undefined","undefined","#1a1a1a","1","psycho","True","psycho","psycho","uniform","undefined","undefined","undefined","0","NA","0","0","10","10","0","0","0","NA","0","10","10","NA","10","10","0","10","0","0","NA","0","10","10","10","10","10","10","0","10","10","10","0","13.826726264506725","Thu Aug 20 14:10:29 2026","1000","The main experiment item","False","V7_AttentionalSpatialBias_.osexp","C:\Users\plcm\Desktop\2026-EyeTracking\group-bayes\Experiment","303.65509999683127","005.png","916.79232","561.27168","True","False","mono","False","18","no","white","no","yes","RTL","916.79232","561.27168","864","1","004.png","005.png","num_4","psycho","Farsi","10","10","C:\Users\plcm\Desktop\2026-EyeTracking\group-bayes\Experiment\subject-64.csv","150","psycho","no","261612.42479999783","Neonatal Nightingale","4.1.14","3","3","no_prime_trial_11","11","RTL","","0","num_2","return","num_2","NA","NA","num_2","1042.8777000051923","8718.486300000222","NA","NA","1042.8777000051923","2","psycho","2, 5, 3, 6, 1, 4, 4, 1, 5, 6, 3, 2, 2, 3, 6, 5, 4, 1, 2, 3, 5, 6, 4, 1, 4, 2, 3, 6, 5, 1, 4, 3, 1, 6, 5, 2, 3, 1, 5, 2, 6, 4, 1, 2, 6, 3, 4, 5","False","1024","2","48000","-16","experiment","64","even","260.58923479999066","614.0","922.0","165.0","699.0","76812.4661000038","NA","NA","5488.431200006744","260589.135599992","260589.21279999777","NA","19187.410500016995","56052.01430001762","NA","5488.630500010913","267667.61460001","260578.3100000117","NA","260594.74810000393","260599.79969999404","21835.201900015818","266616.1043999891","85531.65650001029","NA","NA","86295.82570001367","260578.2889999973","267667.5821999961","266624.20789999305","260578.23430001736","261603.17990000476","261600.13810000964","86295.97209999338","260577.8796999948","261603.2499000139","261612.39520000527","19187.486700015143","Attentional Spatial Bias","0","0","0","11","اکنون چشم‌پیما را کالیبره می‌کنیم.<br><br>لطفاً نقطه متحرک را با چشمان خود دنبال کنید و سرتان را ثابت نگه دارید.<br><br>لطفاً منتظر بمانید.","از شرکت شما سپاسگزاریم!<br><br>آزمایش اکنون به پایان رسیده است.<br><br>لطفاً با آزمایشگر تماس بگیرید.","در این آزمایش، شما یک داستان کوتاه را که روی صفحه نمایش داده می‌شود، خواهید خواند.<br><br>لطفاً هر خط را با دقت بخوانید، زیرا در پایان آزمایش چند سؤال در مورد داستان از شما پرسیده خواهد شد.<br><br>پس از هر پاراگراف، یک جفت تصویر خواهید دید. به هر دو تصویر نگاه کنید و تعداد کل دایره‌ها را در دو تصویر بشمارید.<br><br>در صفحه بعد می‌توانید نمونه‌هایی از یک دایره صحیح و یک شکل نادرست را ببینید. فقط شکل‌هایی را بشمارید که با نمونه دایره صحیح مطابقت دارند.<br><br>برای شروع هر کلیدی را فشار دهید.","دایره شمارش شده را وارد کنید (۰-۳ را فشار دهید)","خوش آمدید! برای ادامه هر کلیدی را فشار دهید.","Farsi","1536","-154","154","-154","154","-267","267","-267","267"
"6","5000","8","undefined","undefined","undefined","undefined","#1a1a1a","1","psycho","True","psycho","psycho","uniform","undefined","undefined","undefined","0","NA","0","0","11","11","0","0","0","NA","0","11","11","NA","11","11","0","11","0","0","NA","0","11","11","11","11","11","11","0","11","11","11","0","69.60137976453058","Thu Aug 20 14:10:29 2026","1000","The main experiment item","False","V7_AttentionalSpatialBias_.osexp","C:\Users\plcm\Desktop\2026-EyeTracking\group-bayes\Experiment","267.75880000786856","007.png","1050.20928","462.12767999999994","True","False","mono","False","18","no","white","no","yes","RTL","1050.20928","462.12767999999994","864","1","006.png","007.png","num_4","psycho","Farsi","11","11","C:\Users\plcm\Desktop\2026-EyeTracking\group-bayes\Experiment\subject-64.csv","150","psycho","no","268846.9330999942","Neonatal Nightingale","4.1.14","2","2","no_prime_trial_12","12","RTL","","0","num_2","return","num_2","NA","NA","num_2","1496.8615999969188","8718.486300000222","NA","NA","1496.8615999969188","2","psycho","2, 5, 3, 6, 1, 4, 4, 1, 5, 6, 3, 2, 2, 3, 6, 5, 4, 1, 2, 3, 5, 6, 4, 1, 4, 2, 3, 6, 5, 1, 4, 3, 1, 6, 5, 2, 3, 1, 5, 2, 6, 4, 1, 2, 6, 3, 4, 5","False","1024","2","48000","-16","experiment","64","even","267.8139516999945","501.0","1035.0","278.0","586.0","76812.4661000038","NA","NA","5488.431200006744","267813.79320000997","267813.91460000305","NA","19187.410500016995","56052.01430001762","NA","5488.630500010913","275355.73539999314","267799.92270001094","NA","267825.087300007","267830.48760000383","21835.201900015818","273850.00949999085","85531.65650001029","NA","NA","86295.82570001367","267799.89550000755","275355.70330001065","273858.1810000178","267799.80730000534","268836.13820001483","268830.724200001","86295.97209999338","267798.71390000335","268836.2490000145","268846.8923000037","19187.486700015143","Attentional Spatial Bias","0","0","0","12","اکنون چشم‌پیما را کالیبره می‌کنیم.<br><br>لطفاً نقطه متحرک را با چشمان خود دنبال کنید و سرتان را ثابت نگه دارید.<br><br>لطفاً منتظر بمانید.","از شرکت شما سپاسگزاریم!<br><br>آزمایش اکنون به پایان رسیده است.<br><br>لطفاً با آزمایشگر تماس بگیرید.","در این آزمایش، شما یک داستان کوتاه را که روی صفحه نمایش داده می‌شود، خواهید خواند.<br><br>لطفاً هر خط را با دقت بخوانید، زیرا در پایان آزمایش چند سؤال در مورد داستان از شما پرسیده خواهد شد.<br><br>پس از هر پاراگراف، یک جفت تصویر خواهید دید. به هر دو تصویر نگاه کنید و تعداد کل دایره‌ها را در دو تصویر بشمارید.<br><br>در صفحه بعد می‌توانید نمونه‌هایی از یک دایره صحیح و یک شکل نادرست را ببینید. فقط شکل‌هایی را بشمارید که با نمونه دایره صحیح مطابقت دارند.<br><br>برای شروع هر کلیدی را فشار دهید.","دایره شمارش شده را وارد کنید (۰-۳ را فشار دهید)","خوش آمدید! برای ادامه هر کلیدی را فشار دهید.","Farsi","1536","-267","267","-267","267","-154","154","-154","154"
"6","5000","8","undefined","undefined","undefined","undefined","#1a1a1a","2","psycho","True","psycho","psycho","uniform","undefined","undefined","undefined","0","NA","0","0","12","12","0","0","0","NA","0","12","12","NA","12","12","0","12","0","0","NA","0","12","12","12","12","12","12","0","12","12","12","0","28.91264524172082","Thu Aug 20 14:10:29 2026","1000","The main experiment item","False","V7_AttentionalSpatialBias_.osexp","C:\Users\plcm\Desktop\2026-EyeTracking\group-bayes\Experiment","205.63209999818355","009.png","944.64","457.00415999999996","True","False","mono","False","18","no","white","no","yes","RTL","944.64","457.00415999999996","864","2","008.png","009.png","num_4","psycho","Farsi","12","12","C:\Users\plcm\Desktop\2026-EyeTracking\group-bayes\Experiment\subject-64.csv","150","psycho","no","290212.50520000467","Neonatal Nightingale","4.1.14","2","2","prime_3","13","RTL","او در میان زمین‌ها و باتلاق‌ها سرگردان بود و به دنبال جایی می‌گشت که به آن تعلق داشته باشد. اردک‌های وحشی گفتند او آنقدر زشت است که نمی‌تواند دوستشان باشد.","0","num_0","return","num_0","NA","NA","num_0","2123.4560000011697","8718.486300000222","NA","NA","2123.4560000011697","2","psycho","2, 5, 3, 6, 1, 4, 4, 1, 5, 6, 3, 2, 2, 3, 6, 5, 4, 1, 2, 3, 5, 6, 4, 1, 4, 2, 3, 6, 5, 1, 4, 3, 1, 6, 5, 2, 3, 1, 5, 2, 6, 4, 1, 2, 6, 3, 4, 5","True","1024","2","48000","-16","experiment","64","even","288.8849589000165","501.0","1035.0","278.0","586.0","76812.4661000038","NA","NA","5488.431200006744","288884.8893000104","288884.9404999928","NA","19187.410500016995","56052.01430001762","NA","5488.630500010913","297347.64029999496","288875.44770000386","NA","289196.7001000012","289202.05009999336","21835.201900015818","295215.21900000516","85531.65650001029","NA","NA","86295.82570001367","275476.9640000013","297347.6052999904","295223.61290000845","275476.89280001214","290205.557600013","290202.3074000026","86295.97209999338","275476.21130000334","290205.6075000146","290212.4647000164","19187.486700015143","Attentional Spatial Bias","0","0","0","13","اکنون چشم‌پیما را کالیبره می‌کنیم.<br><br>لطفاً نقطه متحرک را با چشمان خود دنبال کنید و سرتان را ثابت نگه دارید.<br><br>لطفاً منتظر بمانید.","از شرکت شما سپاسگزاریم!<br><br>آزمایش اکنون به پایان رسیده است.<br><br>لطفاً با آزمایشگر تماس بگیرید.","در این آزمایش، شما یک داستان کوتاه را که روی صفحه نمایش داده می‌شود، خواهید خواند.<br><br>لطفاً هر خط را با دقت بخوانید، زیرا در پایان آزمایش چند سؤال در مورد داستان از شما پرسیده خواهد شد.<br><br>پس از هر پاراگراف، یک جفت تصویر خواهید دید. به هر دو تصویر نگاه کنید و تعداد کل دایره‌ها را در دو تصویر بشمارید.<br><br>در صفحه بعد می‌توانید نمونه‌هایی از یک دایره صحیح و یک شکل نادرست را ببینید. فقط شکل‌هایی را بشمارید که با نمونه دایره صحیح مطابقت دارند.<br><br>برای شروع هر کلیدی را فشار دهید.","دایره شمارش شده را وارد کنید (۰-۳ را فشار دهید)","خوش آمدید! برای ادامه هر کلیدی را فشار دهید.","Farsi","1536","-267","267","-267","267","-154","154","-154","154"
"6","5000","8","undefined","undefined","undefined","undefined","#1a1a1a","2","psycho","True","psycho","psycho","uniform","undefined","undefined","undefined","0","NA","0","0","13","13","0","0","0","NA","0","13","13","NA","13","13","0","13","0","0","NA","0","13","13","13","13","13","13","0","13","13","13","0","52.009802128444996","Thu Aug 20 14:10:29 2026","1000","The main experiment item","False","V7_AttentionalSpatialBias_.osexp","C:\Users\plcm\Desktop\2026-EyeTracking\group-bayes\Experiment","317.67410002066754","010.png","659.7888","226.57536","True","False","mono","False","18","no","white","no","yes","RTL","659.7888","226.57536","864","2","010.png","011.png","num_4","psycho","Farsi","13","13","C:\Users\plcm\Desktop\2026-EyeTracking\group-bayes\Experiment\subject-64.csv","150","psycho","no","298507.0585999929","Neonatal Nightingale","4.1.14","3","3","no_prime_trial_14","14","RTL","","0","num_1","return","num_1","NA","NA","num_1","1866.6917999798898","8718.486300000222","NA","NA","1866.6917999798898","2","psycho","2, 5, 3, 6, 1, 4, 4, 1, 5, 6, 3, 2, 2, 3, 6, 5, 4, 1, 2, 3, 5, 6, 4, 1, 4, 2, 3, 6, 5, 1, 4, 3, 1, 6, 5, 2, 3, 1, 5, 2, 6, 4, 1, 2, 6, 3, 4, 5","False","1024","2","48000","-16","experiment","64","even","297.4835820000153","614.0","922.0","165.0","699.0","76812.4661000038","NA","NA","5488.431200006744","297483.4117999999","297483.55239999364","NA","19187.410500016995","56052.01430001762","NA","5488.630500010913","305387.58949999465","297472.59889999987","NA","297489.0046000073","297494.4439000101","21835.201900015818","303512.08400001633","85531.65650001029","NA","NA","86295.82570001367","297472.57770001306","305387.5567000068","303520.32750000944","297472.5199000095","298498.0576999951","298495.00389999594","86295.97209999338","297472.1897999989","298498.1095000112","298507.03000000794","19187.486700015143","Attentional Spatial Bias","0","0","0","14","اکنون چشم‌پیما را کالیبره می‌کنیم.<br><br>لطفاً نقطه متحرک را با چشمان خود دنبال کنید و سرتان را ثابت نگه دارید.<br><br>لطفاً منتظر بمانید.","از شرکت شما سپاسگزاریم!<br><br>آزمایش اکنون به پایان رسیده است.<br><br>لطفاً با آزمایشگر تماس بگیرید.","در این آزمایش، شما یک داستان کوتاه را که روی صفحه نمایش داده می‌شود، خواهید خواند.<br><br>لطفاً هر خط را با دقت بخوانید، زیرا در پایان آزمایش چند سؤال در مورد داستان از شما پرسیده خواهد شد.<br><br>پس از هر پاراگراف، یک جفت تصویر خواهید دید. به هر دو تصویر نگاه کنید و تعداد کل دایره‌ها را در دو تصویر بشمارید.<br><br>در صفحه بعد می‌توانید نمونه‌هایی از یک دایره صحیح و یک شکل نادرست را ببینید. فقط شکل‌هایی را بشمارید که با نمونه دایره صحیح مطابقت دارند.<br><br>برای شروع هر کلیدی را فشار دهید.","دایره شمارش شده را وارد کنید (۰-۳ را فشار دهید)","خوش آمدید! برای ادامه هر کلیدی را فشار دهید.","Farsi","1536","-154","154","-154","154","-267","267","-267","267"
"6","5000","8","undefined","undefined","undefined","undefined","#1a1a1a","2","psycho","True","psycho","psycho","uniform","undefined","undefined","undefined","0","NA","0","0","14","14","0","0","0","NA","0","14","14","NA","14","14","0","14","0","0","NA","0","14","14","14","14","14","14","0","14","14","14","0","92.60675531326648","Thu Aug 20 14:10:29 2026","1000","The main experiment item","False","V7_AttentionalSpatialBias_.osexp","C:\Users\plcm\Desktop\2026-EyeTracking\group-bayes\Experiment","244.96700000599958","013.png","999.45984","290.9088","True","False","mono","False","18","no","white","no","yes","RTL","999.45984","290.9088","864","2","012.png","013.png","num_4","psycho","Farsi","14","14","C:\Users\plcm\Desktop\2026-EyeTracking\group-bayes\Experiment\subject-64.csv","150","psycho","no","306548.76199999126","Neonatal Nightingale","4.1.14","6","6","no_prime_trial_15","15","RTL","","0","num_1","return","num_1","NA","NA","num_1","6475.545599998441","8718.486300000222","NA","NA","6475.545599998441","2","psycho","2, 5, 3, 6, 1, 4, 4, 1, 5, 6, 3, 2, 2, 3, 6, 5, 4, 1, 2, 3, 5, 6, 4, 1, 4, 2, 3, 6, 5, 1, 4, 3, 1, 6, 5, 2, 3, 1, 5, 2, 6, 4, 1, 2, 6, 3, 4, 5","False","1024","2","48000","-16","experiment","64","even","305.526182600006","501.0","1035.0","586.0","278.0","76812.4661000038","NA","NA","5488.431200006744","305526.0750000016","305526.15109999897","NA","19187.410500016995","56052.01430001762","NA","5488.630500010913","318035.94420000445","305514.31309999316","NA","305531.77349999896","305537.49479999533","21835.201900015818","311551.3226999901","85531.65650001029","NA","NA","86295.82570001367","305514.2918000056","318035.9110000136","311559.5115000033","305514.236100018","306541.051600012","306538.01630000817","86295.97209999338","305513.69940000586","306541.11049999483","306548.7233000167","19187.486700015143","Attentional Spatial Bias","0","0","0","15","اکنون چشم‌پیما را کالیبره می‌کنیم.<br><br>لطفاً نقطه متحرک را با چشمان خود دنبال کنید و سرتان را ثابت نگه دارید.<br><br>لطفاً منتظر بمانید.","از شرکت شما سپاسگزاریم!<br><br>آزمایش اکنون به پایان رسیده است.<br><br>لطفاً با آزمایشگر تماس بگیرید.","در این آزمایش، شما یک داستان کوتاه را که روی صفحه نمایش داده می‌شود، خواهید خواند.<br><br>لطفاً هر خط را با دقت بخوانید، زیرا در پایان آزمایش چند سؤال در مورد داستان از شما پرسیده خواهد شد.<br><br>پس از هر پاراگراف، یک جفت تصویر خواهید دید. به هر دو تصویر نگاه کنید و تعداد کل دایره‌ها را در دو تصویر بشمارید.<br><br>در صفحه بعد می‌توانید نمونه‌هایی از یک دایره صحیح و یک شکل نادرست را ببینید. فقط شکل‌هایی را بشمارید که با نمونه دایره صحیح مطابقت دارند.<br><br>برای شروع هر کلیدی را فشار دهید.","دایره شمارش شده را وارد کنید (۰-۳ را فشار دهید)","خوش آمدید! برای ادامه هر کلیدی را فشار دهید.","Farsi","1536","-267","267","-267","267","154","-154","154","-154"
"6","5000","8","undefined","undefined","undefined","undefined","#1a1a1a","2","psycho","True","psycho","psycho","uniform","undefined","undefined","undefined","0","NA","0","0","15","15","0","0","0","NA","0","15","15","NA","15","15","0","15","0","0","NA","0","15","15","15","15","15","15","0","15","15","15","0","20.49524556550615","Thu Aug 20 14:10:29 2026","1000","The main experiment item","False","V7_AttentionalSpatialBias_.osexp","C:\Users\plcm\Desktop\2026-EyeTracking\group-bayes\Experiment","233.8025000062771","015.png","851.6505599999999","233.064","True","False","mono","False","18","no","white","no","yes","RTL","851.6505599999999","233.064","864","2","014.png","015.png","num_4","psycho","Farsi","15","15","C:\Users\plcm\Desktop\2026-EyeTracking\group-bayes\Experiment\subject-64.csv","150","psycho","no","319242.4383999896","Neonatal Nightingale","4.1.14","5","5","no_prime_trial_16","16","RTL","","0","num_1","return","num_1","NA","NA","num_1","1508.7955000053626","8718.486300000222","NA","NA","1508.7955000053626","2","psycho","2, 5, 3, 6, 1, 4, 4, 1, 5, 6, 3, 2, 2, 3, 6, 5, 4, 1, 2, 3, 5, 6, 4, 1, 4, 2, 3, 6, 5, 1, 4, 3, 1, 6, 5, 2, 3, 1, 5, 2, 6, 4, 1, 2, 6, 3, 4, 5","False","1024","2","48000","-16","experiment","64","even","318.22091850001016","614.0","922.0","699.0","165.0","76812.4661000038","NA","NA","5488.431200006744","318220.8166999917","318220.89009999763","NA","19187.410500016995","56052.01430001762","NA","5488.630500010913","325764.04020001064","318210.0940000091","NA","318226.44930001115","318231.5421999956","21835.201900015818","324244.5985999948","85531.65650001029","NA","NA","86295.82570001367","318210.07400000235","325764.0068999899","324254.2850000027","318210.0187999895","319234.9005000142","319232.22490001353","86295.97209999338","318209.5917999977","319234.9518999981","319242.4025000073","19187.486700015143","Attentional Spatial Bias","0","0","0","16","اکنون چشم‌پیما را کالیبره می‌کنیم.<br><br>لطفاً نقطه متحرک را با چشمان خود دنبال کنید و سرتان را ثابت نگه دارید.<br><br>لطفاً منتظر بمانید.","از شرکت شما سپاسگزاریم!<br><br>آزمایش اکنون به پایان رسیده است.<br><br>لطفاً با آزمایشگر تماس بگیرید.","در این آزمایش، شما یک داستان کوتاه را که روی صفحه نمایش داده می‌شود، خواهید خواند.<br><br>لطفاً هر خط را با دقت بخوانید، زیرا در پایان آزمایش چند سؤال در مورد داستان از شما پرسیده خواهد شد.<br><br>پس از هر پاراگراف، یک جفت تصویر خواهید دید. به هر دو تصویر نگاه کنید و تعداد کل دایره‌ها را در دو تصویر بشمارید.<br><br>در صفحه بعد می‌توانید نمونه‌هایی از یک دایره صحیح و یک شکل نادرست را ببینید. فقط شکل‌هایی را بشمارید که با نمونه دایره صحیح مطابقت دارند.<br><br>برای شروع هر کلیدی را فشار دهید.","دایره شمارش شده را وارد کنید (۰-۳ را فشار دهید)","خوش آمدید! برای ادامه هر کلیدی را فشار دهید.","Farsi","1536","-154","154","-154","154","267","-267","267","-267"
"6","5000","8","undefined","undefined","undefined","undefined","#1a1a1a","2","psycho","True","psycho","psycho","uniform","undefined","undefined","undefined","0","NA","0","0","16","16","0","0","0","NA","0","16","16","NA","16","16","0","16","0","0","NA","0","16","16","16","16","16","16","0","16","16","16","0","87.14241440716678","Thu Aug 20 14:10:29 2026","1000","The main experiment item","False","V7_AttentionalSpatialBias_.osexp","C:\Users\plcm\Desktop\2026-EyeTracking\group-bayes\Experiment","271.38960000593215","000.png","836.45952","120.11328","True","False","mono","False","18","no","white","no","yes","RTL","836.45952","120.11328","864","2","000.png","001.png","num_4","psycho","Farsi","16","16","C:\Users\plcm\Desktop\2026-EyeTracking\group-bayes\Experiment\subject-64.csv","150","psycho","no","326927.7240000083","Neonatal Nightingale","4.1.14","4","4","no_prime_trial_17","17","RTL","","0","num_2","return","num_2","NA","NA","num_2","8832.70959998481","8718.486300000222","NA","NA","8832.70959998481","2","psycho","2, 5, 3, 6, 1, 4, 4, 1, 5, 6, 3, 2, 2, 3, 6, 5, 4, 1, 2, 3, 5, 6, 4, 1, 4, 2, 3, 6, 5, 1, 4, 3, 1, 6, 5, 2, 3, 1, 5, 2, 6, 4, 1, 2, 6, 3, 4, 5","False","1024","2","48000","-16","experiment","64","even","325.90324220000184","768.0","768.0","124.0","740.0","76812.4661000038","NA","NA","5488.431200006744","325903.1143000175","325903.20930001326","NA","19187.410500016995","56052.01430001762","NA","5488.630500010913","340772.05759999924","325891.73090000986","NA","325908.4700999956","325913.70820000884","21835.201900015818","331930.87080001715","85531.65650001029","NA","NA","86295.82570001367","325891.70350000495","340772.0202000055","331938.5114000179","325891.63080000435","326917.57769999094","326913.8247999945","86295.97209999338","325890.9362000122","326917.64520001016","326927.6908999891","19187.486700015143","Attentional Spatial Bias","0","0","0","17","اکنون چشم‌پیما را کالیبره می‌کنیم.<br><br>لطفاً نقطه متحرک را با چشمان خود دنبال کنید و سرتان را ثابت نگه دارید.<br><br>لطفاً منتظر بمانید.","از شرکت شما سپاسگزاریم!<br><br>آزمایش اکنون به پایان رسیده است.<br><br>لطفاً با آزمایشگر تماس بگیرید.","در این آزمایش، شما یک داستان کوتاه را که روی صفحه نمایش داده می‌شود، خواهید خواند.<br><br>لطفاً هر خط را با دقت بخوانید، زیرا در پایان آزمایش چند سؤال در مورد داستان از شما پرسیده خواهد شد.<br><br>پس از هر پاراگراف، یک جفت تصویر خواهید دید. به هر دو تصویر نگاه کنید و تعداد کل دایره‌ها را در دو تصویر بشمارید.<br><br>در صفحه بعد می‌توانید نمونه‌هایی از یک دایره صحیح و یک شکل نادرست را ببینید. فقط شکل‌هایی را بشمارید که با نمونه دایره صحیح مطابقت دارند.<br><br>برای شروع هر کلیدی را فشار دهید.","دایره شمارش شده را وارد کنید (۰-۳ را فشار دهید)","خوش آمدید! برای ادامه هر کلیدی را فشار دهید.","Farsi","1536","0","0","0","0","-308","308","-308","308"
"6","5000","8","undefined","undefined","undefined","undefined","#1a1a1a","2","psycho","True","psycho","psycho","uniform","undefined","undefined","undefined","0","NA","0","0","17","17","0","0","0","NA","0","17","17","NA","17","17","0","17","0","0","NA","0","17","17","17","17","17","17","0","17","17","17","0","72.89783567276058","Thu Aug 20 14:10:29 2026","1000","The main experiment item","False","V7_AttentionalSpatialBias_.osexp","C:\Users\plcm\Desktop\2026-EyeTracking\group-bayes\Experiment","324.77759997709654","003.png","936.2995199999999","412.00704","True","False","mono","False","18","no","white","no","yes","RTL","936.2995199999999","412.00704","864","2","002.png","003.png","num_4","psycho","Farsi","17","17","C:\Users\plcm\Desktop\2026-EyeTracking\group-bayes\Experiment\subject-64.csv","150","psycho","no","341923.4822000144","Neonatal Nightingale","4.1.14","1","1","no_prime_trial_18","18","RTL","","0","num_1","return","num_1","NA","NA","num_1","2007.8744000056759","8718.486300000222","NA","NA","2007.8744000056759","2","psycho","2, 5, 3, 6, 1, 4, 4, 1, 5, 6, 3, 2, 2, 3, 6, 5, 4, 1, 2, 3, 5, 6, 4, 1, 4, 2, 3, 6, 5, 1, 4, 3, 1, 6, 5, 2, 3, 1, 5, 2, 6, 4, 1, 2, 6, 3, 4, 5","False","1024","2","48000","-16","experiment","64","even","340.90137370000593","460.0","1076.0","432.0","432.0","76812.4661000038","NA","NA","5488.431200006744","340901.26079999027","340901.3488999917","NA","19187.410500016995","56052.01430001762","NA","5488.630500010913","348939.6919000137","340890.52350001293","NA","340906.57839999767","340912.4168000126","21835.201900015818","346923.58820000663","85531.65650001029","NA","NA","86295.82570001367","340890.50280000083","348939.66080000973","346931.21949999477","340890.4465000087","341915.6981999986","341912.71540001617","86295.97209999338","340890.13300000806","341915.7552999968","341923.4453999961","19187.486700015143","Attentional Spatial Bias","0","0","0","18","اکنون چشم‌پیما را کالیبره می‌کنیم.<br><br>لطفاً نقطه متحرک را با چشمان خود دنبال کنید و سرتان را ثابت نگه دارید.<br><br>لطفاً منتظر بمانید.","از شرکت شما سپاسگزاریم!<br><br>آزمایش اکنون به پایان رسیده است.<br><br>لطفاً با آزمایشگر تماس بگیرید.","در این آزمایش، شما یک داستان کوتاه را که روی صفحه نمایش داده می‌شود، خواهید خواند.<br><br>لطفاً هر خط را با دقت بخوانید، زیرا در پایان آزمایش چند سؤال در مورد داستان از شما پرسیده خواهد شد.<br><br>پس از هر پاراگراف، یک جفت تصویر خواهید دید. به هر دو تصویر نگاه کنید و تعداد کل دایره‌ها را در دو تصویر بشمارید.<br><br>در صفحه بعد می‌توانید نمونه‌هایی از یک دایره صحیح و یک شکل نادرست را ببینید. فقط شکل‌هایی را بشمارید که با نمونه دایره صحیح مطابقت دارند.<br><br>برای شروع هر کلیدی را فشار دهید.","دایره شمارش شده را وارد کنید (۰-۳ را فشار دهید)","خوش آمدید! برای ادامه هر کلیدی را فشار دهید.","Farsi","1536","-308","308","-308","308","0","0","0","0"
"6","5000","8","undefined","undefined","undefined","undefined","#1a1a1a","3","psycho","True","psycho","psycho","uniform","undefined","undefined","undefined","0","NA","0","0","18","18","0","0","0","NA","0","18","18","NA","18","18","0","18","0","0","NA","0","18","18","18","18","18","18","0","18","18","18","0","26.21699799821484","Thu Aug 20 14:10:29 2026","1000","The main experiment item","False","V7_AttentionalSpatialBias_.osexp","C:\Users\plcm\Desktop\2026-EyeTracking\group-bayes\Experiment","305.3271000098903","005.png","1116.99456","575.26848","True","False","mono","False","18","no","white","no","yes","RTL","1116.99456","575.26848","864","3","004.png","005.png","num_4","psycho","Farsi","18","18","C:\Users\plcm\Desktop\2026-EyeTracking\group-bayes\Experiment\subject-64.csv","150","psycho","no","362654.71410000464","Neonatal Nightingale","4.1.14","2","2","prime_4","19","RTL","یک شب، شکارچیان در نزدیکی آنجا شلیک کردند و جوجه‌اردک تا زمانی که همه چیز امن و امان شود در بین نی ها قایم شد.","0","num_2","return","num_2","NA","NA","num_2","1283.7921000027563","8718.486300000222","NA","NA","1283.7921000027563","2","psycho","2, 5, 3, 6, 1, 4, 4, 1, 5, 6, 3, 2, 2, 3, 6, 5, 4, 1, 2, 3, 5, 6, 4, 1, 4, 2, 3, 6, 5, 1, 4, 3, 1, 6, 5, 2, 3, 1, 5, 2, 6, 4, 1, 2, 6, 3, 4, 5","True","1024","2","48000","-16","experiment","64","even","361.3254108999972","501.0","1035.0","278.0","586.0","76812.4661000038","NA","NA","5488.431200006744","361325.34050001414","361325.391499995","NA","19187.410500016995","56052.01430001762","NA","5488.630500010913","368947.6384000154","361316.04360000347","NA","361636.13520000945","361641.9976000034","21835.201900015818","367655.24680001545","85531.65650001029","NA","NA","86295.82570001367","349060.243200016","368947.60879999376","367663.29890000634","349060.19379998907","362645.347600017","362642.4066000036","86295.97209999338","349059.62849999196","362645.40219999617","362654.67160000117","19187.486700015143","Attentional Spatial Bias","0","0","0","19","اکنون چشم‌پیما را کالیبره می‌کنیم.<br><br>لطفاً نقطه متحرک را با چشمان خود دنبال کنید و سرتان را ثابت نگه دارید.<br><br>لطفاً منتظر بمانید.","از شرکت شما سپاسگزاریم!<br><br>آزمایش اکنون به پایان رسیده است.<br><br>لطفاً با آزمایشگر تماس بگیرید.","در این آزمایش، شما یک داستان کوتاه را که روی صفحه نمایش داده می‌شود، خواهید خواند.<br><br>لطفاً هر خط را با دقت بخوانید، زیرا در پایان آزمایش چند سؤال در مورد داستان از شما پرسیده خواهد شد.<br><br>پس از هر پاراگراف، یک جفت تصویر خواهید دید. به هر دو تصویر نگاه کنید و تعداد کل دایره‌ها را در دو تصویر بشمارید.<br><br>در صفحه بعد می‌توانید نمونه‌هایی از یک دایره صحیح و یک شکل نادرست را ببینید. فقط شکل‌هایی را بشمارید که با نمونه دایره صحیح مطابقت دارند.<br><br>برای شروع هر کلیدی را فشار دهید.","دایره شمارش شده را وارد کنید (۰-۳ را فشار دهید)","خوش آمدید! برای ادامه هر کلیدی را فشار دهید.","Farsi","1536","-267","267","-267","267","-154","154","-154","154"
"6","5000","8","undefined","undefined","undefined","undefined","#1a1a1a","3","psycho","True","psycho","psycho","uniform","undefined","undefined","undefined","0","NA","0","0","19","19","0","0","0","NA","0","19","19","NA","19","19","0","19","0","0","NA","0","19","19","19","19","19","19","0","19","19","19","0","53.7321253448996","Thu Aug 20 14:10:29 2026","1000","The main experiment item","False","V7_AttentionalSpatialBias_.osexp","C:\Users\plcm\Desktop\2026-EyeTracking\group-bayes\Experiment","365.44510000385344","006.png","654.91968","264.79872","True","False","mono","False","18","no","white","no","yes","RTL","654.91968","264.79872","864","3","006.png","007.png","num_4","psycho","Farsi","19","19","C:\Users\plcm\Desktop\2026-EyeTracking\group-bayes\Experiment\subject-64.csv","150","psycho","no","370111.46720001125","Neonatal Nightingale","4.1.14","3","3","no_prime_trial_20","20","RTL","","0","num_2","return","num_2","NA","NA","num_2","833.1474999722559","8718.486300000222","NA","NA","833.1474999722559","2","psycho","2, 5, 3, 6, 1, 4, 4, 1, 5, 6, 3, 2, 2, 3, 6, 5, 4, 1, 2, 3, 5, 6, 4, 1, 4, 2, 3, 6, 5, 1, 4, 3, 1, 6, 5, 2, 3, 1, 5, 2, 6, 4, 1, 2, 6, 3, 4, 5","False","1024","2","48000","-16","experiment","64","even","369.0879924999899","614.0","922.0","165.0","699.0","76812.4661000038","NA","NA","5488.431200006744","369087.8626999911","369087.95960000134","NA","19187.410500016995","56052.01430001762","NA","5488.630500010913","375955.8093000087","369077.1051000047","NA","369093.32710001036","369098.96679999656","21835.201900015818","375113.6741999944","85531.65650001029","NA","NA","86295.82570001367","369077.085900004","375955.7727999927","375121.95600001724","369077.0424999937","370102.29870001785","370099.04960001586","86295.97209999338","369076.750600012","370102.352100017","370111.4222999895","19187.486700015143","Attentional Spatial Bias","0","0","0","20","اکنون چشم‌پیما را کالیبره می‌کنیم.<br><br>لطفاً نقطه متحرک را با چشمان خود دنبال کنید و سرتان را ثابت نگه دارید.<br><br>لطفاً منتظر بمانید.","از شرکت شما سپاسگزاریم!<br><br>آزمایش اکنون به پایان رسیده است.<br><br>لطفاً با آزمایشگر تماس بگیرید.","در این آزمایش، شما یک داستان کوتاه را که روی صفحه نمایش داده می‌شود، خواهید خواند.<br><br>لطفاً هر خط را با دقت بخوانید، زیرا در پایان آزمایش چند سؤال در مورد داستان از شما پرسیده خواهد شد.<br><br>پس از هر پاراگراف، یک جفت تصویر خواهید دید. به هر دو تصویر نگاه کنید و تعداد کل دایره‌ها را در دو تصویر بشمارید.<br><br>در صفحه بعد می‌توانید نمونه‌هایی از یک دایره صحیح و یک شکل نادرست را ببینید. فقط شکل‌هایی را بشمارید که با نمونه دایره صحیح مطابقت دارند.<br><br>برای شروع هر کلیدی را فشار دهید.","دایره شمارش شده را وارد کنید (۰-۳ را فشار دهید)","خوش آمدید! برای ادامه هر کلیدی را فشار دهید.","Farsi","1536","-154","154","-154","154","-267","267","-267","267"
"6","5000","8","undefined","undefined","undefined","undefined","#1a1a1a","3","psycho","True","psycho","psycho","uniform","undefined","undefined","undefined","0","NA","0","0","20","20","0","0","0","NA","0","20","20","NA","20","20","0","20","0","0","NA","0","20","20","20","20","20","20","0","20","20","20","0","70.43414961190341","Thu Aug 20 14:10:29 2026","1000","The main experiment item","False","V7_AttentionalSpatialBias_.osexp","C:\Users\plcm\Desktop\2026-EyeTracking\group-bayes\Experiment","337.83499998389743","009.png","841.0675200000001","191.15135999999998","True","False","mono","False","18","no","white","no","yes","RTL","841.0675200000001","191.15135999999998","864","3","008.png","009.png","num_4","psycho","Farsi","20","20","C:\Users\plcm\Desktop\2026-EyeTracking\group-bayes\Experiment\subject-64.csv","150","psycho","no","377150.35790001275","Neonatal Nightingale","4.1.14","5","5","no_prime_trial_21","21","RTL","","0","num_1","return","num_1","NA","NA","num_1","1665.372399991611","8718.486300000222","NA","NA","1665.372399991611","2","psycho","2, 5, 3, 6, 1, 4, 4, 1, 5, 6, 3, 2, 2, 3, 6, 5, 4, 1, 2, 3, 5, 6, 4, 1, 4, 2, 3, 6, 5, 1, 4, 3, 1, 6, 5, 2, 3, 1, 5, 2, 6, 4, 1, 2, 6, 3, 4, 5","False","1024","2","48000","-16","experiment","64","even","376.0990705000004","614.0","922.0","699.0","165.0","76812.4661000038","NA","NA","5488.431200006744","376098.95909999614","376099.04760000063","NA","19187.410500016995","56052.01430001762","NA","5488.630500010913","383828.18390001194","376087.0467000059","NA","376131.3521999982","376137.8302999947","21835.201900015818","382153.306799999","85531.65650001029","NA","NA","86295.82570001367","376087.0272000029","383828.14759999746","382161.92790001514","376086.9770999998","377141.3198999944","377138.42080000904","86295.97209999338","376086.6399999941","377141.38039998943","377150.3182000015","19187.486700015143","Attentional Spatial Bias","0","0","0","21","اکنون چشم‌پیما را کالیبره می‌کنیم.<br><br>لطفاً نقطه متحرک را با چشمان خود دنبال کنید و سرتان را ثابت نگه دارید.<br><br>لطفاً منتظر بمانید.","از شرکت شما سپاسگزاریم!<br><br>آزمایش اکنون به پایان رسیده است.<br><br>لطفاً با آزمایشگر تماس بگیرید.","در این آزمایش، شما یک داستان کوتاه را که روی صفحه نمایش داده می‌شود، خواهید خواند.<br><br>لطفاً هر خط را با دقت بخوانید، زیرا در پایان آزمایش چند سؤال در مورد داستان از شما پرسیده خواهد شد.<br><br>پس از هر پاراگراف، یک جفت تصویر خواهید دید. به هر دو تصویر نگاه کنید و تعداد کل دایره‌ها را در دو تصویر بشمارید.<br><br>در صفحه بعد می‌توانید نمونه‌هایی از یک دایره صحیح و یک شکل نادرست را ببینید. فقط شکل‌هایی را بشمارید که با نمونه دایره صحیح مطابقت دارند.<br><br>برای شروع هر کلیدی را فشار دهید.","دایره شمارش شده را وارد کنید (۰-۳ را فشار دهید)","خوش آمدید! برای ادامه هر کلیدی را فشار دهید.","Farsi","1536","-154","154","-154","154","267","-267","267","-267"
"6","5000","8","undefined","undefined","undefined","undefined","#1a1a1a","3","psycho","True","psycho","psycho","uniform","undefined","undefined","undefined","0","NA","0","0","21","21","0","0","0","NA","0","21","21","NA","21","21","0","21","0","0","NA","0","21","21","21","21","21","21","0","21","21","21","0","47.738813281806586","Thu Aug 20 14:10:29 2026","1000","The main experiment item","False","V7_AttentionalSpatialBias_.osexp","C:\Users\plcm\Desktop\2026-EyeTracking\group-bayes\Experiment","223.54409997933544","011.png","1026.6624","188.32608","True","False","mono","False","18","no","white","no","yes","RTL","1026.6624","188.32608","864","3","010.png","011.png","num_4","psycho","Farsi","21","21","C:\Users\plcm\Desktop\2026-EyeTracking\group-bayes\Experiment\subject-64.csv","150","psycho","no","384979.5071000117","Neonatal Nightingale","4.1.14","6","6","no_prime_trial_22","22","RTL","","0","num_2","return","num_2","NA","NA","num_2","1890.5336000025272","8718.486300000222","NA","NA","1890.5336000025272","2","psycho","2, 5, 3, 6, 1, 4, 4, 1, 5, 6, 3, 2, 2, 3, 6, 5, 4, 1, 2, 3, 5, 6, 4, 1, 4, 2, 3, 6, 5, 1, 4, 3, 1, 6, 5, 2, 3, 1, 5, 2, 6, 4, 1, 2, 6, 3, 4, 5","False","1024","2","48000","-16","experiment","64","even","383.9560465000104","501.0","1035.0","586.0","278.0","76812.4661000038","NA","NA","5488.431200006744","383955.95070000854","383956.02340000914","NA","19187.410500016995","56052.01430001762","NA","5488.630500010913","391884.06280000345","383944.69969999045","NA","383961.38809999684","383967.178699997","21835.201900015818","389981.68699999223","85531.65650001029","NA","NA","86295.82570001367","383944.67570001143","391884.0184000146","389992.7777000121","383944.608299993","384970.4868000117","384967.6093000162","86295.97209999338","383944.2243000085","384970.54310000385","384979.4608000084","19187.486700015143","Attentional Spatial Bias","0","0","0","22","اکنون چشم‌پیما را کالیبره می‌کنیم.<br><br>لطفاً نقطه متحرک را با چشمان خود دنبال کنید و سرتان را ثابت نگه دارید.<br><br>لطفاً منتظر بمانید.","از شرکت شما سپاسگزاریم!<br><br>آزمایش اکنون به پایان رسیده است.<br><br>لطفاً با آزمایشگر تماس بگیرید.","در این آزمایش، شما یک داستان کوتاه را که روی صفحه نمایش داده می‌شود، خواهید خواند.<br><br>لطفاً هر خط را با دقت بخوانید، زیرا در پایان آزمایش چند سؤال در مورد داستان از شما پرسیده خواهد شد.<br><br>پس از هر پاراگراف، یک جفت تصویر خواهید دید. به هر دو تصویر نگاه کنید و تعداد کل دایره‌ها را در دو تصویر بشمارید.<br><br>در صفحه بعد می‌توانید نمونه‌هایی از یک دایره صحیح و یک شکل نادرست را ببینید. فقط شکل‌هایی را بشمارید که با نمونه دایره صحیح مطابقت دارند.<br><br>برای شروع هر کلیدی را فشار دهید.","دایره شمارش شده را وارد کنید (۰-۳ را فشار دهید)","خوش آمدید! برای ادامه هر کلیدی را فشار دهید.","Farsi","1536","-267","267","-267","267","154","-154","154","-154"
"6","5000","8","undefined","undefined","undefined","undefined","#1a1a1a","3","psycho","True","psycho","psycho","uniform","undefined","undefined","undefined","0","NA","0","0","22","22","0","0","0","NA","0","22","22","NA","22","22","0","22","0","0","NA","0","22","22","22","22","22","22","0","22","22","22","0","78.56545296789928","Thu Aug 20 14:10:29 2026","1000","The main experiment item","False","V7_AttentionalSpatialBias_.osexp","C:\Users\plcm\Desktop\2026-EyeTracking\group-bayes\Experiment","204.4332000077702","012.png","778.69056","246.87936","True","False","mono","False","18","no","white","no","yes","RTL","778.69056","246.87936","864","3","012.png","013.png","num_4","psycho","Farsi","22","22","C:\Users\plcm\Desktop\2026-EyeTracking\group-bayes\Experiment\subject-64.csv","150","psycho","no","393086.2192999921","Neonatal Nightingale","4.1.14","4","4","no_prime_trial_23","23","RTL","","0","num_1","return","num_1","NA","NA","num_1","1489.545700023882","8718.486300000222","NA","NA","1489.545700023882","2","psycho","2, 5, 3, 6, 1, 4, 4, 1, 5, 6, 3, 2, 2, 3, 6, 5, 4, 1, 2, 3, 5, 6, 4, 1, 4, 2, 3, 6, 5, 1, 4, 3, 1, 6, 5, 2, 3, 1, 5, 2, 6, 4, 1, 2, 6, 3, 4, 5","False","1024","2","48000","-16","experiment","64","even","392.0144674000039","768.0","768.0","124.0","740.0","76812.4661000038","NA","NA","5488.431200006744","392014.3608000071","392014.442100015","NA","19187.410500016995","56052.01430001762","NA","5488.630500010913","399588.04440000677","392003.03759999224","NA","392068.8843000098","392074.9941999966","21835.201900015818","398089.7074000095","85531.65650001029","NA","NA","86295.82570001367","392003.01330001093","399587.99990001717","398097.6013999898","392002.9358000029","393078.540699993","393075.4650000017","86295.97209999338","392002.20469999476","393078.5935000167","393086.1911000102","19187.486700015143","Attentional Spatial Bias","0","0","0","23","اکنون چشم‌پیما را کالیبره می‌کنیم.<br><br>لطفاً نقطه متحرک را با چشمان خود دنبال کنید و سرتان را ثابت نگه دارید.<br><br>لطفاً منتظر بمانید.","از شرکت شما سپاسگزاریم!<br><br>آزمایش اکنون به پایان رسیده است.<br><br>لطفاً با آزمایشگر تماس بگیرید.","در این آزمایش، شما یک داستان کوتاه را که روی صفحه نمایش داده می‌شود، خواهید خواند.<br><br>لطفاً هر خط را با دقت بخوانید، زیرا در پایان آزمایش چند سؤال در مورد داستان از شما پرسیده خواهد شد.<br><br>پس از هر پاراگراف، یک جفت تصویر خواهید دید. به هر دو تصویر نگاه کنید و تعداد کل دایره‌ها را در دو تصویر بشمارید.<br><br>در صفحه بعد می‌توانید نمونه‌هایی از یک دایره صحیح و یک شکل نادرست را ببینید. فقط شکل‌هایی را بشمارید که با نمونه دایره صحیح مطابقت دارند.<br><br>برای شروع هر کلیدی را فشار دهید.","دایره شمارش شده را وارد کنید (۰-۳ را فشار دهید)","خوش آمدید! برای ادامه هر کلیدی را فشار دهید.","Farsi","1536","0","0","0","0","-308","308","-308","308"
"6","5000","8","undefined","undefined","undefined","undefined","#1a1a1a","3","psycho","True","psycho","psycho","uniform","undefined","undefined","undefined","0","NA","0","0","23","23","0","0","0","NA","0","23","23","NA","23","23","0","23","0","0","NA","0","23","23","23","23","23","23","0","23","23","23","0","99.41571543057361","Thu Aug 20 14:10:29 2026","1000","The main experiment item","False","V7_AttentionalSpatialBias_.osexp","C:\Users\plcm\Desktop\2026-EyeTracking\group-bayes\Experiment","312.0864999946207","015.png","1010.5190399999999","351.69120000000004","True","False","mono","False","18","no","white","no","yes","RTL","1010.5190399999999","351.69120000000004","864","3","014.png","015.png","num_4","psycho","Farsi","23","23","C:\Users\plcm\Desktop\2026-EyeTracking\group-bayes\Experiment\subject-64.csv","150","psycho","no","400754.85590001335","Neonatal Nightingale","4.1.14","1","1","no_prime_trial_24","24","RTL","","0","num_2","return","num_2","NA","NA","num_2","1355.3635000134818","8718.486300000222","NA","NA","1355.3635000134818","2","psycho","2, 5, 3, 6, 1, 4, 4, 1, 5, 6, 3, 2, 2, 3, 6, 5, 4, 1, 2, 3, 5, 6, 4, 1, 4, 2, 3, 6, 5, 1, 4, 3, 1, 6, 5, 2, 3, 1, 5, 2, 6, 4, 1, 2, 6, 3, 4, 5","False","1024","2","48000","-16","experiment","64","even","399.73083370001405","460.0","1076.0","432.0","432.0","76812.4661000038","NA","NA","5488.431200006744","399730.7043999899","399730.80779999145","NA","19187.410500016995","56052.01430001762","NA","5488.630500010913","407123.67960001575","399717.81659999397","NA","399736.58289999","399741.8845999928","21835.201900015818","405760.1675000042","85531.65650001029","NA","NA","86295.82570001367","399717.7980999986","407123.64800000796","405767.7415999933","399717.7585000172","400745.4844000167","400742.5058000081","86295.97209999338","399717.5339999958","400745.5406000081","400754.8081999994","19187.486700015143","Attentional Spatial Bias","0","0","0","24","اکنون چشم‌پیما را کالیبره می‌کنیم.<br><br>لطفاً نقطه متحرک را با چشمان خود دنبال کنید و سرتان را ثابت نگه دارید.<br><br>لطفاً منتظر بمانید.","از شرکت شما سپاسگزاریم!<br><br>آزمایش اکنون به پایان رسیده است.<br><br>لطفاً با آزمایشگر تماس بگیرید.","در این آزمایش، شما یک داستان کوتاه را که روی صفحه نمایش داده می‌شود، خواهید خواند.<br><br>لطفاً هر خط را با دقت بخوانید، زیرا در پایان آزمایش چند سؤال در مورد داستان از شما پرسیده خواهد شد.<br><br>پس از هر پاراگراف، یک جفت تصویر خواهید دید. به هر دو تصویر نگاه کنید و تعداد کل دایره‌ها را در دو تصویر بشمارید.<br><br>در صفحه بعد می‌توانید نمونه‌هایی از یک دایره صحیح و یک شکل نادرست را ببینید. فقط شکل‌هایی را بشمارید که با نمونه دایره صحیح مطابقت دارند.<br><br>برای شروع هر کلیدی را فشار دهید.","دایره شمارش شده را وارد کنید (۰-۳ را فشار دهید)","خوش آمدید! برای ادامه هر کلیدی را فشار دهید.","Farsi","1536","-308","308","-308","308","0","0","0","0"
"6","5000","8","undefined","undefined","undefined","undefined","#1a1a1a","4","psycho","True","psycho","psycho","uniform","undefined","undefined","undefined","0","NA","0","0","24","24","0","0","0","NA","0","24","24","NA","24","24","0","24","0","0","NA","0","24","24","24","24","24","24","0","24","24","24","0","45.9571329946506","Thu Aug 20 14:10:29 2026","1000","The main experiment item","False","V7_AttentionalSpatialBias_.osexp","C:\Users\plcm\Desktop\2026-EyeTracking\group-bayes\Experiment","249.7686999849975","000.png","737.08032","260.37504","True","False","mono","False","18","no","white","no","yes","RTL","737.08032","260.37504","864","4","000.png","001.png","num_4","psycho","Farsi","24","24","C:\Users\plcm\Desktop\2026-EyeTracking\group-bayes\Experiment\subject-64.csv","150","psycho","no","428290.6231000088","Neonatal Nightingale","4.1.14","4","4","prime_5","25","RTL","جوجه اردک خانه‌ای کوچک پیدا کرد  پیرزنی به همراه یک گربه و یک مرغ در آن زندگی میکرد. گربه و مرغ بدجنس بودند و او را بی‌فایده صدا می‌زدند. او که ناراحت بود، آنجا را ترک کرد و به تنهایی به سرگردانی ادامه داد.","0","num_2","return","num_2","NA","NA","num_2","1999.1661999956705","8718.486300000222","NA","NA","1999.1661999956705","2","psycho","2, 5, 3, 6, 1, 4, 4, 1, 5, 6, 3, 2, 2, 3, 6, 5, 4, 1, 2, 3, 5, 6, 4, 1, 4, 2, 3, 6, 5, 1, 4, 3, 1, 6, 5, 2, 3, 1, 5, 2, 6, 4, 1, 2, 6, 3, 4, 5","True","1024","2","48000","-16","experiment","64","even","427.26925089998986","768.0","768.0","124.0","740.0","76812.4661000038","NA","NA","5488.431200006744","427269.1846000089","427269.23330000136","NA","19187.410500016995","56052.01430001762","NA","5488.630500010913","435299.969899992","427259.8713999905","NA","427274.56590000656","427280.21520000766","21835.201900015818","433291.63359999075","85531.65650001029","NA","NA","86295.82570001367","407228.36909999023","435299.9342000112","433299.9768000154","407228.2936999982","428284.1720000142","428280.7822000177","86295.97209999338","407227.85470000235","428284.2290000117","428290.58810000424","19187.486700015143","Attentional Spatial Bias","0","0","0","25","اکنون چشم‌پیما را کالیبره می‌کنیم.<br><br>لطفاً نقطه متحرک را با چشمان خود دنبال کنید و سرتان را ثابت نگه دارید.<br><br>لطفاً منتظر بمانید.","از شرکت شما سپاسگزاریم!<br><br>آزمایش اکنون به پایان رسیده است.<br><br>لطفاً با آزمایشگر تماس بگیرید.","در این آزمایش، شما یک داستان کوتاه را که روی صفحه نمایش داده می‌شود، خواهید خواند.<br><br>لطفاً هر خط را با دقت بخوانید، زیرا در پایان آزمایش چند سؤال در مورد داستان از شما پرسیده خواهد شد.<br><br>پس از هر پاراگراف، یک جفت تصویر خواهید دید. به هر دو تصویر نگاه کنید و تعداد کل دایره‌ها را در دو تصویر بشمارید.<br><br>در صفحه بعد می‌توانید نمونه‌هایی از یک دایره صحیح و یک شکل نادرست را ببینید. فقط شکل‌هایی را بشمارید که با نمونه دایره صحیح مطابقت دارند.<br><br>برای شروع هر کلیدی را فشار دهید.","دایره شمارش شده را وارد کنید (۰-۳ را فشار دهید)","خوش آمدید! برای ادامه هر کلیدی را فشار دهید.","Farsi","1536","0","0","0","0","-308","308","-308","308"
"6","5000","8","undefined","undefined","undefined","undefined","#1a1a1a","4","psycho","True","psycho","psycho","uniform","undefined","undefined","undefined","0","NA","0","0","25","25","0","0","0","NA","0","25","25","NA","25","25","0","25","0","0","NA","0","25","25","25","25","25","25","0","25","25","25","0","93.4060055121083","Thu Aug 20 14:10:29 2026","1000","The main experiment item","False","V7_AttentionalSpatialBias_.osexp","C:\Users\plcm\Desktop\2026-EyeTracking\group-bayes\Experiment","245.78669999027625","002.png","625.33632","283.15008","True","False","mono","False","18","no","white","no","yes","RTL","625.33632","283.15008","864","4","002.png","003.png","num_4","psycho","Farsi","25","25","C:\Users\plcm\Desktop\2026-EyeTracking\group-bayes\Experiment\subject-64.csv","150","psycho","no","436440.1392000145","Neonatal Nightingale","4.1.14","2","2","no_prime_trial_26","26","RTL","","0","num_2","return","num_2","NA","NA","num_2","1847.094599972479","8718.486300000222","NA","NA","1847.094599972479","2","psycho","2, 5, 3, 6, 1, 4, 4, 1, 5, 6, 3, 2, 2, 3, 6, 5, 4, 1, 2, 3, 5, 6, 4, 1, 4, 2, 3, 6, 5, 1, 4, 3, 1, 6, 5, 2, 3, 1, 5, 2, 6, 4, 1, 2, 6, 3, 4, 5","False","1024","2","48000","-16","experiment","64","even","435.41793160000816","501.0","1035.0","278.0","586.0","76812.4661000038","NA","NA","5488.431200006744","435417.810599989","435417.9061999894","NA","19187.410500016995","56052.01430001762","NA","5488.630500010913","443299.88639999647","435405.03880000324","NA","435423.32970001735","435429.212499992","21835.201900015818","441443.85730000795","85531.65650001029","NA","NA","86295.82570001367","435405.0156000012","443299.8555999948","441452.1946000168","435404.9568999908","436432.29640001664","436429.7384000092","86295.97209999338","435404.56709999125","436432.3463999899","436440.1021999947","19187.486700015143","Attentional Spatial Bias","0","0","0","26","اکنون چشم‌پیما را کالیبره می‌کنیم.<br><br>لطفاً نقطه متحرک را با چشمان خود دنبال کنید و سرتان را ثابت نگه دارید.<br><br>لطفاً منتظر بمانید.","از شرکت شما سپاسگزاریم!<br><br>آزمایش اکنون به پایان رسیده است.<br><br>لطفاً با آزمایشگر تماس بگیرید.","در این آزمایش، شما یک داستان کوتاه را که روی صفحه نمایش داده می‌شود، خواهید خواند.<br><br>لطفاً هر خط را با دقت بخوانید، زیرا در پایان آزمایش چند سؤال در مورد داستان از شما پرسیده خواهد شد.<br><br>پس از هر پاراگراف، یک جفت تصویر خواهید دید. به هر دو تصویر نگاه کنید و تعداد کل دایره‌ها را در دو تصویر بشمارید.<br><br>در صفحه بعد می‌توانید نمونه‌هایی از یک دایره صحیح و یک شکل نادرست را ببینید. فقط شکل‌هایی را بشمارید که با نمونه دایره صحیح مطابقت دارند.<br><br>برای شروع هر کلیدی را فشار دهید.","دایره شمارش شده را وارد کنید (۰-۳ را فشار دهید)","خوش آمدید! برای ادامه هر کلیدی را فشار دهید.","Farsi","1536","-267","267","-267","267","-154","154","-154","154"
"6","5000","8","undefined","undefined","undefined","undefined","#1a1a1a","4","psycho","True","psycho","psycho","uniform","undefined","undefined","undefined","0","NA","0","0","26","26","0","0","0","NA","0","26","26","NA","26","26","0","26","0","0","NA","0","26","26","26","26","26","26","0","26","26","26","0","79.67520420459056","Thu Aug 20 14:10:29 2026","1000","The main experiment item","False","V7_AttentionalSpatialBias_.osexp","C:\Users\plcm\Desktop\2026-EyeTracking\group-bayes\Experiment","203.83069998933934","004.png","621.4809600000001","192.73247999999998","True","False","mono","False","18","no","white","no","yes","RTL","621.4809600000001","192.73247999999998","864","4","004.png","005.png","num_4","psycho","Farsi","26","26","C:\Users\plcm\Desktop\2026-EyeTracking\group-bayes\Experiment\subject-64.csv","150","psycho","no","444461.5972000174","Neonatal Nightingale","4.1.14","3","3","no_prime_trial_27","27","RTL","","0","num_2","return","num_2","NA","NA","num_2","1192.5023999938276","8718.486300000222","NA","NA","1192.5023999938276","2","psycho","2, 5, 3, 6, 1, 4, 4, 1, 5, 6, 3, 2, 2, 3, 6, 5, 4, 1, 2, 3, 5, 6, 4, 1, 4, 2, 3, 6, 5, 1, 4, 3, 1, 6, 5, 2, 3, 1, 5, 2, 6, 4, 1, 2, 6, 3, 4, 5","False","1024","2","48000","-16","experiment","64","even","443.4363075000001","614.0","922.0","165.0","699.0","76812.4661000038","NA","NA","5488.431200006744","443436.2029999902","443436.28620001255","NA","19187.410500016995","56052.01430001762","NA","5488.630500010913","450668.139699992","443424.1006000084","NA","443441.7245000077","443447.33200001065","21835.201900015818","449466.56339999754","85531.65650001029","NA","NA","86295.82570001367","443424.0819000115","450668.1009000167","449474.7350999969","443424.036899989","444450.777799997","444447.8197999997","86295.97209999338","443423.5023999936","444450.8410000126","444461.5552999894","19187.486700015143","Attentional Spatial Bias","0","0","0","27","اکنون چشم‌پیما را کالیبره می‌کنیم.<br><br>لطفاً نقطه متحرک را با چشمان خود دنبال کنید و سرتان را ثابت نگه دارید.<br><br>لطفاً منتظر بمانید.","از شرکت شما سپاسگزاریم!<br><br>آزمایش اکنون به پایان رسیده است.<br><br>لطفاً با آزمایشگر تماس بگیرید.","در این آزمایش، شما یک داستان کوتاه را که روی صفحه نمایش داده می‌شود، خواهید خواند.<br><br>لطفاً هر خط را با دقت بخوانید، زیرا در پایان آزمایش چند سؤال در مورد داستان از شما پرسیده خواهد شد.<br><br>پس از هر پاراگراف، یک جفت تصویر خواهید دید. به هر دو تصویر نگاه کنید و تعداد کل دایره‌ها را در دو تصویر بشمارید.<br><br>در صفحه بعد می‌توانید نمونه‌هایی از یک دایره صحیح و یک شکل نادرست را ببینید. فقط شکل‌هایی را بشمارید که با نمونه دایره صحیح مطابقت دارند.<br><br>برای شروع هر کلیدی را فشار دهید.","دایره شمارش شده را وارد کنید (۰-۳ را فشار دهید)","خوش آمدید! برای ادامه هر کلیدی را فشار دهید.","Farsi","1536","-154","154","-154","154","-267","267","-267","267"
"6","5000","8","undefined","undefined","undefined","undefined","#1a1a1a","4","psycho","True","psycho","psycho","uniform","undefined","undefined","undefined","0","NA","0","0","27","27","0","0","0","NA","0","27","27","NA","27","27","0","27","0","0","NA","0","27","27","27","27","27","27","0","27","27","27","0","69.5229233797314","Thu Aug 20 14:10:29 2026","1000","The main experiment item","False","V7_AttentionalSpatialBias_.osexp","C:\Users\plcm\Desktop\2026-EyeTracking\group-bayes\Experiment","205.52299998234957","007.png","908.2675199999999","263.71872","True","False","mono","False","18","no","white","no","yes","RTL","908.2675199999999","263.71872","864","4","006.png","007.png","num_4","psycho","Farsi","27","27","C:\Users\plcm\Desktop\2026-EyeTracking\group-bayes\Experiment\subject-64.csv","150","psycho","no","451883.1921000092","Neonatal Nightingale","4.1.14","6","6","no_prime_trial_28","28","RTL","","0","num_2","return","num_2","NA","NA","num_2","1019.247499993071","8718.486300000222","NA","NA","1019.247499993071","2","psycho","2, 5, 3, 6, 1, 4, 4, 1, 5, 6, 3, 2, 2, 3, 6, 5, 4, 1, 2, 3, 5, 6, 4, 1, 4, 2, 3, 6, 5, 1, 4, 3, 1, 6, 5, 2, 3, 1, 5, 2, 6, 4, 1, 2, 6, 3, 4, 5","False","1024","2","48000","-16","experiment","64","even","450.85881679999875","501.0","1035.0","586.0","278.0","76812.4661000038","NA","NA","5488.431200006744","450858.6873000022","450858.7872000062","NA","19187.410500016995","56052.01430001762","NA","5488.630500010913","457915.99559999304","450842.6667000167","NA","450864.28270000033","450870.17539999215","21835.201900015818","456885.7501000166","85531.65650001029","NA","NA","86295.82570001367","450842.6452999993","457915.95600001165","456895.96270001493","450842.59360001306","451873.52510000346","451870.6133000087","86295.97209999338","450842.2827000031","451873.5965999949","451883.14789999276","19187.486700015143","Attentional Spatial Bias","0","0","0","28","اکنون چشم‌پیما را کالیبره می‌کنیم.<br><br>لطفاً نقطه متحرک را با چشمان خود دنبال کنید و سرتان را ثابت نگه دارید.<br><br>لطفاً منتظر بمانید.","از شرکت شما سپاسگزاریم!<br><br>آزمایش اکنون به پایان رسیده است.<br><br>لطفاً با آزمایشگر تماس بگیرید.","در این آزمایش، شما یک داستان کوتاه را که روی صفحه نمایش داده می‌شود، خواهید خواند.<br><br>لطفاً هر خط را با دقت بخوانید، زیرا در پایان آزمایش چند سؤال در مورد داستان از شما پرسیده خواهد شد.<br><br>پس از هر پاراگراف، یک جفت تصویر خواهید دید. به هر دو تصویر نگاه کنید و تعداد کل دایره‌ها را در دو تصویر بشمارید.<br><br>در صفحه بعد می‌توانید نمونه‌هایی از یک دایره صحیح و یک شکل نادرست را ببینید. فقط شکل‌هایی را بشمارید که با نمونه دایره صحیح مطابقت دارند.<br><br>برای شروع هر کلیدی را فشار دهید.","دایره شمارش شده را وارد کنید (۰-۳ را فشار دهید)","خوش آمدید! برای ادامه هر کلیدی را فشار دهید.","Farsi","1536","-267","267","-267","267","154","-154","154","-154"
"6","5000","8","undefined","undefined","undefined","undefined","#1a1a1a","4","psycho","True","psycho","psycho","uniform","undefined","undefined","undefined","0","NA","0","0","28","28","0","0","0","NA","0","28","28","NA","28","28","0","28","0","0","NA","0","28","28","28","28","28","28","0","28","28","28","0","50.247975749078755","Thu Aug 20 14:10:29 2026","1000","The main experiment item","False","V7_AttentionalSpatialBias_.osexp","C:\Users\plcm\Desktop\2026-EyeTracking\group-bayes\Experiment","310.8460999792442","009.png","872.5555199999999","242.03232","True","False","mono","False","18","no","white","no","yes","RTL","872.5555199999999","242.03232","864","4","008.png","009.png","num_4","psycho","Farsi","28","28","C:\Users\plcm\Desktop\2026-EyeTracking\group-bayes\Experiment\subject-64.csv","150","psycho","no","459084.2848000175","Neonatal Nightingale","4.1.14","5","5","no_prime_trial_29","29","RTL","","0","num_1","return","num_1","NA","NA","num_1","1476.5783000038937","8718.486300000222","NA","NA","1476.5783000038937","2","psycho","2, 5, 3, 6, 1, 4, 4, 1, 5, 6, 3, 2, 2, 3, 6, 5, 4, 1, 2, 3, 5, 6, 4, 1, 4, 2, 3, 6, 5, 1, 4, 3, 1, 6, 5, 2, 3, 1, 5, 2, 6, 4, 1, 2, 6, 3, 4, 5","False","1024","2","48000","-16","experiment","64","even","458.06219850000343","614.0","922.0","699.0","165.0","76812.4661000038","NA","NA","5488.431200006744","458062.05149999005","458062.16870000935","NA","19187.410500016995","56052.01430001762","NA","5488.630500010913","465572.1567000146","458051.29860001034","NA","458067.7250000008","458073.2684000104","21835.201900015818","464086.7649000138","85531.65650001029","NA","NA","86295.82570001367","458051.27940000966","465572.11670000106","464094.6832000045","458051.2388999923","459076.7434000154","459073.59949999955","86295.97209999338","458051.0513999907","459076.7942999955","459084.2428000178","19187.486700015143","Attentional Spatial Bias","0","0","0","29","اکنون چشم‌پیما را کالیبره می‌کنیم.<br><br>لطفاً نقطه متحرک را با چشمان خود دنبال کنید و سرتان را ثابت نگه دارید.<br><br>لطفاً منتظر بمانید.","از شرکت شما سپاسگزاریم!<br><br>آزمایش اکنون به پایان رسیده است.<br><br>لطفاً با آزمایشگر تماس بگیرید.","در این آزمایش، شما یک داستان کوتاه را که روی صفحه نمایش داده می‌شود، خواهید خواند.<br><br>لطفاً هر خط را با دقت بخوانید، زیرا در پایان آزمایش چند سؤال در مورد داستان از شما پرسیده خواهد شد.<br><br>پس از هر پاراگراف، یک جفت تصویر خواهید دید. به هر دو تصویر نگاه کنید و تعداد کل دایره‌ها را در دو تصویر بشمارید.<br><br>در صفحه بعد می‌توانید نمونه‌هایی از یک دایره صحیح و یک شکل نادرست را ببینید. فقط شکل‌هایی را بشمارید که با نمونه دایره صحیح مطابقت دارند.<br><br>برای شروع هر کلیدی را فشار دهید.","دایره شمارش شده را وارد کنید (۰-۳ را فشار دهید)","خوش آمدید! برای ادامه هر کلیدی را فشار دهید.","Farsi","1536","-154","154","-154","154","267","-267","267","-267"
"6","5000","8","undefined","undefined","undefined","undefined","#1a1a1a","4","psycho","True","psycho","psycho","uniform","undefined","undefined","undefined","0","NA","0","0","29","29","0","0","0","NA","0","29","29","NA","29","29","0","29","0","0","NA","0","29","29","29","29","29","29","0","29","29","29","0","92.80626244083307","Thu Aug 20 14:10:29 2026","1000","The main experiment item","False","V7_AttentionalSpatialBias_.osexp","C:\Users\plcm\Desktop\2026-EyeTracking\group-bayes\Experiment","306.6108000057284","011.png","1016.87808","340.5888","True","False","mono","False","18","no","white","no","yes","RTL","1016.87808","340.5888","864","4","010.png","011.png","num_4","psycho","Farsi","29","29","C:\Users\plcm\Desktop\2026-EyeTracking\group-bayes\Experiment\subject-64.csv","150","psycho","no","466740.0038999913","Neonatal Nightingale","4.1.14","1","1","no_prime_trial_30","30","RTL","","0","num_2","return","num_2","NA","NA","num_2","1010.8884999935981","8718.486300000222","NA","NA","1010.8884999935981","2","psycho","2, 5, 3, 6, 1, 4, 4, 1, 5, 6, 3, 2, 2, 3, 6, 5, 4, 1, 2, 3, 5, 6, 4, 1, 4, 2, 3, 6, 5, 1, 4, 3, 1, 6, 5, 2, 3, 1, 5, 2, 6, 4, 1, 2, 6, 3, 4, 5","False","1024","2","48000","-16","experiment","64","even","465.7129141000041","460.0","1076.0","432.0","432.0","76812.4661000038","NA","NA","5488.431200006744","465712.78390000225","465712.8888000152","NA","19187.410500016995","56052.01430001762","NA","5488.630500010913","472763.68080000975","465700.9706000099","NA","465724.4270000083","465730.2894000022","21835.201900015818","471743.50400001276","85531.65650001029","NA","NA","86295.82570001367","465700.95150001","472763.6514999904","471752.27510000695","465700.9105999896","466734.1077000019","466730.8757000137","86295.97209999338","465700.6723000086","466734.15830000886","466739.97009999584","19187.486700015143","Attentional Spatial Bias","0","0","0","30","اکنون چشم‌پیما را کالیبره می‌کنیم.<br><br>لطفاً نقطه متحرک را با چشمان خود دنبال کنید و سرتان را ثابت نگه دارید.<br><br>لطفاً منتظر بمانید.","از شرکت شما سپاسگزاریم!<br><br>آزمایش اکنون به پایان رسیده است.<br><br>لطفاً با آزمایشگر تماس بگیرید.","در این آزمایش، شما یک داستان کوتاه را که روی صفحه نمایش داده می‌شود، خواهید خواند.<br><br>لطفاً هر خط را با دقت بخوانید، زیرا در پایان آزمایش چند سؤال در مورد داستان از شما پرسیده خواهد شد.<br><br>پس از هر پاراگراف، یک جفت تصویر خواهید دید. به هر دو تصویر نگاه کنید و تعداد کل دایره‌ها را در دو تصویر بشمارید.<br><br>در صفحه بعد می‌توانید نمونه‌هایی از یک دایره صحیح و یک شکل نادرست را ببینید. فقط شکل‌هایی را بشمارید که با نمونه دایره صحیح مطابقت دارند.<br><br>برای شروع هر کلیدی را فشار دهید.","دایره شمارش شده را وارد کنید (۰-۳ را فشار دهید)","خوش آمدید! برای ادامه هر کلیدی را فشار دهید.","Farsi","1536","-308","308","-308","308","0","0","0","0"
"6","5000","8","undefined","undefined","undefined","undefined","#1a1a1a","5","psycho","True","psycho","psycho","uniform","undefined","undefined","undefined","0","NA","0","0","30","30","0","0","0","NA","0","30","30","NA","30","30","0","30","0","0","NA","0","30","30","30","30","30","30","0","30","30","30","0","37.62463083766272","Thu Aug 20 14:10:29 2026","1000","The main experiment item","False","V7_AttentionalSpatialBias_.osexp","C:\Users\plcm\Desktop\2026-EyeTracking\group-bayes\Experiment","203.95960001042113","012.png","796.4159999999999","206.43552","True","False","mono","False","18","no","white","no","yes","RTL","796.4159999999999","206.43552","864","5","012.png","013.png","num_4","psycho","Farsi","30","30","C:\Users\plcm\Desktop\2026-EyeTracking\group-bayes\Experiment\subject-64.csv","150","psycho","no","483030.0316000066","Neonatal Nightingale","4.1.14","4","4","prime_6","31","RTL","زمستان آمد و هوا خیلی سرد بود. او در یک دریاچه نزدیک بود یخ بزند، اما یک کشاورز او را پیدا کرد و به خانه خود برد.","0","num_1","return","num_1","NA","NA","num_1","1537.5186000019312","8718.486300000222","NA","NA","1537.5186000019312","2","psycho","2, 5, 3, 6, 1, 4, 4, 1, 5, 6, 3, 2, 2, 3, 6, 5, 4, 1, 2, 3, 5, 6, 4, 1, 4, 2, 3, 6, 5, 1, 4, 3, 1, 6, 5, 2, 3, 1, 5, 2, 6, 4, 1, 2, 6, 3, 4, 5","True","1024","2","48000","-16","experiment","64","even","481.9807368000038","768.0","768.0","124.0","740.0","76812.4661000038","NA","NA","5488.431200006744","481980.66319999634","481980.7177000039","NA","19187.410500016995","56052.01430001762","NA","5488.630500010913","489579.85569999437","481971.61760000745","NA","482008.1135999935","482013.8743999996","21835.201900015818","488033.5078999924","85531.65650001029","NA","NA","86295.82570001367","472890.51930001006","489579.82569999876","488041.6593000118","472890.47199999914","483017.6208000048","483014.06970000244","86295.97209999338","472889.9086000165","483017.6708000072","483029.9912999908","19187.486700015143","Attentional Spatial Bias","0","0","0","31","اکنون چشم‌پیما را کالیبره می‌کنیم.<br><br>لطفاً نقطه متحرک را با چشمان خود دنبال کنید و سرتان را ثابت نگه دارید.<br><br>لطفاً منتظر بمانید.","از شرکت شما سپاسگزاریم!<br><br>آزمایش اکنون به پایان رسیده است.<br><br>لطفاً با آزمایشگر تماس بگیرید.","در این آزمایش، شما یک داستان کوتاه را که روی صفحه نمایش داده می‌شود، خواهید خواند.<br><br>لطفاً هر خط را با دقت بخوانید، زیرا در پایان آزمایش چند سؤال در مورد داستان از شما پرسیده خواهد شد.<br><br>پس از هر پاراگراف، یک جفت تصویر خواهید دید. به هر دو تصویر نگاه کنید و تعداد کل دایره‌ها را در دو تصویر بشمارید.<br><br>در صفحه بعد می‌توانید نمونه‌هایی از یک دایره صحیح و یک شکل نادرست را ببینید. فقط شکل‌هایی را بشمارید که با نمونه دایره صحیح مطابقت دارند.<br><br>برای شروع هر کلیدی را فشار دهید.","دایره شمارش شده را وارد کنید (۰-۳ را فشار دهید)","خوش آمدید! برای ادامه هر کلیدی را فشار دهید.","Farsi","1536","0","0","0","0","-308","308","-308","308"
"6","5000","8","undefined","undefined","undefined","undefined","#1a1a1a","5","psycho","True","psycho","psycho","uniform","undefined","undefined","undefined","0","NA","0","0","31","31","0","0","0","NA","0","31","31","NA","31","31","0","31","0","0","NA","0","31","31","31","31","31","31","0","31","31","31","0","95.70405079767939","Thu Aug 20 14:10:29 2026","1000","The main experiment item","False","V7_AttentionalSpatialBias_.osexp","C:\Users\plcm\Desktop\2026-EyeTracking\group-bayes\Experiment","236.86319999978878","015.png","879.1296","582.336","True","False","mono","False","18","no","white","no","yes","RTL","879.1296","582.336","864","5","014.png","015.png","num_4","psycho","Farsi","31","31","C:\Users\plcm\Desktop\2026-EyeTracking\group-bayes\Experiment\subject-64.csv","150","psycho","no","490747.29100000695","Neonatal Nightingale","4.1.14","3","3","no_prime_trial_32","32","RTL","","0","num_2","return","num_2","NA","NA","num_2","1242.5678999861702","8718.486300000222","NA","NA","1242.5678999861702","2","psycho","2, 5, 3, 6, 1, 4, 4, 1, 5, 6, 3, 2, 2, 3, 6, 5, 4, 1, 2, 3, 5, 6, 4, 1, 4, 2, 3, 6, 5, 1, 4, 3, 1, 6, 5, 2, 3, 1, 5, 2, 6, 4, 1, 2, 6, 3, 4, 5","False","1024","2","48000","-16","experiment","64","even","489.72403260000283","614.0","922.0","165.0","699.0","76812.4661000038","NA","NA","5488.431200006744","489723.93090001424","489724.00980000384","NA","19187.410500016995","56052.01430001762","NA","5488.630500010913","497004.0338000108","489713.5041000147","NA","489729.47099999874","489735.1583999989","21835.201900015818","495752.31650000205","85531.65650001029","NA","NA","86295.82570001367","489713.47990000504","497004.0025000053","495760.61590001336","489713.407800009","490739.18050000793","490735.6718000083","86295.97209999338","489712.81190001173","490739.2344000109","490747.25630000466","19187.486700015143","Attentional Spatial Bias","0","0","0","32","اکنون چشم‌پیما را کالیبره می‌کنیم.<br><br>لطفاً نقطه متحرک را با چشمان خود دنبال کنید و سرتان را ثابت نگه دارید.<br><br>لطفاً منتظر بمانید.","از شرکت شما سپاسگزاریم!<br><br>آزمایش اکنون به پایان رسیده است.<br><br>لطفاً با آزمایشگر تماس بگیرید.","در این آزمایش، شما یک داستان کوتاه را که روی صفحه نمایش داده می‌شود، خواهید خواند.<br><br>لطفاً هر خط را با دقت بخوانید، زیرا در پایان آزمایش چند سؤال در مورد داستان از شما پرسیده خواهد شد.<br><br>پس از هر پاراگراف، یک جفت تصویر خواهید دید. به هر دو تصویر نگاه کنید و تعداد کل دایره‌ها را در دو تصویر بشمارید.<br><br>در صفحه بعد می‌توانید نمونه‌هایی از یک دایره صحیح و یک شکل نادرست را ببینید. فقط شکل‌هایی را بشمارید که با نمونه دایره صحیح مطابقت دارند.<br><br>برای شروع هر کلیدی را فشار دهید.","دایره شمارش شده را وارد کنید (۰-۳ را فشار دهید)","خوش آمدید! برای ادامه هر کلیدی را فشار دهید.","Farsi","1536","-154","154","-154","154","-267","267","-267","267"
"6","5000","8","undefined","undefined","undefined","undefined","#1a1a1a","5","psycho","True","psycho","psycho","uniform","undefined","undefined","undefined","0","NA","0","0","32","32","0","0","0","NA","0","32","32","NA","32","32","0","32","0","0","NA","0","32","32","32","32","32","32","0","32","32","32","0","95.15065395436024","Thu Aug 20 14:10:29 2026","1000","The main experiment item","False","V7_AttentionalSpatialBias_.osexp","C:\Users\plcm\Desktop\2026-EyeTracking\group-bayes\Experiment","320.63500001095235","001.png","1005.5423999999999","373.56768","True","False","mono","False","18","no","white","no","yes","RTL","1005.5423999999999","373.56768","864","5","000.png","001.png","num_4","psycho","Farsi","32","32","C:\Users\plcm\Desktop\2026-EyeTracking\group-bayes\Experiment\subject-64.csv","150","psycho","no","498155.47450000304","Neonatal Nightingale","4.1.14","1","1","no_prime_trial_33","33","RTL","","0","num_2","return","num_2","NA","NA","num_2","972.6490000030026","8718.486300000222","NA","NA","972.6490000030026","2","psycho","2, 5, 3, 6, 1, 4, 4, 1, 5, 6, 3, 2, 2, 3, 6, 5, 4, 1, 2, 3, 5, 6, 4, 1, 4, 2, 3, 6, 5, 1, 4, 3, 1, 6, 5, 2, 3, 1, 5, 2, 6, 4, 1, 2, 6, 3, 4, 5","False","1024","2","48000","-16","experiment","64","even","497.1318392000103","460.0","1076.0","432.0","432.0","76812.4661000038","NA","NA","5488.431200006744","497131.73610001104","497131.81500000064","NA","19187.410500016995","56052.01430001762","NA","5488.630500010913","504139.9031000037","497120.8867999958","NA","497137.2143999906","497142.72910001455","21835.201900015818","503158.1198000058","85531.65650001029","NA","NA","86295.82570001367","497120.8672999928","504139.8705000174","503166.64060001494","497120.8106999984","498146.3832000154","498142.8251999896","86295.97209999338","497120.44970001443","498146.45600001677","498155.43899999466","19187.486700015143","Attentional Spatial Bias","0","0","0","33","اکنون چشم‌پیما را کالیبره می‌کنیم.<br><br>لطفاً نقطه متحرک را با چشمان خود دنبال کنید و سرتان را ثابت نگه دارید.<br><br>لطفاً منتظر بمانید.","از شرکت شما سپاسگزاریم!<br><br>آزمایش اکنون به پایان رسیده است.<br><br>لطفاً با آزمایشگر تماس بگیرید.","در این آزمایش، شما یک داستان کوتاه را که روی صفحه نمایش داده می‌شود، خواهید خواند.<br><br>لطفاً هر خط را با دقت بخوانید، زیرا در پایان آزمایش چند سؤال در مورد داستان از شما پرسیده خواهد شد.<br><br>پس از هر پاراگراف، یک جفت تصویر خواهید دید. به هر دو تصویر نگاه کنید و تعداد کل دایره‌ها را در دو تصویر بشمارید.<br><br>در صفحه بعد می‌توانید نمونه‌هایی از یک دایره صحیح و یک شکل نادرست را ببینید. فقط شکل‌هایی را بشمارید که با نمونه دایره صحیح مطابقت دارند.<br><br>برای شروع هر کلیدی را فشار دهید.","دایره شمارش شده را وارد کنید (۰-۳ را فشار دهید)","خوش آمدید! برای ادامه هر کلیدی را فشار دهید.","Farsi","1536","-308","308","-308","308","0","0","0","0"
"6","5000","8","undefined","undefined","undefined","undefined","#1a1a1a","5","psycho","True","psycho","psycho","uniform","undefined","undefined","undefined","0","NA","0","0","33","33","0","0","0","NA","0","33","33","NA","33","33","0","33","0","0","NA","0","33","33","33","33","33","33","0","33","33","33","0","94.36212530076254","Thu Aug 20 14:10:29 2026","1000","The main experiment item","False","V7_AttentionalSpatialBias_.osexp","C:\Users\plcm\Desktop\2026-EyeTracking\group-bayes\Experiment","206.3075000187382","003.png","894.7968000000001","328.78656","True","False","mono","False","18","no","white","no","yes","RTL","894.7968000000001","328.78656","864","5","002.png","003.png","num_4","psycho","Farsi","33","33","C:\Users\plcm\Desktop\2026-EyeTracking\group-bayes\Experiment\subject-64.csv","150","psycho","no","505410.23549999227","Neonatal Nightingale","4.1.14","6","6","no_prime_trial_34","34","RTL","","0","num_2","return","num_2","NA","NA","num_2","1764.4380000128876","8718.486300000222","NA","NA","1764.4380000128876","2","psycho","2, 5, 3, 6, 1, 4, 4, 1, 5, 6, 3, 2, 2, 3, 6, 5, 4, 1, 2, 3, 5, 6, 4, 1, 4, 2, 3, 6, 5, 1, 4, 3, 1, 6, 5, 2, 3, 1, 5, 2, 6, 4, 1, 2, 6, 3, 4, 5","False","1024","2","48000","-16","experiment","64","even","504.27215150001575","501.0","1035.0","586.0","278.0","76812.4661000038","NA","NA","5488.431200006744","504272.02269999543","504272.12100001634","NA","19187.410500016995","56052.01430001762","NA","5488.630500010913","512188.11099999584","504260.6330999988","NA","504392.1810000029","504397.5408000115","21835.201900015818","510412.52189999796","85531.65650001029","NA","NA","86295.82570001367","504260.6124000158","512188.0761999928","510422.7220999892","504260.5540000077","505400.98269999726","505397.6266999962","86295.97209999338","504259.88060000236","505401.04739999515","505410.201199993","19187.486700015143","Attentional Spatial Bias","0","0","0","34","اکنون چشم‌پیما را کالیبره می‌کنیم.<br><br>لطفاً نقطه متحرک را با چشمان خود دنبال کنید و سرتان را ثابت نگه دارید.<br><br>لطفاً منتظر بمانید.","از شرکت شما سپاسگزاریم!<br><br>آزمایش اکنون به پایان رسیده است.<br><br>لطفاً با آزمایشگر تماس بگیرید.","در این آزمایش، شما یک داستان کوتاه را که روی صفحه نمایش داده می‌شود، خواهید خواند.<br><br>لطفاً هر خط را با دقت بخوانید، زیرا در پایان آزمایش چند سؤال در مورد داستان از شما پرسیده خواهد شد.<br><br>پس از هر پاراگراف، یک جفت تصویر خواهید دید. به هر دو تصویر نگاه کنید و تعداد کل دایره‌ها را در دو تصویر بشمارید.<br><br>در صفحه بعد می‌توانید نمونه‌هایی از یک دایره صحیح و یک شکل نادرست را ببینید. فقط شکل‌هایی را بشمارید که با نمونه دایره صحیح مطابقت دارند.<br><br>برای شروع هر کلیدی را فشار دهید.","دایره شمارش شده را وارد کنید (۰-۳ را فشار دهید)","خوش آمدید! برای ادامه هر کلیدی را فشار دهید.","Farsi","1536","-267","267","-267","267","154","-154","154","-154"
"6","5000","8","undefined","undefined","undefined","undefined","#1a1a1a","5","psycho","True","psycho","psycho","uniform","undefined","undefined","undefined","0","NA","0","0","34","34","0","0","0","NA","0","34","34","NA","34","34","0","34","0","0","NA","0","34","34","34","34","34","34","0","34","34","34","0","84.16637958542832","Thu Aug 20 14:10:29 2026","1000","The main experiment item","False","V7_AttentionalSpatialBias_.osexp","C:\Users\plcm\Desktop\2026-EyeTracking\group-bayes\Experiment","224.66420001001097","005.png","867.9475199999999","194.97888","True","False","mono","False","18","no","white","no","yes","RTL","867.9475199999999","194.97888","864","5","004.png","005.png","num_4","psycho","Farsi","34","34","C:\Users\plcm\Desktop\2026-EyeTracking\group-bayes\Experiment\subject-64.csv","150","psycho","no","513587.26440000464","Neonatal Nightingale","4.1.14","5","5","no_prime_trial_35","35","RTL","","0","num_2","return","num_2","NA","NA","num_2","1331.5816999820527","8718.486300000222","NA","NA","1331.5816999820527","2","psycho","2, 5, 3, 6, 1, 4, 4, 1, 5, 6, 3, 2, 2, 3, 6, 5, 4, 1, 2, 3, 5, 6, 4, 1, 4, 2, 3, 6, 5, 1, 4, 3, 1, 6, 5, 2, 3, 1, 5, 2, 6, 4, 1, 2, 6, 3, 4, 5","False","1024","2","48000","-16","experiment","64","even","512.3298008000129","614.0","922.0","699.0","165.0","76812.4661000038","NA","NA","5488.431200006744","512329.6498999989","512329.7709999897","NA","19187.410500016995","56052.01430001762","NA","5488.630500010913","519931.83010001667","512318.45580000663","NA","512567.76649999665","512573.2030000072","21835.201900015818","518591.8914999929","85531.65650001029","NA","NA","86295.82570001367","512318.4331000084","519931.79780000355","518599.6264000132","512318.3694999898","513576.344000001","513573.44790000934","86295.97209999338","512318.0813000072","513576.4007999969","513587.22250000574","19187.486700015143","Attentional Spatial Bias","0","0","0","35","اکنون چشم‌پیما را کالیبره می‌کنیم.<br><br>لطفاً نقطه متحرک را با چشمان خود دنبال کنید و سرتان را ثابت نگه دارید.<br><br>لطفاً منتظر بمانید.","از شرکت شما سپاسگزاریم!<br><br>آزمایش اکنون به پایان رسیده است.<br><br>لطفاً با آزمایشگر تماس بگیرید.","در این آزمایش، شما یک داستان کوتاه را که روی صفحه نمایش داده می‌شود، خواهید خواند.<br><br>لطفاً هر خط را با دقت بخوانید، زیرا در پایان آزمایش چند سؤال در مورد داستان از شما پرسیده خواهد شد.<br><br>پس از هر پاراگراف، یک جفت تصویر خواهید دید. به هر دو تصویر نگاه کنید و تعداد کل دایره‌ها را در دو تصویر بشمارید.<br><br>در صفحه بعد می‌توانید نمونه‌هایی از یک دایره صحیح و یک شکل نادرست را ببینید. فقط شکل‌هایی را بشمارید که با نمونه دایره صحیح مطابقت دارند.<br><br>برای شروع هر کلیدی را فشار دهید.","دایره شمارش شده را وارد کنید (۰-۳ را فشار دهید)","خوش آمدید! برای ادامه هر کلیدی را فشار دهید.","Farsi","1536","-154","154","-154","154","267","-267","267","-267"
"6","5000","8","undefined","undefined","undefined","undefined","#1a1a1a","5","psycho","True","psycho","psycho","uniform","undefined","undefined","undefined","0","NA","0","0","35","35","0","0","0","NA","0","35","35","NA","35","35","0","35","0","0","NA","0","35","35","35","35","35","35","0","35","35","35","0","94.71731425435581","Thu Aug 20 14:10:29 2026","1000","The main experiment item","False","V7_AttentionalSpatialBias_.osexp","C:\Users\plcm\Desktop\2026-EyeTracking\group-bayes\Experiment","250.53550000302494","007.png","936.09984","511.02144","True","False","mono","False","18","no","white","no","yes","RTL","936.09984","511.02144","864","5","006.png","007.png","num_4","psycho","Farsi","35","35","C:\Users\plcm\Desktop\2026-EyeTracking\group-bayes\Experiment\subject-64.csv","150","psycho","no","521092.41919999477","Neonatal Nightingale","4.1.14","2","2","no_prime_trial_36","36","RTL","","0","num_2","return","num_2","NA","NA","num_2","1309.8534000164364","8718.486300000222","NA","NA","1309.8534000164364","2","psycho","2, 5, 3, 6, 1, 4, 4, 1, 5, 6, 3, 2, 2, 3, 6, 5, 4, 1, 2, 3, 5, 6, 4, 1, 4, 2, 3, 6, 5, 1, 4, 3, 1, 6, 5, 2, 3, 1, 5, 2, 6, 4, 1, 2, 6, 3, 4, 5","False","1024","2","48000","-16","experiment","64","even","520.0694819999917","501.0","1035.0","278.0","586.0","76812.4661000038","NA","NA","5488.431200006744","520069.3813000107","520069.45879998966","NA","19187.410500016995","56052.01430001762","NA","5488.630500010913","527411.8853000109","520058.242900006","NA","520074.98450001003","520080.5338000064","21835.201900015818","526093.0717000156","85531.65650001029","NA","NA","86295.82570001367","520058.2215000177","527411.8564999953","526101.3894999924","520058.16439999035","521084.4105000142","521080.83270001225","86295.97209999338","520057.5208000082","521084.4616999966","521092.38919999916","19187.486700015143","Attentional Spatial Bias","0","0","0","36","اکنون چشم‌پیما را کالیبره می‌کنیم.<br><br>لطفاً نقطه متحرک را با چشمان خود دنبال کنید و سرتان را ثابت نگه دارید.<br><br>لطفاً منتظر بمانید.","از شرکت شما سپاسگزاریم!<br><br>آزمایش اکنون به پایان رسیده است.<br><br>لطفاً با آزمایشگر تماس بگیرید.","در این آزمایش، شما یک داستان کوتاه را که روی صفحه نمایش داده می‌شود، خواهید خواند.<br><br>لطفاً هر خط را با دقت بخوانید، زیرا در پایان آزمایش چند سؤال در مورد داستان از شما پرسیده خواهد شد.<br><br>پس از هر پاراگراف، یک جفت تصویر خواهید دید. به هر دو تصویر نگاه کنید و تعداد کل دایره‌ها را در دو تصویر بشمارید.<br><br>در صفحه بعد می‌توانید نمونه‌هایی از یک دایره صحیح و یک شکل نادرست را ببینید. فقط شکل‌هایی را بشمارید که با نمونه دایره صحیح مطابقت دارند.<br><br>برای شروع هر کلیدی را فشار دهید.","دایره شمارش شده را وارد کنید (۰-۳ را فشار دهید)","خوش آمدید! برای ادامه هر کلیدی را فشار دهید.","Farsi","1536","-267","267","-267","267","-154","154","-154","154"
"6","5000","8","undefined","undefined","undefined","undefined","#1a1a1a","6","psycho","True","psycho","psycho","uniform","undefined","undefined","undefined","0","NA","0","0","36","36","0","0","0","NA","0","36","36","NA","36","36","0","36","0","0","NA","0","36","36","36","36","36","36","0","36","36","36","0","96.49543816304684","Thu Aug 20 14:10:29 2026","1000","The main experiment item","False","V7_AttentionalSpatialBias_.osexp","C:\Users\plcm\Desktop\2026-EyeTracking\group-bayes\Experiment","236.03000000002794","008.png","616.64256","187.89408","True","False","mono","False","18","no","white","no","yes","RTL","616.64256","187.89408","864","6","008.png","009.png","num_4","psycho","Farsi","36","36","C:\Users\plcm\Desktop\2026-EyeTracking\group-bayes\Experiment\subject-64.csv","150","psycho","no","535604.4030000048","Neonatal Nightingale","4.1.14","3","3","prime_7","37","RTL","بچه‌های کشاورز او را ترساندند، بنابراین او دوباره در سرمای سوزان فرار کرد.","0","num_1","return","num_1","NA","NA","num_1","1834.94630001951","8718.486300000222","NA","NA","1834.94630001951","2","psycho","2, 5, 3, 6, 1, 4, 4, 1, 5, 6, 3, 2, 2, 3, 6, 5, 4, 1, 2, 3, 5, 6, 4, 1, 4, 2, 3, 6, 5, 1, 4, 3, 1, 6, 5, 2, 3, 1, 5, 2, 6, 4, 1, 2, 6, 3, 4, 5","True","1024","2","48000","-16","experiment","64","even","534.5255824000051","614.0","922.0","165.0","699.0","76812.4661000038","NA","NA","5488.431200006744","534525.5022000056","534525.5635000067","NA","19187.410500016995","56052.01430001762","NA","5488.630500010913","542451.888999989","534515.7891999988","NA","534585.2133000153","534590.9105000028","21835.201900015818","540608.2715000084","85531.65650001029","NA","NA","86295.82570001367","527529.9132000073","542451.8580000149","540616.3879999949","527529.8547999992","535593.8223999983","535591.0413000092","86295.97209999338","527529.2027000105","535593.8708000176","535604.3594999937","19187.486700015143","Attentional Spatial Bias","0","0","0","37","اکنون چشم‌پیما را کالیبره می‌کنیم.<br><br>لطفاً نقطه متحرک را با چشمان خود دنبال کنید و سرتان را ثابت نگه دارید.<br><br>لطفاً منتظر بمانید.","از شرکت شما سپاسگزاریم!<br><br>آزمایش اکنون به پایان رسیده است.<br><br>لطفاً با آزمایشگر تماس بگیرید.","در این آزمایش، شما یک داستان کوتاه را که روی صفحه نمایش داده می‌شود، خواهید خواند.<br><br>لطفاً هر خط را با دقت بخوانید، زیرا در پایان آزمایش چند سؤال در مورد داستان از شما پرسیده خواهد شد.<br><br>پس از هر پاراگراف، یک جفت تصویر خواهید دید. به هر دو تصویر نگاه کنید و تعداد کل دایره‌ها را در دو تصویر بشمارید.<br><br>در صفحه بعد می‌توانید نمونه‌هایی از یک دایره صحیح و یک شکل نادرست را ببینید. فقط شکل‌هایی را بشمارید که با نمونه دایره صحیح مطابقت دارند.<br><br>برای شروع هر کلیدی را فشار دهید.","دایره شمارش شده را وارد کنید (۰-۳ را فشار دهید)","خوش آمدید! برای ادامه هر کلیدی را فشار دهید.","Farsi","1536","-154","154","-154","154","-267","267","-267","267"
"6","5000","8","undefined","undefined","undefined","undefined","#1a1a1a","6","psycho","True","psycho","psycho","uniform","undefined","undefined","undefined","0","NA","0","0","37","37","0","0","0","NA","0","37","37","NA","37","37","0","37","0","0","NA","0","37","37","37","37","37","37","0","37","37","37","0","98.79558101210812","Thu Aug 20 14:10:29 2026","1000","The main experiment item","False","V7_AttentionalSpatialBias_.osexp","C:\Users\plcm\Desktop\2026-EyeTracking\group-bayes\Experiment","279.93329998571426","011.png","940.4928","371.0448","True","False","mono","False","18","no","white","no","yes","RTL","940.4928","371.0448","864","6","010.png","011.png","num_4","psycho","Farsi","37","37","C:\Users\plcm\Desktop\2026-EyeTracking\group-bayes\Experiment\subject-64.csv","150","psycho","no","543623.4002000128","Neonatal Nightingale","4.1.14","1","1","no_prime_trial_38","38","RTL","","0","num_2","return","num_2","NA","NA","num_2","1952.053100016201","8718.486300000222","NA","NA","1952.053100016201","2","psycho","2, 5, 3, 6, 1, 4, 4, 1, 5, 6, 3, 2, 2, 3, 6, 5, 4, 1, 2, 3, 5, 6, 4, 1, 4, 2, 3, 6, 5, 1, 4, 3, 1, 6, 5, 2, 3, 1, 5, 2, 6, 4, 1, 2, 6, 3, 4, 5","False","1024","2","48000","-16","experiment","64","even","542.5926090000139","460.0","1076.0","432.0","432.0","76812.4661000038","NA","NA","5488.431200006744","542592.4989999912","542592.5858000119","NA","19187.410500016995","56052.01430001762","NA","5488.630500010913","550588.0955000175","542581.9724999892","NA","542603.129199997","542609.1158000054","21835.201900015818","548626.5294000041","85531.65650001029","NA","NA","86295.82570001367","542581.9496999902","550588.0506999965","548635.1823000005","542581.8894999975","543612.5731999928","543609.3995000119","86295.97209999338","542581.3182000129","543612.6366000099","543623.3645000029","19187.486700015143","Attentional Spatial Bias","0","0","0","38","اکنون چشم‌پیما را کالیبره می‌کنیم.<br><br>لطفاً نقطه متحرک را با چشمان خود دنبال کنید و سرتان را ثابت نگه دارید.<br><br>لطفاً منتظر بمانید.","از شرکت شما سپاسگزاریم!<br><br>آزمایش اکنون به پایان رسیده است.<br><br>لطفاً با آزمایشگر تماس بگیرید.","در این آزمایش، شما یک داستان کوتاه را که روی صفحه نمایش داده می‌شود، خواهید خواند.<br><br>لطفاً هر خط را با دقت بخوانید، زیرا در پایان آزمایش چند سؤال در مورد داستان از شما پرسیده خواهد شد.<br><br>پس از هر پاراگراف، یک جفت تصویر خواهید دید. به هر دو تصویر نگاه کنید و تعداد کل دایره‌ها را در دو تصویر بشمارید.<br><br>در صفحه بعد می‌توانید نمونه‌هایی از یک دایره صحیح و یک شکل نادرست را ببینید. فقط شکل‌هایی را بشمارید که با نمونه دایره صحیح مطابقت دارند.<br><br>برای شروع هر کلیدی را فشار دهید.","دایره شمارش شده را وارد کنید (۰-۳ را فشار دهید)","خوش آمدید! برای ادامه هر کلیدی را فشار دهید.","Farsi","1536","-308","308","-308","308","0","0","0","0"
"6","5000","8","undefined","undefined","undefined","undefined","#1a1a1a","6","psycho","True","psycho","psycho","uniform","undefined","undefined","undefined","0","NA","0","0","38","38","0","0","0","NA","0","38","38","NA","38","38","0","38","0","0","NA","0","38","38","38","38","38","38","0","38","38","38","0","93.97366267317247","Thu Aug 20 14:10:29 2026","1000","The main experiment item","False","V7_AttentionalSpatialBias_.osexp","C:\Users\plcm\Desktop\2026-EyeTracking\group-bayes\Experiment","200.62670001061633","013.png","842.5420799999999","235.75104","True","False","mono","False","18","no","white","no","yes","RTL","842.5420799999999","235.75104","864","6","012.png","013.png","num_4","psycho","Farsi","38","38","C:\Users\plcm\Desktop\2026-EyeTracking\group-bayes\Experiment\subject-64.csv","150","psycho","no","551868.9422000025","Neonatal Nightingale","4.1.14","5","5","no_prime_trial_39","39","RTL","","0","num_1","return","num_1","NA","NA","num_1","700.5582999845501","8718.486300000222","NA","NA","700.5582999845501","2","psycho","2, 5, 3, 6, 1, 4, 4, 1, 5, 6, 3, 2, 2, 3, 6, 5, 4, 1, 2, 3, 5, 6, 4, 1, 4, 2, 3, 6, 5, 1, 4, 3, 1, 6, 5, 2, 3, 1, 5, 2, 6, 4, 1, 2, 6, 3, 4, 5","False","1024","2","48000","-16","experiment","64","even","550.7149720000161","614.0","922.0","699.0","165.0","76812.4661000038","NA","NA","5488.431200006744","550714.7823999985","550714.9330000102","NA","19187.410500016995","56052.01430001762","NA","5488.630500010913","557580.0198999932","550702.8852000076","NA","550850.778699998","550856.3880000147","21835.201900015818","556870.311000006","85531.65650001029","NA","NA","86295.82570001367","550702.8654000023","557579.9875000084","556878.712500009","550702.8091000102","551859.8509000149","551856.8145000027","86295.97209999338","550702.1569999924","551859.9047000171","551868.8997999998","19187.486700015143","Attentional Spatial Bias","0","0","0","39","اکنون چشم‌پیما را کالیبره می‌کنیم.<br><br>لطفاً نقطه متحرک را با چشمان خود دنبال کنید و سرتان را ثابت نگه دارید.<br><br>لطفاً منتظر بمانید.","از شرکت شما سپاسگزاریم!<br><br>آزمایش اکنون به پایان رسیده است.<br><br>لطفاً با آزمایشگر تماس بگیرید.","در این آزمایش، شما یک داستان کوتاه را که روی صفحه نمایش داده می‌شود، خواهید خواند.<br><br>لطفاً هر خط را با دقت بخوانید، زیرا در پایان آزمایش چند سؤال در مورد داستان از شما پرسیده خواهد شد.<br><br>پس از هر پاراگراف، یک جفت تصویر خواهید دید. به هر دو تصویر نگاه کنید و تعداد کل دایره‌ها را در دو تصویر بشمارید.<br><br>در صفحه بعد می‌توانید نمونه‌هایی از یک دایره صحیح و یک شکل نادرست را ببینید. فقط شکل‌هایی را بشمارید که با نمونه دایره صحیح مطابقت دارند.<br><br>برای شروع هر کلیدی را فشار دهید.","دایره شمارش شده را وارد کنید (۰-۳ را فشار دهید)","خوش آمدید! برای ادامه هر کلیدی را فشار دهید.","Farsi","1536","-154","154","-154","154","267","-267","267","-267"
"6","5000","8","undefined","undefined","undefined","undefined","#1a1a1a","6","psycho","True","psycho","psycho","uniform","undefined","undefined","undefined","0","NA","0","0","39","39","0","0","0","NA","0","39","39","NA","39","39","0","39","0","0","NA","0","39","39","39","39","39","39","0","39","39","39","0","95.36711289445653","Thu Aug 20 14:10:29 2026","1000","The main experiment item","False","V7_AttentionalSpatialBias_.osexp","C:\Users\plcm\Desktop\2026-EyeTracking\group-bayes\Experiment","361.82809999445453","014.png","545.1878399999999","228.98592","True","False","mono","False","18","no","white","no","yes","RTL","545.1878399999999","228.98592","864","6","014.png","015.png","num_4","psycho","Farsi","39","39","C:\Users\plcm\Desktop\2026-EyeTracking\group-bayes\Experiment\subject-64.csv","150","psycho","no","558821.108300006","Neonatal Nightingale","4.1.14","2","2","no_prime_trial_40","40","RTL","","0","num_2","return","num_2","NA","NA","num_2","1175.1082000264432","8718.486300000222","NA","NA","1175.1082000264432","2","psycho","2, 5, 3, 6, 1, 4, 4, 1, 5, 6, 3, 2, 2, 3, 6, 5, 4, 1, 2, 3, 5, 6, 4, 1, 4, 2, 3, 6, 5, 1, 4, 3, 1, 6, 5, 2, 3, 1, 5, 2, 6, 4, 1, 2, 6, 3, 4, 5","False","1024","2","48000","-16","experiment","64","even","557.7329717999964","501.0","1035.0","278.0","586.0","76812.4661000038","NA","NA","5488.431200006744","557732.836900017","557732.9435000138","NA","19187.410500016995","56052.01430001762","NA","5488.630500010913","565012.0792000089","557721.0837000166","NA","557804.6239000105","557809.917800012","21835.201900015818","563826.2022999988","85531.65650001029","NA","NA","86295.82570001367","557721.0639000114","565012.0339000132","563836.1999999906","557721.0180000111","558813.6161000002","558810.5630000064","86295.97209999338","557720.6957000017","558813.6671000102","558821.0758999921","19187.486700015143","Attentional Spatial Bias","0","0","0","40","اکنون چشم‌پیما را کالیبره می‌کنیم.<br><br>لطفاً نقطه متحرک را با چشمان خود دنبال کنید و سرتان را ثابت نگه دارید.<br><br>لطفاً منتظر بمانید.","از شرکت شما سپاسگزاریم!<br><br>آزمایش اکنون به پایان رسیده است.<br><br>لطفاً با آزمایشگر تماس بگیرید.","در این آزمایش، شما یک داستان کوتاه را که روی صفحه نمایش داده می‌شود، خواهید خواند.<br><br>لطفاً هر خط را با دقت بخوانید، زیرا در پایان آزمایش چند سؤال در مورد داستان از شما پرسیده خواهد شد.<br><br>پس از هر پاراگراف، یک جفت تصویر خواهید دید. به هر دو تصویر نگاه کنید و تعداد کل دایره‌ها را در دو تصویر بشمارید.<br><br>در صفحه بعد می‌توانید نمونه‌هایی از یک دایره صحیح و یک شکل نادرست را ببینید. فقط شکل‌هایی را بشمارید که با نمونه دایره صحیح مطابقت دارند.<br><br>برای شروع هر کلیدی را فشار دهید.","دایره شمارش شده را وارد کنید (۰-۳ را فشار دهید)","خوش آمدید! برای ادامه هر کلیدی را فشار دهید.","Farsi","1536","-267","267","-267","267","-154","154","-154","154"
"6","5000","8","undefined","undefined","undefined","undefined","#1a1a1a","6","psycho","True","psycho","psycho","uniform","undefined","undefined","undefined","0","NA","0","0","40","40","0","0","0","NA","0","40","40","NA","40","40","0","40","0","0","NA","0","40","40","40","40","40","40","0","40","40","40","0","92.81580905672477","Thu Aug 20 14:10:29 2026","1000","The main experiment item","False","V7_AttentionalSpatialBias_.osexp","C:\Users\plcm\Desktop\2026-EyeTracking\group-bayes\Experiment","337.85579999675974","001.png","903.936","309.69216","True","False","mono","False","18","no","white","no","yes","RTL","903.936","309.69216","864","6","000.png","001.png","num_4","psycho","Farsi","40","40","C:\Users\plcm\Desktop\2026-EyeTracking\group-bayes\Experiment\subject-64.csv","150","psycho","no","566159.0276999923","Neonatal Nightingale","4.1.14","6","6","no_prime_trial_41","41","RTL","","0","num_2","return","num_2","NA","NA","num_2","795.2201000007335","8718.486300000222","NA","NA","795.2201000007335","2","psycho","2, 5, 3, 6, 1, 4, 4, 1, 5, 6, 3, 2, 2, 3, 6, 5, 4, 1, 2, 3, 5, 6, 4, 1, 4, 2, 3, 6, 5, 1, 4, 3, 1, 6, 5, 2, 3, 1, 5, 2, 6, 4, 1, 2, 6, 3, 4, 5","False","1024","2","48000","-16","experiment","64","even","565.1297272999946","501.0","1035.0","586.0","278.0","76812.4661000038","NA","NA","5488.431200006744","565129.585799994","565129.6906000061","NA","19187.410500016995","56052.01430001762","NA","5488.630500010913","571963.7906000135","565117.9733000172","NA","565140.8812000009","565146.5347000048","21835.201900015818","571159.4499000057","85531.65650001029","NA","NA","86295.82570001367","565117.9523000028","571963.7602000148","571168.0477999907","565117.8975999937","566149.9752000091","566146.819000016","86295.97209999338","565117.270000017","566150.040700013","566158.9888000162","19187.486700015143","Attentional Spatial Bias","0","0","0","41","اکنون چشم‌پیما را کالیبره می‌کنیم.<br><br>لطفاً نقطه متحرک را با چشمان خود دنبال کنید و سرتان را ثابت نگه دارید.<br><br>لطفاً منتظر بمانید.","از شرکت شما سپاسگزاریم!<br><br>آزمایش اکنون به پایان رسیده است.<br><br>لطفاً با آزمایشگر تماس بگیرید.","در این آزمایش، شما یک داستان کوتاه را که روی صفحه نمایش داده می‌شود، خواهید خواند.<br><br>لطفاً هر خط را با دقت بخوانید، زیرا در پایان آزمایش چند سؤال در مورد داستان از شما پرسیده خواهد شد.<br><br>پس از هر پاراگراف، یک جفت تصویر خواهید دید. به هر دو تصویر نگاه کنید و تعداد کل دایره‌ها را در دو تصویر بشمارید.<br><br>در صفحه بعد می‌توانید نمونه‌هایی از یک دایره صحیح و یک شکل نادرست را ببینید. فقط شکل‌هایی را بشمارید که با نمونه دایره صحیح مطابقت دارند.<br><br>برای شروع هر کلیدی را فشار دهید.","دایره شمارش شده را وارد کنید (۰-۳ را فشار دهید)","خوش آمدید! برای ادامه هر کلیدی را فشار دهید.","Farsi","1536","-267","267","-267","267","154","-154","154","-154"
"6","5000","8","undefined","undefined","undefined","undefined","#1a1a1a","6","psycho","True","psycho","psycho","uniform","undefined","undefined","undefined","0","NA","0","0","41","41","0","0","0","NA","0","41","41","NA","41","41","0","41","0","0","NA","0","41","41","41","41","41","41","0","41","41","41","0","57.17602117632174","Thu Aug 20 14:10:29 2026","1000","The main experiment item","False","V7_AttentionalSpatialBias_.osexp","C:\Users\plcm\Desktop\2026-EyeTracking\group-bayes\Experiment","136.43869999214076","003.png","774.69696","743.74848","True","False","mono","False","18","no","white","no","yes","RTL","774.69696","743.74848","864","6","002.png","003.png","num_4","psycho","Farsi","41","41","C:\Users\plcm\Desktop\2026-EyeTracking\group-bayes\Experiment\subject-64.csv","150","psycho","no","573098.2340000046","Neonatal Nightingale","4.1.14","4","4","no_prime_trial_42","42","RTL","","0","num_1","return","num_1","NA","NA","num_1","1263.9523000107147","8718.486300000222","NA","NA","1263.9523000107147","2","psycho","2, 5, 3, 6, 1, 4, 4, 1, 5, 6, 3, 2, 2, 3, 6, 5, 4, 1, 2, 3, 5, 6, 4, 1, 4, 2, 3, 6, 5, 1, 4, 3, 1, 6, 5, 2, 3, 1, 5, 2, 6, 4, 1, 2, 6, 3, 4, 5","False","1024","2","48000","-16","experiment","64","even","572.075322299992","768.0","768.0","124.0","740.0","76812.4661000038","NA","NA","5488.431200006744","572075.2213000087","572075.2967000008","NA","19187.410500016995","56052.01430001762","NA","5488.630500010913","579372.380899993","572064.0561000037","NA","572080.9083000058","572086.4329999895","21835.201900015818","578099.8826000141","85531.65650001029","NA","NA","86295.82570001367","572064.0360999969","579372.351500002","578107.380100002","572063.9815000177","573090.0728999986","573086.7055999988","86295.97209999338","572063.4909000073","573090.1541000057","573098.1973000162","19187.486700015143","Attentional Spatial Bias","0","0","0","42","اکنون چشم‌پیما را کالیبره می‌کنیم.<br><br>لطفاً نقطه متحرک را با چشمان خود دنبال کنید و سرتان را ثابت نگه دارید.<br><br>لطفاً منتظر بمانید.","از شرکت شما سپاسگزاریم!<br><br>آزمایش اکنون به پایان رسیده است.<br><br>لطفاً با آزمایشگر تماس بگیرید.","در این آزمایش، شما یک داستان کوتاه را که روی صفحه نمایش داده می‌شود، خواهید خواند.<br><br>لطفاً هر خط را با دقت بخوانید، زیرا در پایان آزمایش چند سؤال در مورد داستان از شما پرسیده خواهد شد.<br><br>پس از هر پاراگراف، یک جفت تصویر خواهید دید. به هر دو تصویر نگاه کنید و تعداد کل دایره‌ها را در دو تصویر بشمارید.<br><br>در صفحه بعد می‌توانید نمونه‌هایی از یک دایره صحیح و یک شکل نادرست را ببینید. فقط شکل‌هایی را بشمارید که با نمونه دایره صحیح مطابقت دارند.<br><br>برای شروع هر کلیدی را فشار دهید.","دایره شمارش شده را وارد کنید (۰-۳ را فشار دهید)","خوش آمدید! برای ادامه هر کلیدی را فشار دهید.","Farsi","1536","0","0","0","0","-308","308","-308","308"
"6","5000","8","undefined","undefined","undefined","undefined","#1a1a1a","7","psycho","True","psycho","psycho","uniform","undefined","undefined","undefined","0","NA","0","0","42","42","0","0","0","NA","0","42","42","NA","42","42","0","42","0","0","NA","0","42","42","42","42","42","42","0","42","42","42","0","46.42846137087902","Thu Aug 20 14:10:29 2026","1000","The main experiment item","False","V7_AttentionalSpatialBias_.osexp","C:\Users\plcm\Desktop\2026-EyeTracking\group-bayes\Experiment","214.39100001589395","005.png","987.1564800000001","358.2144","True","False","mono","False","18","no","white","no","yes","RTL","987.1564800000001","358.2144","864","7","004.png","005.png","num_4","psycho","Farsi","42","42","C:\Users\plcm\Desktop\2026-EyeTracking\group-bayes\Experiment\subject-64.csv","150","psycho","no","591623.5311999917","Neonatal Nightingale","4.1.14","1","1","prime_8","43","RTL","او زمستان را تنها گذراند و فکر می‌کرد زشت‌ترین موجود جهان است. سپس بهار آمد و سرما از بین رفت. یک روز قوهای سفید زیبایی را روی دریاچه دید و به سمتشان شنا کرد، در حالی که می‌ترسید آن‌ها هم او را فراری دهند.","0","num_2","return","num_2","NA","NA","num_2","795.1569999859203","8718.486300000222","NA","NA","795.1569999859203","2","psycho","2, 5, 3, 6, 1, 4, 4, 1, 5, 6, 3, 2, 2, 3, 6, 5, 4, 1, 2, 3, 5, 6, 4, 1, 4, 2, 3, 6, 5, 1, 4, 3, 1, 6, 5, 2, 3, 1, 5, 2, 6, 4, 1, 2, 6, 3, 4, 5","True","1024","2","48000","-16","experiment","64","even","590.2059863999893","460.0","1076.0","432.0","432.0","76812.4661000038","NA","NA","5488.431200006744","590205.9008000069","590205.9653000033","NA","19187.410500016995","56052.01430001762","NA","5488.630500010913","597427.9121000145","590195.7245999947","NA","590604.9796000007","590610.1038999914","21835.201900015818","596624.6025","85531.65650001029","NA","NA","86295.82570001367","579506.9919000089","597427.8794999991","596632.1331000072","579506.9242000172","591614.3149000127","591610.3106999944","86295.97209999338","579506.4484000031","591614.401400002","591623.46480001","19187.486700015143","Attentional Spatial Bias","0","0","0","43","اکنون چشم‌پیما را کالیبره می‌کنیم.<br><br>لطفاً نقطه متحرک را با چشمان خود دنبال کنید و سرتان را ثابت نگه دارید.<br><br>لطفاً منتظر بمانید.","از شرکت شما سپاسگزاریم!<br><br>آزمایش اکنون به پایان رسیده است.<br><br>لطفاً با آزمایشگر تماس بگیرید.","در این آزمایش، شما یک داستان کوتاه را که روی صفحه نمایش داده می‌شود، خواهید خواند.<br><br>لطفاً هر خط را با دقت بخوانید، زیرا در پایان آزمایش چند سؤال در مورد داستان از شما پرسیده خواهد شد.<br><br>پس از هر پاراگراف، یک جفت تصویر خواهید دید. به هر دو تصویر نگاه کنید و تعداد کل دایره‌ها را در دو تصویر بشمارید.<br><br>در صفحه بعد می‌توانید نمونه‌هایی از یک دایره صحیح و یک شکل نادرست را ببینید. فقط شکل‌هایی را بشمارید که با نمونه دایره صحیح مطابقت دارند.<br><br>برای شروع هر کلیدی را فشار دهید.","دایره شمارش شده را وارد کنید (۰-۳ را فشار دهید)","خوش آمدید! برای ادامه هر کلیدی را فشار دهید.","Farsi","1536","-308","308","-308","308","0","0","0","0"
"6","5000","8","undefined","undefined","undefined","undefined","#1a1a1a","7","psycho","True","psycho","psycho","uniform","undefined","undefined","undefined","0","NA","0","0","43","43","0","0","0","NA","0","43","43","NA","43","43","0","43","0","0","NA","0","43","43","43","43","43","43","0","43","43","43","0","93.64680646292211","Thu Aug 20 14:10:29 2026","1000","The main experiment item","False","V7_AttentionalSpatialBias_.osexp","C:\Users\plcm\Desktop\2026-EyeTracking\group-bayes\Experiment","231.27259998000227","007.png","1002.42432","439.03296","True","False","mono","False","18","no","white","no","yes","RTL","1002.42432","439.03296","864","7","006.png","007.png","num_4","psycho","Farsi","43","43","C:\Users\plcm\Desktop\2026-EyeTracking\group-bayes\Experiment\subject-64.csv","150","psycho","no","598627.7465000167","Neonatal Nightingale","4.1.14","2","2","no_prime_trial_44","44","RTL","","0","num_2","return","num_2","NA","NA","num_2","767.4142000032589","8718.486300000222","NA","NA","767.4142000032589","2","psycho","2, 5, 3, 6, 1, 4, 4, 1, 5, 6, 3, 2, 2, 3, 6, 5, 4, 1, 2, 3, 5, 6, 4, 1, 4, 2, 3, 6, 5, 1, 4, 3, 1, 6, 5, 2, 3, 1, 5, 2, 6, 4, 1, 2, 6, 3, 4, 5","False","1024","2","48000","-16","experiment","64","even","597.5802965000039","501.0","1035.0","278.0","586.0","76812.4661000038","NA","NA","5488.431200006744","597580.162600003","597580.2417999948","NA","19187.410500016995","56052.01430001762","NA","5488.630500010913","604403.894099989","597569.4261000026","NA","597607.707099989","597613.2847999979","21835.201900015818","603628.1504000071","85531.65650001029","NA","NA","86295.82570001367","597569.4039000082","604403.8616000034","603635.8918999904","597569.336399989","598617.04740001","598613.6069000058","86295.97209999338","597568.9371000044","598617.1114000026","598627.7090999938","19187.486700015143","Attentional Spatial Bias","0","0","0","44","اکنون چشم‌پیما را کالیبره می‌کنیم.<br><br>لطفاً نقطه متحرک را با چشمان خود دنبال کنید و سرتان را ثابت نگه دارید.<br><br>لطفاً منتظر بمانید.","از شرکت شما سپاسگزاریم!<br><br>آزمایش اکنون به پایان رسیده است.<br><br>لطفاً با آزمایشگر تماس بگیرید.","در این آزمایش، شما یک داستان کوتاه را که روی صفحه نمایش داده می‌شود، خواهید خواند.<br><br>لطفاً هر خط را با دقت بخوانید، زیرا در پایان آزمایش چند سؤال در مورد داستان از شما پرسیده خواهد شد.<br><br>پس از هر پاراگراف، یک جفت تصویر خواهید دید. به هر دو تصویر نگاه کنید و تعداد کل دایره‌ها را در دو تصویر بشمارید.<br><br>در صفحه بعد می‌توانید نمونه‌هایی از یک دایره صحیح و یک شکل نادرست را ببینید. فقط شکل‌هایی را بشمارید که با نمونه دایره صحیح مطابقت دارند.<br><br>برای شروع هر کلیدی را فشار دهید.","دایره شمارش شده را وارد کنید (۰-۳ را فشار دهید)","خوش آمدید! برای ادامه هر کلیدی را فشار دهید.","Farsi","1536","-267","267","-267","267","-154","154","-154","154"
"6","5000","8","undefined","undefined","undefined","undefined","#1a1a1a","7","psycho","True","psycho","psycho","uniform","undefined","undefined","undefined","0","NA","0","0","44","44","0","0","0","NA","0","44","44","NA","44","44","0","44","0","0","NA","0","44","44","44","44","44","44","0","44","44","44","0","90.69351787193617","Thu Aug 20 14:10:29 2026","1000","The main experiment item","False","V7_AttentionalSpatialBias_.osexp","C:\Users\plcm\Desktop\2026-EyeTracking\group-bayes\Experiment","477.9942999884952","009.png","1046.43072","251.37215999999998","True","False","mono","False","18","no","white","no","yes","RTL","1046.43072","251.37215999999998","864","7","008.png","009.png","num_4","psycho","Farsi","44","44","C:\Users\plcm\Desktop\2026-EyeTracking\group-bayes\Experiment\subject-64.csv","150","psycho","no","605628.6699000048","Neonatal Nightingale","4.1.14","6","6","no_prime_trial_45","45","RTL","","0","num_1","return","num_1","NA","NA","num_1","1465.876300004311","8718.486300000222","NA","NA","1465.876300004311","2","psycho","2, 5, 3, 6, 1, 4, 4, 1, 5, 6, 3, 2, 2, 3, 6, 5, 4, 1, 2, 3, 5, 6, 4, 1, 4, 2, 3, 6, 5, 1, 4, 3, 1, 6, 5, 2, 3, 1, 5, 2, 6, 4, 1, 2, 6, 3, 4, 5","False","1024","2","48000","-16","experiment","64","even","604.534037400008","501.0","1035.0","586.0","278.0","76812.4661000038","NA","NA","5488.431200006744","604533.912999992","604534.0140000044","NA","19187.410500016995","56052.01430001762","NA","5488.630500010913","612107.8820000112","604521.6555999941","NA","604610.6619999919","604616.5601999965","21835.201900015818","610633.3401000011","85531.65650001029","NA","NA","86295.82570001367","604521.6346000088","612107.848899992","610641.4114999934","604521.581500012","605619.5702000114","605616.8554000033","86295.97209999338","604521.0682000034","605619.6391000121","605628.6307999981","19187.486700015143","Attentional Spatial Bias","0","0","0","45","اکنون چشم‌پیما را کالیبره می‌کنیم.<br><br>لطفاً نقطه متحرک را با چشمان خود دنبال کنید و سرتان را ثابت نگه دارید.<br><br>لطفاً منتظر بمانید.","از شرکت شما سپاسگزاریم!<br><br>آزمایش اکنون به پایان رسیده است.<br><br>لطفاً با آزمایشگر تماس بگیرید.","در این آزمایش، شما یک داستان کوتاه را که روی صفحه نمایش داده می‌شود، خواهید خواند.<br><br>لطفاً هر خط را با دقت بخوانید، زیرا در پایان آزمایش چند سؤال در مورد داستان از شما پرسیده خواهد شد.<br><br>پس از هر پاراگراف، یک جفت تصویر خواهید دید. به هر دو تصویر نگاه کنید و تعداد کل دایره‌ها را در دو تصویر بشمارید.<br><br>در صفحه بعد می‌توانید نمونه‌هایی از یک دایره صحیح و یک شکل نادرست را ببینید. فقط شکل‌هایی را بشمارید که با نمونه دایره صحیح مطابقت دارند.<br><br>برای شروع هر کلیدی را فشار دهید.","دایره شمارش شده را وارد کنید (۰-۳ را فشار دهید)","خوش آمدید! برای ادامه هر کلیدی را فشار دهید.","Farsi","1536","-267","267","-267","267","154","-154","154","-154"
"6","5000","8","undefined","undefined","undefined","undefined","#1a1a1a","7","psycho","True","psycho","psycho","uniform","undefined","undefined","undefined","0","NA","0","0","45","45","0","0","0","NA","0","45","45","NA","45","45","0","45","0","0","NA","0","45","45","45","45","45","45","0","45","45","45","0","72.33030733273567","Thu Aug 20 14:10:29 2026","1000","The main experiment item","False","V7_AttentionalSpatialBias_.osexp","C:\Users\plcm\Desktop\2026-EyeTracking\group-bayes\Experiment","27.072600001702085","010.png","742.59456","292.47263999999996","True","False","mono","False","18","no","white","no","yes","RTL","742.59456","292.47263999999996","864","7","010.png","011.png","num_4","psycho","Farsi","45","45","C:\Users\plcm\Desktop\2026-EyeTracking\group-bayes\Experiment\subject-64.csv","150","psycho","no","613331.0658000119","Neonatal Nightingale","4.1.14","3","3","no_prime_trial_46","46","RTL","","0","num_2","return","num_2","NA","NA","num_2","821.5344999916852","8718.486300000222","NA","NA","821.5344999916852","2","psycho","2, 5, 3, 6, 1, 4, 4, 1, 5, 6, 3, 2, 2, 3, 6, 5, 4, 1, 2, 3, 5, 6, 4, 1, 4, 2, 3, 6, 5, 1, 4, 3, 1, 6, 5, 2, 3, 1, 5, 2, 6, 4, 1, 2, 6, 3, 4, 5","False","1024","2","48000","-16","experiment","64","even","612.2345236999972","614.0","922.0","165.0","699.0","76812.4661000038","NA","NA","5488.431200006744","612234.4155000173","612234.4992000144","NA","19187.410500016995","56052.01430001762","NA","5488.630500010913","619164.0752000094","612222.4977000151","NA","612310.8223000017","612316.3768000086","21835.201900015818","618331.8612000148","85531.65650001029","NA","NA","86295.82570001367","612222.4740000092","619164.0431999986","618341.776300018","612222.4117000005","613320.3739000019","613316.8544000073","86295.97209999338","612221.856499993","613320.4307999986","613331.0293999966","19187.486700015143","Attentional Spatial Bias","0","0","0","46","اکنون چشم‌پیما را کالیبره می‌کنیم.<br><br>لطفاً نقطه متحرک را با چشمان خود دنبال کنید و سرتان را ثابت نگه دارید.<br><br>لطفاً منتظر بمانید.","از شرکت شما سپاسگزاریم!<br><br>آزمایش اکنون به پایان رسیده است.<br><br>لطفاً با آزمایشگر تماس بگیرید.","در این آزمایش، شما یک داستان کوتاه را که روی صفحه نمایش داده می‌شود، خواهید خواند.<br><br>لطفاً هر خط را با دقت بخوانید، زیرا در پایان آزمایش چند سؤال در مورد داستان از شما پرسیده خواهد شد.<br><br>پس از هر پاراگراف، یک جفت تصویر خواهید دید. به هر دو تصویر نگاه کنید و تعداد کل دایره‌ها را در دو تصویر بشمارید.<br><br>در صفحه بعد می‌توانید نمونه‌هایی از یک دایره صحیح و یک شکل نادرست را ببینید. فقط شکل‌هایی را بشمارید که با نمونه دایره صحیح مطابقت دارند.<br><br>برای شروع هر کلیدی را فشار دهید.","دایره شمارش شده را وارد کنید (۰-۳ را فشار دهید)","خوش آمدید! برای ادامه هر کلیدی را فشار دهید.","Farsi","1536","-154","154","-154","154","-267","267","-267","267"
"6","5000","8","undefined","undefined","undefined","undefined","#1a1a1a","7","psycho","True","psycho","psycho","uniform","undefined","undefined","undefined","0","NA","0","0","46","46","0","0","0","NA","0","46","46","NA","46","46","0","46","0","0","NA","0","46","46","46","46","46","46","0","46","46","46","0","91.44305604971868","Thu Aug 20 14:10:29 2026","1000","The main experiment item","False","V7_AttentionalSpatialBias_.osexp","C:\Users\plcm\Desktop\2026-EyeTracking\group-bayes\Experiment","114.00950001552701","012.png","750.44352","232.0704","True","False","mono","False","18","no","white","no","yes","RTL","750.44352","232.0704","864","7","012.png","013.png","num_4","psycho","Farsi","46","46","C:\Users\plcm\Desktop\2026-EyeTracking\group-bayes\Experiment\subject-64.csv","150","psycho","no","620326.1558999948","Neonatal Nightingale","4.1.14","4","4","no_prime_trial_47","47","RTL","","0","num_2","return","num_2","NA","NA","num_2","1499.1261000104714","8718.486300000222","NA","NA","1499.1261000104714","2","psycho","2, 5, 3, 6, 1, 4, 4, 1, 5, 6, 3, 2, 2, 3, 6, 5, 4, 1, 2, 3, 5, 6, 4, 1, 4, 2, 3, 6, 5, 1, 4, 3, 1, 6, 5, 2, 3, 1, 5, 2, 6, 4, 1, 2, 6, 3, 4, 5","False","1024","2","48000","-16","experiment","64","even","619.304338100017","768.0","768.0","124.0","740.0","76812.4661000038","NA","NA","5488.431200006744","619304.2120000173","619304.3114000175","NA","19187.410500016995","56052.01430001762","NA","5488.630500010913","626836.497500015","619292.3299999966","NA","619309.4727999996","619315.0822000171","21835.201900015818","625328.1824000005","85531.65650001029","NA","NA","86295.82570001367","619292.3057000153","626836.4634000172","625336.2057000049","619292.244900018","620318.5467000003","620315.643000009","86295.97209999338","619291.9619000168","620318.594500015","620326.1248999916","19187.486700015143","Attentional Spatial Bias","0","0","0","47","اکنون چشم‌پیما را کالیبره می‌کنیم.<br><br>لطفاً نقطه متحرک را با چشمان خود دنبال کنید و سرتان را ثابت نگه دارید.<br><br>لطفاً منتظر بمانید.","از شرکت شما سپاسگزاریم!<br><br>آزمایش اکنون به پایان رسیده است.<br><br>لطفاً با آزمایشگر تماس بگیرید.","در این آزمایش، شما یک داستان کوتاه را که روی صفحه نمایش داده می‌شود، خواهید خواند.<br><br>لطفاً هر خط را با دقت بخوانید، زیرا در پایان آزمایش چند سؤال در مورد داستان از شما پرسیده خواهد شد.<br><br>پس از هر پاراگراف، یک جفت تصویر خواهید دید. به هر دو تصویر نگاه کنید و تعداد کل دایره‌ها را در دو تصویر بشمارید.<br><br>در صفحه بعد می‌توانید نمونه‌هایی از یک دایره صحیح و یک شکل نادرست را ببینید. فقط شکل‌هایی را بشمارید که با نمونه دایره صحیح مطابقت دارند.<br><br>برای شروع هر کلیدی را فشار دهید.","دایره شمارش شده را وارد کنید (۰-۳ را فشار دهید)","خوش آمدید! برای ادامه هر کلیدی را فشار دهید.","Farsi","1536","0","0","0","0","-308","308","-308","308"
"6","5000","8","undefined","undefined","undefined","undefined","#1a1a1a","7","psycho","True","psycho","psycho","uniform","undefined","undefined","undefined","0","NA","0","0","47","47","0","0","0","NA","0","47","47","NA","47","47","0","47","0","0","NA","0","47","47","47","47","47","47","0","47","47","47","0","38.82092896916296","Thu Aug 20 14:10:29 2026","1000","The main experiment item","False","V7_AttentionalSpatialBias_.osexp","C:\Users\plcm\Desktop\2026-EyeTracking\group-bayes\Experiment","358.0904999980703","014.png","604.99968","550.4457600000001","True","False","mono","False","18","no","white","no","yes","RTL","604.99968","550.4457600000001","864","7","014.png","015.png","num_4","psycho","Farsi","47","47","C:\Users\plcm\Desktop\2026-EyeTracking\group-bayes\Experiment\subject-64.csv","150","psycho","no","628020.863200014","Neonatal Nightingale","4.1.14","5","5","no_prime_trial_48","48","RTL","","0","num_1","return","num_1","NA","NA","num_1","1340.3574000112712","8718.486300000222","NA","NA","1340.3574000112712","2","psycho","2, 5, 3, 6, 1, 4, 4, 1, 5, 6, 3, 2, 2, 3, 6, 5, 4, 1, 2, 3, 5, 6, 4, 1, 4, 2, 3, 6, 5, 1, 4, 3, 1, 6, 5, 2, 3, 1, 5, 2, 6, 4, 1, 2, 6, 3, 4, 5","False","1024","2","48000","-16","experiment","64","even","626.9974568999896","614.0","922.0","699.0","165.0","76812.4661000038","NA","NA","5488.431200006744","626997.371800011","626997.4341999914","NA","19187.410500016995","56052.01430001762","NA","5488.630500010913","634372.2584999923","626985.8330000134","NA","627002.6910000015","627008.3573000156","21835.201900015818","633022.9581000167","85531.65650001029","NA","NA","86295.82570001367","626985.8118999982","634372.2229000123","633030.9699999925","626985.7525000116","628011.3759000087","628008.4395000013","86295.97209999338","626985.1745000051","628011.4402000036","628020.818399993","19187.486700015143","Attentional Spatial Bias","0","0","0","48","اکنون چشم‌پیما را کالیبره می‌کنیم.<br><br>لطفاً نقطه متحرک را با چشمان خود دنبال کنید و سرتان را ثابت نگه دارید.<br><br>لطفاً منتظر بمانید.","از شرکت شما سپاسگزاریم!<br><br>آزمایش اکنون به پایان رسیده است.<br><br>لطفاً با آزمایشگر تماس بگیرید.","در این آزمایش، شما یک داستان کوتاه را که روی صفحه نمایش داده می‌شود، خواهید خواند.<br><br>لطفاً هر خط را با دقت بخوانید، زیرا در پایان آزمایش چند سؤال در مورد داستان از شما پرسیده خواهد شد.<br><br>پس از هر پاراگراف، یک جفت تصویر خواهید دید. به هر دو تصویر نگاه کنید و تعداد کل دایره‌ها را در دو تصویر بشمارید.<br><br>در صفحه بعد می‌توانید نمونه‌هایی از یک دایره صحیح و یک شکل نادرست را ببینید. فقط شکل‌هایی را بشمارید که با نمونه دایره صحیح مطابقت دارند.<br><br>برای شروع هر کلیدی را فشار دهید.","دایره شمارش شده را وارد کنید (۰-۳ را فشار دهید)","خوش آمدید! برای ادامه هر کلیدی را فشار دهید.","Farsi","1536","-154","154","-154","154","267","-267","267","-267"
