"BLOCK_SIZE","DEADLINE_MS","NUM_BLOCKS","acc","accuracy","average_response_time","avg_rt","background","block_index","canvas_backend","central_fixation","clock_backend","color_backend","coordinates","correct","correct_Circle","correct_response_prompt","count_Circle","count_calibration_note","count_epilogue","count_experiment","count_fixation","count_fixation_cross_inline_script","count_goodbye","count_init_experiment","count_instructions","count_iti","count_language_selection","count_log_trial","count_new_1_pygaze_log","count_new_1_sketchpad","count_new_2_pygaze_log","count_new_advanced_delay","count_new_pygaze_init","count_new_pygaze_log","count_new_pygaze_start_recording","count_new_pygaze_stop_recording","count_new_sketchpad","count_position_randomization_inline_script","count_prime_display","count_record_response","count_response_prompt","count_set_prime","count_stimulus_display","count_stimulus_positions_inline_script","count_trial_loop","count_trial_sequence","count_trigger_fixation","count_trigger_stimulus","count_welcome","d","datetime","delay_new_advanced_delay","description","disable_garbage_collection","experiment_file","experiment_path","first_fix_rt","first_fix_side","first_fix_x","first_fix_y","fixation_found","font_bold","font_family","font_italic","font_size","font_underline","foreground","form_clicks","fullscreen","group","gx","gy","height","idx","img_left","img_right","key","keyboard_backend","lang","live_row","live_row_trial_loop","logfile","margin","mouse_backend","mouse_simulation","onset","opensesame_codename","opensesame_version","pos","position","prime_condition","prime_index","prime_lang","prime_text","repeat_cycle","response","response_Circle","response_count","response_new_1_sketchpad","response_new_sketchpad","response_response_prompt","response_time","response_time_Circle","response_time_new_1_sketchpad","response_time_new_sketchpad","response_time_response_prompt","round_decimals","sampler_backend","seq","show_prime","sound_buf_size","sound_channels","sound_freq","sound_sample_size","start","subject_nr","subject_parity","t0","target_x_left","target_x_right","target_y_left","target_y_right","time_Circle","time_calibration_note","time_epilogue","time_experiment","time_fixation","time_fixation_cross_inline_script","time_goodbye","time_init_experiment","time_instructions","time_iti","time_language_selection","time_log_trial","time_new_1_pygaze_log","time_new_1_sketchpad","time_new_2_pygaze_log","time_new_advanced_delay","time_new_pygaze_init","time_new_pygaze_log","time_new_pygaze_start_recording","time_new_pygaze_stop_recording","time_new_sketchpad","time_position_randomization_inline_script","time_prime_display","time_record_response","time_response_prompt","time_set_prime","time_stimulus_display","time_stimulus_positions_inline_script","time_trial_loop","time_trial_sequence","time_trigger_fixation","time_trigger_stimulus","time_welcome","title","total_correct","total_response_time","total_responses","trial_nr","txt_calibration","txt_goodbye","txt_instructions","txt_response_prompt","txt_welcome","ui_language","width","xL","xR","x_left","x_right","yL","yR","y_left","y_right"
"6","5000","8","undefined","undefined","undefined","undefined","#1a1a1a","0","legacy","True","legacy","legacy","uniform","undefined","undefined","undefined","0","NA","0","0","0","0","0","0","0","NA","0","0","0","NA","0","0","0","0","0","0","NA","0","0","0","0","0","0","0","0","0","0","0","0","22.738994743796365","Sun Aug 23 18:16:13 2026","1000","The main experiment item","False","V7_AttentionalSpatialBias_ (1).osexp","C:\Users\plcm\Downloads","322.0","000.png","574.27968","457.56576","True","False","mono","False","18","no","white","no","yes","RTL","574.27968","457.56576","864","0","000.png","001.png","3","legacy","Arabic","0","0","C:\Users\plcm\Downloads\subject-110.csv","150","legacy","no","161650.0","Neonatal Nightingale","4.1.14","1","1","prime_1","1","RTL","في مزرعة مشمسة، كانت البطة الأم تنتظر فقس بيضها. انفتحت البيضات واحدة تلو الأخرى، وخرج منها فراخ البط الصفراء الناعمة. كانت إحدى البيضات أكبر حجماً واستغرق فقسها وقتاً أطول.","0","2","0","2","NA","NA","2","2788.0","2566","NA","NA","2788","2","legacy","1,3,6,2,5,4,4,2,5,1,3,6,2,6,4,1,3,5,5,6,3,1,4,2,1,4,6,3,2,5,4,6,2,1,5,3,1,6,4,5,2,3,3,1,6,5,2,4","True","1024","2","48000","-16","experiment","110","even","0.034034500014968216","460.0","1076.0","432.0","432.0","105960","NA","NA","1391","160125","160125","NA","5255","45911","NA","1392","169455","157111","NA","160628","160636","13606","166654","108527","NA","NA","109341","109430","169455","166666","109430","161637","161636","109341","109430","161637","161650","5255","Attentional Spatial Bias","0","0","0","1","سنقوم الآن بمعايرة جهاز تتبع العين.<br><br>يرجى تتبع النقطة المتحركة بعينيك وإبقاء رأسك ثابتًا.<br><br>يرجى الانتظار.","شكرًا على مشاركتك!<br><br>انتهت التجربة الآن.<br><br>يرجى الاتصال بالباحث.","في هذه التجربة، ستقرأ قصة قصيرة معروضة على الشاشة.<br><br>يرجى قراءة كل سطر بعناية، حيث سيُطرح عليك بعض الأسئلة حول القصة في نهاية التجربة.<br><br>بعد كل فقرة، سترى صورتين. انظر إلى كلتا الصورتين واحسب العدد الإجمالي للدوائر الموجودة في الصورتين.<br><br>في الشاشة التالية، سترى أمثلة على دائرة صحيحة وشكل غير صحيح. احسب فقط الأشكال التي تتطابق مع مثال الدائرة الصحيحة.<br><br>اضغط على أي مفتاح للبدء.","أدخل عدد الدوائر (اضغط على 0-3)","مرحبًا! اضغط على أي مفتاح للمتابعة.","Arabic","1536","-308","308","-308","308","0","0","0","0"
"6","5000","8","undefined","undefined","undefined","undefined","#1a1a1a","0","legacy","True","legacy","legacy","uniform","undefined","undefined","undefined","0","NA","0","0","1","1","0","0","0","NA","0","1","1","NA","1","1","0","1","0","0","NA","0","1","1","1","1","1","1","0","1","1","1","0","59.67698106251682","Sun Aug 23 18:16:13 2026","1000","The main experiment item","False","V7_AttentionalSpatialBias_ (1).osexp","C:\Users\plcm\Downloads","267.0","002.png","671.43168","216.74304000000004","True","False","mono","False","18","no","white","no","yes","RTL","671.43168","216.74304000000004","864","0","002.png","003.png","3","legacy","Arabic","1","1","C:\Users\plcm\Downloads\subject-110.csv","150","legacy","no","170778.0","Neonatal Nightingale","4.1.14","3","3","no_prime_trial_2","2","RTL","","0","1","0","1","NA","NA","1","1828.0","2566","NA","NA","1828","2","legacy","1, 3, 6, 2, 5, 4, 4, 2, 5, 1, 3, 6, 2, 6, 4, 1, 3, 5, 5, 6, 3, 1, 4, 2, 1, 4, 6, 3, 2, 5, 4, 6, 2, 1, 5, 3, 1, 6, 4, 5, 2, 3, 3, 1, 6, 5, 2, 4","False","1024","2","48000","-16","experiment","110","even","9.405158200010192","614.0","922.0","165.0","699.0","105960","NA","NA","1391","169572","169572","NA","5255","45911","NA","1392","177614","169566","NA","169764","169769","13606","175779","108527","NA","NA","109341","169566","177614","175786","169566","170770","170769","109341","169565","170770","170778","5255","Attentional Spatial Bias","0","0","0","2","سنقوم الآن بمعايرة جهاز تتبع العين.<br><br>يرجى تتبع النقطة المتحركة بعينيك وإبقاء رأسك ثابتًا.<br><br>يرجى الانتظار.","شكرًا على مشاركتك!<br><br>انتهت التجربة الآن.<br><br>يرجى الاتصال بالباحث.","في هذه التجربة، ستقرأ قصة قصيرة معروضة على الشاشة.<br><br>يرجى قراءة كل سطر بعناية، حيث سيُطرح عليك بعض الأسئلة حول القصة في نهاية التجربة.<br><br>بعد كل فقرة، سترى صورتين. انظر إلى كلتا الصورتين واحسب العدد الإجمالي للدوائر الموجودة في الصورتين.<br><br>في الشاشة التالية، سترى أمثلة على دائرة صحيحة وشكل غير صحيح. احسب فقط الأشكال التي تتطابق مع مثال الدائرة الصحيحة.<br><br>اضغط على أي مفتاح للبدء.","أدخل عدد الدوائر (اضغط على 0-3)","مرحبًا! اضغط على أي مفتاح للمتابعة.","Arabic","1536","-154","154","-154","154","-267","267","-267","267"
"6","5000","8","undefined","undefined","undefined","undefined","#1a1a1a","0","legacy","True","legacy","legacy","uniform","undefined","undefined","undefined","0","NA","0","0","2","2","0","0","0","NA","0","2","2","NA","2","2","0","2","0","0","NA","0","2","2","2","2","2","2","0","2","2","2","0","33.2894365221402","Sun Aug 23 18:16:13 2026","1000","The main experiment item","False","V7_AttentionalSpatialBias_ (1).osexp","C:\Users\plcm\Downloads","241.0","005.png","973.00992","282.32928","True","False","mono","False","18","no","white","no","yes","RTL","973.00992","282.32928","864","0","004.png","005.png","3","legacy","Arabic","2","2","C:\Users\plcm\Downloads\subject-110.csv","150","legacy","no","178984.0","Neonatal Nightingale","4.1.14","6","6","no_prime_trial_3","3","RTL","","0","2","0","2","NA","NA","2","701.0","2566","NA","NA","701","2","legacy","1, 3, 6, 2, 5, 4, 4, 2, 5, 1, 3, 6, 2, 6, 4, 1, 3, 5, 5, 6, 3, 1, 4, 2, 1, 4, 6, 3, 2, 5, 4, 6, 2, 1, 5, 3, 1, 6, 4, 5, 2, 3, 3, 1, 6, 5, 2, 4","False","1024","2","48000","-16","experiment","110","even","17.58391849999316","501.0","1035.0","586.0","278.0","105960","NA","NA","1391","177751","177751","NA","5255","45911","NA","1392","184695","177745","NA","177969","177975","13606","183986","108527","NA","NA","109341","177745","184694","183993","177745","178976","178975","109341","177744","178976","178984","5255","Attentional Spatial Bias","0","0","0","3","سنقوم الآن بمعايرة جهاز تتبع العين.<br><br>يرجى تتبع النقطة المتحركة بعينيك وإبقاء رأسك ثابتًا.<br><br>يرجى الانتظار.","شكرًا على مشاركتك!<br><br>انتهت التجربة الآن.<br><br>يرجى الاتصال بالباحث.","في هذه التجربة، ستقرأ قصة قصيرة معروضة على الشاشة.<br><br>يرجى قراءة كل سطر بعناية، حيث سيُطرح عليك بعض الأسئلة حول القصة في نهاية التجربة.<br><br>بعد كل فقرة، سترى صورتين. انظر إلى كلتا الصورتين واحسب العدد الإجمالي للدوائر الموجودة في الصورتين.<br><br>في الشاشة التالية، سترى أمثلة على دائرة صحيحة وشكل غير صحيح. احسب فقط الأشكال التي تتطابق مع مثال الدائرة الصحيحة.<br><br>اضغط على أي مفتاح للبدء.","أدخل عدد الدوائر (اضغط على 0-3)","مرحبًا! اضغط على أي مفتاح للمتابعة.","Arabic","1536","-267","267","-267","267","154","-154","154","-154"
"6","5000","8","undefined","undefined","undefined","undefined","#1a1a1a","0","legacy","True","legacy","legacy","uniform","undefined","undefined","undefined","0","NA","0","0","3","3","0","0","0","NA","0","3","3","NA","3","3","0","3","0","0","NA","0","3","3","3","3","3","3","0","3","3","3","0","54.82850301962291","Sun Aug 23 18:16:13 2026","1000","The main experiment item","False","V7_AttentionalSpatialBias_ (1).osexp","C:\Users\plcm\Downloads","228.0","006.png","614.3232","290.11392","True","False","mono","False","18","no","white","no","yes","RTL","614.3232","290.11392","864","0","006.png","007.png","3","legacy","Arabic","3","3","C:\Users\plcm\Downloads\subject-110.csv","150","legacy","no","185851.0","Neonatal Nightingale","4.1.14","2","2","no_prime_trial_4","4","RTL","","0","2","0","2","NA","NA","2","1233.0","2566","NA","NA","1233","2","legacy","1, 3, 6, 2, 5, 4, 4, 2, 5, 1, 3, 6, 2, 6, 4, 1, 3, 5, 5, 6, 3, 1, 4, 2, 1, 4, 6, 3, 2, 5, 4, 6, 2, 1, 5, 3, 1, 6, 4, 5, 2, 3, 3, 1, 6, 5, 2, 4","False","1024","2","48000","-16","experiment","110","even","24.658637800021097","501.0","1035.0","278.0","586.0","105960","NA","NA","1391","184825","184825","NA","5255","45911","NA","1392","192094","184819","NA","184831","184836","13606","190855","108527","NA","NA","109341","184819","192094","190861","184819","185838","185836","109341","184819","185838","185851","5255","Attentional Spatial Bias","0","0","0","4","سنقوم الآن بمعايرة جهاز تتبع العين.<br><br>يرجى تتبع النقطة المتحركة بعينيك وإبقاء رأسك ثابتًا.<br><br>يرجى الانتظار.","شكرًا على مشاركتك!<br><br>انتهت التجربة الآن.<br><br>يرجى الاتصال بالباحث.","في هذه التجربة، ستقرأ قصة قصيرة معروضة على الشاشة.<br><br>يرجى قراءة كل سطر بعناية، حيث سيُطرح عليك بعض الأسئلة حول القصة في نهاية التجربة.<br><br>بعد كل فقرة، سترى صورتين. انظر إلى كلتا الصورتين واحسب العدد الإجمالي للدوائر الموجودة في الصورتين.<br><br>في الشاشة التالية، سترى أمثلة على دائرة صحيحة وشكل غير صحيح. احسب فقط الأشكال التي تتطابق مع مثال الدائرة الصحيحة.<br><br>اضغط على أي مفتاح للبدء.","أدخل عدد الدوائر (اضغط على 0-3)","مرحبًا! اضغط على أي مفتاح للمتابعة.","Arabic","1536","-267","267","-267","267","-154","154","-154","154"
"6","5000","8","undefined","undefined","undefined","undefined","#1a1a1a","0","legacy","True","legacy","legacy","uniform","undefined","undefined","undefined","0","NA","0","0","4","4","0","0","0","NA","0","4","4","NA","4","4","0","4","0","0","NA","0","4","4","4","4","4","4","0","4","4","4","0","96.96742072989258","Sun Aug 23 18:16:13 2026","1000","The main experiment item","False","V7_AttentionalSpatialBias_ (1).osexp","C:\Users\plcm\Downloads","228.0","009.png","832.94208","186.21792","True","False","mono","False","18","no","white","no","yes","RTL","832.94208","186.21792","864","0","008.png","009.png","3","legacy","Arabic","4","4","C:\Users\plcm\Downloads\subject-110.csv","150","legacy","no","193324.0","Neonatal Nightingale","4.1.14","5","5","no_prime_trial_5","5","RTL","","0","0","0","0","NA","NA","0","1084.0","2566","NA","NA","1084","2","legacy","1, 3, 6, 2, 5, 4, 4, 2, 5, 1, 3, 6, 2, 6, 4, 1, 3, 5, 5, 6, 3, 1, 4, 2, 1, 4, 6, 3, 2, 5, 4, 6, 2, 1, 5, 3, 1, 6, 4, 5, 2, 3, 3, 1, 6, 5, 2, 4","False","1024","2","48000","-16","experiment","110","even","32.06154130003415","614.0","922.0","699.0","165.0","105960","NA","NA","1391","192228","192228","NA","5255","45911","NA","1392","199415","192222","NA","192310","192315","13606","198324","108527","NA","NA","109341","192222","199414","198330","192222","193316","193315","109341","192221","193316","193324","5255","Attentional Spatial Bias","0","0","0","5","سنقوم الآن بمعايرة جهاز تتبع العين.<br><br>يرجى تتبع النقطة المتحركة بعينيك وإبقاء رأسك ثابتًا.<br><br>يرجى الانتظار.","شكرًا على مشاركتك!<br><br>انتهت التجربة الآن.<br><br>يرجى الاتصال بالباحث.","في هذه التجربة، ستقرأ قصة قصيرة معروضة على الشاشة.<br><br>يرجى قراءة كل سطر بعناية، حيث سيُطرح عليك بعض الأسئلة حول القصة في نهاية التجربة.<br><br>بعد كل فقرة، سترى صورتين. انظر إلى كلتا الصورتين واحسب العدد الإجمالي للدوائر الموجودة في الصورتين.<br><br>في الشاشة التالية، سترى أمثلة على دائرة صحيحة وشكل غير صحيح. احسب فقط الأشكال التي تتطابق مع مثال الدائرة الصحيحة.<br><br>اضغط على أي مفتاح للبدء.","أدخل عدد الدوائر (اضغط على 0-3)","مرحبًا! اضغط على أي مفتاح للمتابعة.","Arabic","1536","-154","154","-154","154","267","-267","267","-267"
"6","5000","8","undefined","undefined","undefined","undefined","#1a1a1a","0","legacy","True","legacy","legacy","uniform","undefined","undefined","undefined","0","NA","0","0","5","5","0","0","0","NA","0","5","5","NA","5","5","0","5","0","0","NA","0","5","5","5","5","5","5","0","5","5","5","0","68.9990265364375","Sun Aug 23 18:16:13 2026","1000","The main experiment item","False","V7_AttentionalSpatialBias_ (1).osexp","C:\Users\plcm\Downloads","226.0","010.png","806.9529600000001","152.80704","True","False","mono","False","18","no","white","no","yes","RTL","806.9529600000001","152.80704","864","0","010.png","011.png","3","legacy","Arabic","5","5","C:\Users\plcm\Downloads\subject-110.csv","150","legacy","no","200562.0","Neonatal Nightingale","4.1.14","4","4","no_prime_trial_6","6","RTL","","0","2","0","2","NA","NA","2","914.0","2566","NA","NA","914","2","legacy","1, 3, 6, 2, 5, 4, 4, 2, 5, 1, 3, 6, 2, 6, 4, 1, 3, 5, 5, 6, 3, 1, 4, 2, 1, 4, 6, 3, 2, 5, 4, 6, 2, 1, 5, 3, 1, 6, 4, 5, 2, 3, 3, 1, 6, 5, 2, 4","False","1024","2","48000","-16","experiment","110","even","39.375487399986014","768.0","768.0","124.0","740.0","105960","NA","NA","1391","199542","199542","NA","5255","45911","NA","1392","206486","199536","NA","199548","199553","13606","205566","108527","NA","NA","109341","199536","206486","205572","199536","200554","200553","109341","199535","200554","200562","5255","Attentional Spatial Bias","0","0","0","6","سنقوم الآن بمعايرة جهاز تتبع العين.<br><br>يرجى تتبع النقطة المتحركة بعينيك وإبقاء رأسك ثابتًا.<br><br>يرجى الانتظار.","شكرًا على مشاركتك!<br><br>انتهت التجربة الآن.<br><br>يرجى الاتصال بالباحث.","في هذه التجربة، ستقرأ قصة قصيرة معروضة على الشاشة.<br><br>يرجى قراءة كل سطر بعناية، حيث سيُطرح عليك بعض الأسئلة حول القصة في نهاية التجربة.<br><br>بعد كل فقرة، سترى صورتين. انظر إلى كلتا الصورتين واحسب العدد الإجمالي للدوائر الموجودة في الصورتين.<br><br>في الشاشة التالية، سترى أمثلة على دائرة صحيحة وشكل غير صحيح. احسب فقط الأشكال التي تتطابق مع مثال الدائرة الصحيحة.<br><br>اضغط على أي مفتاح للبدء.","أدخل عدد الدوائر (اضغط على 0-3)","مرحبًا! اضغط على أي مفتاح للمتابعة.","Arabic","1536","0","0","0","0","-308","308","-308","308"
"6","5000","8","undefined","undefined","undefined","undefined","#1a1a1a","1","legacy","True","legacy","legacy","uniform","undefined","undefined","undefined","0","NA","0","0","6","6","0","0","0","NA","0","6","6","NA","6","6","0","6","0","0","NA","0","6","6","6","6","6","6","0","6","6","6","0","71.01717137851101","Sun Aug 23 18:16:13 2026","1000","The main experiment item","False","V7_AttentionalSpatialBias_ (1).osexp","C:\Users\plcm\Downloads","244.0","012.png","768.5375999999999","167.88384000000002","True","False","mono","False","18","no","white","no","yes","RTL","768.5375999999999","167.88384000000002","864","1","012.png","013.png","3","legacy","Arabic","6","6","C:\Users\plcm\Downloads\subject-110.csv","150","legacy","no","235027.0","Neonatal Nightingale","4.1.14","4","4","prime_2","7","RTL","خرج طائر رمادي كبير من البيضة الأخيرة. بدا مختلفًا عن الآخرين. ضحك صغار البط ووصفوه بأنه قبيح. حزينًا ووحيدًا، هرب من المزرعة.","0","1","0","1","NA","NA","1","762.0","2566","NA","NA","762","2","legacy","1, 3, 6, 2, 5, 4, 4, 2, 5, 1, 3, 6, 2, 6, 4, 1, 3, 5, 5, 6, 3, 1, 4, 2, 1, 4, 6, 3, 2, 5, 4, 6, 2, 1, 5, 3, 1, 6, 4, 5, 2, 3, 3, 1, 6, 5, 2, 4","True","1024","2","48000","-16","experiment","110","even","73.43813920003595","768.0","768.0","124.0","740.0","105960","NA","NA","1391","233605","233605","NA","5255","45911","NA","1392","240799","233598","NA","234012","234018","13606","240029","108527","NA","NA","109341","206600","240799","240036","206600","235019","235018","109341","206599","235019","235027","5255","Attentional Spatial Bias","0","0","0","7","سنقوم الآن بمعايرة جهاز تتبع العين.<br><br>يرجى تتبع النقطة المتحركة بعينيك وإبقاء رأسك ثابتًا.<br><br>يرجى الانتظار.","شكرًا على مشاركتك!<br><br>انتهت التجربة الآن.<br><br>يرجى الاتصال بالباحث.","في هذه التجربة، ستقرأ قصة قصيرة معروضة على الشاشة.<br><br>يرجى قراءة كل سطر بعناية، حيث سيُطرح عليك بعض الأسئلة حول القصة في نهاية التجربة.<br><br>بعد كل فقرة، سترى صورتين. انظر إلى كلتا الصورتين واحسب العدد الإجمالي للدوائر الموجودة في الصورتين.<br><br>في الشاشة التالية، سترى أمثلة على دائرة صحيحة وشكل غير صحيح. احسب فقط الأشكال التي تتطابق مع مثال الدائرة الصحيحة.<br><br>اضغط على أي مفتاح للبدء.","أدخل عدد الدوائر (اضغط على 0-3)","مرحبًا! اضغط على أي مفتاح للمتابعة.","Arabic","1536","0","0","0","0","-308","308","-308","308"
"6","5000","8","undefined","undefined","undefined","undefined","#1a1a1a","1","legacy","True","legacy","legacy","uniform","undefined","undefined","undefined","0","NA","0","0","7","7","0","0","0","NA","0","7","7","NA","7","7","0","7","0","0","NA","0","7","7","7","7","7","7","0","7","7","7","0","38.601598854016395","Sun Aug 23 18:16:13 2026","1000","The main experiment item","False","V7_AttentionalSpatialBias_ (1).osexp","C:\Users\plcm\Downloads","221.0","014.png","583.4496","297.33696","True","False","mono","False","18","no","white","no","yes","RTL","583.4496","297.33696","864","1","014.png","015.png","3","legacy","Arabic","7","7","C:\Users\plcm\Downloads\subject-110.csv","150","legacy","no","241964.0","Neonatal Nightingale","4.1.14","2","2","no_prime_trial_8","8","RTL","","0","0","0","0","NA","NA","0","881.0","2566","NA","NA","881","2","legacy","1, 3, 6, 2, 5, 4, 4, 2, 5, 1, 3, 6, 2, 6, 4, 1, 3, 5, 5, 6, 3, 1, 4, 2, 1, 4, 6, 3, 2, 5, 4, 6, 2, 1, 5, 3, 1, 6, 4, 5, 2, 3, 3, 1, 6, 5, 2, 4","False","1024","2","48000","-16","experiment","110","even","80.77054890000727","501.0","1035.0","278.0","586.0","105960","NA","NA","1391","240937","240937","NA","5255","45911","NA","1392","247854","240931","NA","240943","240948","13606","246967","108527","NA","NA","109341","240931","247854","246973","240931","241949","241948","109341","240931","241949","241964","5255","Attentional Spatial Bias","0","0","0","8","سنقوم الآن بمعايرة جهاز تتبع العين.<br><br>يرجى تتبع النقطة المتحركة بعينيك وإبقاء رأسك ثابتًا.<br><br>يرجى الانتظار.","شكرًا على مشاركتك!<br><br>انتهت التجربة الآن.<br><br>يرجى الاتصال بالباحث.","في هذه التجربة، ستقرأ قصة قصيرة معروضة على الشاشة.<br><br>يرجى قراءة كل سطر بعناية، حيث سيُطرح عليك بعض الأسئلة حول القصة في نهاية التجربة.<br><br>بعد كل فقرة، سترى صورتين. انظر إلى كلتا الصورتين واحسب العدد الإجمالي للدوائر الموجودة في الصورتين.<br><br>في الشاشة التالية، سترى أمثلة على دائرة صحيحة وشكل غير صحيح. احسب فقط الأشكال التي تتطابق مع مثال الدائرة الصحيحة.<br><br>اضغط على أي مفتاح للبدء.","أدخل عدد الدوائر (اضغط على 0-3)","مرحبًا! اضغط على أي مفتاح للمتابعة.","Arabic","1536","-267","267","-267","267","-154","154","-154","154"
"6","5000","8","undefined","undefined","undefined","undefined","#1a1a1a","1","legacy","True","legacy","legacy","uniform","undefined","undefined","undefined","0","NA","0","0","8","8","0","0","0","NA","0","8","8","NA","8","8","0","8","0","0","NA","0","8","8","8","8","8","8","0","8","8","8","0","66.23865872033336","Sun Aug 23 18:16:13 2026","1000","The main experiment item","False","V7_AttentionalSpatialBias_ (1).osexp","C:\Users\plcm\Downloads","213.0","001.png","808.5964799999999","250.17983999999998","True","False","mono","False","18","no","white","no","yes","RTL","808.5964799999999","250.17983999999998","864","1","000.png","001.png","3","legacy","Arabic","8","8","C:\Users\plcm\Downloads\subject-110.csv","150","legacy","no","249225.0","Neonatal Nightingale","4.1.14","5","5","no_prime_trial_9","9","RTL","","0","2","0","2","NA","NA","2","3435.0","2566","NA","NA","3435","2","legacy","1, 3, 6, 2, 5, 4, 4, 2, 5, 1, 3, 6, 2, 6, 4, 1, 3, 5, 5, 6, 3, 1, 4, 2, 1, 4, 6, 3, 2, 5, 4, 6, 2, 1, 5, 3, 1, 6, 4, 5, 2, 3, 3, 1, 6, 5, 2, 4","False","1024","2","48000","-16","experiment","110","even","87.7872051000013","614.0","922.0","699.0","165.0","105960","NA","NA","1391","247954","247954","NA","5255","45911","NA","1392","257670","247948","NA","248205","248210","13606","254229","108527","NA","NA","109341","247948","257670","254235","247948","249212","249210","109341","247947","249212","249225","5255","Attentional Spatial Bias","0","0","0","9","سنقوم الآن بمعايرة جهاز تتبع العين.<br><br>يرجى تتبع النقطة المتحركة بعينيك وإبقاء رأسك ثابتًا.<br><br>يرجى الانتظار.","شكرًا على مشاركتك!<br><br>انتهت التجربة الآن.<br><br>يرجى الاتصال بالباحث.","في هذه التجربة، ستقرأ قصة قصيرة معروضة على الشاشة.<br><br>يرجى قراءة كل سطر بعناية، حيث سيُطرح عليك بعض الأسئلة حول القصة في نهاية التجربة.<br><br>بعد كل فقرة، سترى صورتين. انظر إلى كلتا الصورتين واحسب العدد الإجمالي للدوائر الموجودة في الصورتين.<br><br>في الشاشة التالية، سترى أمثلة على دائرة صحيحة وشكل غير صحيح. احسب فقط الأشكال التي تتطابق مع مثال الدائرة الصحيحة.<br><br>اضغط على أي مفتاح للبدء.","أدخل عدد الدوائر (اضغط على 0-3)","مرحبًا! اضغط على أي مفتاح للمتابعة.","Arabic","1536","-154","154","-154","154","267","-267","267","-267"
"6","5000","8","undefined","undefined","undefined","undefined","#1a1a1a","1","legacy","True","legacy","legacy","uniform","undefined","undefined","undefined","0","NA","0","0","9","9","0","0","0","NA","0","9","9","NA","9","9","0","9","0","0","NA","0","9","9","9","9","9","9","0","9","9","9","0","85.07970727125942","Sun Aug 23 18:16:13 2026","1000","The main experiment item","False","V7_AttentionalSpatialBias_ (1).osexp","C:\Users\plcm\Downloads","228.0","002.png","529.13664","390.82176000000004","True","False","mono","False","18","no","white","no","yes","RTL","529.13664","390.82176000000004","864","1","002.png","003.png","3","legacy","Arabic","9","9","C:\Users\plcm\Downloads\subject-110.csv","150","legacy","no","258872.0","Neonatal Nightingale","4.1.14","1","1","no_prime_trial_10","10","RTL","","0","1","0","1","NA","NA","1","1006.0","2566","NA","NA","1006","2","legacy","1, 3, 6, 2, 5, 4, 4, 2, 5, 1, 3, 6, 2, 6, 4, 1, 3, 5, 5, 6, 3, 1, 4, 2, 1, 4, 6, 3, 2, 5, 4, 6, 2, 1, 5, 3, 1, 6, 4, 5, 2, 3, 3, 1, 6, 5, 2, 4","False","1024","2","48000","-16","experiment","110","even","97.61491629999364","460.0","1076.0","432.0","432.0","105960","NA","NA","1391","257782","257782","NA","5255","45911","NA","1392","264887","257776","NA","257858","257863","13606","263874","108527","NA","NA","109341","257776","264887","263880","257776","258864","258863","109341","257776","258864","258872","5255","Attentional Spatial Bias","0","0","0","10","سنقوم الآن بمعايرة جهاز تتبع العين.<br><br>يرجى تتبع النقطة المتحركة بعينيك وإبقاء رأسك ثابتًا.<br><br>يرجى الانتظار.","شكرًا على مشاركتك!<br><br>انتهت التجربة الآن.<br><br>يرجى الاتصال بالباحث.","في هذه التجربة، ستقرأ قصة قصيرة معروضة على الشاشة.<br><br>يرجى قراءة كل سطر بعناية، حيث سيُطرح عليك بعض الأسئلة حول القصة في نهاية التجربة.<br><br>بعد كل فقرة، سترى صورتين. انظر إلى كلتا الصورتين واحسب العدد الإجمالي للدوائر الموجودة في الصورتين.<br><br>في الشاشة التالية، سترى أمثلة على دائرة صحيحة وشكل غير صحيح. احسب فقط الأشكال التي تتطابق مع مثال الدائرة الصحيحة.<br><br>اضغط على أي مفتاح للبدء.","أدخل عدد الدوائر (اضغط على 0-3)","مرحبًا! اضغط على أي مفتاح للمتابعة.","Arabic","1536","-308","308","-308","308","0","0","0","0"
"6","5000","8","undefined","undefined","undefined","undefined","#1a1a1a","1","legacy","True","legacy","legacy","uniform","undefined","undefined","undefined","0","NA","0","0","10","10","0","0","0","NA","0","10","10","NA","10","10","0","10","0","0","NA","0","10","10","10","10","10","10","0","10","10","10","0","91.77862454322579","Sun Aug 23 18:16:13 2026","1000","The main experiment item","False","V7_AttentionalSpatialBias_ (1).osexp","C:\Users\plcm\Downloads","218.0","004.png","741.56544","279.71136","True","False","mono","False","18","no","white","no","yes","RTL","741.56544","279.71136","864","1","004.png","005.png","3","legacy","Arabic","10","10","C:\Users\plcm\Downloads\subject-110.csv","150","legacy","no","266039.0","Neonatal Nightingale","4.1.14","3","3","no_prime_trial_11","11","RTL","","0","2","0","2","NA","NA","2","819.0","2566","NA","NA","819","2","legacy","1, 3, 6, 2, 5, 4, 4, 2, 5, 1, 3, 6, 2, 6, 4, 1, 3, 5, 5, 6, 3, 1, 4, 2, 1, 4, 6, 3, 2, 5, 4, 6, 2, 1, 5, 3, 1, 6, 4, 5, 2, 3, 3, 1, 6, 5, 2, 4","False","1024","2","48000","-16","experiment","110","even","104.84494470001664","614.0","922.0","165.0","699.0","105960","NA","NA","1391","265012","265012","NA","5255","45911","NA","1392","271871","265006","NA","265017","265023","13606","271043","108527","NA","NA","109341","265006","271871","271051","265006","266024","266023","109341","265006","266024","266038","5255","Attentional Spatial Bias","0","0","0","11","سنقوم الآن بمعايرة جهاز تتبع العين.<br><br>يرجى تتبع النقطة المتحركة بعينيك وإبقاء رأسك ثابتًا.<br><br>يرجى الانتظار.","شكرًا على مشاركتك!<br><br>انتهت التجربة الآن.<br><br>يرجى الاتصال بالباحث.","في هذه التجربة، ستقرأ قصة قصيرة معروضة على الشاشة.<br><br>يرجى قراءة كل سطر بعناية، حيث سيُطرح عليك بعض الأسئلة حول القصة في نهاية التجربة.<br><br>بعد كل فقرة، سترى صورتين. انظر إلى كلتا الصورتين واحسب العدد الإجمالي للدوائر الموجودة في الصورتين.<br><br>في الشاشة التالية، سترى أمثلة على دائرة صحيحة وشكل غير صحيح. احسب فقط الأشكال التي تتطابق مع مثال الدائرة الصحيحة.<br><br>اضغط على أي مفتاح للبدء.","أدخل عدد الدوائر (اضغط على 0-3)","مرحبًا! اضغط على أي مفتاح للمتابعة.","Arabic","1536","-154","154","-154","154","-267","267","-267","267"
"6","5000","8","undefined","undefined","undefined","undefined","#1a1a1a","1","legacy","True","legacy","legacy","uniform","undefined","undefined","undefined","0","NA","0","0","11","11","0","0","0","NA","0","11","11","NA","11","11","0","11","0","0","NA","0","11","11","11","11","11","11","0","11","11","11","0","87.93543762789608","Sun Aug 23 18:16:13 2026","1000","The main experiment item","False","V7_AttentionalSpatialBias_ (1).osexp","C:\Users\plcm\Downloads","236.0","007.png","894.9043200000001","285.8544","True","False","mono","False","18","no","white","no","yes","RTL","894.9043200000001","285.8544","864","1","006.png","007.png","3","legacy","Arabic","11","11","C:\Users\plcm\Downloads\subject-110.csv","150","legacy","no","273262.0","Neonatal Nightingale","4.1.14","6","6","no_prime_trial_12","12","RTL","","0","2","0","2","NA","NA","2","514.0","2566","NA","NA","514","2","legacy","1, 3, 6, 2, 5, 4, 4, 2, 5, 1, 3, 6, 2, 6, 4, 1, 3, 5, 5, 6, 3, 1, 4, 2, 1, 4, 6, 3, 2, 5, 4, 6, 2, 1, 5, 3, 1, 6, 4, 5, 2, 3, 3, 1, 6, 5, 2, 4","False","1024","2","48000","-16","experiment","110","even","111.82867980003357","501.0","1035.0","586.0","278.0","105960","NA","NA","1391","271995","271995","NA","5255","45911","NA","1392","278783","271989","NA","272248","272254","13606","278262","108527","NA","NA","109341","271989","278783","278268","271989","273255","273254","109341","271989","273255","273262","5255","Attentional Spatial Bias","0","0","0","12","سنقوم الآن بمعايرة جهاز تتبع العين.<br><br>يرجى تتبع النقطة المتحركة بعينيك وإبقاء رأسك ثابتًا.<br><br>يرجى الانتظار.","شكرًا على مشاركتك!<br><br>انتهت التجربة الآن.<br><br>يرجى الاتصال بالباحث.","في هذه التجربة، ستقرأ قصة قصيرة معروضة على الشاشة.<br><br>يرجى قراءة كل سطر بعناية، حيث سيُطرح عليك بعض الأسئلة حول القصة في نهاية التجربة.<br><br>بعد كل فقرة، سترى صورتين. انظر إلى كلتا الصورتين واحسب العدد الإجمالي للدوائر الموجودة في الصورتين.<br><br>في الشاشة التالية، سترى أمثلة على دائرة صحيحة وشكل غير صحيح. احسب فقط الأشكال التي تتطابق مع مثال الدائرة الصحيحة.<br><br>اضغط على أي مفتاح للبدء.","أدخل عدد الدوائر (اضغط على 0-3)","مرحبًا! اضغط على أي مفتاح للمتابعة.","Arabic","1536","-267","267","-267","267","154","-154","154","-154"
"6","5000","8","undefined","undefined","undefined","undefined","#1a1a1a","2","legacy","True","legacy","legacy","uniform","undefined","undefined","undefined","0","NA","0","0","12","12","0","0","0","NA","0","12","12","NA","12","12","0","12","0","0","NA","0","12","12","12","12","12","12","0","12","12","12","0","84.3767456267424","Sun Aug 23 18:16:13 2026","1000","The main experiment item","False","V7_AttentionalSpatialBias_ (1).osexp","C:\Users\plcm\Downloads","226.0","008.png","648.0384","312.12","True","False","mono","False","18","no","white","no","yes","RTL","648.0384","312.12","864","2","008.png","009.png","3","legacy","Arabic","12","12","C:\Users\plcm\Downloads\subject-110.csv","150","legacy","no","308915.0","Neonatal Nightingale","4.1.14","2","2","prime_3","13","RTL","تجول عبر الحقول والمستنقعات، باحثًا عن مكان ينتمي إليه. قال البط البري إنه قبيح جدًّا لدرجة لا تسمح له بأن يكون صديقًا لهم.","0","1","0","1","NA","NA","1","952.0","2566","NA","NA","952","2","legacy","1, 3, 6, 2, 5, 4, 4, 2, 5, 1, 3, 6, 2, 6, 4, 1, 3, 5, 5, 6, 3, 1, 4, 2, 1, 4, 6, 3, 2, 5, 4, 6, 2, 1, 5, 3, 1, 6, 4, 5, 2, 3, 3, 1, 6, 5, 2, 4","True","1024","2","48000","-16","experiment","110","even","147.6074637999991","501.0","1035.0","278.0","586.0","105960","NA","NA","1391","307774","307774","NA","5255","45911","NA","1392","314879","307766","NA","307901","307906","13606","313920","108527","NA","NA","109341","278909","314879","313926","278909","308907","308906","109341","278908","308907","308915","5255","Attentional Spatial Bias","0","0","0","13","سنقوم الآن بمعايرة جهاز تتبع العين.<br><br>يرجى تتبع النقطة المتحركة بعينيك وإبقاء رأسك ثابتًا.<br><br>يرجى الانتظار.","شكرًا على مشاركتك!<br><br>انتهت التجربة الآن.<br><br>يرجى الاتصال بالباحث.","في هذه التجربة، ستقرأ قصة قصيرة معروضة على الشاشة.<br><br>يرجى قراءة كل سطر بعناية، حيث سيُطرح عليك بعض الأسئلة حول القصة في نهاية التجربة.<br><br>بعد كل فقرة، سترى صورتين. انظر إلى كلتا الصورتين واحسب العدد الإجمالي للدوائر الموجودة في الصورتين.<br><br>في الشاشة التالية، سترى أمثلة على دائرة صحيحة وشكل غير صحيح. احسب فقط الأشكال التي تتطابق مع مثال الدائرة الصحيحة.<br><br>اضغط على أي مفتاح للبدء.","أدخل عدد الدوائر (اضغط على 0-3)","مرحبًا! اضغط على أي مفتاح للمتابعة.","Arabic","1536","-267","267","-267","267","-154","154","-154","154"
"6","5000","8","undefined","undefined","undefined","undefined","#1a1a1a","2","legacy","True","legacy","legacy","uniform","undefined","undefined","undefined","0","NA","0","0","13","13","0","0","0","NA","0","13","13","NA","13","13","0","13","0","0","NA","0","13","13","13","13","13","13","0","13","13","13","0","93.55261887532603","Sun Aug 23 18:16:13 2026","1000","The main experiment item","False","V7_AttentionalSpatialBias_ (1).osexp","C:\Users\plcm\Downloads","240.0","011.png","890.2502400000001","357.40224","True","False","mono","False","18","no","white","no","yes","RTL","890.2502400000001","357.40224","864","2","010.png","011.png","3","legacy","Arabic","13","13","C:\Users\plcm\Downloads\subject-110.csv","150","legacy","no","316131.0","Neonatal Nightingale","4.1.14","6","6","no_prime_trial_14","14","RTL","","0","2","0","2","NA","NA","2","467.0","2566","NA","NA","467","2","legacy","1, 3, 6, 2, 5, 4, 4, 2, 5, 1, 3, 6, 2, 6, 4, 1, 3, 5, 5, 6, 3, 1, 4, 2, 1, 4, 6, 3, 2, 5, 4, 6, 2, 1, 5, 3, 1, 6, 4, 5, 2, 3, 3, 1, 6, 5, 2, 4","False","1024","2","48000","-16","experiment","110","even","154.8413001000299","501.0","1035.0","586.0","278.0","105960","NA","NA","1391","315008","315008","NA","5255","45911","NA","1392","321606","315002","NA","315116","315122","13606","321133","108527","NA","NA","109341","315002","321606","321139","315002","316123","316122","109341","315002","316123","316131","5255","Attentional Spatial Bias","0","0","0","14","سنقوم الآن بمعايرة جهاز تتبع العين.<br><br>يرجى تتبع النقطة المتحركة بعينيك وإبقاء رأسك ثابتًا.<br><br>يرجى الانتظار.","شكرًا على مشاركتك!<br><br>انتهت التجربة الآن.<br><br>يرجى الاتصال بالباحث.","في هذه التجربة، ستقرأ قصة قصيرة معروضة على الشاشة.<br><br>يرجى قراءة كل سطر بعناية، حيث سيُطرح عليك بعض الأسئلة حول القصة في نهاية التجربة.<br><br>بعد كل فقرة، سترى صورتين. انظر إلى كلتا الصورتين واحسب العدد الإجمالي للدوائر الموجودة في الصورتين.<br><br>في الشاشة التالية، سترى أمثلة على دائرة صحيحة وشكل غير صحيح. احسب فقط الأشكال التي تتطابق مع مثال الدائرة الصحيحة.<br><br>اضغط على أي مفتاح للبدء.","أدخل عدد الدوائر (اضغط على 0-3)","مرحبًا! اضغط على أي مفتاح للمتابعة.","Arabic","1536","-267","267","-267","267","154","-154","154","-154"
"6","5000","8","undefined","undefined","undefined","undefined","#1a1a1a","2","legacy","True","legacy","legacy","uniform","undefined","undefined","undefined","0","NA","0","0","14","14","0","0","0","NA","0","14","14","NA","14","14","0","14","0","0","NA","0","14","14","14","14","14","14","0","14","14","14","0","55.31903853394419","Sun Aug 23 18:16:13 2026","1000","The main experiment item","False","V7_AttentionalSpatialBias_ (1).osexp","C:\Users\plcm\Downloads","219.0","012.png","770.11968","268.67808","True","False","mono","False","18","no","white","no","yes","RTL","770.11968","268.67808","864","2","012.png","013.png","3","legacy","Arabic","14","14","C:\Users\plcm\Downloads\subject-110.csv","150","legacy","no","323002.0","Neonatal Nightingale","4.1.14","4","4","no_prime_trial_15","15","RTL","","0","1","0","1","NA","NA","1","539.0","2566","NA","NA","539","2","legacy","1, 3, 6, 2, 5, 4, 4, 2, 5, 1, 3, 6, 2, 6, 4, 1, 3, 5, 5, 6, 3, 1, 4, 2, 1, 4, 6, 3, 2, 5, 4, 6, 2, 1, 5, 3, 1, 6, 4, 5, 2, 3, 3, 1, 6, 5, 2, 4","False","1024","2","48000","-16","experiment","110","even","161.56270589999622","768.0","768.0","124.0","740.0","105960","NA","NA","1391","321729","321730","NA","5255","45911","NA","1392","328551","321723","NA","321988","321993","13606","328005","108527","NA","NA","109341","321723","328550","328011","321723","322995","322993","109341","321723","322995","323002","5255","Attentional Spatial Bias","0","0","0","15","سنقوم الآن بمعايرة جهاز تتبع العين.<br><br>يرجى تتبع النقطة المتحركة بعينيك وإبقاء رأسك ثابتًا.<br><br>يرجى الانتظار.","شكرًا على مشاركتك!<br><br>انتهت التجربة الآن.<br><br>يرجى الاتصال بالباحث.","في هذه التجربة، ستقرأ قصة قصيرة معروضة على الشاشة.<br><br>يرجى قراءة كل سطر بعناية، حيث سيُطرح عليك بعض الأسئلة حول القصة في نهاية التجربة.<br><br>بعد كل فقرة، سترى صورتين. انظر إلى كلتا الصورتين واحسب العدد الإجمالي للدوائر الموجودة في الصورتين.<br><br>في الشاشة التالية، سترى أمثلة على دائرة صحيحة وشكل غير صحيح. احسب فقط الأشكال التي تتطابق مع مثال الدائرة الصحيحة.<br><br>اضغط على أي مفتاح للبدء.","أدخل عدد الدوائر (اضغط على 0-3)","مرحبًا! اضغط على أي مفتاح للمتابعة.","Arabic","1536","0","0","0","0","-308","308","-308","308"
"6","5000","8","undefined","undefined","undefined","undefined","#1a1a1a","2","legacy","True","legacy","legacy","uniform","undefined","undefined","undefined","0","NA","0","0","15","15","0","0","0","NA","0","15","15","NA","15","15","0","15","0","0","NA","0","15","15","15","15","15","15","0","15","15","15","0","25.203824203544993","Sun Aug 23 18:16:13 2026","1000","The main experiment item","False","V7_AttentionalSpatialBias_ (1).osexp","C:\Users\plcm\Downloads","251.0","014.png","547.82976","364.40927999999997","True","False","mono","False","18","no","white","no","yes","RTL","547.82976","364.40927999999997","864","2","014.png","015.png","3","legacy","Arabic","15","15","C:\Users\plcm\Downloads\subject-110.csv","150","legacy","no","329969.0","Neonatal Nightingale","4.1.14","1","1","no_prime_trial_16","16","RTL","","0","1","0","1","NA","NA","1","995.0","2566","NA","NA","995","2","legacy","1, 3, 6, 2, 5, 4, 4, 2, 5, 1, 3, 6, 2, 6, 4, 1, 3, 5, 5, 6, 3, 1, 4, 2, 1, 4, 6, 3, 2, 5, 4, 6, 2, 1, 5, 3, 1, 6, 4, 5, 2, 3, 3, 1, 6, 5, 2, 4","False","1024","2","48000","-16","experiment","110","even","168.5316853999975","460.0","1076.0","432.0","432.0","105960","NA","NA","1391","328698","328698","NA","5255","45911","NA","1392","335975","328692","NA","328954","328959","13606","334973","108527","NA","NA","109341","328692","335975","334979","328692","329960","329959","109341","328691","329960","329969","5255","Attentional Spatial Bias","0","0","0","16","سنقوم الآن بمعايرة جهاز تتبع العين.<br><br>يرجى تتبع النقطة المتحركة بعينيك وإبقاء رأسك ثابتًا.<br><br>يرجى الانتظار.","شكرًا على مشاركتك!<br><br>انتهت التجربة الآن.<br><br>يرجى الاتصال بالباحث.","في هذه التجربة، ستقرأ قصة قصيرة معروضة على الشاشة.<br><br>يرجى قراءة كل سطر بعناية، حيث سيُطرح عليك بعض الأسئلة حول القصة في نهاية التجربة.<br><br>بعد كل فقرة، سترى صورتين. انظر إلى كلتا الصورتين واحسب العدد الإجمالي للدوائر الموجودة في الصورتين.<br><br>في الشاشة التالية، سترى أمثلة على دائرة صحيحة وشكل غير صحيح. احسب فقط الأشكال التي تتطابق مع مثال الدائرة الصحيحة.<br><br>اضغط على أي مفتاح للبدء.","أدخل عدد الدوائر (اضغط على 0-3)","مرحبًا! اضغط على أي مفتاح للمتابعة.","Arabic","1536","-308","308","-308","308","0","0","0","0"
"6","5000","8","undefined","undefined","undefined","undefined","#1a1a1a","2","legacy","True","legacy","legacy","uniform","undefined","undefined","undefined","0","NA","0","0","16","16","0","0","0","NA","0","16","16","NA","16","16","0","16","0","0","NA","0","16","16","16","16","16","16","0","16","16","16","0","62.728866067226214","Sun Aug 23 18:16:13 2026","1000","The main experiment item","False","V7_AttentionalSpatialBias_ (1).osexp","C:\Users\plcm\Downloads","257.0","000.png","737.664","208.64736000000002","True","False","mono","False","18","no","white","no","yes","RTL","737.664","208.64736000000002","864","2","000.png","001.png","3","legacy","Arabic","16","16","C:\Users\plcm\Downloads\subject-110.csv","150","legacy","no","337099.0","Neonatal Nightingale","4.1.14","3","3","no_prime_trial_17","17","RTL","","0","2","0","2","NA","NA","2","412.0","2566","NA","NA","412","2","legacy","1, 3, 6, 2, 5, 4, 4, 2, 5, 1, 3, 6, 2, 6, 4, 1, 3, 5, 5, 6, 3, 1, 4, 2, 1, 4, 6, 3, 2, 5, 4, 6, 2, 1, 5, 3, 1, 6, 4, 5, 2, 3, 3, 1, 6, 5, 2, 4","False","1024","2","48000","-16","experiment","110","even","175.91285490000155","614.0","922.0","165.0","699.0","105960","NA","NA","1391","336079","336080","NA","5255","45911","NA","1392","342518","336073","NA","336085","336090","13606","342100","108527","NA","NA","109341","336073","342518","342106","336073","337091","337090","109341","336072","337092","337099","5255","Attentional Spatial Bias","0","0","0","17","سنقوم الآن بمعايرة جهاز تتبع العين.<br><br>يرجى تتبع النقطة المتحركة بعينيك وإبقاء رأسك ثابتًا.<br><br>يرجى الانتظار.","شكرًا على مشاركتك!<br><br>انتهت التجربة الآن.<br><br>يرجى الاتصال بالباحث.","في هذه التجربة، ستقرأ قصة قصيرة معروضة على الشاشة.<br><br>يرجى قراءة كل سطر بعناية، حيث سيُطرح عليك بعض الأسئلة حول القصة في نهاية التجربة.<br><br>بعد كل فقرة، سترى صورتين. انظر إلى كلتا الصورتين واحسب العدد الإجمالي للدوائر الموجودة في الصورتين.<br><br>في الشاشة التالية، سترى أمثلة على دائرة صحيحة وشكل غير صحيح. احسب فقط الأشكال التي تتطابق مع مثال الدائرة الصحيحة.<br><br>اضغط على أي مفتاح للبدء.","أدخل عدد الدوائر (اضغط على 0-3)","مرحبًا! اضغط على أي مفتاح للمتابعة.","Arabic","1536","-154","154","-154","154","-267","267","-267","267"
"6","5000","8","undefined","undefined","undefined","undefined","#1a1a1a","2","legacy","True","legacy","legacy","uniform","undefined","undefined","undefined","0","NA","0","0","17","17","0","0","0","NA","0","17","17","NA","17","17","0","17","0","0","NA","0","17","17","17","17","17","17","0","17","17","17","0","28.031579585888462","Sun Aug 23 18:16:13 2026","1000","The main experiment item","False","V7_AttentionalSpatialBias_ (1).osexp","C:\Users\plcm\Downloads","224.0","003.png","836.98176","291.11616000000004","True","False","mono","False","18","no","white","no","yes","RTL","836.98176","291.11616000000004","864","2","002.png","003.png","3","legacy","Arabic","17","17","C:\Users\plcm\Downloads\subject-110.csv","150","legacy","no","343877.0","Neonatal Nightingale","4.1.14","5","5","no_prime_trial_18","18","RTL","","0","1","0","1","NA","NA","1","863.0","2566","NA","NA","863","2","legacy","1, 3, 6, 2, 5, 4, 4, 2, 5, 1, 3, 6, 2, 6, 4, 1, 3, 5, 5, 6, 3, 1, 4, 2, 1, 4, 6, 3, 2, 5, 4, 6, 2, 1, 5, 3, 1, 6, 4, 5, 2, 3, 3, 1, 6, 5, 2, 4","False","1024","2","48000","-16","experiment","110","even","182.4509421000257","614.0","922.0","699.0","165.0","105960","NA","NA","1391","342618","342618","NA","5255","45911","NA","1392","349751","342612","NA","342862","342868","13606","348880","108527","NA","NA","109341","342612","349750","348887","342611","343870","343868","109341","342611","343870","343877","5255","Attentional Spatial Bias","0","0","0","18","سنقوم الآن بمعايرة جهاز تتبع العين.<br><br>يرجى تتبع النقطة المتحركة بعينيك وإبقاء رأسك ثابتًا.<br><br>يرجى الانتظار.","شكرًا على مشاركتك!<br><br>انتهت التجربة الآن.<br><br>يرجى الاتصال بالباحث.","في هذه التجربة، ستقرأ قصة قصيرة معروضة على الشاشة.<br><br>يرجى قراءة كل سطر بعناية، حيث سيُطرح عليك بعض الأسئلة حول القصة في نهاية التجربة.<br><br>بعد كل فقرة، سترى صورتين. انظر إلى كلتا الصورتين واحسب العدد الإجمالي للدوائر الموجودة في الصورتين.<br><br>في الشاشة التالية، سترى أمثلة على دائرة صحيحة وشكل غير صحيح. احسب فقط الأشكال التي تتطابق مع مثال الدائرة الصحيحة.<br><br>اضغط على أي مفتاح للبدء.","أدخل عدد الدوائر (اضغط على 0-3)","مرحبًا! اضغط على أي مفتاح للمتابعة.","Arabic","1536","-154","154","-154","154","267","-267","267","-267"
"6","5000","8","undefined","undefined","undefined","undefined","#1a1a1a","3","legacy","True","legacy","legacy","uniform","undefined","undefined","undefined","0","NA","0","0","18","18","0","0","0","NA","0","18","18","NA","18","18","0","18","0","0","NA","0","18","18","18","18","18","18","0","18","18","18","0","25.201895133310934","Sun Aug 23 18:16:13 2026","1000","The main experiment item","False","V7_AttentionalSpatialBias_ (1).osexp","C:\Users\plcm\Downloads","279.0","005.png","851.5584","184.71456","True","False","mono","False","18","no","white","no","yes","RTL","851.5584","184.71456","864","3","004.png","005.png","3","legacy","Arabic","18","18","C:\Users\plcm\Downloads\subject-110.csv","150","legacy","no","370192.0","Neonatal Nightingale","4.1.14","5","5","prime_4","19","RTL","ذات ليلة، أطلق الصيادون النار بالقرب منه، فاختبأ بين القصب حتى أصبح المكان آمنًا.","0","2","0","2","NA","NA","2","718.0","2566","NA","NA","718","2","legacy","1, 3, 6, 2, 5, 4, 4, 2, 5, 1, 3, 6, 2, 6, 4, 1, 3, 5, 5, 6, 3, 1, 4, 2, 1, 4, 6, 3, 2, 5, 4, 6, 2, 1, 5, 3, 1, 6, 4, 5, 2, 3, 3, 1, 6, 5, 2, 4","True","1024","2","48000","-16","experiment","110","even","209.00581679999596","614.0","922.0","699.0","165.0","105960","NA","NA","1391","369173","369173","NA","5255","45911","NA","1392","375919","369166","NA","369178","369183","13606","375193","108527","NA","NA","109341","349893","375919","375200","349892","370184","370183","109341","349892","370184","370192","5255","Attentional Spatial Bias","0","0","0","19","سنقوم الآن بمعايرة جهاز تتبع العين.<br><br>يرجى تتبع النقطة المتحركة بعينيك وإبقاء رأسك ثابتًا.<br><br>يرجى الانتظار.","شكرًا على مشاركتك!<br><br>انتهت التجربة الآن.<br><br>يرجى الاتصال بالباحث.","في هذه التجربة، ستقرأ قصة قصيرة معروضة على الشاشة.<br><br>يرجى قراءة كل سطر بعناية، حيث سيُطرح عليك بعض الأسئلة حول القصة في نهاية التجربة.<br><br>بعد كل فقرة، سترى صورتين. انظر إلى كلتا الصورتين واحسب العدد الإجمالي للدوائر الموجودة في الصورتين.<br><br>في الشاشة التالية، سترى أمثلة على دائرة صحيحة وشكل غير صحيح. احسب فقط الأشكال التي تتطابق مع مثال الدائرة الصحيحة.<br><br>اضغط على أي مفتاح للبدء.","أدخل عدد الدوائر (اضغط على 0-3)","مرحبًا! اضغط على أي مفتاح للمتابعة.","Arabic","1536","-154","154","-154","154","267","-267","267","-267"
"6","5000","8","undefined","undefined","undefined","undefined","#1a1a1a","3","legacy","True","legacy","legacy","uniform","undefined","undefined","undefined","0","NA","0","0","19","19","0","0","0","NA","0","19","19","NA","19","19","0","19","0","0","NA","0","19","19","19","19","19","19","0","19","19","19","0","68.00955465297504","Sun Aug 23 18:16:13 2026","1000","The main experiment item","False","V7_AttentionalSpatialBias_ (1).osexp","C:\Users\plcm\Downloads","292.0","007.png","902.3232","325.17503999999997","True","False","mono","False","18","no","white","no","yes","RTL","902.3232","325.17503999999997","864","3","006.png","007.png","3","legacy","Arabic","19","19","C:\Users\plcm\Downloads\subject-110.csv","150","legacy","no","377333.0","Neonatal Nightingale","4.1.14","6","6","no_prime_trial_20","20","RTL","","0","2","0","2","NA","NA","2","704.0","2566","NA","NA","704","2","legacy","1, 3, 6, 2, 5, 4, 4, 2, 5, 1, 3, 6, 2, 6, 4, 1, 3, 5, 5, 6, 3, 1, 4, 2, 1, 4, 6, 3, 2, 5, 4, 6, 2, 1, 5, 3, 1, 6, 4, 5, 2, 3, 3, 1, 6, 5, 2, 4","False","1024","2","48000","-16","experiment","110","even","215.89537480002036","501.0","1035.0","586.0","278.0","105960","NA","NA","1391","376062","376062","NA","5255","45911","NA","1392","383047","376056","NA","376317","376322","13606","382336","108527","NA","NA","109341","376056","383047","382342","376056","377324","377322","109341","376055","377324","377333","5255","Attentional Spatial Bias","0","0","0","20","سنقوم الآن بمعايرة جهاز تتبع العين.<br><br>يرجى تتبع النقطة المتحركة بعينيك وإبقاء رأسك ثابتًا.<br><br>يرجى الانتظار.","شكرًا على مشاركتك!<br><br>انتهت التجربة الآن.<br><br>يرجى الاتصال بالباحث.","في هذه التجربة، ستقرأ قصة قصيرة معروضة على الشاشة.<br><br>يرجى قراءة كل سطر بعناية، حيث سيُطرح عليك بعض الأسئلة حول القصة في نهاية التجربة.<br><br>بعد كل فقرة، سترى صورتين. انظر إلى كلتا الصورتين واحسب العدد الإجمالي للدوائر الموجودة في الصورتين.<br><br>في الشاشة التالية، سترى أمثلة على دائرة صحيحة وشكل غير صحيح. احسب فقط الأشكال التي تتطابق مع مثال الدائرة الصحيحة.<br><br>اضغط على أي مفتاح للبدء.","أدخل عدد الدوائر (اضغط على 0-3)","مرحبًا! اضغط على أي مفتاح للمتابعة.","Arabic","1536","-267","267","-267","267","154","-154","154","-154"
"6","5000","8","undefined","undefined","undefined","undefined","#1a1a1a","3","legacy","True","legacy","legacy","uniform","undefined","undefined","undefined","0","NA","0","0","20","20","0","0","0","NA","0","20","20","NA","20","20","0","20","0","0","NA","0","20","20","20","20","20","20","0","20","20","20","0","48.503835151426955","Sun Aug 23 18:16:13 2026","1000","The main experiment item","False","V7_AttentionalSpatialBias_ (1).osexp","C:\Users\plcm\Downloads","229.0","008.png","696.06912","195.05664","True","False","mono","False","18","no","white","no","yes","RTL","696.06912","195.05664","864","3","008.png","009.png","3","legacy","Arabic","20","20","C:\Users\plcm\Downloads\subject-110.csv","150","legacy","no","384205.0","Neonatal Nightingale","4.1.14","3","3","no_prime_trial_21","21","RTL","","0","0","0","0","NA","NA","0","736.0","2566","NA","NA","736","2","legacy","1, 3, 6, 2, 5, 4, 4, 2, 5, 1, 3, 6, 2, 6, 4, 1, 3, 5, 5, 6, 3, 1, 4, 2, 1, 4, 6, 3, 2, 5, 4, 6, 2, 1, 5, 3, 1, 6, 4, 5, 2, 3, 3, 1, 6, 5, 2, 4","False","1024","2","48000","-16","experiment","110","even","223.01240270002745","614.0","922.0","165.0","699.0","105960","NA","NA","1391","383179","383179","NA","5255","45911","NA","1392","389951","383173","NA","383185","383190","13606","389208","108527","NA","NA","109341","383173","389951","389214","383173","384191","384190","109341","383173","384191","384205","5255","Attentional Spatial Bias","0","0","0","21","سنقوم الآن بمعايرة جهاز تتبع العين.<br><br>يرجى تتبع النقطة المتحركة بعينيك وإبقاء رأسك ثابتًا.<br><br>يرجى الانتظار.","شكرًا على مشاركتك!<br><br>انتهت التجربة الآن.<br><br>يرجى الاتصال بالباحث.","في هذه التجربة، ستقرأ قصة قصيرة معروضة على الشاشة.<br><br>يرجى قراءة كل سطر بعناية، حيث سيُطرح عليك بعض الأسئلة حول القصة في نهاية التجربة.<br><br>بعد كل فقرة، سترى صورتين. انظر إلى كلتا الصورتين واحسب العدد الإجمالي للدوائر الموجودة في الصورتين.<br><br>في الشاشة التالية، سترى أمثلة على دائرة صحيحة وشكل غير صحيح. احسب فقط الأشكال التي تتطابق مع مثال الدائرة الصحيحة.<br><br>اضغط على أي مفتاح للبدء.","أدخل عدد الدوائر (اضغط على 0-3)","مرحبًا! اضغط على أي مفتاح للمتابعة.","Arabic","1536","-154","154","-154","154","-267","267","-267","267"
"6","5000","8","undefined","undefined","undefined","undefined","#1a1a1a","3","legacy","True","legacy","legacy","uniform","undefined","undefined","undefined","0","NA","0","0","21","21","0","0","0","NA","0","21","21","NA","21","21","0","21","0","0","NA","0","21","21","21","21","21","21","0","21","21","21","0","88.24577335151186","Sun Aug 23 18:16:13 2026","1000","The main experiment item","False","V7_AttentionalSpatialBias_ (1).osexp","C:\Users\plcm\Downloads","261.0","010.png","556.20096","308.47392","True","False","mono","False","18","no","white","no","yes","RTL","556.20096","308.47392","864","3","010.png","011.png","3","legacy","Arabic","21","21","C:\Users\plcm\Downloads\subject-110.csv","150","legacy","no","391091.0","Neonatal Nightingale","4.1.14","1","1","no_prime_trial_22","22","RTL","","0","2","0","2","NA","NA","2","3592.0","2566","NA","NA","3592","2","legacy","1, 3, 6, 2, 5, 4, 4, 2, 5, 1, 3, 6, 2, 6, 4, 1, 3, 5, 5, 6, 3, 1, 4, 2, 1, 4, 6, 3, 2, 5, 4, 6, 2, 1, 5, 3, 1, 6, 4, 5, 2, 3, 3, 1, 6, 5, 2, 4","False","1024","2","48000","-16","experiment","110","even","229.90408670000033","460.0","1076.0","432.0","432.0","105960","NA","NA","1391","390071","390071","NA","5255","45911","NA","1392","399695","390065","NA","390077","390082","13606","396096","108527","NA","NA","109341","390065","399695","396102","390065","391083","391082","109341","390065","391083","391091","5255","Attentional Spatial Bias","0","0","0","22","سنقوم الآن بمعايرة جهاز تتبع العين.<br><br>يرجى تتبع النقطة المتحركة بعينيك وإبقاء رأسك ثابتًا.<br><br>يرجى الانتظار.","شكرًا على مشاركتك!<br><br>انتهت التجربة الآن.<br><br>يرجى الاتصال بالباحث.","في هذه التجربة، ستقرأ قصة قصيرة معروضة على الشاشة.<br><br>يرجى قراءة كل سطر بعناية، حيث سيُطرح عليك بعض الأسئلة حول القصة في نهاية التجربة.<br><br>بعد كل فقرة، سترى صورتين. انظر إلى كلتا الصورتين واحسب العدد الإجمالي للدوائر الموجودة في الصورتين.<br><br>في الشاشة التالية، سترى أمثلة على دائرة صحيحة وشكل غير صحيح. احسب فقط الأشكال التي تتطابق مع مثال الدائرة الصحيحة.<br><br>اضغط على أي مفتاح للبدء.","أدخل عدد الدوائر (اضغط على 0-3)","مرحبًا! اضغط على أي مفتاح للمتابعة.","Arabic","1536","-308","308","-308","308","0","0","0","0"
"6","5000","8","undefined","undefined","undefined","undefined","#1a1a1a","3","legacy","True","legacy","legacy","uniform","undefined","undefined","undefined","0","NA","0","0","22","22","0","0","0","NA","0","22","22","NA","22","22","0","22","0","0","NA","0","22","22","22","22","22","22","0","22","22","22","0","95.36560072948738","Sun Aug 23 18:16:13 2026","1000","The main experiment item","False","V7_AttentionalSpatialBias_ (1).osexp","C:\Users\plcm\Downloads","65.0","012.png","654.78144","271.89216000000005","True","False","mono","False","18","no","white","no","yes","RTL","654.78144","271.89216000000005","864","3","012.png","013.png","3","legacy","Arabic","22","22","C:\Users\plcm\Downloads\subject-110.csv","150","legacy","no","400882.0","Neonatal Nightingale","4.1.14","4","4","no_prime_trial_23","23","RTL","","0","1","0","1","NA","NA","1","1210.0","2566","NA","NA","1210","2","legacy","1, 3, 6, 2, 5, 4, 4, 2, 5, 1, 3, 6, 2, 6, 4, 1, 3, 5, 5, 6, 3, 1, 4, 2, 1, 4, 6, 3, 2, 5, 4, 6, 2, 1, 5, 3, 1, 6, 4, 5, 2, 3, 3, 1, 6, 5, 2, 4","False","1024","2","48000","-16","experiment","110","even","239.65313059999608","768.0","768.0","124.0","740.0","105960","NA","NA","1391","399820","399820","NA","5255","45911","NA","1392","407103","399814","NA","399864","399869","13606","405885","108527","NA","NA","109341","399814","407103","405892","399814","400870","400869","109341","399814","400870","400882","5255","Attentional Spatial Bias","0","0","0","23","سنقوم الآن بمعايرة جهاز تتبع العين.<br><br>يرجى تتبع النقطة المتحركة بعينيك وإبقاء رأسك ثابتًا.<br><br>يرجى الانتظار.","شكرًا على مشاركتك!<br><br>انتهت التجربة الآن.<br><br>يرجى الاتصال بالباحث.","في هذه التجربة، ستقرأ قصة قصيرة معروضة على الشاشة.<br><br>يرجى قراءة كل سطر بعناية، حيث سيُطرح عليك بعض الأسئلة حول القصة في نهاية التجربة.<br><br>بعد كل فقرة، سترى صورتين. انظر إلى كلتا الصورتين واحسب العدد الإجمالي للدوائر الموجودة في الصورتين.<br><br>في الشاشة التالية، سترى أمثلة على دائرة صحيحة وشكل غير صحيح. احسب فقط الأشكال التي تتطابق مع مثال الدائرة الصحيحة.<br><br>اضغط على أي مفتاح للبدء.","أدخل عدد الدوائر (اضغط على 0-3)","مرحبًا! اضغط على أي مفتاح للمتابعة.","Arabic","1536","0","0","0","0","-308","308","-308","308"
"6","5000","8","undefined","undefined","undefined","undefined","#1a1a1a","3","legacy","True","legacy","legacy","uniform","undefined","undefined","undefined","0","NA","0","0","23","23","0","0","0","NA","0","23","23","NA","23","23","0","23","0","0","NA","0","23","23","23","23","23","23","0","23","23","23","0","40.40353478080839","Sun Aug 23 18:16:13 2026","1000","The main experiment item","False","V7_AttentionalSpatialBias_ (1).osexp","C:\Users\plcm\Downloads","224.0","014.png","594.23232","317.13984","True","False","mono","False","18","no","white","no","yes","RTL","594.23232","317.13984","864","3","014.png","015.png","3","legacy","Arabic","23","23","C:\Users\plcm\Downloads\subject-110.csv","150","legacy","no","408267.0","Neonatal Nightingale","4.1.14","2","2","no_prime_trial_24","24","RTL","","0","1","0","1","NA","NA","1","970.0","2566","NA","NA","970","2","legacy","1, 3, 6, 2, 5, 4, 4, 2, 5, 1, 3, 6, 2, 6, 4, 1, 3, 5, 5, 6, 3, 1, 4, 2, 1, 4, 6, 3, 2, 5, 4, 6, 2, 1, 5, 3, 1, 6, 4, 5, 2, 3, 3, 1, 6, 5, 2, 4","False","1024","2","48000","-16","experiment","110","even","247.07404259999748","501.0","1035.0","278.0","586.0","105960","NA","NA","1391","407241","407241","NA","5255","45911","NA","1392","414247","407235","NA","407247","407252","13606","413270","108527","NA","NA","109341","407235","414247","413276","407235","408254","408252","109341","407235","408254","408267","5255","Attentional Spatial Bias","0","0","0","24","سنقوم الآن بمعايرة جهاز تتبع العين.<br><br>يرجى تتبع النقطة المتحركة بعينيك وإبقاء رأسك ثابتًا.<br><br>يرجى الانتظار.","شكرًا على مشاركتك!<br><br>انتهت التجربة الآن.<br><br>يرجى الاتصال بالباحث.","في هذه التجربة، ستقرأ قصة قصيرة معروضة على الشاشة.<br><br>يرجى قراءة كل سطر بعناية، حيث سيُطرح عليك بعض الأسئلة حول القصة في نهاية التجربة.<br><br>بعد كل فقرة، سترى صورتين. انظر إلى كلتا الصورتين واحسب العدد الإجمالي للدوائر الموجودة في الصورتين.<br><br>في الشاشة التالية، سترى أمثلة على دائرة صحيحة وشكل غير صحيح. احسب فقط الأشكال التي تتطابق مع مثال الدائرة الصحيحة.<br><br>اضغط على أي مفتاح للبدء.","أدخل عدد الدوائر (اضغط على 0-3)","مرحبًا! اضغط على أي مفتاح للمتابعة.","Arabic","1536","-267","267","-267","267","-154","154","-154","154"
"6","5000","8","undefined","undefined","undefined","undefined","#1a1a1a","4","legacy","True","legacy","legacy","uniform","undefined","undefined","undefined","0","NA","0","0","24","24","0","0","0","NA","0","24","24","NA","24","24","0","24","0","0","NA","0","24","24","24","24","24","24","0","24","24","24","0","53.919618202565175","Sun Aug 23 18:16:13 2026","1000","The main experiment item","False","V7_AttentionalSpatialBias_ (1).osexp","C:\Users\plcm\Downloads","225.0","000.png","506.88","367.37280000000004","True","False","mono","False","18","no","white","no","yes","RTL","506.88","367.37280000000004","864","4","000.png","001.png","3","legacy","Arabic","24","24","C:\Users\plcm\Downloads\subject-110.csv","150","legacy","no","457591.0","Neonatal Nightingale","4.1.14","1","1","prime_5","25","RTL","عثر على منزل صغير تسكنه امرأة عجوز وقطة ودجاجة. كانت القطة والدجاجة لئيمتين ووصفتاه بأنه عديم الفائدة. حزينًا، غادر المكان وواصل تجوله وحيدًا.","0","2","0","2","NA","NA","2","573.0","2566","NA","NA","573","2","legacy","1, 3, 6, 2, 5, 4, 4, 2, 5, 1, 3, 6, 2, 6, 4, 1, 3, 5, 5, 6, 3, 1, 4, 2, 1, 4, 6, 3, 2, 5, 4, 6, 2, 1, 5, 3, 1, 6, 4, 5, 2, 3, 3, 1, 6, 5, 2, 4","True","1024","2","48000","-16","experiment","110","even","296.05436760000885","460.0","1076.0","432.0","432.0","105960","NA","NA","1391","456221","456221","NA","5255","45911","NA","1392","463175","456215","NA","456571","456576","13606","462595","108527","NA","NA","109341","414357","463175","462601","414357","457578","457576","109341","414357","457578","457591","5255","Attentional Spatial Bias","0","0","0","25","سنقوم الآن بمعايرة جهاز تتبع العين.<br><br>يرجى تتبع النقطة المتحركة بعينيك وإبقاء رأسك ثابتًا.<br><br>يرجى الانتظار.","شكرًا على مشاركتك!<br><br>انتهت التجربة الآن.<br><br>يرجى الاتصال بالباحث.","في هذه التجربة، ستقرأ قصة قصيرة معروضة على الشاشة.<br><br>يرجى قراءة كل سطر بعناية، حيث سيُطرح عليك بعض الأسئلة حول القصة في نهاية التجربة.<br><br>بعد كل فقرة، سترى صورتين. انظر إلى كلتا الصورتين واحسب العدد الإجمالي للدوائر الموجودة في الصورتين.<br><br>في الشاشة التالية، سترى أمثلة على دائرة صحيحة وشكل غير صحيح. احسب فقط الأشكال التي تتطابق مع مثال الدائرة الصحيحة.<br><br>اضغط على أي مفتاح للبدء.","أدخل عدد الدوائر (اضغط على 0-3)","مرحبًا! اضغط على أي مفتاح للمتابعة.","Arabic","1536","-308","308","-308","308","0","0","0","0"
"6","5000","8","undefined","undefined","undefined","undefined","#1a1a1a","4","legacy","True","legacy","legacy","uniform","undefined","undefined","undefined","0","NA","0","0","25","25","0","0","0","NA","0","25","25","NA","25","25","0","25","0","0","NA","0","25","25","25","25","25","25","0","25","25","25","0","88.8233072409624","Sun Aug 23 18:16:13 2026","1000","The main experiment item","False","V7_AttentionalSpatialBias_ (1).osexp","C:\Users\plcm\Downloads","221.0","002.png","757.52448","159.31296","True","False","mono","False","18","no","white","no","yes","RTL","757.52448","159.31296","864","4","002.png","003.png","3","legacy","Arabic","25","25","C:\Users\plcm\Downloads\subject-110.csv","150","legacy","no","464369.0","Neonatal Nightingale","4.1.14","4","4","no_prime_trial_26","26","RTL","","0","1","0","1","NA","NA","1","828.0","2566","NA","NA","828","2","legacy","1, 3, 6, 2, 5, 4, 4, 2, 5, 1, 3, 6, 2, 6, 4, 1, 3, 5, 5, 6, 3, 1, 4, 2, 1, 4, 6, 3, 2, 5, 4, 6, 2, 1, 5, 3, 1, 6, 4, 5, 2, 3, 3, 1, 6, 5, 2, 4","False","1024","2","48000","-16","experiment","110","even","303.1221595000243","768.0","768.0","124.0","740.0","105960","NA","NA","1391","463289","463289","NA","5255","45911","NA","1392","470207","463282","NA","463354","463360","13606","469371","108527","NA","NA","109341","463282","470207","469378","463282","464361","464360","109341","463282","464361","464369","5255","Attentional Spatial Bias","0","0","0","26","سنقوم الآن بمعايرة جهاز تتبع العين.<br><br>يرجى تتبع النقطة المتحركة بعينيك وإبقاء رأسك ثابتًا.<br><br>يرجى الانتظار.","شكرًا على مشاركتك!<br><br>انتهت التجربة الآن.<br><br>يرجى الاتصال بالباحث.","في هذه التجربة، ستقرأ قصة قصيرة معروضة على الشاشة.<br><br>يرجى قراءة كل سطر بعناية، حيث سيُطرح عليك بعض الأسئلة حول القصة في نهاية التجربة.<br><br>بعد كل فقرة، سترى صورتين. انظر إلى كلتا الصورتين واحسب العدد الإجمالي للدوائر الموجودة في الصورتين.<br><br>في الشاشة التالية، سترى أمثلة على دائرة صحيحة وشكل غير صحيح. احسب فقط الأشكال التي تتطابق مع مثال الدائرة الصحيحة.<br><br>اضغط على أي مفتاح للبدء.","أدخل عدد الدوائر (اضغط على 0-3)","مرحبًا! اضغط على أي مفتاح للمتابعة.","Arabic","1536","0","0","0","0","-308","308","-308","308"
"6","5000","8","undefined","undefined","undefined","undefined","#1a1a1a","4","legacy","True","legacy","legacy","uniform","undefined","undefined","undefined","0","NA","0","0","26","26","0","0","0","NA","0","26","26","NA","26","26","0","26","0","0","NA","0","26","26","26","26","26","26","0","26","26","26","0","37.09785197602688","Sun Aug 23 18:16:13 2026","1000","The main experiment item","False","V7_AttentionalSpatialBias_ (1).osexp","C:\Users\plcm\Downloads","278.0","004.png","629.5296","442.4112","True","False","mono","False","18","no","white","no","yes","RTL","629.5296","442.4112","864","4","004.png","005.png","3","legacy","Arabic","26","26","C:\Users\plcm\Downloads\subject-110.csv","150","legacy","no","471352.0","Neonatal Nightingale","4.1.14","6","6","no_prime_trial_27","27","RTL","","0","2","0","2","NA","NA","2","724.0","2566","NA","NA","724","2","legacy","1, 3, 6, 2, 5, 4, 4, 2, 5, 1, 3, 6, 2, 6, 4, 1, 3, 5, 5, 6, 3, 1, 4, 2, 1, 4, 6, 3, 2, 5, 4, 6, 2, 1, 5, 3, 1, 6, 4, 5, 2, 3, 3, 1, 6, 5, 2, 4","False","1024","2","48000","-16","experiment","110","even","310.166086799989","501.0","1035.0","586.0","278.0","105960","NA","NA","1391","470333","470333","NA","5255","45911","NA","1392","477087","470327","NA","470338","470343","13606","476356","108527","NA","NA","109341","470327","477087","476362","470327","471345","471343","109341","470327","471345","471352","5255","Attentional Spatial Bias","0","0","0","27","سنقوم الآن بمعايرة جهاز تتبع العين.<br><br>يرجى تتبع النقطة المتحركة بعينيك وإبقاء رأسك ثابتًا.<br><br>يرجى الانتظار.","شكرًا على مشاركتك!<br><br>انتهت التجربة الآن.<br><br>يرجى الاتصال بالباحث.","في هذه التجربة، ستقرأ قصة قصيرة معروضة على الشاشة.<br><br>يرجى قراءة كل سطر بعناية، حيث سيُطرح عليك بعض الأسئلة حول القصة في نهاية التجربة.<br><br>بعد كل فقرة، سترى صورتين. انظر إلى كلتا الصورتين واحسب العدد الإجمالي للدوائر الموجودة في الصورتين.<br><br>في الشاشة التالية، سترى أمثلة على دائرة صحيحة وشكل غير صحيح. احسب فقط الأشكال التي تتطابق مع مثال الدائرة الصحيحة.<br><br>اضغط على أي مفتاح للبدء.","أدخل عدد الدوائر (اضغط على 0-3)","مرحبًا! اضغط على أي مفتاح للمتابعة.","Arabic","1536","-267","267","-267","267","154","-154","154","-154"
"6","5000","8","undefined","undefined","undefined","undefined","#1a1a1a","4","legacy","True","legacy","legacy","uniform","undefined","undefined","undefined","0","NA","0","0","27","27","0","0","0","NA","0","27","27","NA","27","27","0","27","0","0","NA","0","27","27","27","27","27","27","0","27","27","27","0","99.51384297712957","Sun Aug 23 18:16:13 2026","1000","The main experiment item","False","V7_AttentionalSpatialBias_ (1).osexp","C:\Users\plcm\Downloads","44.0","006.png","748.5081600000001","312.04224","True","False","mono","False","18","no","white","no","yes","RTL","748.5081600000001","312.04224","864","4","006.png","007.png","3","legacy","Arabic","27","27","C:\Users\plcm\Downloads\subject-110.csv","150","legacy","no","478254.0","Neonatal Nightingale","4.1.14","3","3","no_prime_trial_28","28","RTL","","0","2","0","2","NA","NA","2","446.0","2566","NA","NA","446","2","legacy","1, 3, 6, 2, 5, 4, 4, 2, 5, 1, 3, 6, 2, 6, 4, 1, 3, 5, 5, 6, 3, 1, 4, 2, 1, 4, 6, 3, 2, 5, 4, 6, 2, 1, 5, 3, 1, 6, 4, 5, 2, 3, 3, 1, 6, 5, 2, 4","False","1024","2","48000","-16","experiment","110","even","317.0608969000168","614.0","922.0","165.0","699.0","105960","NA","NA","1391","477228","477228","NA","5255","45911","NA","1392","483711","477219","NA","477239","477244","13606","483258","108527","NA","NA","109341","477219","483711","483264","477219","478245","478244","109341","477219","478245","478254","5255","Attentional Spatial Bias","0","0","0","28","سنقوم الآن بمعايرة جهاز تتبع العين.<br><br>يرجى تتبع النقطة المتحركة بعينيك وإبقاء رأسك ثابتًا.<br><br>يرجى الانتظار.","شكرًا على مشاركتك!<br><br>انتهت التجربة الآن.<br><br>يرجى الاتصال بالباحث.","في هذه التجربة، ستقرأ قصة قصيرة معروضة على الشاشة.<br><br>يرجى قراءة كل سطر بعناية، حيث سيُطرح عليك بعض الأسئلة حول القصة في نهاية التجربة.<br><br>بعد كل فقرة، سترى صورتين. انظر إلى كلتا الصورتين واحسب العدد الإجمالي للدوائر الموجودة في الصورتين.<br><br>في الشاشة التالية، سترى أمثلة على دائرة صحيحة وشكل غير صحيح. احسب فقط الأشكال التي تتطابق مع مثال الدائرة الصحيحة.<br><br>اضغط على أي مفتاح للبدء.","أدخل عدد الدوائر (اضغط على 0-3)","مرحبًا! اضغط على أي مفتاح للمتابعة.","Arabic","1536","-154","154","-154","154","-267","267","-267","267"
"6","5000","8","undefined","undefined","undefined","undefined","#1a1a1a","4","legacy","True","legacy","legacy","uniform","undefined","undefined","undefined","0","NA","0","0","28","28","0","0","0","NA","0","28","28","NA","28","28","0","28","0","0","NA","0","28","28","28","28","28","28","0","28","28","28","0","85.49369706788914","Sun Aug 23 18:16:13 2026","1000","The main experiment item","False","V7_AttentionalSpatialBias_ (1).osexp","C:\Users\plcm\Downloads","258.0","008.png","533.6064","304.56864","True","False","mono","False","18","no","white","no","yes","RTL","533.6064","304.56864","864","4","008.png","009.png","3","legacy","Arabic","28","28","C:\Users\plcm\Downloads\subject-110.csv","150","legacy","no","484872.0","Neonatal Nightingale","4.1.14","2","2","no_prime_trial_29","29","RTL","","0","0","0","0","NA","NA","0","724.0","2566","NA","NA","724","2","legacy","1, 3, 6, 2, 5, 4, 4, 2, 5, 1, 3, 6, 2, 6, 4, 1, 3, 5, 5, 6, 3, 1, 4, 2, 1, 4, 6, 3, 2, 5, 4, 6, 2, 1, 5, 3, 1, 6, 4, 5, 2, 3, 3, 1, 6, 5, 2, 4","False","1024","2","48000","-16","experiment","110","even","323.6634822000051","501.0","1035.0","278.0","586.0","105960","NA","NA","1391","483830","483830","NA","5255","45911","NA","1392","490607","483824","NA","483852","483857","13606","489876","108527","NA","NA","109341","483824","490607","489882","483824","484858","484857","109341","483824","484858","484872","5255","Attentional Spatial Bias","0","0","0","29","سنقوم الآن بمعايرة جهاز تتبع العين.<br><br>يرجى تتبع النقطة المتحركة بعينيك وإبقاء رأسك ثابتًا.<br><br>يرجى الانتظار.","شكرًا على مشاركتك!<br><br>انتهت التجربة الآن.<br><br>يرجى الاتصال بالباحث.","في هذه التجربة، ستقرأ قصة قصيرة معروضة على الشاشة.<br><br>يرجى قراءة كل سطر بعناية، حيث سيُطرح عليك بعض الأسئلة حول القصة في نهاية التجربة.<br><br>بعد كل فقرة، سترى صورتين. انظر إلى كلتا الصورتين واحسب العدد الإجمالي للدوائر الموجودة في الصورتين.<br><br>في الشاشة التالية، سترى أمثلة على دائرة صحيحة وشكل غير صحيح. احسب فقط الأشكال التي تتطابق مع مثال الدائرة الصحيحة.<br><br>اضغط على أي مفتاح للبدء.","أدخل عدد الدوائر (اضغط على 0-3)","مرحبًا! اضغط على أي مفتاح للمتابعة.","Arabic","1536","-267","267","-267","267","-154","154","-154","154"
"6","5000","8","undefined","undefined","undefined","undefined","#1a1a1a","4","legacy","True","legacy","legacy","uniform","undefined","undefined","undefined","0","NA","0","0","29","29","0","0","0","NA","0","29","29","NA","29","29","0","29","0","0","NA","0","29","29","29","29","29","29","0","29","29","29","0","32.8311855197219","Sun Aug 23 18:16:13 2026","1000","The main experiment item","False","V7_AttentionalSpatialBias_ (1).osexp","C:\Users\plcm\Downloads","261.0","011.png","875.1206400000001","247.38912","True","False","mono","False","18","no","white","no","yes","RTL","875.1206400000001","247.38912","864","4","010.png","011.png","3","legacy","Arabic","29","29","C:\Users\plcm\Downloads\subject-110.csv","150","legacy","no","492000.0","Neonatal Nightingale","4.1.14","5","5","no_prime_trial_30","30","RTL","","0","2","0","2","NA","NA","2","719.0","2566","NA","NA","719","2","legacy","1, 3, 6, 2, 5, 4, 4, 2, 5, 1, 3, 6, 2, 6, 4, 1, 3, 5, 5, 6, 3, 1, 4, 2, 1, 4, 6, 3, 2, 5, 4, 6, 2, 1, 5, 3, 1, 6, 4, 5, 2, 3, 3, 1, 6, 5, 2, 4","False","1024","2","48000","-16","experiment","110","even","330.5613645000267","614.0","922.0","699.0","165.0","105960","NA","NA","1391","490728","490728","NA","5255","45911","NA","1392","497727","490722","NA","490980","490985","13606","497001","108527","NA","NA","109341","490722","497727","497007","490722","491986","491985","109341","490722","491986","492000","5255","Attentional Spatial Bias","0","0","0","30","سنقوم الآن بمعايرة جهاز تتبع العين.<br><br>يرجى تتبع النقطة المتحركة بعينيك وإبقاء رأسك ثابتًا.<br><br>يرجى الانتظار.","شكرًا على مشاركتك!<br><br>انتهت التجربة الآن.<br><br>يرجى الاتصال بالباحث.","في هذه التجربة، ستقرأ قصة قصيرة معروضة على الشاشة.<br><br>يرجى قراءة كل سطر بعناية، حيث سيُطرح عليك بعض الأسئلة حول القصة في نهاية التجربة.<br><br>بعد كل فقرة، سترى صورتين. انظر إلى كلتا الصورتين واحسب العدد الإجمالي للدوائر الموجودة في الصورتين.<br><br>في الشاشة التالية، سترى أمثلة على دائرة صحيحة وشكل غير صحيح. احسب فقط الأشكال التي تتطابق مع مثال الدائرة الصحيحة.<br><br>اضغط على أي مفتاح للبدء.","أدخل عدد الدوائر (اضغط على 0-3)","مرحبًا! اضغط على أي مفتاح للمتابعة.","Arabic","1536","-154","154","-154","154","267","-267","267","-267"
"6","5000","8","undefined","undefined","undefined","undefined","#1a1a1a","5","legacy","True","legacy","legacy","uniform","undefined","undefined","undefined","0","NA","0","0","30","30","0","0","0","NA","0","30","30","NA","30","30","0","30","0","0","NA","0","30","30","30","30","30","30","0","30","30","30","0","78.7690573852246","Sun Aug 23 18:16:13 2026","1000","The main experiment item","False","V7_AttentionalSpatialBias_ (1).osexp","C:\Users\plcm\Downloads","93.0","013.png","852.60288","852.62976","True","False","mono","False","18","no","white","no","yes","RTL","852.60288","852.62976","864","5","012.png","013.png","3","legacy","Arabic","30","30","C:\Users\plcm\Downloads\subject-110.csv","150","legacy","no","518852.0","Neonatal Nightingale","4.1.14","4","4","prime_6","31","RTL","حل الشتاء وكان الجو شديد البرودة. كاد يتجمد في بحيرة، لكن مزارعًا عثر عليه وأخذه إلى منزله.","0","1","0","1","NA","NA","1","379.0","2566","NA","NA","379","2","legacy","1, 3, 6, 2, 5, 4, 4, 2, 5, 1, 3, 6, 2, 6, 4, 1, 3, 5, 5, 6, 3, 1, 4, 2, 1, 4, 6, 3, 2, 5, 4, 6, 2, 1, 5, 3, 1, 6, 4, 5, 2, 3, 3, 1, 6, 5, 2, 4","True","1024","2","48000","-16","experiment","110","even","357.65398140001344","768.0","768.0","124.0","740.0","105960","NA","NA","1391","517821","517821","NA","5255","45911","NA","1392","524239","517815","NA","517832","517837","13606","523852","108527","NA","NA","109341","497856","524239","523859","497856","518839","518837","109341","497856","518840","518852","5255","Attentional Spatial Bias","0","0","0","31","سنقوم الآن بمعايرة جهاز تتبع العين.<br><br>يرجى تتبع النقطة المتحركة بعينيك وإبقاء رأسك ثابتًا.<br><br>يرجى الانتظار.","شكرًا على مشاركتك!<br><br>انتهت التجربة الآن.<br><br>يرجى الاتصال بالباحث.","في هذه التجربة، ستقرأ قصة قصيرة معروضة على الشاشة.<br><br>يرجى قراءة كل سطر بعناية، حيث سيُطرح عليك بعض الأسئلة حول القصة في نهاية التجربة.<br><br>بعد كل فقرة، سترى صورتين. انظر إلى كلتا الصورتين واحسب العدد الإجمالي للدوائر الموجودة في الصورتين.<br><br>في الشاشة التالية، سترى أمثلة على دائرة صحيحة وشكل غير صحيح. احسب فقط الأشكال التي تتطابق مع مثال الدائرة الصحيحة.<br><br>اضغط على أي مفتاح للبدء.","أدخل عدد الدوائر (اضغط على 0-3)","مرحبًا! اضغط على أي مفتاح للمتابعة.","Arabic","1536","0","0","0","0","-308","308","-308","308"
"6","5000","8","undefined","undefined","undefined","undefined","#1a1a1a","5","legacy","True","legacy","legacy","uniform","undefined","undefined","undefined","0","NA","0","0","31","31","0","0","0","NA","0","31","31","NA","31","31","0","31","0","0","NA","0","31","31","31","31","31","31","0","31","31","31","0","36.85252321347887","Sun Aug 23 18:16:13 2026","1000","The main experiment item","False","V7_AttentionalSpatialBias_ (1).osexp","C:\Users\plcm\Downloads","275.0","014.png","589.056","519.03072","True","False","mono","False","18","no","white","no","yes","RTL","589.056","519.03072","864","5","014.png","015.png","3","legacy","Arabic","31","31","C:\Users\plcm\Downloads\subject-110.csv","150","legacy","no","525382.0","Neonatal Nightingale","4.1.14","6","6","no_prime_trial_32","32","RTL","","0","1","0","1","NA","NA","1","439.0","2566","NA","NA","439","2","legacy","1, 3, 6, 2, 5, 4, 4, 2, 5, 1, 3, 6, 2, 6, 4, 1, 3, 5, 5, 6, 3, 1, 4, 2, 1, 4, 6, 3, 2, 5, 4, 6, 2, 1, 5, 3, 1, 6, 4, 5, 2, 3, 3, 1, 6, 5, 2, 4","False","1024","2","48000","-16","experiment","110","even","364.1959135000361","501.0","1035.0","586.0","278.0","105960","NA","NA","1391","524363","524363","NA","5255","45911","NA","1392","530831","524358","NA","524368","524373","13606","530385","108527","NA","NA","109341","524358","530831","530391","524358","525374","525373","109341","524357","525374","525382","5255","Attentional Spatial Bias","0","0","0","32","سنقوم الآن بمعايرة جهاز تتبع العين.<br><br>يرجى تتبع النقطة المتحركة بعينيك وإبقاء رأسك ثابتًا.<br><br>يرجى الانتظار.","شكرًا على مشاركتك!<br><br>انتهت التجربة الآن.<br><br>يرجى الاتصال بالباحث.","في هذه التجربة، ستقرأ قصة قصيرة معروضة على الشاشة.<br><br>يرجى قراءة كل سطر بعناية، حيث سيُطرح عليك بعض الأسئلة حول القصة في نهاية التجربة.<br><br>بعد كل فقرة، سترى صورتين. انظر إلى كلتا الصورتين واحسب العدد الإجمالي للدوائر الموجودة في الصورتين.<br><br>في الشاشة التالية، سترى أمثلة على دائرة صحيحة وشكل غير صحيح. احسب فقط الأشكال التي تتطابق مع مثال الدائرة الصحيحة.<br><br>اضغط على أي مفتاح للبدء.","أدخل عدد الدوائر (اضغط على 0-3)","مرحبًا! اضغط على أي مفتاح للمتابعة.","Arabic","1536","-267","267","-267","267","154","-154","154","-154"
"6","5000","8","undefined","undefined","undefined","undefined","#1a1a1a","5","legacy","True","legacy","legacy","uniform","undefined","undefined","undefined","0","NA","0","0","32","32","0","0","0","NA","0","32","32","NA","32","32","0","32","0","0","NA","0","32","32","32","32","32","32","0","32","32","32","0","91.40617043756293","Sun Aug 23 18:16:13 2026","1000","The main experiment item","False","V7_AttentionalSpatialBias_ (1).osexp","C:\Users\plcm\Downloads","11.0","000.png","551.48544","180.45504","True","False","mono","False","18","no","white","no","yes","RTL","551.48544","180.45504","864","5","000.png","001.png","3","legacy","Arabic","32","32","C:\Users\plcm\Downloads\subject-110.csv","150","legacy","no","531956.0","Neonatal Nightingale","4.1.14","2","2","no_prime_trial_33","33","RTL","","0","2","0","2","NA","NA","2","1162.0","2566","NA","NA","1162","2","legacy","1, 3, 6, 2, 5, 4, 4, 2, 5, 1, 3, 6, 2, 6, 4, 1, 3, 5, 5, 6, 3, 1, 4, 2, 1, 4, 6, 3, 2, 5, 4, 6, 2, 1, 5, 3, 1, 6, 4, 5, 2, 3, 3, 1, 6, 5, 2, 4","False","1024","2","48000","-16","experiment","110","even","370.76508410001406","501.0","1035.0","278.0","586.0","105960","NA","NA","1391","530932","530932","NA","5255","45911","NA","1392","538127","530925","NA","530937","530942","13606","536958","108527","NA","NA","109341","530925","538127","536964","530925","531944","531942","109341","530924","531944","531956","5255","Attentional Spatial Bias","0","0","0","33","سنقوم الآن بمعايرة جهاز تتبع العين.<br><br>يرجى تتبع النقطة المتحركة بعينيك وإبقاء رأسك ثابتًا.<br><br>يرجى الانتظار.","شكرًا على مشاركتك!<br><br>انتهت التجربة الآن.<br><br>يرجى الاتصال بالباحث.","في هذه التجربة، ستقرأ قصة قصيرة معروضة على الشاشة.<br><br>يرجى قراءة كل سطر بعناية، حيث سيُطرح عليك بعض الأسئلة حول القصة في نهاية التجربة.<br><br>بعد كل فقرة، سترى صورتين. انظر إلى كلتا الصورتين واحسب العدد الإجمالي للدوائر الموجودة في الصورتين.<br><br>في الشاشة التالية، سترى أمثلة على دائرة صحيحة وشكل غير صحيح. احسب فقط الأشكال التي تتطابق مع مثال الدائرة الصحيحة.<br><br>اضغط على أي مفتاح للبدء.","أدخل عدد الدوائر (اضغط على 0-3)","مرحبًا! اضغط على أي مفتاح للمتابعة.","Arabic","1536","-267","267","-267","267","-154","154","-154","154"
"6","5000","8","undefined","undefined","undefined","undefined","#1a1a1a","5","legacy","True","legacy","legacy","uniform","undefined","undefined","undefined","0","NA","0","0","33","33","0","0","0","NA","0","33","33","NA","33","33","0","33","0","0","NA","0","33","33","33","33","33","33","0","33","33","33","0","85.53775656108826","Sun Aug 23 18:16:13 2026","1000","The main experiment item","False","V7_AttentionalSpatialBias_ (1).osexp","C:\Users\plcm\Downloads","224.0","002.png","581.31456","345.35808000000003","True","False","mono","False","18","no","white","no","yes","RTL","581.31456","345.35808000000003","864","5","002.png","003.png","3","legacy","Arabic","33","33","C:\Users\plcm\Downloads\subject-110.csv","150","legacy","no","539265.0","Neonatal Nightingale","4.1.14","1","1","no_prime_trial_34","34","RTL","","0","1","0","1","NA","NA","1","483.0","2566","NA","NA","483","2","legacy","1, 3, 6, 2, 5, 4, 4, 2, 5, 1, 3, 6, 2, 6, 4, 1, 3, 5, 5, 6, 3, 1, 4, 2, 1, 4, 6, 3, 2, 5, 4, 6, 2, 1, 5, 3, 1, 6, 4, 5, 2, 3, 3, 1, 6, 5, 2, 4","False","1024","2","48000","-16","experiment","110","even","378.0729938999866","460.0","1076.0","432.0","432.0","105960","NA","NA","1391","538240","538240","NA","5255","45911","NA","1392","544759","538234","NA","538245","538251","13606","544267","108527","NA","NA","109341","538234","544759","544275","538234","539252","539251","109341","538234","539252","539265","5255","Attentional Spatial Bias","0","0","0","34","سنقوم الآن بمعايرة جهاز تتبع العين.<br><br>يرجى تتبع النقطة المتحركة بعينيك وإبقاء رأسك ثابتًا.<br><br>يرجى الانتظار.","شكرًا على مشاركتك!<br><br>انتهت التجربة الآن.<br><br>يرجى الاتصال بالباحث.","في هذه التجربة، ستقرأ قصة قصيرة معروضة على الشاشة.<br><br>يرجى قراءة كل سطر بعناية، حيث سيُطرح عليك بعض الأسئلة حول القصة في نهاية التجربة.<br><br>بعد كل فقرة، سترى صورتين. انظر إلى كلتا الصورتين واحسب العدد الإجمالي للدوائر الموجودة في الصورتين.<br><br>في الشاشة التالية، سترى أمثلة على دائرة صحيحة وشكل غير صحيح. احسب فقط الأشكال التي تتطابق مع مثال الدائرة الصحيحة.<br><br>اضغط على أي مفتاح للبدء.","أدخل عدد الدوائر (اضغط على 0-3)","مرحبًا! اضغط على أي مفتاح للمتابعة.","Arabic","1536","-308","308","-308","308","0","0","0","0"
"6","5000","8","undefined","undefined","undefined","undefined","#1a1a1a","5","legacy","True","legacy","legacy","uniform","undefined","undefined","undefined","0","NA","0","0","34","34","0","0","0","NA","0","34","34","NA","34","34","0","34","0","0","NA","0","34","34","34","34","34","34","0","34","34","34","0","98.26999523581962","Sun Aug 23 18:16:13 2026","1000","The main experiment item","False","V7_AttentionalSpatialBias_ (1).osexp","C:\Users\plcm\Downloads","252.0","005.png","875.8579199999999","149.17824000000002","True","False","mono","False","18","no","white","no","yes","RTL","875.8579199999999","149.17824000000002","864","5","004.png","005.png","3","legacy","Arabic","34","34","C:\Users\plcm\Downloads\subject-110.csv","150","legacy","no","545921.0","Neonatal Nightingale","4.1.14","5","5","no_prime_trial_35","35","RTL","","0","2","0","2","NA","NA","2","980.0","2566","NA","NA","980","2","legacy","1, 3, 6, 2, 5, 4, 4, 2, 5, 1, 3, 6, 2, 6, 4, 1, 3, 5, 5, 6, 3, 1, 4, 2, 1, 4, 6, 3, 2, 5, 4, 6, 2, 1, 5, 3, 1, 6, 4, 5, 2, 3, 3, 1, 6, 5, 2, 4","False","1024","2","48000","-16","experiment","110","even","384.71754420001525","614.0","922.0","699.0","165.0","105960","NA","NA","1391","544884","544884","NA","5255","45911","NA","1392","551911","544877","NA","544901","544906","13606","550923","108527","NA","NA","109341","544877","551911","550930","544877","545907","545906","109341","544877","545907","545921","5255","Attentional Spatial Bias","0","0","0","35","سنقوم الآن بمعايرة جهاز تتبع العين.<br><br>يرجى تتبع النقطة المتحركة بعينيك وإبقاء رأسك ثابتًا.<br><br>يرجى الانتظار.","شكرًا على مشاركتك!<br><br>انتهت التجربة الآن.<br><br>يرجى الاتصال بالباحث.","في هذه التجربة، ستقرأ قصة قصيرة معروضة على الشاشة.<br><br>يرجى قراءة كل سطر بعناية، حيث سيُطرح عليك بعض الأسئلة حول القصة في نهاية التجربة.<br><br>بعد كل فقرة، سترى صورتين. انظر إلى كلتا الصورتين واحسب العدد الإجمالي للدوائر الموجودة في الصورتين.<br><br>في الشاشة التالية، سترى أمثلة على دائرة صحيحة وشكل غير صحيح. احسب فقط الأشكال التي تتطابق مع مثال الدائرة الصحيحة.<br><br>اضغط على أي مفتاح للبدء.","أدخل عدد الدوائر (اضغط على 0-3)","مرحبًا! اضغط على أي مفتاح للمتابعة.","Arabic","1536","-154","154","-154","154","267","-267","267","-267"
"6","5000","8","undefined","undefined","undefined","undefined","#1a1a1a","5","legacy","True","legacy","legacy","uniform","undefined","undefined","undefined","0","NA","0","0","35","35","0","0","0","NA","0","35","35","NA","35","35","0","35","0","0","NA","0","35","35","35","35","35","35","0","35","35","35","0","56.49414606847681","Sun Aug 23 18:16:13 2026","1000","The main experiment item","False","V7_AttentionalSpatialBias_ (1).osexp","C:\Users\plcm\Downloads","98.0","006.png","707.2512","296.76672","True","False","mono","False","18","no","white","no","yes","RTL","707.2512","296.76672","864","5","006.png","007.png","3","legacy","Arabic","35","35","C:\Users\plcm\Downloads\subject-110.csv","150","legacy","no","553073.0","Neonatal Nightingale","4.1.14","3","3","no_prime_trial_36","36","RTL","","0","2","0","2","NA","NA","2","685.0","2566","NA","NA","685","2","legacy","1, 3, 6, 2, 5, 4, 4, 2, 5, 1, 3, 6, 2, 6, 4, 1, 3, 5, 5, 6, 3, 1, 4, 2, 1, 4, 6, 3, 2, 5, 4, 6, 2, 1, 5, 3, 1, 6, 4, 5, 2, 3, 3, 1, 6, 5, 2, 4","False","1024","2","48000","-16","experiment","110","even","391.8809792000102","614.0","922.0","165.0","699.0","105960","NA","NA","1391","552048","552048","NA","5255","45911","NA","1392","558767","552042","NA","552054","552058","13606","558075","108527","NA","NA","109341","552042","558767","558081","552042","553059","553058","109341","552042","553059","553073","5255","Attentional Spatial Bias","0","0","0","36","سنقوم الآن بمعايرة جهاز تتبع العين.<br><br>يرجى تتبع النقطة المتحركة بعينيك وإبقاء رأسك ثابتًا.<br><br>يرجى الانتظار.","شكرًا على مشاركتك!<br><br>انتهت التجربة الآن.<br><br>يرجى الاتصال بالباحث.","في هذه التجربة، ستقرأ قصة قصيرة معروضة على الشاشة.<br><br>يرجى قراءة كل سطر بعناية، حيث سيُطرح عليك بعض الأسئلة حول القصة في نهاية التجربة.<br><br>بعد كل فقرة، سترى صورتين. انظر إلى كلتا الصورتين واحسب العدد الإجمالي للدوائر الموجودة في الصورتين.<br><br>في الشاشة التالية، سترى أمثلة على دائرة صحيحة وشكل غير صحيح. احسب فقط الأشكال التي تتطابق مع مثال الدائرة الصحيحة.<br><br>اضغط على أي مفتاح للبدء.","أدخل عدد الدوائر (اضغط على 0-3)","مرحبًا! اضغط على أي مفتاح للمتابعة.","Arabic","1536","-154","154","-154","154","-267","267","-267","267"
"6","5000","8","undefined","undefined","undefined","undefined","#1a1a1a","6","legacy","True","legacy","legacy","uniform","undefined","undefined","undefined","0","NA","0","0","36","36","0","0","0","NA","0","36","36","NA","36","36","0","36","0","0","NA","0","36","36","36","36","36","36","0","36","36","36","0","96.32263846113865","Sun Aug 23 18:16:13 2026","1000","The main experiment item","False","V7_AttentionalSpatialBias_ (1).osexp","C:\Users\plcm\Downloads","236.0","008.png","536.9856","373.29984","True","False","mono","False","18","no","white","no","yes","RTL","536.9856","373.29984","864","6","008.png","009.png","3","legacy","Arabic","36","36","C:\Users\plcm\Downloads\subject-110.csv","150","legacy","no","569992.0","Neonatal Nightingale","4.1.14","1","1","prime_7","37","RTL","أخافته أطفال المزارع، فهرب مرة أخرى في البرد.","0","0","0","0","NA","NA","0","630.0","2566","NA","NA","630","2","legacy","1, 3, 6, 2, 5, 4, 4, 2, 5, 1, 3, 6, 2, 6, 4, 1, 3, 5, 5, 6, 3, 1, 4, 2, 1, 4, 6, 3, 2, 5, 4, 6, 2, 1, 5, 3, 1, 6, 4, 5, 2, 3, 3, 1, 6, 5, 2, 4","True","1024","2","48000","-16","experiment","110","even","408.4060365000041","460.0","1076.0","432.0","432.0","105960","NA","NA","1391","568573","568573","NA","5255","45911","NA","1392","575631","568567","NA","568972","568978","13606","574993","108527","NA","NA","109341","558890","575631","575000","558890","569979","569978","109341","558890","569980","569992","5255","Attentional Spatial Bias","0","0","0","37","سنقوم الآن بمعايرة جهاز تتبع العين.<br><br>يرجى تتبع النقطة المتحركة بعينيك وإبقاء رأسك ثابتًا.<br><br>يرجى الانتظار.","شكرًا على مشاركتك!<br><br>انتهت التجربة الآن.<br><br>يرجى الاتصال بالباحث.","في هذه التجربة، ستقرأ قصة قصيرة معروضة على الشاشة.<br><br>يرجى قراءة كل سطر بعناية، حيث سيُطرح عليك بعض الأسئلة حول القصة في نهاية التجربة.<br><br>بعد كل فقرة، سترى صورتين. انظر إلى كلتا الصورتين واحسب العدد الإجمالي للدوائر الموجودة في الصورتين.<br><br>في الشاشة التالية، سترى أمثلة على دائرة صحيحة وشكل غير صحيح. احسب فقط الأشكال التي تتطابق مع مثال الدائرة الصحيحة.<br><br>اضغط على أي مفتاح للبدء.","أدخل عدد الدوائر (اضغط على 0-3)","مرحبًا! اضغط على أي مفتاح للمتابعة.","Arabic","1536","-308","308","-308","308","0","0","0","0"
"6","5000","8","undefined","undefined","undefined","undefined","#1a1a1a","6","legacy","True","legacy","legacy","uniform","undefined","undefined","undefined","0","NA","0","0","37","37","0","0","0","NA","0","37","37","NA","37","37","0","37","0","0","NA","0","37","37","37","37","37","37","0","37","37","37","0","85.34108509217816","Sun Aug 23 18:16:13 2026","1000","The main experiment item","False","V7_AttentionalSpatialBias_ (1).osexp","C:\Users\plcm\Downloads","255.0","011.png","917.72928","302.94432","True","False","mono","False","18","no","white","no","yes","RTL","917.72928","302.94432","864","6","010.png","011.png","3","legacy","Arabic","37","37","C:\Users\plcm\Downloads\subject-110.csv","150","legacy","no","577016.0","Neonatal Nightingale","4.1.14","6","6","no_prime_trial_38","38","RTL","","0","2","0","2","NA","NA","2","526.0","2566","NA","NA","526","2","legacy","1, 3, 6, 2, 5, 4, 4, 2, 5, 1, 3, 6, 2, 6, 4, 1, 3, 5, 5, 6, 3, 1, 4, 2, 1, 4, 6, 3, 2, 5, 4, 6, 2, 1, 5, 3, 1, 6, 4, 5, 2, 3, 3, 1, 6, 5, 2, 4","False","1024","2","48000","-16","experiment","110","even","415.5949799999944","501.0","1035.0","586.0","278.0","105960","NA","NA","1391","575762","575762","NA","5255","45911","NA","1392","582551","575755","NA","576001","576006","13606","582018","108527","NA","NA","109341","575755","582551","582024","575755","577008","577006","109341","575755","577008","577016","5255","Attentional Spatial Bias","0","0","0","38","سنقوم الآن بمعايرة جهاز تتبع العين.<br><br>يرجى تتبع النقطة المتحركة بعينيك وإبقاء رأسك ثابتًا.<br><br>يرجى الانتظار.","شكرًا على مشاركتك!<br><br>انتهت التجربة الآن.<br><br>يرجى الاتصال بالباحث.","في هذه التجربة، ستقرأ قصة قصيرة معروضة على الشاشة.<br><br>يرجى قراءة كل سطر بعناية، حيث سيُطرح عليك بعض الأسئلة حول القصة في نهاية التجربة.<br><br>بعد كل فقرة، سترى صورتين. انظر إلى كلتا الصورتين واحسب العدد الإجمالي للدوائر الموجودة في الصورتين.<br><br>في الشاشة التالية، سترى أمثلة على دائرة صحيحة وشكل غير صحيح. احسب فقط الأشكال التي تتطابق مع مثال الدائرة الصحيحة.<br><br>اضغط على أي مفتاح للبدء.","أدخل عدد الدوائر (اضغط على 0-3)","مرحبًا! اضغط على أي مفتاح للمتابعة.","Arabic","1536","-267","267","-267","267","154","-154","154","-154"
"6","5000","8","undefined","undefined","undefined","undefined","#1a1a1a","6","legacy","True","legacy","legacy","uniform","undefined","undefined","undefined","0","NA","0","0","38","38","0","0","0","NA","0","38","38","NA","38","38","0","38","0","0","NA","0","38","38","38","38","38","38","0","38","38","38","0","82.17348837283222","Sun Aug 23 18:16:13 2026","1000","The main experiment item","False","V7_AttentionalSpatialBias_ (1).osexp","C:\Users\plcm\Downloads","229.0","012.png","743.56224","253.7136","True","False","mono","False","18","no","white","no","yes","RTL","743.56224","253.7136","864","6","012.png","013.png","3","legacy","Arabic","38","38","C:\Users\plcm\Downloads\subject-110.csv","150","legacy","no","583867.0","Neonatal Nightingale","4.1.14","4","4","no_prime_trial_39","39","RTL","","0","1","0","1","NA","NA","1","459.0","2566","NA","NA","459","2","legacy","1, 3, 6, 2, 5, 4, 4, 2, 5, 1, 3, 6, 2, 6, 4, 1, 3, 5, 5, 6, 3, 1, 4, 2, 1, 4, 6, 3, 2, 5, 4, 6, 2, 1, 5, 3, 1, 6, 4, 5, 2, 3, 3, 1, 6, 5, 2, 4","False","1024","2","48000","-16","experiment","110","even","422.51694200001657","768.0","768.0","124.0","740.0","105960","NA","NA","1391","582684","582684","NA","5255","45911","NA","1392","589335","582678","NA","582853","582858","13606","588869","108527","NA","NA","109341","582678","589335","588875","582678","583859","583858","109341","582678","583859","583867","5255","Attentional Spatial Bias","0","0","0","39","سنقوم الآن بمعايرة جهاز تتبع العين.<br><br>يرجى تتبع النقطة المتحركة بعينيك وإبقاء رأسك ثابتًا.<br><br>يرجى الانتظار.","شكرًا على مشاركتك!<br><br>انتهت التجربة الآن.<br><br>يرجى الاتصال بالباحث.","في هذه التجربة، ستقرأ قصة قصيرة معروضة على الشاشة.<br><br>يرجى قراءة كل سطر بعناية، حيث سيُطرح عليك بعض الأسئلة حول القصة في نهاية التجربة.<br><br>بعد كل فقرة، سترى صورتين. انظر إلى كلتا الصورتين واحسب العدد الإجمالي للدوائر الموجودة في الصورتين.<br><br>في الشاشة التالية، سترى أمثلة على دائرة صحيحة وشكل غير صحيح. احسب فقط الأشكال التي تتطابق مع مثال الدائرة الصحيحة.<br><br>اضغط على أي مفتاح للبدء.","أدخل عدد الدوائر (اضغط على 0-3)","مرحبًا! اضغط على أي مفتاح للمتابعة.","Arabic","1536","0","0","0","0","-308","308","-308","308"
"6","5000","8","undefined","undefined","undefined","undefined","#1a1a1a","6","legacy","True","legacy","legacy","uniform","undefined","undefined","undefined","0","NA","0","0","39","39","0","0","0","NA","0","39","39","NA","39","39","0","39","0","0","NA","0","39","39","39","39","39","39","0","39","39","39","0","99.82493707295387","Sun Aug 23 18:16:13 2026","1000","The main experiment item","False","V7_AttentionalSpatialBias_ (1).osexp","C:\Users\plcm\Downloads","229.0","015.png","854.8147200000001","246.98304000000002","True","False","mono","False","18","no","white","no","yes","RTL","854.8147200000001","246.98304000000002","864","6","014.png","015.png","3","legacy","Arabic","39","39","C:\Users\plcm\Downloads\subject-110.csv","150","legacy","no","590560.0","Neonatal Nightingale","4.1.14","5","5","no_prime_trial_40","40","RTL","","0","1","0","1","NA","NA","1","718.0","2566","NA","NA","718","2","legacy","1, 3, 6, 2, 5, 4, 4, 2, 5, 1, 3, 6, 2, 6, 4, 1, 3, 5, 5, 6, 3, 1, 4, 2, 1, 4, 6, 3, 2, 5, 4, 6, 2, 1, 5, 3, 1, 6, 4, 5, 2, 3, 3, 1, 6, 5, 2, 4","False","1024","2","48000","-16","experiment","110","even","429.3102260000305","614.0","922.0","699.0","165.0","105960","NA","NA","1391","589477","589477","NA","5255","45911","NA","1392","596287","589471","NA","589542","589548","13606","595562","108527","NA","NA","109341","589471","596287","595568","589471","590549","590548","109341","589470","590550","590560","5255","Attentional Spatial Bias","0","0","0","40","سنقوم الآن بمعايرة جهاز تتبع العين.<br><br>يرجى تتبع النقطة المتحركة بعينيك وإبقاء رأسك ثابتًا.<br><br>يرجى الانتظار.","شكرًا على مشاركتك!<br><br>انتهت التجربة الآن.<br><br>يرجى الاتصال بالباحث.","في هذه التجربة، ستقرأ قصة قصيرة معروضة على الشاشة.<br><br>يرجى قراءة كل سطر بعناية، حيث سيُطرح عليك بعض الأسئلة حول القصة في نهاية التجربة.<br><br>بعد كل فقرة، سترى صورتين. انظر إلى كلتا الصورتين واحسب العدد الإجمالي للدوائر الموجودة في الصورتين.<br><br>في الشاشة التالية، سترى أمثلة على دائرة صحيحة وشكل غير صحيح. احسب فقط الأشكال التي تتطابق مع مثال الدائرة الصحيحة.<br><br>اضغط على أي مفتاح للبدء.","أدخل عدد الدوائر (اضغط على 0-3)","مرحبًا! اضغط على أي مفتاح للمتابعة.","Arabic","1536","-154","154","-154","154","267","-267","267","-267"
"6","5000","8","undefined","undefined","undefined","undefined","#1a1a1a","6","legacy","True","legacy","legacy","uniform","undefined","undefined","undefined","0","NA","0","0","40","40","0","0","0","NA","0","40","40","NA","40","40","0","40","0","0","NA","0","40","40","40","40","40","40","0","40","40","40","0","17.281510360660043","Sun Aug 23 18:16:13 2026","1000","The main experiment item","False","V7_AttentionalSpatialBias_ (1).osexp","C:\Users\plcm\Downloads","220.0","000.png","482.3808","236.40767999999997","True","False","mono","False","18","no","white","no","yes","RTL","482.3808","236.40767999999997","864","6","000.png","001.png","3","legacy","Arabic","40","40","C:\Users\plcm\Downloads\subject-110.csv","150","legacy","no","597658.0","Neonatal Nightingale","4.1.14","2","2","no_prime_trial_41","41","RTL","","0","2","0","2","NA","NA","2","457.0","2566","NA","NA","457","2","legacy","1, 3, 6, 2, 5, 4, 4, 2, 5, 1, 3, 6, 2, 6, 4, 1, 3, 5, 5, 6, 3, 1, 4, 2, 1, 4, 6, 3, 2, 5, 4, 6, 2, 1, 5, 3, 1, 6, 4, 5, 2, 3, 3, 1, 6, 5, 2, 4","False","1024","2","48000","-16","experiment","110","even","436.2293656000402","501.0","1035.0","278.0","586.0","105960","NA","NA","1391","596396","596396","NA","5255","45911","NA","1392","603127","596388","NA","596638","596644","13606","602662","108527","NA","NA","109341","596388","603127","602669","596388","597645","597644","109341","596388","597645","597658","5255","Attentional Spatial Bias","0","0","0","41","سنقوم الآن بمعايرة جهاز تتبع العين.<br><br>يرجى تتبع النقطة المتحركة بعينيك وإبقاء رأسك ثابتًا.<br><br>يرجى الانتظار.","شكرًا على مشاركتك!<br><br>انتهت التجربة الآن.<br><br>يرجى الاتصال بالباحث.","في هذه التجربة، ستقرأ قصة قصيرة معروضة على الشاشة.<br><br>يرجى قراءة كل سطر بعناية، حيث سيُطرح عليك بعض الأسئلة حول القصة في نهاية التجربة.<br><br>بعد كل فقرة، سترى صورتين. انظر إلى كلتا الصورتين واحسب العدد الإجمالي للدوائر الموجودة في الصورتين.<br><br>في الشاشة التالية، سترى أمثلة على دائرة صحيحة وشكل غير صحيح. احسب فقط الأشكال التي تتطابق مع مثال الدائرة الصحيحة.<br><br>اضغط على أي مفتاح للبدء.","أدخل عدد الدوائر (اضغط على 0-3)","مرحبًا! اضغط على أي مفتاح للمتابعة.","Arabic","1536","-267","267","-267","267","-154","154","-154","154"
"6","5000","8","undefined","undefined","undefined","undefined","#1a1a1a","6","legacy","True","legacy","legacy","uniform","undefined","undefined","undefined","0","NA","0","0","41","41","0","0","0","NA","0","41","41","NA","41","41","0","41","0","0","NA","0","41","41","41","41","41","41","0","41","41","41","0","49.75385575236557","Sun Aug 23 18:16:13 2026","1000","The main experiment item","False","V7_AttentionalSpatialBias_ (1).osexp","C:\Users\plcm\Downloads","214.0","002.png","711.10656","252.13248000000002","True","False","mono","False","18","no","white","no","yes","RTL","711.10656","252.13248000000002","864","6","002.png","003.png","3","legacy","Arabic","41","41","C:\Users\plcm\Downloads\subject-110.csv","150","legacy","no","604355.0","Neonatal Nightingale","4.1.14","3","3","no_prime_trial_42","42","RTL","","0","1","0","1","NA","NA","1","657.0","2566","NA","NA","657","2","legacy","1, 3, 6, 2, 5, 4, 4, 2, 5, 1, 3, 6, 2, 6, 4, 1, 3, 5, 5, 6, 3, 1, 4, 2, 1, 4, 6, 3, 2, 5, 4, 6, 2, 1, 5, 3, 1, 6, 4, 5, 2, 3, 3, 1, 6, 5, 2, 4","False","1024","2","48000","-16","experiment","110","even","443.05795510002645","614.0","922.0","165.0","699.0","105960","NA","NA","1391","603225","603225","NA","5255","45911","NA","1392","610023","603218","NA","603334","603340","13606","609359","108527","NA","NA","109341","603218","610023","609365","603218","604342","604340","109341","603218","604342","604355","5255","Attentional Spatial Bias","0","0","0","42","سنقوم الآن بمعايرة جهاز تتبع العين.<br><br>يرجى تتبع النقطة المتحركة بعينيك وإبقاء رأسك ثابتًا.<br><br>يرجى الانتظار.","شكرًا على مشاركتك!<br><br>انتهت التجربة الآن.<br><br>يرجى الاتصال بالباحث.","في هذه التجربة، ستقرأ قصة قصيرة معروضة على الشاشة.<br><br>يرجى قراءة كل سطر بعناية، حيث سيُطرح عليك بعض الأسئلة حول القصة في نهاية التجربة.<br><br>بعد كل فقرة، سترى صورتين. انظر إلى كلتا الصورتين واحسب العدد الإجمالي للدوائر الموجودة في الصورتين.<br><br>في الشاشة التالية، سترى أمثلة على دائرة صحيحة وشكل غير صحيح. احسب فقط الأشكال التي تتطابق مع مثال الدائرة الصحيحة.<br><br>اضغط على أي مفتاح للبدء.","أدخل عدد الدوائر (اضغط على 0-3)","مرحبًا! اضغط على أي مفتاح للمتابعة.","Arabic","1536","-154","154","-154","154","-267","267","-267","267"
"6","5000","8","undefined","undefined","undefined","undefined","#1a1a1a","7","legacy","True","legacy","legacy","uniform","undefined","undefined","undefined","0","NA","0","0","42","42","0","0","0","NA","0","42","42","NA","42","42","0","42","0","0","NA","0","42","42","42","42","42","42","0","42","42","42","0","45.27361042239066","Sun Aug 23 18:16:13 2026","1000","The main experiment item","False","V7_AttentionalSpatialBias_ (1).osexp","C:\Users\plcm\Downloads","223.0","004.png","664.61184","203.48928","True","False","mono","False","18","no","white","no","yes","RTL","664.61184","203.48928","864","7","004.png","005.png","3","legacy","Arabic","42","42","C:\Users\plcm\Downloads\subject-110.csv","150","legacy","no","645439.0","Neonatal Nightingale","4.1.14","3","3","prime_8","43","RTL","أمضى الشتاء وحده، معتقدًا أنه أبشع مخلوق على وجه الأرض. ثم جاء الربيع وتلاشى البرد. ذات يوم رأى بجعات بيضاء جميلة على البحيرة فسبح نحوهم، خائفًا من أن يطردوه.","0","2","0","2","NA","NA","2","903.0","2566","NA","NA","903","2","legacy","1, 3, 6, 2, 5, 4, 4, 2, 5, 1, 3, 6, 2, 6, 4, 1, 3, 5, 5, 6, 3, 1, 4, 2, 1, 4, 6, 3, 2, 5, 4, 6, 2, 1, 5, 3, 1, 6, 4, 5, 2, 3, 3, 1, 6, 5, 2, 4","True","1024","2","48000","-16","experiment","110","even","483.81403639999917","614.0","922.0","165.0","699.0","105960","NA","NA","1391","643981","643981","NA","5255","45911","NA","1392","651351","643975","NA","644420","644425","13606","650441","108527","NA","NA","109341","610137","651351","650447","610137","645427","645425","109341","610137","645427","645439","5255","Attentional Spatial Bias","0","0","0","43","سنقوم الآن بمعايرة جهاز تتبع العين.<br><br>يرجى تتبع النقطة المتحركة بعينيك وإبقاء رأسك ثابتًا.<br><br>يرجى الانتظار.","شكرًا على مشاركتك!<br><br>انتهت التجربة الآن.<br><br>يرجى الاتصال بالباحث.","في هذه التجربة، ستقرأ قصة قصيرة معروضة على الشاشة.<br><br>يرجى قراءة كل سطر بعناية، حيث سيُطرح عليك بعض الأسئلة حول القصة في نهاية التجربة.<br><br>بعد كل فقرة، سترى صورتين. انظر إلى كلتا الصورتين واحسب العدد الإجمالي للدوائر الموجودة في الصورتين.<br><br>في الشاشة التالية، سترى أمثلة على دائرة صحيحة وشكل غير صحيح. احسب فقط الأشكال التي تتطابق مع مثال الدائرة الصحيحة.<br><br>اضغط على أي مفتاح للبدء.","أدخل عدد الدوائر (اضغط على 0-3)","مرحبًا! اضغط على أي مفتاح للمتابعة.","Arabic","1536","-154","154","-154","154","-267","267","-267","267"
"6","5000","8","undefined","undefined","undefined","undefined","#1a1a1a","7","legacy","True","legacy","legacy","uniform","undefined","undefined","undefined","0","NA","0","0","43","43","0","0","0","NA","0","43","43","NA","43","43","0","43","0","0","NA","0","43","43","43","43","43","43","0","43","43","43","0","14.34140786929934","Sun Aug 23 18:16:13 2026","1000","The main experiment item","False","V7_AttentionalSpatialBias_ (1).osexp","C:\Users\plcm\Downloads","252.0","006.png","578.93376","354.8448","True","False","mono","False","18","no","white","no","yes","RTL","578.93376","354.8448","864","7","006.png","007.png","3","legacy","Arabic","43","43","C:\Users\plcm\Downloads\subject-110.csv","150","legacy","no","652514.0","Neonatal Nightingale","4.1.14","1","1","no_prime_trial_44","44","RTL","","0","2","0","2","NA","NA","2","394.0","2566","NA","NA","394","2","legacy","1, 3, 6, 2, 5, 4, 4, 2, 5, 1, 3, 6, 2, 6, 4, 1, 3, 5, 5, 6, 3, 1, 4, 2, 1, 4, 6, 3, 2, 5, 4, 6, 2, 1, 5, 3, 1, 6, 4, 5, 2, 3, 3, 1, 6, 5, 2, 4","False","1024","2","48000","-16","experiment","110","even","491.3220115000149","460.0","1076.0","432.0","432.0","105960","NA","NA","1391","651489","651489","NA","5255","45911","NA","1392","657919","651483","NA","651494","651500","13606","657518","108527","NA","NA","109341","651482","657919","657524","651482","652501","652500","109341","651482","652501","652514","5255","Attentional Spatial Bias","0","0","0","44","سنقوم الآن بمعايرة جهاز تتبع العين.<br><br>يرجى تتبع النقطة المتحركة بعينيك وإبقاء رأسك ثابتًا.<br><br>يرجى الانتظار.","شكرًا على مشاركتك!<br><br>انتهت التجربة الآن.<br><br>يرجى الاتصال بالباحث.","في هذه التجربة، ستقرأ قصة قصيرة معروضة على الشاشة.<br><br>يرجى قراءة كل سطر بعناية، حيث سيُطرح عليك بعض الأسئلة حول القصة في نهاية التجربة.<br><br>بعد كل فقرة، سترى صورتين. انظر إلى كلتا الصورتين واحسب العدد الإجمالي للدوائر الموجودة في الصورتين.<br><br>في الشاشة التالية، سترى أمثلة على دائرة صحيحة وشكل غير صحيح. احسب فقط الأشكال التي تتطابق مع مثال الدائرة الصحيحة.<br><br>اضغط على أي مفتاح للبدء.","أدخل عدد الدوائر (اضغط على 0-3)","مرحبًا! اضغط على أي مفتاح للمتابعة.","Arabic","1536","-308","308","-308","308","0","0","0","0"
"6","5000","8","undefined","undefined","undefined","undefined","#1a1a1a","7","legacy","True","legacy","legacy","uniform","undefined","undefined","undefined","0","NA","0","0","44","44","0","0","0","NA","0","44","44","NA","44","44","0","44","0","0","NA","0","44","44","44","44","44","44","0","44","44","44","0","49.491007064411214","Sun Aug 23 18:16:13 2026","1000","The main experiment item","False","V7_AttentionalSpatialBias_ (1).osexp","C:\Users\plcm\Downloads","299.0","008.png","482.59584000000007","549.77184","True","False","mono","False","18","no","white","no","yes","RTL","482.59584000000007","549.77184","864","7","008.png","009.png","3","legacy","Arabic","44","44","C:\Users\plcm\Downloads\subject-110.csv","150","legacy","no","659206.0","Neonatal Nightingale","4.1.14","6","6","no_prime_trial_45","45","RTL","","0","0","0","0","NA","NA","0","424.0","2566","NA","NA","424","2","legacy","1, 3, 6, 2, 5, 4, 4, 2, 5, 1, 3, 6, 2, 6, 4, 1, 3, 5, 5, 6, 3, 1, 4, 2, 1, 4, 6, 3, 2, 5, 4, 6, 2, 1, 5, 3, 1, 6, 4, 5, 2, 3, 3, 1, 6, 5, 2, 4","False","1024","2","48000","-16","experiment","110","even","497.8816982000135","501.0","1035.0","586.0","278.0","105960","NA","NA","1391","658048","658048","NA","5255","45911","NA","1392","664639","658042","NA","658191","658196","13606","664208","108527","NA","NA","109341","658042","664639","664214","658042","659197","659196","109341","658042","659197","659206","5255","Attentional Spatial Bias","0","0","0","45","سنقوم الآن بمعايرة جهاز تتبع العين.<br><br>يرجى تتبع النقطة المتحركة بعينيك وإبقاء رأسك ثابتًا.<br><br>يرجى الانتظار.","شكرًا على مشاركتك!<br><br>انتهت التجربة الآن.<br><br>يرجى الاتصال بالباحث.","في هذه التجربة، ستقرأ قصة قصيرة معروضة على الشاشة.<br><br>يرجى قراءة كل سطر بعناية، حيث سيُطرح عليك بعض الأسئلة حول القصة في نهاية التجربة.<br><br>بعد كل فقرة، سترى صورتين. انظر إلى كلتا الصورتين واحسب العدد الإجمالي للدوائر الموجودة في الصورتين.<br><br>في الشاشة التالية، سترى أمثلة على دائرة صحيحة وشكل غير صحيح. احسب فقط الأشكال التي تتطابق مع مثال الدائرة الصحيحة.<br><br>اضغط على أي مفتاح للبدء.","أدخل عدد الدوائر (اضغط على 0-3)","مرحبًا! اضغط على أي مفتاح للمتابعة.","Arabic","1536","-267","267","-267","267","154","-154","154","-154"
"6","5000","8","undefined","undefined","undefined","undefined","#1a1a1a","7","legacy","True","legacy","legacy","uniform","undefined","undefined","undefined","0","NA","0","0","45","45","0","0","0","NA","0","45","45","NA","45","45","0","45","0","0","NA","0","45","45","45","45","45","45","0","45","45","45","0","70.99442212500928","Sun Aug 23 18:16:13 2026","1000","The main experiment item","False","V7_AttentionalSpatialBias_ (1).osexp","C:\Users\plcm\Downloads","265.0","010.png","564.54144","572.58144","True","False","mono","False","18","no","white","no","yes","RTL","564.54144","572.58144","864","7","010.png","011.png","3","legacy","Arabic","45","45","C:\Users\plcm\Downloads\subject-110.csv","150","legacy","no","665777.0","Neonatal Nightingale","4.1.14","5","5","no_prime_trial_46","46","RTL","","0","2","0","2","NA","NA","2","773.0","2566","NA","NA","773","2","legacy","1, 3, 6, 2, 5, 4, 4, 2, 5, 1, 3, 6, 2, 6, 4, 1, 3, 5, 5, 6, 3, 1, 4, 2, 1, 4, 6, 3, 2, 5, 4, 6, 2, 1, 5, 3, 1, 6, 4, 5, 2, 3, 3, 1, 6, 5, 2, 4","False","1024","2","48000","-16","experiment","110","even","504.5904385999893","614.0","922.0","699.0","165.0","105960","NA","NA","1391","664757","664757","NA","5255","45911","NA","1392","671559","664748","NA","664762","664768","13606","670778","108527","NA","NA","109341","664748","671559","670785","664748","665769","665768","109341","664748","665769","665777","5255","Attentional Spatial Bias","0","0","0","46","سنقوم الآن بمعايرة جهاز تتبع العين.<br><br>يرجى تتبع النقطة المتحركة بعينيك وإبقاء رأسك ثابتًا.<br><br>يرجى الانتظار.","شكرًا على مشاركتك!<br><br>انتهت التجربة الآن.<br><br>يرجى الاتصال بالباحث.","في هذه التجربة، ستقرأ قصة قصيرة معروضة على الشاشة.<br><br>يرجى قراءة كل سطر بعناية، حيث سيُطرح عليك بعض الأسئلة حول القصة في نهاية التجربة.<br><br>بعد كل فقرة، سترى صورتين. انظر إلى كلتا الصورتين واحسب العدد الإجمالي للدوائر الموجودة في الصورتين.<br><br>في الشاشة التالية، سترى أمثلة على دائرة صحيحة وشكل غير صحيح. احسب فقط الأشكال التي تتطابق مع مثال الدائرة الصحيحة.<br><br>اضغط على أي مفتاح للبدء.","أدخل عدد الدوائر (اضغط على 0-3)","مرحبًا! اضغط على أي مفتاح للمتابعة.","Arabic","1536","-154","154","-154","154","267","-267","267","-267"
"6","5000","8","undefined","undefined","undefined","undefined","#1a1a1a","7","legacy","True","legacy","legacy","uniform","undefined","undefined","undefined","0","NA","0","0","46","46","0","0","0","NA","0","46","46","NA","46","46","0","46","0","0","NA","0","46","46","46","46","46","46","0","46","46","46","0","77.68901165606367","Sun Aug 23 18:16:13 2026","1000","The main experiment item","False","V7_AttentionalSpatialBias_ (1).osexp","C:\Users\plcm\Downloads","226.0","012.png","599.808","314.81568000000004","True","False","mono","False","18","no","white","no","yes","RTL","599.808","314.81568000000004","864","7","012.png","013.png","3","legacy","Arabic","46","46","C:\Users\plcm\Downloads\subject-110.csv","150","legacy","no","672944.0","Neonatal Nightingale","4.1.14","2","2","no_prime_trial_47","47","RTL","","0","1","0","1","NA","NA","1","346.0","2566","NA","NA","346","2","legacy","1, 3, 6, 2, 5, 4, 4, 2, 5, 1, 3, 6, 2, 6, 4, 1, 3, 5, 5, 6, 3, 1, 4, 2, 1, 4, 6, 3, 2, 5, 4, 6, 2, 1, 5, 3, 1, 6, 4, 5, 2, 3, 3, 1, 6, 5, 2, 4","False","1024","2","48000","-16","experiment","110","even","511.51132019999204","501.0","1035.0","278.0","586.0","105960","NA","NA","1391","671678","671678","NA","5255","45911","NA","1392","678303","671672","NA","671929","671934","13606","677949","108527","NA","NA","109341","671672","678303","677956","671672","672935","672934","109341","671672","672935","672944","5255","Attentional Spatial Bias","0","0","0","47","سنقوم الآن بمعايرة جهاز تتبع العين.<br><br>يرجى تتبع النقطة المتحركة بعينيك وإبقاء رأسك ثابتًا.<br><br>يرجى الانتظار.","شكرًا على مشاركتك!<br><br>انتهت التجربة الآن.<br><br>يرجى الاتصال بالباحث.","في هذه التجربة، ستقرأ قصة قصيرة معروضة على الشاشة.<br><br>يرجى قراءة كل سطر بعناية، حيث سيُطرح عليك بعض الأسئلة حول القصة في نهاية التجربة.<br><br>بعد كل فقرة، سترى صورتين. انظر إلى كلتا الصورتين واحسب العدد الإجمالي للدوائر الموجودة في الصورتين.<br><br>في الشاشة التالية، سترى أمثلة على دائرة صحيحة وشكل غير صحيح. احسب فقط الأشكال التي تتطابق مع مثال الدائرة الصحيحة.<br><br>اضغط على أي مفتاح للبدء.","أدخل عدد الدوائر (اضغط على 0-3)","مرحبًا! اضغط على أي مفتاح للمتابعة.","Arabic","1536","-267","267","-267","267","-154","154","-154","154"
"6","5000","8","undefined","undefined","undefined","undefined","#1a1a1a","7","legacy","True","legacy","legacy","uniform","undefined","undefined","undefined","0","NA","0","0","47","47","0","0","0","NA","0","47","47","NA","47","47","0","47","0","0","NA","0","47","47","47","47","47","47","0","47","47","47","0","30.76262155299515","Sun Aug 23 18:16:13 2026","1000","The main experiment item","False","V7_AttentionalSpatialBias_ (1).osexp","C:\Users\plcm\Downloads","254.0","014.png","779.9347200000001","215.46432","True","False","mono","False","18","no","white","no","yes","RTL","779.9347200000001","215.46432","864","7","014.png","015.png","3","legacy","Arabic","47","47","C:\Users\plcm\Downloads\subject-110.csv","150","legacy","no","679471.0","Neonatal Nightingale","4.1.14","4","4","no_prime_trial_48","48","RTL","","0","0","0","0","NA","NA","0","585.0","2566","NA","NA","585","2","legacy","1, 3, 6, 2, 5, 4, 4, 2, 5, 1, 3, 6, 2, 6, 4, 1, 3, 5, 5, 6, 3, 1, 4, 2, 1, 4, 6, 3, 2, 5, 4, 6, 2, 1, 5, 3, 1, 6, 4, 5, 2, 3, 3, 1, 6, 5, 2, 4","False","1024","2","48000","-16","experiment","110","even","518.2839833000326","768.0","768.0","124.0","740.0","105960","NA","NA","1391","678451","678451","NA","5255","45911","NA","1392","685063","678446","NA","678457","678462","13606","684471","108527","NA","NA","109341","678446","685063","684477","678445","679463","679462","109341","678445","679463","679471","5255","Attentional Spatial Bias","0","0","0","48","سنقوم الآن بمعايرة جهاز تتبع العين.<br><br>يرجى تتبع النقطة المتحركة بعينيك وإبقاء رأسك ثابتًا.<br><br>يرجى الانتظار.","شكرًا على مشاركتك!<br><br>انتهت التجربة الآن.<br><br>يرجى الاتصال بالباحث.","في هذه التجربة، ستقرأ قصة قصيرة معروضة على الشاشة.<br><br>يرجى قراءة كل سطر بعناية، حيث سيُطرح عليك بعض الأسئلة حول القصة في نهاية التجربة.<br><br>بعد كل فقرة، سترى صورتين. انظر إلى كلتا الصورتين واحسب العدد الإجمالي للدوائر الموجودة في الصورتين.<br><br>في الشاشة التالية، سترى أمثلة على دائرة صحيحة وشكل غير صحيح. احسب فقط الأشكال التي تتطابق مع مثال الدائرة الصحيحة.<br><br>اضغط على أي مفتاح للبدء.","أدخل عدد الدوائر (اضغط على 0-3)","مرحبًا! اضغط على أي مفتاح للمتابعة.","Arabic","1536","0","0","0","0","-308","308","-308","308"
