"BLOCK_SIZE","DEADLINE_MS","NUM_BLOCKS","acc","accuracy","average_response_time","avg_rt","background","block_index","canvas_backend","central_fixation","clock_backend","color_backend","coordinates","correct","correct_Circle","correct_response_prompt","count_Circle","count_calibration_note","count_epilogue","count_experiment","count_fixation","count_fixation_cross_inline_script","count_goodbye","count_init_experiment","count_instructions","count_iti","count_language_selection","count_log_trial","count_new_1_pygaze_log","count_new_1_sketchpad","count_new_2_pygaze_log","count_new_advanced_delay","count_new_pygaze_init","count_new_pygaze_log","count_new_pygaze_start_recording","count_new_pygaze_stop_recording","count_new_sketchpad","count_position_randomization_inline_script","count_prime_display","count_record_response","count_response_prompt","count_set_prime","count_stimulus_display","count_stimulus_positions_inline_script","count_trial_loop","count_trial_sequence","count_trigger_fixation","count_trigger_stimulus","count_welcome","d","datetime","delay_new_advanced_delay","description","disable_garbage_collection","experiment_file","experiment_path","first_fix_rt","first_fix_side","first_fix_x","first_fix_y","fixation_found","font_bold","font_family","font_italic","font_size","font_underline","foreground","form_clicks","fullscreen","group","gx","gy","height","idx","img_left","img_right","key","keyboard_backend","lang","live_row","live_row_trial_loop","logfile","margin","mouse_backend","mouse_simulation","onset","opensesame_codename","opensesame_version","pos","position","prime_condition","prime_index","prime_lang","prime_text","repeat_cycle","response","response_Circle","response_count","response_new_1_sketchpad","response_new_sketchpad","response_response_prompt","response_time","response_time_Circle","response_time_new_1_sketchpad","response_time_new_sketchpad","response_time_response_prompt","round_decimals","sampler_backend","seq","show_prime","sound_buf_size","sound_channels","sound_freq","sound_sample_size","start","subject_nr","subject_parity","t0","target_x_left","target_x_right","target_y_left","target_y_right","time_Circle","time_calibration_note","time_epilogue","time_experiment","time_fixation","time_fixation_cross_inline_script","time_goodbye","time_init_experiment","time_instructions","time_iti","time_language_selection","time_log_trial","time_new_1_pygaze_log","time_new_1_sketchpad","time_new_2_pygaze_log","time_new_advanced_delay","time_new_pygaze_init","time_new_pygaze_log","time_new_pygaze_start_recording","time_new_pygaze_stop_recording","time_new_sketchpad","time_position_randomization_inline_script","time_prime_display","time_record_response","time_response_prompt","time_set_prime","time_stimulus_display","time_stimulus_positions_inline_script","time_trial_loop","time_trial_sequence","time_trigger_fixation","time_trigger_stimulus","time_welcome","title","total_correct","total_response_time","total_responses","trial_nr","txt_calibration","txt_goodbye","txt_instructions","txt_response_prompt","txt_welcome","ui_language","width","xL","xR","x_left","x_right","yL","yR","y_left","y_right"
"6","5000","8","undefined","undefined","undefined","undefined","#1a1a1a","0","psycho","True","psycho","psycho","uniform","undefined","undefined","undefined","0","NA","0","0","0","0","0","0","0","NA","0","0","0","NA","0","0","0","0","0","0","NA","0","0","0","0","0","0","0","0","0","0","0","0","94.43111650579597","Wed Jul 22 10:42:01 2026","1000","The main experiment item","False","V7_AttentionalSpatialBias_.osexp","C:\Users\plcm\Desktop\2026-EyeTracking\group-bayes\Experiment","339.6230998914689","000.png","500.33664","411.89472","True","False","mono","False","18","no","white","no","yes","RTL","500.33664","411.89472","864","0","000.png","001.png","4","psycho","Farsi","0","0","C:\Users\plcm\Desktop\2026-EyeTracking\group-bayes\Experiment\subject-61.csv","150","psycho","no","141298.17449999973","Neonatal Nightingale","4.1.14","1","1","prime_1","1","RTL","تو یک مزرعه آفتابی، یک مادر اردک منتظر بود تا تخم‌هایش بشکنند. تخم‌ها یکی یکی شکستند و جوجه‌اردک‌های زرد و پفکی از آن‌ها بیرون آمدند. اما یک تخم که بزرگ‌تر بود شکستنش بیشتر طول کشید.","0","2","space","2","NA","NA","2","3083.431900013238","47626.63049995899","NA","NA","3083.431900013238","2","psycho","1,3,6,5,2,4,5,6,2,4,1,3,3,6,2,5,4,1,2,4,6,5,1,3,2,6,5,4,1,3,1,5,2,3,4,6,2,1,6,5,3,4,1,4,2,3,5,6","True","1024","2","48000","-16","experiment","61","odd","139.9788562998874","460.0","1076.0","432.0","432.0","75069.80619998649","NA","NA","5445.179599919356","139978.76389999874","139978.83219993673","NA","9721.687399898656","49937.296899966896","NA","5445.359099889174","149401.39879996423","139960.95059998333","NA","140273.72809988447","140287.0901999995","13064.927899977192","146300.8484999882","122697.26979988627","NA","NA","123555.30269991141","123662.43729996495","149401.36879996862","146317.21489992924","123662.36279997975","141290.4968999792","141287.45179995894","123555.45279989019","123661.596299964","141290.5547999544","141298.13429992646","9721.77089995239","Attentional Spatial Bias","0","0","0","1","اکنون چشم‌پیما را کالیبره می‌کنیم.<br><br>لطفاً نقطه متحرک را با چشمان خود دنبال کنید و سرتان را ثابت نگه دارید.<br><br>لطفاً منتظر بمانید.","از شرکت شما سپاسگزاریم!<br><br>آزمایش اکنون به پایان رسیده است.<br><br>لطفاً با آزمایشگر تماس بگیرید.","در این آزمایش، شما یک داستان کوتاه را که روی صفحه نمایش داده می‌شود، خواهید خواند.<br><br>لطفاً هر خط را با دقت بخوانید، زیرا در پایان آزمایش چند سؤال در مورد داستان از شما پرسیده خواهد شد.<br><br>پس از هر پاراگراف، یک جفت تصویر خواهید دید. به هر دو تصویر نگاه کنید و تعداد کل دایره‌ها را در دو تصویر بشمارید.<br><br>در صفحه بعد می‌توانید نمونه‌هایی از یک دایره صحیح و یک شکل نادرست را ببینید. فقط شکل‌هایی را بشمارید که با نمونه دایره صحیح مطابقت دارند.<br><br>برای شروع هر کلیدی را فشار دهید.","دایره شمارش شده را وارد کنید (۰-۳ را فشار دهید)","خوش آمدید! برای ادامه هر کلیدی را فشار دهید.","Farsi","1536","-308","308","-308","308","0","0","0","0"
"6","5000","8","undefined","undefined","undefined","undefined","#1a1a1a","0","psycho","False","psycho","psycho","uniform","undefined","undefined","undefined","0","NA","0","0","1","1","0","0","0","NA","0","1","1","NA","1","1","0","1","0","0","NA","0","1","1","1","1","1","1","0","1","1","1","0","380.5232219764444","Wed Jul 22 10:42:01 2026","1000","The main experiment item","False","V7_AttentionalSpatialBias_.osexp","C:\Users\plcm\Desktop\2026-EyeTracking\group-bayes\Experiment","10.93580003362149","002.png","605.93664","85.19904","True","False","mono","False","18","no","white","no","yes","RTL","605.93664","85.19904","864","0","002.png","003.png","4","psycho","Farsi","1","1","C:\Users\plcm\Desktop\2026-EyeTracking\group-bayes\Experiment\subject-61.csv","150","psycho","no","152041.19449993595","Neonatal Nightingale","4.1.14","3","3","no_prime_trial_2","2","RTL","","0","3","space","3","NA","NA","3","4082.0438999217004","47626.63049995899","NA","NA","4082.0438999217004","2","psycho","1, 3, 6, 5, 2, 4, 5, 6, 2, 4, 1, 3, 3, 6, 2, 5, 4, 1, 2, 4, 6, 5, 1, 3, 2, 6, 5, 4, 1, 3, 1, 5, 2, 3, 4, 6, 2, 1, 6, 5, 3, 4, 1, 4, 2, 3, 5, 6","False","1024","2","48000","-16","experiment","61","odd","149.52228319994174","614.0","922.0","165.0","699.0","75069.80619998649","NA","NA","5445.179599919356","149522.1171999583","149522.2431999864","NA","9721.687399898656","49937.296899966896","NA","5445.359099889174","161137.06709991675","149509.5456999261","NA","151025.4324999405","151031.04989998974","13064.927899977192","157045.96489993855","122697.26979988627","NA","NA","123555.30269991141","149509.5236999914","161137.03579991125","157054.39569998998","149509.413999971","152035.11739999522","152031.55539999716","123555.45279989019","149509.01109992992","152035.16729990952","152041.16599995177","9721.77089995239","Attentional Spatial Bias","0","0","0","2","اکنون چشم‌پیما را کالیبره می‌کنیم.<br><br>لطفاً نقطه متحرک را با چشمان خود دنبال کنید و سرتان را ثابت نگه دارید.<br><br>لطفاً منتظر بمانید.","از شرکت شما سپاسگزاریم!<br><br>آزمایش اکنون به پایان رسیده است.<br><br>لطفاً با آزمایشگر تماس بگیرید.","در این آزمایش، شما یک داستان کوتاه را که روی صفحه نمایش داده می‌شود، خواهید خواند.<br><br>لطفاً هر خط را با دقت بخوانید، زیرا در پایان آزمایش چند سؤال در مورد داستان از شما پرسیده خواهد شد.<br><br>پس از هر پاراگراف، یک جفت تصویر خواهید دید. به هر دو تصویر نگاه کنید و تعداد کل دایره‌ها را در دو تصویر بشمارید.<br><br>در صفحه بعد می‌توانید نمونه‌هایی از یک دایره صحیح و یک شکل نادرست را ببینید. فقط شکل‌هایی را بشمارید که با نمونه دایره صحیح مطابقت دارند.<br><br>برای شروع هر کلیدی را فشار دهید.","دایره شمارش شده را وارد کنید (۰-۳ را فشار دهید)","خوش آمدید! برای ادامه هر کلیدی را فشار دهید.","Farsi","1536","-154","154","-154","154","-267","267","-267","267"
"6","5000","8","undefined","undefined","undefined","undefined","#1a1a1a","0","psycho","False","psycho","psycho","uniform","undefined","undefined","undefined","0","NA","0","0","2","2","0","0","0","NA","0","2","2","NA","2","2","0","2","0","0","NA","0","2","2","2","2","2","2","0","2","2","2","0","389.38249375413477","Wed Jul 22 10:42:01 2026","1000","The main experiment item","False","V7_AttentionalSpatialBias_.osexp","C:\Users\plcm\Desktop\2026-EyeTracking\group-bayes\Experiment","4414.402500027791","005.png","1157.54496","167.07168","True","False","mono","False","18","no","white","no","yes","RTL","1157.54496","167.07168","864","0","004.png","005.png","4","psycho","Farsi","2","2","C:\Users\plcm\Desktop\2026-EyeTracking\group-bayes\Experiment\subject-61.csv","150","psycho","no","163795.5981999403","Neonatal Nightingale","4.1.14","6","6","no_prime_trial_3","3","RTL","","0","2","space","2","NA","NA","2","2712.0054999832064","47626.63049995899","NA","NA","2712.0054999832064","2","psycho","1, 3, 6, 5, 2, 4, 5, 6, 2, 4, 1, 3, 3, 6, 2, 5, 4, 1, 2, 4, 6, 5, 1, 3, 2, 6, 5, 4, 1, 3, 1, 5, 2, 3, 4, 6, 2, 1, 6, 5, 3, 4, 1, 4, 2, 3, 5, 6","False","1024","2","48000","-16","experiment","61","odd","161.27410789998248","501.0","1035.0","586.0","278.0","75069.80619998649","NA","NA","5445.179599919356","161273.98049994372","161274.08459992148","NA","9721.687399898656","49937.296899966896","NA","5445.359099889174","171521.0204999894","161262.51189992763","NA","162778.33109989297","162784.11139990203","13064.927899977192","168799.8399999924","122697.26979988627","NA","NA","123555.30269991141","161262.49009999447","171520.99219989032","168808.39649995323","161262.43299990892","163787.58339991327","163784.31929997168","123555.45279989019","161261.994499946","163787.6402999973","163795.5567999743","9721.77089995239","Attentional Spatial Bias","0","0","0","3","اکنون چشم‌پیما را کالیبره می‌کنیم.<br><br>لطفاً نقطه متحرک را با چشمان خود دنبال کنید و سرتان را ثابت نگه دارید.<br><br>لطفاً منتظر بمانید.","از شرکت شما سپاسگزاریم!<br><br>آزمایش اکنون به پایان رسیده است.<br><br>لطفاً با آزمایشگر تماس بگیرید.","در این آزمایش، شما یک داستان کوتاه را که روی صفحه نمایش داده می‌شود، خواهید خواند.<br><br>لطفاً هر خط را با دقت بخوانید، زیرا در پایان آزمایش چند سؤال در مورد داستان از شما پرسیده خواهد شد.<br><br>پس از هر پاراگراف، یک جفت تصویر خواهید دید. به هر دو تصویر نگاه کنید و تعداد کل دایره‌ها را در دو تصویر بشمارید.<br><br>در صفحه بعد می‌توانید نمونه‌هایی از یک دایره صحیح و یک شکل نادرست را ببینید. فقط شکل‌هایی را بشمارید که با نمونه دایره صحیح مطابقت دارند.<br><br>برای شروع هر کلیدی را فشار دهید.","دایره شمارش شده را وارد کنید (۰-۳ را فشار دهید)","خوش آمدید! برای ادامه هر کلیدی را فشار دهید.","Farsi","1536","-267","267","-267","267","154","-154","154","-154"
"6","5000","8","undefined","undefined","undefined","undefined","#1a1a1a","0","psycho","False","psycho","psycho","uniform","undefined","undefined","undefined","0","NA","0","0","3","3","0","0","0","NA","0","3","3","NA","3","3","0","3","0","0","NA","0","3","3","3","3","3","3","0","3","3","3","0","385.8186724433373","Wed Jul 22 10:42:01 2026","1000","The main experiment item","False","V7_AttentionalSpatialBias_.osexp","C:\Users\plcm\Desktop\2026-EyeTracking\group-bayes\Experiment","-1","none","-1","-1","False","False","mono","False","18","no","white","no","yes","RTL","294.85056","239.78592","864","0","006.png","007.png","4","psycho","Farsi","3","3","C:\Users\plcm\Desktop\2026-EyeTracking\group-bayes\Experiment\subject-61.csv","150","psycho","no","174185.82409992814","Neonatal Nightingale","4.1.14","5","5","no_prime_trial_4","4","RTL","","0","3","space","3","NA","NA","3","1244.6234999224544","47626.63049995899","NA","NA","1244.6234999224544","2","psycho","1, 3, 6, 5, 2, 4, 5, 6, 2, 4, 1, 3, 3, 6, 2, 5, 4, 1, 2, 4, 6, 5, 1, 3, 2, 6, 5, 4, 1, 3, 1, 5, 2, 3, 4, 6, 2, 1, 6, 5, 3, 4, 1, 4, 2, 3, 5, 6","False","1024","2","48000","-16","experiment","61","odd","171.66442009992898","614.0","922.0","699.0","165.0","75069.80619998649","NA","NA","5445.179599919356","171664.2960999161","171664.3920999486","NA","9721.687399898656","49937.296899966896","NA","5445.359099889174","180440.88369992096","171653.36839994416","NA","173168.88809995726","173174.38199999742","13064.927899977192","179187.9708999768","122697.26979988627","NA","NA","123555.30269991141","171653.34639989305","180440.85699995048","179195.73619996663","171653.29179994296","174177.93239990715","174174.68169995118","123555.45279989019","171652.79719990212","174177.99339990597","174185.78579998575","9721.77089995239","Attentional Spatial Bias","0","0","0","4","اکنون چشم‌پیما را کالیبره می‌کنیم.<br><br>لطفاً نقطه متحرک را با چشمان خود دنبال کنید و سرتان را ثابت نگه دارید.<br><br>لطفاً منتظر بمانید.","از شرکت شما سپاسگزاریم!<br><br>آزمایش اکنون به پایان رسیده است.<br><br>لطفاً با آزمایشگر تماس بگیرید.","در این آزمایش، شما یک داستان کوتاه را که روی صفحه نمایش داده می‌شود، خواهید خواند.<br><br>لطفاً هر خط را با دقت بخوانید، زیرا در پایان آزمایش چند سؤال در مورد داستان از شما پرسیده خواهد شد.<br><br>پس از هر پاراگراف، یک جفت تصویر خواهید دید. به هر دو تصویر نگاه کنید و تعداد کل دایره‌ها را در دو تصویر بشمارید.<br><br>در صفحه بعد می‌توانید نمونه‌هایی از یک دایره صحیح و یک شکل نادرست را ببینید. فقط شکل‌هایی را بشمارید که با نمونه دایره صحیح مطابقت دارند.<br><br>برای شروع هر کلیدی را فشار دهید.","دایره شمارش شده را وارد کنید (۰-۳ را فشار دهید)","خوش آمدید! برای ادامه هر کلیدی را فشار دهید.","Farsi","1536","-154","154","-154","154","267","-267","267","-267"
"6","5000","8","undefined","undefined","undefined","undefined","#1a1a1a","0","psycho","False","psycho","psycho","uniform","undefined","undefined","undefined","0","NA","0","0","4","4","0","0","0","NA","0","4","4","NA","4","4","0","4","0","0","NA","0","4","4","4","4","4","4","0","4","4","4","0","378.2083543874472","Wed Jul 22 10:42:01 2026","1000","The main experiment item","False","V7_AttentionalSpatialBias_.osexp","C:\Users\plcm\Desktop\2026-EyeTracking\group-bayes\Experiment","393.033399945125","008.png","423.01439999999997","147.52800000000002","True","False","mono","False","18","no","white","no","yes","RTL","423.01439999999997","147.52800000000002","864","0","008.png","009.png","4","psycho","Farsi","4","4","C:\Users\plcm\Desktop\2026-EyeTracking\group-bayes\Experiment\subject-61.csv","150","psycho","no","183120.3806999838","Neonatal Nightingale","4.1.14","2","2","no_prime_trial_5","5","RTL","","0","2","space","2","NA","NA","2","1595.0446999631822","47626.63049995899","NA","NA","1595.0446999631822","2","psycho","1, 3, 6, 5, 2, 4, 5, 6, 2, 4, 1, 3, 3, 6, 2, 5, 4, 1, 2, 4, 6, 5, 1, 3, 2, 6, 5, 4, 1, 3, 1, 5, 2, 3, 4, 6, 2, 1, 6, 5, 3, 4, 1, 4, 2, 3, 5, 6","False","1024","2","48000","-16","experiment","61","odd","180.59850049996749","501.0","1035.0","278.0","586.0","75069.80619998649","NA","NA","5445.179599919356","180598.40389993042","180598.47549989354","NA","9721.687399898656","49937.296899966896","NA","5445.359099889174","189728.99389988743","180585.70039994083","NA","182100.3531999886","182105.69699993357","13064.927899977192","188125.38049998693","122697.26979988627","NA","NA","123555.30269991141","180585.67159995437","189728.9657999063","188133.3415999543","180585.60859994031","183109.5319999149","183105.98469991237","123555.45279989019","180584.8080998985","183109.59729994647","183120.3407999128","9721.77089995239","Attentional Spatial Bias","0","0","0","5","اکنون چشم‌پیما را کالیبره می‌کنیم.<br><br>لطفاً نقطه متحرک را با چشمان خود دنبال کنید و سرتان را ثابت نگه دارید.<br><br>لطفاً منتظر بمانید.","از شرکت شما سپاسگزاریم!<br><br>آزمایش اکنون به پایان رسیده است.<br><br>لطفاً با آزمایشگر تماس بگیرید.","در این آزمایش، شما یک داستان کوتاه را که روی صفحه نمایش داده می‌شود، خواهید خواند.<br><br>لطفاً هر خط را با دقت بخوانید، زیرا در پایان آزمایش چند سؤال در مورد داستان از شما پرسیده خواهد شد.<br><br>پس از هر پاراگراف، یک جفت تصویر خواهید دید. به هر دو تصویر نگاه کنید و تعداد کل دایره‌ها را در دو تصویر بشمارید.<br><br>در صفحه بعد می‌توانید نمونه‌هایی از یک دایره صحیح و یک شکل نادرست را ببینید. فقط شکل‌هایی را بشمارید که با نمونه دایره صحیح مطابقت دارند.<br><br>برای شروع هر کلیدی را فشار دهید.","دایره شمارش شده را وارد کنید (۰-۳ را فشار دهید)","خوش آمدید! برای ادامه هر کلیدی را فشار دهید.","Farsi","1536","-267","267","-267","267","-154","154","-154","154"
"6","5000","8","undefined","undefined","undefined","undefined","#1a1a1a","0","psycho","False","psycho","psycho","uniform","undefined","undefined","undefined","0","NA","0","0","5","5","0","0","0","NA","0","5","5","NA","5","5","0","5","0","0","NA","0","5","5","5","5","5","5","0","5","5","5","0","386.07191030583095","Wed Jul 22 10:42:01 2026","1000","The main experiment item","False","V7_AttentionalSpatialBias_.osexp","C:\Users\plcm\Desktop\2026-EyeTracking\group-bayes\Experiment","206.95639995392412","010.png","625.47456","64.70496","True","False","mono","False","18","no","white","no","yes","RTL","625.47456","64.70496","864","0","010.png","011.png","4","psycho","Farsi","5","5","C:\Users\plcm\Desktop\2026-EyeTracking\group-bayes\Experiment\subject-61.csv","150","psycho","no","192385.02219994552","Neonatal Nightingale","4.1.14","4","4","no_prime_trial_6","6","RTL","","0","2","space","2","NA","NA","2","1306.791799957864","47626.63049995899","NA","NA","1306.791799957864","2","psycho","1, 3, 6, 5, 2, 4, 5, 6, 2, 4, 1, 3, 3, 6, 2, 5, 4, 1, 2, 4, 6, 5, 1, 3, 2, 6, 5, 4, 1, 3, 1, 5, 2, 3, 4, 6, 2, 1, 6, 5, 3, 4, 1, 4, 2, 3, 5, 6","False","1024","2","48000","-16","experiment","61","odd","189.86336409999058","768.0","768.0","124.0","740.0","75069.80619998649","NA","NA","5445.179599919356","189863.25179995038","189863.33979992196","NA","9721.687399898656","49937.296899966896","NA","5445.359099889174","198705.30169992708","189851.86489997432","NA","191368.12729993835","191373.491599923","13064.927899977192","197389.17539990507","122697.26979988627","NA","NA","123555.30269991141","189851.84339992702","198705.273999949","197397.62669999618","189851.78619995713","192376.9088999834","192373.84719995316","123555.45279989019","189851.49969998747","192376.9763999153","192384.98129998334","9721.77089995239","Attentional Spatial Bias","0","0","0","6","اکنون چشم‌پیما را کالیبره می‌کنیم.<br><br>لطفاً نقطه متحرک را با چشمان خود دنبال کنید و سرتان را ثابت نگه دارید.<br><br>لطفاً منتظر بمانید.","از شرکت شما سپاسگزاریم!<br><br>آزمایش اکنون به پایان رسیده است.<br><br>لطفاً با آزمایشگر تماس بگیرید.","در این آزمایش، شما یک داستان کوتاه را که روی صفحه نمایش داده می‌شود، خواهید خواند.<br><br>لطفاً هر خط را با دقت بخوانید، زیرا در پایان آزمایش چند سؤال در مورد داستان از شما پرسیده خواهد شد.<br><br>پس از هر پاراگراف، یک جفت تصویر خواهید دید. به هر دو تصویر نگاه کنید و تعداد کل دایره‌ها را در دو تصویر بشمارید.<br><br>در صفحه بعد می‌توانید نمونه‌هایی از یک دایره صحیح و یک شکل نادرست را ببینید. فقط شکل‌هایی را بشمارید که با نمونه دایره صحیح مطابقت دارند.<br><br>برای شروع هر کلیدی را فشار دهید.","دایره شمارش شده را وارد کنید (۰-۳ را فشار دهید)","خوش آمدید! برای ادامه هر کلیدی را فشار دهید.","Farsi","1536","0","0","0","0","-308","308","-308","308"
"6","5000","8","undefined","undefined","undefined","undefined","#1a1a1a","1","psycho","False","psycho","psycho","uniform","undefined","undefined","undefined","0","NA","0","0","6","6","0","0","0","NA","0","6","6","NA","6","6","0","6","0","0","NA","0","6","6","6","6","6","6","0","6","6","6","0","389.3832671712374","Wed Jul 22 10:42:01 2026","1000","The main experiment item","False","V7_AttentionalSpatialBias_.osexp","C:\Users\plcm\Desktop\2026-EyeTracking\group-bayes\Experiment","1341.4475000463426","013.png","793.4975999999999","20.10528","True","False","mono","False","18","no","white","no","yes","RTL","793.4975999999999","20.10528","864","1","012.png","013.png","4","psycho","Farsi","6","6","C:\Users\plcm\Desktop\2026-EyeTracking\group-bayes\Experiment\subject-61.csv","150","psycho","no","213657.99419989344","Neonatal Nightingale","4.1.14","5","5","prime_2","7","RTL","از آخرین تخم، یک پرنده بزرگ خاکستری بیرون آمد. او از بقیه متفاوت به نظر می‌رسید. جوجه‌اردک‌‌ها به او خندیدند و او را جوجه‌اردک زشت صدا کردند. او که غمگین و تنها بود، از مزرعه فرار کرد.","0","1","space","1","NA","NA","1","1061.7712000384927","47626.63049995899","NA","NA","1061.7712000384927","2","psycho","1, 3, 6, 5, 2, 4, 5, 6, 2, 4, 1, 3, 3, 6, 2, 5, 4, 1, 2, 4, 6, 5, 1, 3, 2, 6, 5, 4, 1, 3, 1, 5, 2, 3, 4, 6, 2, 1, 6, 5, 3, 4, 1, 4, 2, 3, 5, 6","True","1024","2","48000","-16","experiment","61","odd","211.13773819990456","614.0","922.0","699.0","165.0","75069.80619998649","NA","NA","5445.179599919356","211137.6446998911","211137.71839998662","NA","9721.687399898656","49937.296899966896","NA","5445.359099889174","219728.81339991","211128.92079993617","NA","212641.78009994794","212647.35129999463","13064.927899977192","218658.9497999521","122697.26979988627","NA","NA","123555.30269991141","198838.35769991856","219728.786499938","218666.57889995258","198838.2905999897","213650.74179996736","213647.8651999496","123555.45279989019","198837.915699929","213650.7884999737","213657.9704999458","9721.77089995239","Attentional Spatial Bias","0","0","0","7","اکنون چشم‌پیما را کالیبره می‌کنیم.<br><br>لطفاً نقطه متحرک را با چشمان خود دنبال کنید و سرتان را ثابت نگه دارید.<br><br>لطفاً منتظر بمانید.","از شرکت شما سپاسگزاریم!<br><br>آزمایش اکنون به پایان رسیده است.<br><br>لطفاً با آزمایشگر تماس بگیرید.","در این آزمایش، شما یک داستان کوتاه را که روی صفحه نمایش داده می‌شود، خواهید خواند.<br><br>لطفاً هر خط را با دقت بخوانید، زیرا در پایان آزمایش چند سؤال در مورد داستان از شما پرسیده خواهد شد.<br><br>پس از هر پاراگراف، یک جفت تصویر خواهید دید. به هر دو تصویر نگاه کنید و تعداد کل دایره‌ها را در دو تصویر بشمارید.<br><br>در صفحه بعد می‌توانید نمونه‌هایی از یک دایره صحیح و یک شکل نادرست را ببینید. فقط شکل‌هایی را بشمارید که با نمونه دایره صحیح مطابقت دارند.<br><br>برای شروع هر کلیدی را فشار دهید.","دایره شمارش شده را وارد کنید (۰-۳ را فشار دهید)","خوش آمدید! برای ادامه هر کلیدی را فشار دهید.","Farsi","1536","-154","154","-154","154","267","-267","267","-267"
"6","5000","8","undefined","undefined","undefined","undefined","#1a1a1a","1","psycho","True","psycho","psycho","uniform","undefined","undefined","undefined","0","NA","0","0","7","7","0","0","0","NA","0","7","7","NA","7","7","0","7","0","0","NA","0","7","7","7","7","7","7","0","7","7","7","0","29.011159338158095","Wed Jul 22 10:42:01 2026","1000","The main experiment item","False","V7_AttentionalSpatialBias_.osexp","C:\Users\plcm\Desktop\2026-EyeTracking\group-bayes\Experiment","-1","none","-1","-1","False","False","mono","False","18","no","white","no","yes","RTL","391.11168000000004","175.77216","864","1","014.png","015.png","4","psycho","Farsi","7","7","C:\Users\plcm\Desktop\2026-EyeTracking\group-bayes\Experiment\subject-61.csv","150","psycho","no","221646.27719996497","Neonatal Nightingale","4.1.14","6","6","no_prime_trial_8","8","RTL","","0","0","space","0","NA","NA","0","2065.357999992557","47626.63049995899","NA","NA","2065.357999992557","2","psycho","1, 3, 6, 5, 2, 4, 5, 6, 2, 4, 1, 3, 3, 6, 2, 5, 4, 1, 2, 4, 6, 5, 1, 3, 2, 6, 5, 4, 1, 3, 1, 5, 2, 3, 4, 6, 2, 1, 6, 5, 3, 4, 1, 4, 2, 3, 5, 6","False","1024","2","48000","-16","experiment","61","odd","219.876895399997","501.0","1035.0","586.0","278.0","75069.80619998649","NA","NA","5445.179599919356","219876.782599953","219876.8710999284","NA","9721.687399898656","49937.296899966896","NA","5445.359099889174","228721.05179994833","219863.79139998462","NA","220627.5398998987","220633.2600999158","13064.927899977192","226646.86539990362","122697.26979988627","NA","NA","123555.30269991141","219863.76290000044","228721.02269995958","226654.91009992547","219863.69229992852","221636.88879995607","221633.50649992935","123555.45279989019","219863.28079993837","221636.96069992147","221646.2214998901","9721.77089995239","Attentional Spatial Bias","0","0","0","8","اکنون چشم‌پیما را کالیبره می‌کنیم.<br><br>لطفاً نقطه متحرک را با چشمان خود دنبال کنید و سرتان را ثابت نگه دارید.<br><br>لطفاً منتظر بمانید.","از شرکت شما سپاسگزاریم!<br><br>آزمایش اکنون به پایان رسیده است.<br><br>لطفاً با آزمایشگر تماس بگیرید.","در این آزمایش، شما یک داستان کوتاه را که روی صفحه نمایش داده می‌شود، خواهید خواند.<br><br>لطفاً هر خط را با دقت بخوانید، زیرا در پایان آزمایش چند سؤال در مورد داستان از شما پرسیده خواهد شد.<br><br>پس از هر پاراگراف، یک جفت تصویر خواهید دید. به هر دو تصویر نگاه کنید و تعداد کل دایره‌ها را در دو تصویر بشمارید.<br><br>در صفحه بعد می‌توانید نمونه‌هایی از یک دایره صحیح و یک شکل نادرست را ببینید. فقط شکل‌هایی را بشمارید که با نمونه دایره صحیح مطابقت دارند.<br><br>برای شروع هر کلیدی را فشار دهید.","دایره شمارش شده را وارد کنید (۰-۳ را فشار دهید)","خوش آمدید! برای ادامه هر کلیدی را فشار دهید.","Farsi","1536","-267","267","-267","267","154","-154","154","-154"
"6","5000","8","undefined","undefined","undefined","undefined","#1a1a1a","1","psycho","True","psycho","psycho","uniform","undefined","undefined","undefined","0","NA","0","0","8","8","0","0","0","NA","0","8","8","NA","8","8","0","8","0","0","NA","0","8","8","8","8","8","8","0","8","8","8","0","98.94163479139405","Wed Jul 22 10:42:01 2026","1000","The main experiment item","False","V7_AttentionalSpatialBias_.osexp","C:\Users\plcm\Desktop\2026-EyeTracking\group-bayes\Experiment","317.9217000724748","000.png","439.32672","128.5632","True","False","mono","False","18","no","white","no","yes","RTL","439.32672","128.5632","864","1","000.png","001.png","4","psycho","Farsi","8","8","C:\Users\plcm\Desktop\2026-EyeTracking\group-bayes\Experiment\subject-61.csv","150","psycho","no","230249.77549992036","Neonatal Nightingale","4.1.14","2","2","no_prime_trial_9","9","RTL","","0","2","space","2","NA","NA","2","1444.1642999881878","47626.63049995899","NA","NA","1444.1642999881878","2","psycho","1, 3, 6, 5, 2, 4, 5, 6, 2, 4, 1, 3, 3, 6, 2, 5, 4, 1, 2, 4, 6, 5, 1, 3, 2, 6, 5, 4, 1, 3, 1, 5, 2, 3, 4, 6, 2, 1, 6, 5, 3, 4, 1, 4, 2, 3, 5, 6","False","1024","2","48000","-16","experiment","61","odd","228.84449519996997","501.0","1035.0","278.0","586.0","75069.80619998649","NA","NA","5445.179599919356","228844.37719988637","228844.4658999797","NA","9721.687399898656","49937.296899966896","NA","5445.359099889174","236705.10509994347","228831.2353999354","NA","229228.42309996486","229233.96019998472","13064.927899977192","235252.34809995163","122697.26979988627","NA","NA","123555.30269991141","228831.2148998957","236705.07689996157","235260.2737999987","228831.15099999122","230237.6905999845","230234.54039997887","123555.45279989019","228830.79939999152","230237.74119990412","230249.73279994447","9721.77089995239","Attentional Spatial Bias","0","0","0","9","اکنون چشم‌پیما را کالیبره می‌کنیم.<br><br>لطفاً نقطه متحرک را با چشمان خود دنبال کنید و سرتان را ثابت نگه دارید.<br><br>لطفاً منتظر بمانید.","از شرکت شما سپاسگزاریم!<br><br>آزمایش اکنون به پایان رسیده است.<br><br>لطفاً با آزمایشگر تماس بگیرید.","در این آزمایش، شما یک داستان کوتاه را که روی صفحه نمایش داده می‌شود، خواهید خواند.<br><br>لطفاً هر خط را با دقت بخوانید، زیرا در پایان آزمایش چند سؤال در مورد داستان از شما پرسیده خواهد شد.<br><br>پس از هر پاراگراف، یک جفت تصویر خواهید دید. به هر دو تصویر نگاه کنید و تعداد کل دایره‌ها را در دو تصویر بشمارید.<br><br>در صفحه بعد می‌توانید نمونه‌هایی از یک دایره صحیح و یک شکل نادرست را ببینید. فقط شکل‌هایی را بشمارید که با نمونه دایره صحیح مطابقت دارند.<br><br>برای شروع هر کلیدی را فشار دهید.","دایره شمارش شده را وارد کنید (۰-۳ را فشار دهید)","خوش آمدید! برای ادامه هر کلیدی را فشار دهید.","Farsi","1536","-267","267","-267","267","-154","154","-154","154"
"6","5000","8","undefined","undefined","undefined","undefined","#1a1a1a","1","psycho","False","psycho","psycho","uniform","undefined","undefined","undefined","0","NA","0","0","9","9","0","0","0","NA","0","9","9","NA","9","9","0","9","0","0","NA","0","9","9","9","9","9","9","0","9","9","9","0","386.9081790900906","Wed Jul 22 10:42:01 2026","1000","The main experiment item","False","V7_AttentionalSpatialBias_.osexp","C:\Users\plcm\Desktop\2026-EyeTracking\group-bayes\Experiment","33.13160000834614","002.png","627.5481599999999","75.72095999999999","True","False","mono","False","18","no","white","no","yes","RTL","627.5481599999999","75.72095999999999","864","1","002.png","003.png","4","psycho","Farsi","9","9","C:\Users\plcm\Desktop\2026-EyeTracking\group-bayes\Experiment\subject-61.csv","150","psycho","no","239342.26879989728","Neonatal Nightingale","4.1.14","4","4","no_prime_trial_10","10","RTL","","0","1","space","1","NA","NA","1","1381.0259000165388","47626.63049995899","NA","NA","1381.0259000165388","2","psycho","1, 3, 6, 5, 2, 4, 5, 6, 2, 4, 1, 3, 3, 6, 2, 5, 4, 1, 2, 4, 6, 5, 1, 3, 2, 6, 5, 4, 1, 3, 1, 5, 2, 3, 4, 6, 2, 1, 6, 5, 3, 4, 1, 4, 2, 3, 5, 6","False","1024","2","48000","-16","experiment","61","odd","236.82173309999052","768.0","768.0","124.0","740.0","75069.80619998649","NA","NA","5445.179599919356","236821.6223999625","236821.70859992038","NA","9721.687399898656","49937.296899966896","NA","5445.359099889174","245737.10679996293","236810.02049997915","NA","238322.35079992097","238328.13059992623","13064.927899977192","244347.9883999098","122697.26979988627","NA","NA","123555.30269991141","236810.00049994327","245737.07889998332","244355.3571999073","236809.95909997728","239332.7253999887","239328.70189996902","123555.45279989019","236809.7592999693","239332.7783999266","239342.23479998764","9721.77089995239","Attentional Spatial Bias","0","0","0","10","اکنون چشم‌پیما را کالیبره می‌کنیم.<br><br>لطفاً نقطه متحرک را با چشمان خود دنبال کنید و سرتان را ثابت نگه دارید.<br><br>لطفاً منتظر بمانید.","از شرکت شما سپاسگزاریم!<br><br>آزمایش اکنون به پایان رسیده است.<br><br>لطفاً با آزمایشگر تماس بگیرید.","در این آزمایش، شما یک داستان کوتاه را که روی صفحه نمایش داده می‌شود، خواهید خواند.<br><br>لطفاً هر خط را با دقت بخوانید، زیرا در پایان آزمایش چند سؤال در مورد داستان از شما پرسیده خواهد شد.<br><br>پس از هر پاراگراف، یک جفت تصویر خواهید دید. به هر دو تصویر نگاه کنید و تعداد کل دایره‌ها را در دو تصویر بشمارید.<br><br>در صفحه بعد می‌توانید نمونه‌هایی از یک دایره صحیح و یک شکل نادرست را ببینید. فقط شکل‌هایی را بشمارید که با نمونه دایره صحیح مطابقت دارند.<br><br>برای شروع هر کلیدی را فشار دهید.","دایره شمارش شده را وارد کنید (۰-۳ را فشار دهید)","خوش آمدید! برای ادامه هر کلیدی را فشار دهید.","Farsi","1536","0","0","0","0","-308","308","-308","308"
"6","5000","8","undefined","undefined","undefined","undefined","#1a1a1a","1","psycho","True","psycho","psycho","uniform","undefined","undefined","undefined","0","NA","0","0","10","10","0","0","0","NA","0","10","10","NA","10","10","0","10","0","0","NA","0","10","10","10","10","10","10","0","10","10","10","0","95.04380084521034","Wed Jul 22 10:42:01 2026","1000","The main experiment item","False","V7_AttentionalSpatialBias_.osexp","C:\Users\plcm\Desktop\2026-EyeTracking\group-bayes\Experiment","-1","none","-1","-1","False","False","mono","False","18","no","white","no","yes","RTL","445.07136","133.3584","864","1","004.png","005.png","4","psycho","Farsi","10","10","C:\Users\plcm\Desktop\2026-EyeTracking\group-bayes\Experiment\subject-61.csv","150","psycho","no","247186.54149991926","Neonatal Nightingale","4.1.14","1","1","no_prime_trial_11","11","RTL","","0","2","space","2","NA","NA","2","1257.0796000072733","47626.63049995899","NA","NA","1257.0796000072733","2","psycho","1, 3, 6, 5, 2, 4, 5, 6, 2, 4, 1, 3, 3, 6, 2, 5, 4, 1, 2, 4, 6, 5, 1, 3, 2, 6, 5, 4, 1, 3, 1, 5, 2, 3, 4, 6, 2, 1, 6, 5, 3, 4, 1, 4, 2, 3, 5, 6","False","1024","2","48000","-16","experiment","61","odd","245.88903959991876","460.0","1076.0","432.0","432.0","75069.80619998649","NA","NA","5445.179599919356","245888.92629998736","245889.01059993077","NA","9721.687399898656","49937.296899966896","NA","5445.359099889174","253457.0050999755","245876.11749989446","NA","246168.35599998012","246173.49009995814","13064.927899977192","252188.84309998248","122697.26979988627","NA","NA","123555.30269991141","245876.09869998414","253456.97419997305","252199.2670999607","245876.05239998084","247177.3511999054","247174.10319996998","123555.45279989019","245875.80129993148","247177.39729990717","247186.50549999438","9721.77089995239","Attentional Spatial Bias","0","0","0","11","اکنون چشم‌پیما را کالیبره می‌کنیم.<br><br>لطفاً نقطه متحرک را با چشمان خود دنبال کنید و سرتان را ثابت نگه دارید.<br><br>لطفاً منتظر بمانید.","از شرکت شما سپاسگزاریم!<br><br>آزمایش اکنون به پایان رسیده است.<br><br>لطفاً با آزمایشگر تماس بگیرید.","در این آزمایش، شما یک داستان کوتاه را که روی صفحه نمایش داده می‌شود، خواهید خواند.<br><br>لطفاً هر خط را با دقت بخوانید، زیرا در پایان آزمایش چند سؤال در مورد داستان از شما پرسیده خواهد شد.<br><br>پس از هر پاراگراف، یک جفت تصویر خواهید دید. به هر دو تصویر نگاه کنید و تعداد کل دایره‌ها را در دو تصویر بشمارید.<br><br>در صفحه بعد می‌توانید نمونه‌هایی از یک دایره صحیح و یک شکل نادرست را ببینید. فقط شکل‌هایی را بشمارید که با نمونه دایره صحیح مطابقت دارند.<br><br>برای شروع هر کلیدی را فشار دهید.","دایره شمارش شده را وارد کنید (۰-۳ را فشار دهید)","خوش آمدید! برای ادامه هر کلیدی را فشار دهید.","Farsi","1536","-308","308","-308","308","0","0","0","0"
"6","5000","8","undefined","undefined","undefined","undefined","#1a1a1a","1","psycho","False","psycho","psycho","uniform","undefined","undefined","undefined","0","NA","0","0","11","11","0","0","0","NA","0","11","11","NA","11","11","0","11","0","0","NA","0","11","11","11","11","11","11","0","11","11","11","0","392.4630679357843","Wed Jul 22 10:42:01 2026","1000","The main experiment item","False","V7_AttentionalSpatialBias_.osexp","C:\Users\plcm\Desktop\2026-EyeTracking\group-bayes\Experiment","11.078199953772128","006.png","589.11744","90.89280000000001","True","False","mono","False","18","no","white","no","yes","RTL","589.11744","90.89280000000001","864","1","006.png","007.png","4","psycho","Farsi","11","11","C:\Users\plcm\Desktop\2026-EyeTracking\group-bayes\Experiment\subject-61.csv","150","psycho","no","256137.15319999028","Neonatal Nightingale","4.1.14","3","3","no_prime_trial_12","12","RTL","","0","1","space","1","NA","NA","1","1260.5501000070944","47626.63049995899","NA","NA","1260.5501000070944","2","psycho","1, 3, 6, 5, 2, 4, 5, 6, 2, 4, 1, 3, 3, 6, 2, 5, 4, 1, 2, 4, 6, 5, 1, 3, 2, 6, 5, 4, 1, 3, 1, 5, 2, 3, 4, 6, 2, 1, 6, 5, 3, 4, 1, 4, 2, 3, 5, 6","False","1024","2","48000","-16","experiment","61","odd","253.6166482999688","614.0","922.0","165.0","699.0","75069.80619998649","NA","NA","5445.179599919356","253616.53099989053","253616.61849997472","NA","9721.687399898656","49937.296899966896","NA","5445.359099889174","262408.8703999296","253604.05099997297","NA","255119.16599993128","255124.50799997896","13064.927899977192","261139.43439989816","122697.26979988627","NA","NA","123555.30269991141","253604.03239994776","262408.8433999568","261147.80239993706","253603.97779999766","256127.88909999654","256124.86849993002","123555.45279989019","253603.0555999605","256127.96249997336","256137.11339992005","9721.77089995239","Attentional Spatial Bias","0","0","0","12","اکنون چشم‌پیما را کالیبره می‌کنیم.<br><br>لطفاً نقطه متحرک را با چشمان خود دنبال کنید و سرتان را ثابت نگه دارید.<br><br>لطفاً منتظر بمانید.","از شرکت شما سپاسگزاریم!<br><br>آزمایش اکنون به پایان رسیده است.<br><br>لطفاً با آزمایشگر تماس بگیرید.","در این آزمایش، شما یک داستان کوتاه را که روی صفحه نمایش داده می‌شود، خواهید خواند.<br><br>لطفاً هر خط را با دقت بخوانید، زیرا در پایان آزمایش چند سؤال در مورد داستان از شما پرسیده خواهد شد.<br><br>پس از هر پاراگراف، یک جفت تصویر خواهید دید. به هر دو تصویر نگاه کنید و تعداد کل دایره‌ها را در دو تصویر بشمارید.<br><br>در صفحه بعد می‌توانید نمونه‌هایی از یک دایره صحیح و یک شکل نادرست را ببینید. فقط شکل‌هایی را بشمارید که با نمونه دایره صحیح مطابقت دارند.<br><br>برای شروع هر کلیدی را فشار دهید.","دایره شمارش شده را وارد کنید (۰-۳ را فشار دهید)","خوش آمدید! برای ادامه هر کلیدی را فشار دهید.","Farsi","1536","-154","154","-154","154","-267","267","-267","267"
"6","5000","8","undefined","undefined","undefined","undefined","#1a1a1a","2","psycho","False","psycho","psycho","uniform","undefined","undefined","undefined","0","NA","0","0","12","12","0","0","0","NA","0","12","12","NA","12","12","0","12","0","0","NA","0","12","12","12","12","12","12","0","12","12","12","0","384.51251459938936","Wed Jul 22 10:42:01 2026","1000","The main experiment item","False","V7_AttentionalSpatialBias_.osexp","C:\Users\plcm\Desktop\2026-EyeTracking\group-bayes\Experiment","11.208200012333691","008.png","612.4185600000001","84.7152","True","False","mono","False","18","no","white","no","yes","RTL","612.4185600000001","84.7152","864","2","008.png","009.png","4","psycho","Farsi","12","12","C:\Users\plcm\Desktop\2026-EyeTracking\group-bayes\Experiment\subject-61.csv","150","psycho","no","282988.75199991744","Neonatal Nightingale","4.1.14","3","3","prime_3","13","RTL","او در میان زمین‌ها و باتلاق‌ها سرگردان بود و به دنبال جایی می‌گشت که به آن تعلق داشته باشد. اردک‌های وحشی گفتند او آنقدر زشت است که نمی‌تواند دوستشان باشد.","0","0","space","0","NA","NA","0","1663.8972000218928","47626.63049995899","NA","NA","1663.8972000218928","2","psycho","1, 3, 6, 5, 2, 4, 5, 6, 2, 4, 1, 3, 3, 6, 2, 5, 4, 1, 2, 4, 6, 5, 1, 3, 2, 6, 5, 4, 1, 3, 1, 5, 2, 3, 4, 6, 2, 1, 6, 5, 3, 4, 1, 4, 2, 3, 5, 6","True","1024","2","48000","-16","experiment","61","odd","280.46600139990915","614.0","922.0","165.0","699.0","75069.80619998649","NA","NA","5445.179599919356","280465.9329999704","280465.98280000035","NA","9721.687399898656","49937.296899966896","NA","5445.359099889174","289664.96559989173","280456.8210999714","NA","281969.7532999562","281975.29789991677","13064.927899977192","287992.12959990837","122697.26979988627","NA","NA","123555.30269991141","262531.9192999741","289664.93759991135","288000.4669999471","262531.85109992046","282979.3535999488","282975.79879988916","123555.45279989019","262531.42269991804","282979.40779989585","282988.71729988605","9721.77089995239","Attentional Spatial Bias","0","0","0","13","اکنون چشم‌پیما را کالیبره می‌کنیم.<br><br>لطفاً نقطه متحرک را با چشمان خود دنبال کنید و سرتان را ثابت نگه دارید.<br><br>لطفاً منتظر بمانید.","از شرکت شما سپاسگزاریم!<br><br>آزمایش اکنون به پایان رسیده است.<br><br>لطفاً با آزمایشگر تماس بگیرید.","در این آزمایش، شما یک داستان کوتاه را که روی صفحه نمایش داده می‌شود، خواهید خواند.<br><br>لطفاً هر خط را با دقت بخوانید، زیرا در پایان آزمایش چند سؤال در مورد داستان از شما پرسیده خواهد شد.<br><br>پس از هر پاراگراف، یک جفت تصویر خواهید دید. به هر دو تصویر نگاه کنید و تعداد کل دایره‌ها را در دو تصویر بشمارید.<br><br>در صفحه بعد می‌توانید نمونه‌هایی از یک دایره صحیح و یک شکل نادرست را ببینید. فقط شکل‌هایی را بشمارید که با نمونه دایره صحیح مطابقت دارند.<br><br>برای شروع هر کلیدی را فشار دهید.","دایره شمارش شده را وارد کنید (۰-۳ را فشار دهید)","خوش آمدید! برای ادامه هر کلیدی را فشار دهید.","Farsi","1536","-154","154","-154","154","-267","267","-267","267"
"6","5000","8","undefined","undefined","undefined","undefined","#1a1a1a","2","psycho","False","psycho","psycho","uniform","undefined","undefined","undefined","0","NA","0","0","13","13","0","0","0","NA","0","13","13","NA","13","13","0","13","0","0","NA","0","13","13","13","13","13","13","0","13","13","13","0","381.22935842220755","Wed Jul 22 10:42:01 2026","1000","The main experiment item","False","V7_AttentionalSpatialBias_.osexp","C:\Users\plcm\Desktop\2026-EyeTracking\group-bayes\Experiment","-1","none","-1","-1","False","False","mono","False","18","no","white","no","yes","RTL","325.66272","191.74751999999998","864","2","010.png","011.png","4","psycho","Farsi","13","13","C:\Users\plcm\Desktop\2026-EyeTracking\group-bayes\Experiment\subject-61.csv","150","psycho","no","292309.6187999472","Neonatal Nightingale","4.1.14","6","6","no_prime_trial_14","14","RTL","","0","2","space","2","NA","NA","2","1320.0291000539437","47626.63049995899","NA","NA","1320.0291000539437","2","psycho","1, 3, 6, 5, 2, 4, 5, 6, 2, 4, 1, 3, 3, 6, 2, 5, 4, 1, 2, 4, 6, 5, 1, 3, 2, 6, 5, 4, 1, 3, 1, 5, 2, 3, 4, 6, 2, 1, 6, 5, 3, 4, 1, 4, 2, 3, 5, 6","False","1024","2","48000","-16","experiment","61","odd","289.7915112999035","501.0","1035.0","586.0","278.0","75069.80619998649","NA","NA","5445.179599919356","289791.3994999835","289791.4875999559","NA","9721.687399898656","49937.296899966896","NA","5445.359099889174","298641.05019997805","289779.2512999149","NA","291294.0201999154","291299.3237999035","13064.927899977192","297312.4872999033","122697.26979988627","NA","NA","123555.30269991141","289779.22999998555","298641.02459989954","297320.34569990356","289779.1721998947","292303.2259999309","292299.71519997343","123555.45279989019","289778.5672999453","292303.28349990305","292309.5783999888","9721.77089995239","Attentional Spatial Bias","0","0","0","14","اکنون چشم‌پیما را کالیبره می‌کنیم.<br><br>لطفاً نقطه متحرک را با چشمان خود دنبال کنید و سرتان را ثابت نگه دارید.<br><br>لطفاً منتظر بمانید.","از شرکت شما سپاسگزاریم!<br><br>آزمایش اکنون به پایان رسیده است.<br><br>لطفاً با آزمایشگر تماس بگیرید.","در این آزمایش، شما یک داستان کوتاه را که روی صفحه نمایش داده می‌شود، خواهید خواند.<br><br>لطفاً هر خط را با دقت بخوانید، زیرا در پایان آزمایش چند سؤال در مورد داستان از شما پرسیده خواهد شد.<br><br>پس از هر پاراگراف، یک جفت تصویر خواهید دید. به هر دو تصویر نگاه کنید و تعداد کل دایره‌ها را در دو تصویر بشمارید.<br><br>در صفحه بعد می‌توانید نمونه‌هایی از یک دایره صحیح و یک شکل نادرست را ببینید. فقط شکل‌هایی را بشمارید که با نمونه دایره صحیح مطابقت دارند.<br><br>برای شروع هر کلیدی را فشار دهید.","دایره شمارش شده را وارد کنید (۰-۳ را فشار دهید)","خوش آمدید! برای ادامه هر کلیدی را فشار دهید.","Farsi","1536","-267","267","-267","267","154","-154","154","-154"
"6","5000","8","undefined","undefined","undefined","undefined","#1a1a1a","2","psycho","False","psycho","psycho","uniform","undefined","undefined","undefined","0","NA","0","0","14","14","0","0","0","NA","0","14","14","NA","14","14","0","14","0","0","NA","0","14","14","14","14","14","14","0","14","14","14","0","382.20759938090185","Wed Jul 22 10:42:01 2026","1000","The main experiment item","False","V7_AttentionalSpatialBias_.osexp","C:\Users\plcm\Desktop\2026-EyeTracking\group-bayes\Experiment","2508.3112000720575","012.png","408.94463999999994","152.52192","True","False","mono","False","18","no","white","no","yes","RTL","408.94463999999994","152.52192","864","2","012.png","013.png","4","psycho","Farsi","14","14","C:\Users\plcm\Desktop\2026-EyeTracking\group-bayes\Experiment\subject-61.csv","150","psycho","no","301294.8128998978","Neonatal Nightingale","4.1.14","2","2","no_prime_trial_15","15","RTL","","0","0","space","0","NA","NA","0","1840.5996999936178","47626.63049995899","NA","NA","1840.5996999936178","2","psycho","1, 3, 6, 5, 2, 4, 5, 6, 2, 4, 1, 3, 3, 6, 2, 5, 4, 1, 2, 4, 6, 5, 1, 3, 2, 6, 5, 4, 1, 3, 1, 5, 2, 3, 4, 6, 2, 1, 6, 5, 3, 4, 1, 4, 2, 3, 5, 6","False","1024","2","48000","-16","experiment","61","odd","298.77442279993556","501.0","1035.0","278.0","586.0","75069.80619998649","NA","NA","5445.179599919356","298774.13249993697","298774.30900000036","NA","9721.687399898656","49937.296899966896","NA","5445.359099889174","308144.9801999843","298761.8500998942","NA","300277.4176999228","300282.8746999148","13064.927899977192","306295.2752999263","122697.26979988627","NA","NA","123555.30269991141","298761.83169998694","308144.9520998867","306303.7619999377","298761.7872999981","301287.13019995485","301283.5427999962","123555.45279989019","298761.3267999841","301287.20629995223","301294.7724999394","9721.77089995239","Attentional Spatial Bias","0","0","0","15","اکنون چشم‌پیما را کالیبره می‌کنیم.<br><br>لطفاً نقطه متحرک را با چشمان خود دنبال کنید و سرتان را ثابت نگه دارید.<br><br>لطفاً منتظر بمانید.","از شرکت شما سپاسگزاریم!<br><br>آزمایش اکنون به پایان رسیده است.<br><br>لطفاً با آزمایشگر تماس بگیرید.","در این آزمایش، شما یک داستان کوتاه را که روی صفحه نمایش داده می‌شود، خواهید خواند.<br><br>لطفاً هر خط را با دقت بخوانید، زیرا در پایان آزمایش چند سؤال در مورد داستان از شما پرسیده خواهد شد.<br><br>پس از هر پاراگراف، یک جفت تصویر خواهید دید. به هر دو تصویر نگاه کنید و تعداد کل دایره‌ها را در دو تصویر بشمارید.<br><br>در صفحه بعد می‌توانید نمونه‌هایی از یک دایره صحیح و یک شکل نادرست را ببینید. فقط شکل‌هایی را بشمارید که با نمونه دایره صحیح مطابقت دارند.<br><br>برای شروع هر کلیدی را فشار دهید.","دایره شمارش شده را وارد کنید (۰-۳ را فشار دهید)","خوش آمدید! برای ادامه هر کلیدی را فشار دهید.","Farsi","1536","-267","267","-267","267","-154","154","-154","154"
"6","5000","8","undefined","undefined","undefined","undefined","#1a1a1a","2","psycho","True","psycho","psycho","uniform","undefined","undefined","undefined","0","NA","0","0","15","15","0","0","0","NA","0","15","15","NA","15","15","0","15","0","0","NA","0","15","15","15","15","15","15","0","15","15","15","0","94.04931351787737","Wed Jul 22 10:42:01 2026","1000","The main experiment item","False","V7_AttentionalSpatialBias_.osexp","C:\Users\plcm\Desktop\2026-EyeTracking\group-bayes\Experiment","1543.6350000090897","015.png","773.40672","22.5936","True","False","mono","False","18","no","white","no","yes","RTL","773.40672","22.5936","864","2","014.png","015.png","4","psycho","Farsi","15","15","C:\Users\plcm\Desktop\2026-EyeTracking\group-bayes\Experiment\subject-61.csv","150","psycho","no","309806.24279996846","Neonatal Nightingale","4.1.14","5","5","no_prime_trial_16","16","RTL","","0","1","space","1","NA","NA","1","1369.1950000356883","47626.63049995899","NA","NA","1369.1950000356883","2","psycho","1, 3, 6, 5, 2, 4, 5, 6, 2, 4, 1, 3, 3, 6, 2, 5, 4, 1, 2, 4, 6, 5, 1, 3, 2, 6, 5, 4, 1, 3, 1, 5, 2, 3, 4, 6, 2, 1, 6, 5, 3, 4, 1, 4, 2, 3, 5, 6","False","1024","2","48000","-16","experiment","61","odd","308.3038411999587","614.0","922.0","699.0","165.0","75069.80619998649","NA","NA","5445.179599919356","308303.73839999083","308303.81779989693","NA","9721.687399898656","49937.296899966896","NA","5445.359099889174","316184.90399990696","308291.1265998846","NA","308788.1493999157","308793.9779999433","13064.927899977192","314807.0307999151","122697.26979988627","NA","NA","123555.30269991141","308291.107499972","316184.87739993725","314815.1779999025","308291.05479991995","309797.62769991066","309794.60479994304","123555.45279989019","308290.75809998903","309797.6769999368","309806.2028998975","9721.77089995239","Attentional Spatial Bias","0","0","0","16","اکنون چشم‌پیما را کالیبره می‌کنیم.<br><br>لطفاً نقطه متحرک را با چشمان خود دنبال کنید و سرتان را ثابت نگه دارید.<br><br>لطفاً منتظر بمانید.","از شرکت شما سپاسگزاریم!<br><br>آزمایش اکنون به پایان رسیده است.<br><br>لطفاً با آزمایشگر تماس بگیرید.","در این آزمایش، شما یک داستان کوتاه را که روی صفحه نمایش داده می‌شود، خواهید خواند.<br><br>لطفاً هر خط را با دقت بخوانید، زیرا در پایان آزمایش چند سؤال در مورد داستان از شما پرسیده خواهد شد.<br><br>پس از هر پاراگراف، یک جفت تصویر خواهید دید. به هر دو تصویر نگاه کنید و تعداد کل دایره‌ها را در دو تصویر بشمارید.<br><br>در صفحه بعد می‌توانید نمونه‌هایی از یک دایره صحیح و یک شکل نادرست را ببینید. فقط شکل‌هایی را بشمارید که با نمونه دایره صحیح مطابقت دارند.<br><br>برای شروع هر کلیدی را فشار دهید.","دایره شمارش شده را وارد کنید (۰-۳ را فشار دهید)","خوش آمدید! برای ادامه هر کلیدی را فشار دهید.","Farsi","1536","-154","154","-154","154","267","-267","267","-267"
"6","5000","8","undefined","undefined","undefined","undefined","#1a1a1a","2","psycho","False","psycho","psycho","uniform","undefined","undefined","undefined","0","NA","0","0","16","16","0","0","0","NA","0","16","16","NA","16","16","0","16","0","0","NA","0","16","16","16","16","16","16","0","16","16","16","0","389.1769846538903","Wed Jul 22 10:42:01 2026","1000","The main experiment item","False","V7_AttentionalSpatialBias_.osexp","C:\Users\plcm\Desktop\2026-EyeTracking\group-bayes\Experiment","207.5364999473095","000.png","650.83392","47.304","True","False","mono","False","18","no","white","no","yes","RTL","650.83392","47.304","864","2","000.png","001.png","4","psycho","Farsi","16","16","C:\Users\plcm\Desktop\2026-EyeTracking\group-bayes\Experiment\subject-61.csv","150","psycho","no","318834.5724999672","Neonatal Nightingale","4.1.14","4","4","no_prime_trial_17","17","RTL","","0","2","space","2","NA","NA","2","1174.5833000168204","47626.63049995899","NA","NA","1174.5833000168204","2","psycho","1, 3, 6, 5, 2, 4, 5, 6, 2, 4, 1, 3, 3, 6, 2, 5, 4, 1, 2, 4, 6, 5, 1, 3, 2, 6, 5, 4, 1, 3, 1, 5, 2, 3, 4, 6, 2, 1, 6, 5, 3, 4, 1, 4, 2, 3, 5, 6","False","1024","2","48000","-16","experiment","61","odd","316.30984789994545","768.0","768.0","124.0","740.0","75069.80619998649","NA","NA","5445.179599919356","316309.72089990973","316309.81429992244","NA","9721.687399898656","49937.296899966896","NA","5445.359099889174","325024.9266999308","316296.8734999886","NA","317812.96239991207","317818.14729992766","13064.927899977192","323839.34029995","122697.26979988627","NA","NA","123555.30269991141","316296.8540999573","325024.9005999649","323849.8214998981","316296.7884999234","318821.8342999462","318818.3549999958","123555.45279989019","316296.5455999365","318821.892799926","318834.5032999059","9721.77089995239","Attentional Spatial Bias","0","0","0","17","اکنون چشم‌پیما را کالیبره می‌کنیم.<br><br>لطفاً نقطه متحرک را با چشمان خود دنبال کنید و سرتان را ثابت نگه دارید.<br><br>لطفاً منتظر بمانید.","از شرکت شما سپاسگزاریم!<br><br>آزمایش اکنون به پایان رسیده است.<br><br>لطفاً با آزمایشگر تماس بگیرید.","در این آزمایش، شما یک داستان کوتاه را که روی صفحه نمایش داده می‌شود، خواهید خواند.<br><br>لطفاً هر خط را با دقت بخوانید، زیرا در پایان آزمایش چند سؤال در مورد داستان از شما پرسیده خواهد شد.<br><br>پس از هر پاراگراف، یک جفت تصویر خواهید دید. به هر دو تصویر نگاه کنید و تعداد کل دایره‌ها را در دو تصویر بشمارید.<br><br>در صفحه بعد می‌توانید نمونه‌هایی از یک دایره صحیح و یک شکل نادرست را ببینید. فقط شکل‌هایی را بشمارید که با نمونه دایره صحیح مطابقت دارند.<br><br>برای شروع هر کلیدی را فشار دهید.","دایره شمارش شده را وارد کنید (۰-۳ را فشار دهید)","خوش آمدید! برای ادامه هر کلیدی را فشار دهید.","Farsi","1536","0","0","0","0","-308","308","-308","308"
"6","5000","8","undefined","undefined","undefined","undefined","#1a1a1a","2","psycho","False","psycho","psycho","uniform","undefined","undefined","undefined","0","NA","0","0","17","17","0","0","0","NA","0","17","17","NA","17","17","0","17","0","0","NA","0","17","17","17","17","17","17","0","17","17","17","0","387.9184315891247","Wed Jul 22 10:42:01 2026","1000","The main experiment item","False","V7_AttentionalSpatialBias_.osexp","C:\Users\plcm\Desktop\2026-EyeTracking\group-bayes\Experiment","2987.6612999942154","002.png","438.43584000000004","297.29376","True","False","mono","False","18","no","white","no","yes","RTL","438.43584000000004","297.29376","864","2","002.png","003.png","4","psycho","Farsi","17","17","C:\Users\plcm\Desktop\2026-EyeTracking\group-bayes\Experiment\subject-61.csv","150","psycho","no","327670.00949999783","Neonatal Nightingale","4.1.14","1","1","no_prime_trial_18","18","RTL","","0","2","space","2","NA","NA","2","1581.02639997378","47626.63049995899","NA","NA","1581.02639997378","2","psycho","1, 3, 6, 5, 2, 4, 5, 6, 2, 4, 1, 3, 3, 6, 2, 5, 4, 1, 2, 4, 6, 5, 1, 3, 2, 6, 5, 4, 1, 3, 1, 5, 2, 3, 4, 6, 2, 1, 6, 5, 3, 4, 1, 4, 2, 3, 5, 6","False","1024","2","48000","-16","experiment","61","odd","325.14692969992757","460.0","1076.0","432.0","432.0","75069.80619998649","NA","NA","5445.179599919356","325146.82209992316","325146.9055999769","NA","9721.687399898656","49937.296899966896","NA","5445.359099889174","334265.0551999686","325134.3766999198","NA","326650.4048999632","326655.4589999141","13064.927899977192","332675.2417999087","122697.26979988627","NA","NA","123555.30269991141","325134.35849989764","334265.025199973","332683.3673999645","325134.3155999202","327659.75509991404","327656.21929999907","123555.45279989019","325133.9373999508","327659.8138998961","327669.972899952","9721.77089995239","Attentional Spatial Bias","0","0","0","18","اکنون چشم‌پیما را کالیبره می‌کنیم.<br><br>لطفاً نقطه متحرک را با چشمان خود دنبال کنید و سرتان را ثابت نگه دارید.<br><br>لطفاً منتظر بمانید.","از شرکت شما سپاسگزاریم!<br><br>آزمایش اکنون به پایان رسیده است.<br><br>لطفاً با آزمایشگر تماس بگیرید.","در این آزمایش، شما یک داستان کوتاه را که روی صفحه نمایش داده می‌شود، خواهید خواند.<br><br>لطفاً هر خط را با دقت بخوانید، زیرا در پایان آزمایش چند سؤال در مورد داستان از شما پرسیده خواهد شد.<br><br>پس از هر پاراگراف، یک جفت تصویر خواهید دید. به هر دو تصویر نگاه کنید و تعداد کل دایره‌ها را در دو تصویر بشمارید.<br><br>در صفحه بعد می‌توانید نمونه‌هایی از یک دایره صحیح و یک شکل نادرست را ببینید. فقط شکل‌هایی را بشمارید که با نمونه دایره صحیح مطابقت دارند.<br><br>برای شروع هر کلیدی را فشار دهید.","دایره شمارش شده را وارد کنید (۰-۳ را فشار دهید)","خوش آمدید! برای ادامه هر کلیدی را فشار دهید.","Farsi","1536","-308","308","-308","308","0","0","0","0"
"6","5000","8","undefined","undefined","undefined","undefined","#1a1a1a","3","psycho","False","psycho","psycho","uniform","undefined","undefined","undefined","0","NA","0","0","18","18","0","0","0","NA","0","18","18","NA","18","18","0","18","0","0","NA","0","18","18","18","18","18","18","0","18","18","18","0","378.08846127408856","Wed Jul 22 10:42:01 2026","1000","The main experiment item","False","V7_AttentionalSpatialBias_.osexp","C:\Users\plcm\Desktop\2026-EyeTracking\group-bayes\Experiment","1909.7581000532955","004.png","436.71552","144.94464","True","False","mono","False","18","no","white","no","yes","RTL","436.71552","144.94464","864","3","004.png","005.png","4","psycho","Farsi","18","18","C:\Users\plcm\Desktop\2026-EyeTracking\group-bayes\Experiment\subject-61.csv","150","psycho","no","357812.99709994346","Neonatal Nightingale","4.1.14","2","2","prime_4","19","RTL","یک شب، شکارچیان در نزدیکی آنجا شلیک کردند و جوجه‌اردک تا زمانی که همه چیز امن و امان شود در بین نی ها قایم شد.","0","2","space","2","NA","NA","2","1413.7868999969214","47626.63049995899","NA","NA","1413.7868999969214","2","psycho","1, 3, 6, 5, 2, 4, 5, 6, 2, 4, 1, 3, 3, 6, 2, 5, 4, 1, 2, 4, 6, 5, 1, 3, 2, 6, 5, 4, 1, 3, 1, 5, 2, 3, 4, 6, 2, 1, 6, 5, 3, 4, 1, 4, 2, 3, 5, 6","True","1024","2","48000","-16","experiment","61","odd","355.29032679996453","501.0","1035.0","278.0","586.0","75069.80619998649","NA","NA","5445.179599919356","355290.2248998871","355290.30189989135","NA","9721.687399898656","49937.296899966896","NA","5445.359099889174","364241.1082999315","355280.89799999725","NA","356790.4929999495","356795.80789990723","13064.927899977192","362818.1279998971","122697.26979988627","NA","NA","123555.30269991141","334392.30109995697","364241.0788999405","362826.62479998544","334392.22529996186","357800.56189990137","357796.8505999306","123555.45279989019","334391.7319999309","357800.6160999648","357812.95679998584","9721.77089995239","Attentional Spatial Bias","0","0","0","19","اکنون چشم‌پیما را کالیبره می‌کنیم.<br><br>لطفاً نقطه متحرک را با چشمان خود دنبال کنید و سرتان را ثابت نگه دارید.<br><br>لطفاً منتظر بمانید.","از شرکت شما سپاسگزاریم!<br><br>آزمایش اکنون به پایان رسیده است.<br><br>لطفاً با آزمایشگر تماس بگیرید.","در این آزمایش، شما یک داستان کوتاه را که روی صفحه نمایش داده می‌شود، خواهید خواند.<br><br>لطفاً هر خط را با دقت بخوانید، زیرا در پایان آزمایش چند سؤال در مورد داستان از شما پرسیده خواهد شد.<br><br>پس از هر پاراگراف، یک جفت تصویر خواهید دید. به هر دو تصویر نگاه کنید و تعداد کل دایره‌ها را در دو تصویر بشمارید.<br><br>در صفحه بعد می‌توانید نمونه‌هایی از یک دایره صحیح و یک شکل نادرست را ببینید. فقط شکل‌هایی را بشمارید که با نمونه دایره صحیح مطابقت دارند.<br><br>برای شروع هر کلیدی را فشار دهید.","دایره شمارش شده را وارد کنید (۰-۳ را فشار دهید)","خوش آمدید! برای ادامه هر کلیدی را فشار دهید.","Farsi","1536","-267","267","-267","267","-154","154","-154","154"
"6","5000","8","undefined","undefined","undefined","undefined","#1a1a1a","3","psycho","True","psycho","psycho","uniform","undefined","undefined","undefined","0","NA","0","0","19","19","0","0","0","NA","0","19","19","NA","19","19","0","19","0","0","NA","0","19","19","19","19","19","19","0","19","19","19","0","21.73657235786722","Wed Jul 22 10:42:01 2026","1000","The main experiment item","False","V7_AttentionalSpatialBias_.osexp","C:\Users\plcm\Desktop\2026-EyeTracking\group-bayes\Experiment","45.583599945530295","006.png","627.11808","78.65856","True","False","mono","False","18","no","white","no","yes","RTL","627.11808","78.65856","864","3","006.png","007.png","4","psycho","Farsi","19","19","C:\Users\plcm\Desktop\2026-EyeTracking\group-bayes\Experiment\subject-61.csv","150","psycho","no","366106.2366999686","Neonatal Nightingale","4.1.14","4","4","no_prime_trial_20","20","RTL","","0","2","space","2","NA","NA","2","1412.80079993885","47626.63049995899","NA","NA","1412.80079993885","2","psycho","1, 3, 6, 5, 2, 4, 5, 6, 2, 4, 1, 3, 3, 6, 2, 5, 4, 1, 2, 4, 6, 5, 1, 3, 2, 6, 5, 4, 1, 3, 1, 5, 2, 3, 4, 6, 2, 1, 6, 5, 3, 4, 1, 4, 2, 3, 5, 6","False","1024","2","48000","-16","experiment","61","odd","364.39799029997084","768.0","768.0","124.0","740.0","75069.80619998649","NA","NA","5445.179599919356","364397.90279988665","364397.9662999045","NA","9721.687399898656","49937.296899966896","NA","5445.359099889174","372529.19119992293","364384.94629994966","NA","365082.8180999961","365088.2811999181","13064.927899977192","371107.35699988436","122697.26979988627","NA","NA","123555.30269991141","364384.91529994644","372529.1617999319","371115.6391999684","364384.8330999026","366092.5000999123","366088.73189997394","123555.45279989019","364384.37709992286","366092.55709999707","366106.198299909","9721.77089995239","Attentional Spatial Bias","0","0","0","20","اکنون چشم‌پیما را کالیبره می‌کنیم.<br><br>لطفاً نقطه متحرک را با چشمان خود دنبال کنید و سرتان را ثابت نگه دارید.<br><br>لطفاً منتظر بمانید.","از شرکت شما سپاسگزاریم!<br><br>آزمایش اکنون به پایان رسیده است.<br><br>لطفاً با آزمایشگر تماس بگیرید.","در این آزمایش، شما یک داستان کوتاه را که روی صفحه نمایش داده می‌شود، خواهید خواند.<br><br>لطفاً هر خط را با دقت بخوانید، زیرا در پایان آزمایش چند سؤال در مورد داستان از شما پرسیده خواهد شد.<br><br>پس از هر پاراگراف، یک جفت تصویر خواهید دید. به هر دو تصویر نگاه کنید و تعداد کل دایره‌ها را در دو تصویر بشمارید.<br><br>در صفحه بعد می‌توانید نمونه‌هایی از یک دایره صحیح و یک شکل نادرست را ببینید. فقط شکل‌هایی را بشمارید که با نمونه دایره صحیح مطابقت دارند.<br><br>برای شروع هر کلیدی را فشار دهید.","دایره شمارش شده را وارد کنید (۰-۳ را فشار دهید)","خوش آمدید! برای ادامه هر کلیدی را فشار دهید.","Farsi","1536","0","0","0","0","-308","308","-308","308"
"6","5000","8","undefined","undefined","undefined","undefined","#1a1a1a","3","psycho","False","psycho","psycho","uniform","undefined","undefined","undefined","0","NA","0","0","20","20","0","0","0","NA","0","20","20","NA","20","20","0","20","0","0","NA","0","20","20","20","20","20","20","0","20","20","20","0","384.9285663775034","Wed Jul 22 10:42:01 2026","1000","The main experiment item","False","V7_AttentionalSpatialBias_.osexp","C:\Users\plcm\Desktop\2026-EyeTracking\group-bayes\Experiment","-1","none","-1","-1","False","False","mono","False","18","no","white","no","yes","RTL","367.64160000000004","182.85696","864","3","008.png","009.png","4","psycho","Farsi","20","20","C:\Users\plcm\Desktop\2026-EyeTracking\group-bayes\Experiment\subject-61.csv","150","psycho","no","375194.5173999993","Neonatal Nightingale","4.1.14","6","6","no_prime_trial_21","21","RTL","","0","1","space","1","NA","NA","1","1713.5320999659598","47626.63049995899","NA","NA","1713.5320999659598","2","psycho","1, 3, 6, 5, 2, 4, 5, 6, 2, 4, 1, 3, 3, 6, 2, 5, 4, 1, 2, 4, 6, 5, 1, 3, 2, 6, 5, 4, 1, 3, 1, 5, 2, 3, 4, 6, 2, 1, 6, 5, 3, 4, 1, 4, 2, 3, 5, 6","False","1024","2","48000","-16","experiment","61","odd","372.6711183999432","501.0","1035.0","586.0","278.0","75069.80619998649","NA","NA","5445.179599919356","372671.0006999783","372671.0918999743","NA","9721.687399898656","49937.296899966896","NA","5445.359099889174","381921.19359993376","372659.5717999153","NA","374175.3886999795","374180.82629994024","13064.927899977192","380199.10299999174","122697.26979988627","NA","NA","123555.30269991141","372659.551299992","381921.16589995567","380206.8964999635","372659.49759993237","375184.4818999525","375181.2811999116","123555.45279989019","372658.93879998475","375184.5387999201","375194.4796999451","9721.77089995239","Attentional Spatial Bias","0","0","0","21","اکنون چشم‌پیما را کالیبره می‌کنیم.<br><br>لطفاً نقطه متحرک را با چشمان خود دنبال کنید و سرتان را ثابت نگه دارید.<br><br>لطفاً منتظر بمانید.","از شرکت شما سپاسگزاریم!<br><br>آزمایش اکنون به پایان رسیده است.<br><br>لطفاً با آزمایشگر تماس بگیرید.","در این آزمایش، شما یک داستان کوتاه را که روی صفحه نمایش داده می‌شود، خواهید خواند.<br><br>لطفاً هر خط را با دقت بخوانید، زیرا در پایان آزمایش چند سؤال در مورد داستان از شما پرسیده خواهد شد.<br><br>پس از هر پاراگراف، یک جفت تصویر خواهید دید. به هر دو تصویر نگاه کنید و تعداد کل دایره‌ها را در دو تصویر بشمارید.<br><br>در صفحه بعد می‌توانید نمونه‌هایی از یک دایره صحیح و یک شکل نادرست را ببینید. فقط شکل‌هایی را بشمارید که با نمونه دایره صحیح مطابقت دارند.<br><br>برای شروع هر کلیدی را فشار دهید.","دایره شمارش شده را وارد کنید (۰-۳ را فشار دهید)","خوش آمدید! برای ادامه هر کلیدی را فشار دهید.","Farsi","1536","-267","267","-267","267","154","-154","154","-154"
"6","5000","8","undefined","undefined","undefined","undefined","#1a1a1a","3","psycho","False","psycho","psycho","uniform","undefined","undefined","undefined","0","NA","0","0","21","21","0","0","0","NA","0","21","21","NA","21","21","0","21","0","0","NA","0","21","21","21","21","21","21","0","21","21","21","0","381.23520364665586","Wed Jul 22 10:42:01 2026","1000","The main experiment item","False","V7_AttentionalSpatialBias_.osexp","C:\Users\plcm\Desktop\2026-EyeTracking\group-bayes\Experiment","-1","none","-1","-1","False","False","mono","False","18","no","white","no","yes","RTL","435.9936","172.42848","864","3","010.png","011.png","4","psycho","Farsi","21","21","C:\Users\plcm\Desktop\2026-EyeTracking\group-bayes\Experiment\subject-61.csv","150","psycho","no","384565.71689993143","Neonatal Nightingale","4.1.14","5","5","no_prime_trial_22","22","RTL","","0","2","space","2","NA","NA","2","1449.1333999903873","47626.63049995899","NA","NA","1449.1333999903873","2","psycho","1, 3, 6, 5, 2, 4, 5, 6, 2, 4, 1, 3, 3, 6, 2, 5, 4, 1, 2, 4, 6, 5, 1, 3, 2, 6, 5, 4, 1, 3, 1, 5, 2, 3, 4, 6, 2, 1, 6, 5, 3, 4, 1, 4, 2, 3, 5, 6","False","1024","2","48000","-16","experiment","61","odd","382.04640599992126","614.0","922.0","699.0","165.0","75069.80619998649","NA","NA","5445.179599919356","382046.3217999786","382046.38459999114","NA","9721.687399898656","49937.296899966896","NA","5445.359099889174","391024.8953999253","382033.7743998971","NA","383549.3765999563","383555.1761999959","13064.927899977192","389566.8369999621","122697.26979988627","NA","NA","123555.30269991141","382033.7528999662","391024.8686999548","389575.28379990254","382033.6944999872","384559.10789989866","384555.6547999149","123555.45279989019","382033.340999973","384559.16069995146","384565.6872999389","9721.77089995239","Attentional Spatial Bias","0","0","0","22","اکنون چشم‌پیما را کالیبره می‌کنیم.<br><br>لطفاً نقطه متحرک را با چشمان خود دنبال کنید و سرتان را ثابت نگه دارید.<br><br>لطفاً منتظر بمانید.","از شرکت شما سپاسگزاریم!<br><br>آزمایش اکنون به پایان رسیده است.<br><br>لطفاً با آزمایشگر تماس بگیرید.","در این آزمایش، شما یک داستان کوتاه را که روی صفحه نمایش داده می‌شود، خواهید خواند.<br><br>لطفاً هر خط را با دقت بخوانید، زیرا در پایان آزمایش چند سؤال در مورد داستان از شما پرسیده خواهد شد.<br><br>پس از هر پاراگراف، یک جفت تصویر خواهید دید. به هر دو تصویر نگاه کنید و تعداد کل دایره‌ها را در دو تصویر بشمارید.<br><br>در صفحه بعد می‌توانید نمونه‌هایی از یک دایره صحیح و یک شکل نادرست را ببینید. فقط شکل‌هایی را بشمارید که با نمونه دایره صحیح مطابقت دارند.<br><br>برای شروع هر کلیدی را فشار دهید.","دایره شمارش شده را وارد کنید (۰-۳ را فشار دهید)","خوش آمدید! برای ادامه هر کلیدی را فشار دهید.","Farsi","1536","-154","154","-154","154","267","-267","267","-267"
"6","5000","8","undefined","undefined","undefined","undefined","#1a1a1a","3","psycho","False","psycho","psycho","uniform","undefined","undefined","undefined","0","NA","0","0","22","22","0","0","0","NA","0","22","22","NA","22","22","0","22","0","0","NA","0","22","22","22","22","22","22","0","22","22","22","0","386.25143810483655","Wed Jul 22 10:42:01 2026","1000","The main experiment item","False","V7_AttentionalSpatialBias_.osexp","C:\Users\plcm\Desktop\2026-EyeTracking\group-bayes\Experiment","-1","none","-1","-1","False","False","mono","False","18","no","white","no","yes","RTL","466.16063999999994","115.3872","864","3","012.png","013.png","4","psycho","Farsi","22","22","C:\Users\plcm\Desktop\2026-EyeTracking\group-bayes\Experiment\subject-61.csv","150","psycho","no","393695.888999966","Neonatal Nightingale","4.1.14","1","1","no_prime_trial_23","23","RTL","","0","1","space","1","NA","NA","1","1361.3282999722287","47626.63049995899","NA","NA","1361.3282999722287","2","psycho","1, 3, 6, 5, 2, 4, 5, 6, 2, 4, 1, 3, 3, 6, 2, 5, 4, 1, 2, 4, 6, 5, 1, 3, 2, 6, 5, 4, 1, 3, 1, 5, 2, 3, 4, 6, 2, 1, 6, 5, 3, 4, 1, 4, 2, 3, 5, 6","False","1024","2","48000","-16","experiment","61","odd","391.1732299999567","460.0","1076.0","432.0","432.0","75069.80619998649","NA","NA","5445.179599919356","391173.13099990133","391173.2040999923","NA","9721.687399898656","49937.296899966896","NA","5445.359099889174","400072.9501999449","391160.6273999205","NA","392675.92909990344","392681.5636999672","13064.927899977192","398699.52929997817","122697.26979988627","NA","NA","123555.30269991141","391160.60599999037","400072.9230999714","398711.0588999931","391160.54879990406","393685.3512999369","393682.1504998952","123555.45279989019","391159.8281998886","393685.41369994637","393695.8520999178","9721.77089995239","Attentional Spatial Bias","0","0","0","23","اکنون چشم‌پیما را کالیبره می‌کنیم.<br><br>لطفاً نقطه متحرک را با چشمان خود دنبال کنید و سرتان را ثابت نگه دارید.<br><br>لطفاً منتظر بمانید.","از شرکت شما سپاسگزاریم!<br><br>آزمایش اکنون به پایان رسیده است.<br><br>لطفاً با آزمایشگر تماس بگیرید.","در این آزمایش، شما یک داستان کوتاه را که روی صفحه نمایش داده می‌شود، خواهید خواند.<br><br>لطفاً هر خط را با دقت بخوانید، زیرا در پایان آزمایش چند سؤال در مورد داستان از شما پرسیده خواهد شد.<br><br>پس از هر پاراگراف، یک جفت تصویر خواهید دید. به هر دو تصویر نگاه کنید و تعداد کل دایره‌ها را در دو تصویر بشمارید.<br><br>در صفحه بعد می‌توانید نمونه‌هایی از یک دایره صحیح و یک شکل نادرست را ببینید. فقط شکل‌هایی را بشمارید که با نمونه دایره صحیح مطابقت دارند.<br><br>برای شروع هر کلیدی را فشار دهید.","دایره شمارش شده را وارد کنید (۰-۳ را فشار دهید)","خوش آمدید! برای ادامه هر کلیدی را فشار دهید.","Farsi","1536","-308","308","-308","308","0","0","0","0"
"6","5000","8","undefined","undefined","undefined","undefined","#1a1a1a","3","psycho","False","psycho","psycho","uniform","undefined","undefined","undefined","0","NA","0","0","23","23","0","0","0","NA","0","23","23","NA","23","23","0","23","0","0","NA","0","23","23","23","23","23","23","0","23","23","23","0","382.6437158694589","Wed Jul 22 10:42:01 2026","1000","The main experiment item","False","V7_AttentionalSpatialBias_.osexp","C:\Users\plcm\Desktop\2026-EyeTracking\group-bayes\Experiment","11.31510001141578","014.png","587.7504","87.61824","True","False","mono","False","18","no","white","no","yes","RTL","587.7504","87.61824","864","3","014.png","015.png","4","psycho","Farsi","23","23","C:\Users\plcm\Desktop\2026-EyeTracking\group-bayes\Experiment\subject-61.csv","150","psycho","no","402737.0667998912","Neonatal Nightingale","4.1.14","3","3","no_prime_trial_24","24","RTL","","0","1","space","1","NA","NA","1","1219.4155000615865","47626.63049995899","NA","NA","1219.4155000615865","2","psycho","1, 3, 6, 5, 2, 4, 5, 6, 2, 4, 1, 3, 3, 6, 2, 5, 4, 1, 2, 4, 6, 5, 1, 3, 2, 6, 5, 4, 1, 3, 1, 5, 2, 3, 4, 6, 2, 1, 6, 5, 3, 4, 1, 4, 2, 3, 5, 6","False","1024","2","48000","-16","experiment","61","odd","400.2187008999754","614.0","922.0","165.0","699.0","75069.80619998649","NA","NA","5445.179599919356","400218.4665999375","400218.6467999127","NA","9721.687399898656","49937.296899966896","NA","5445.359099889174","408969.470199896","400205.99599997513","NA","401720.480299904","401725.9869999252","13064.927899977192","407740.4444999993","122697.26979988627","NA","NA","123555.30269991141","400205.9750999324","408969.4380998844","407749.08469989896","400205.917699961","402728.9859999437","402726.11009993125","123555.45279989019","400205.13069990557","402729.0358999744","402737.0261999313","9721.77089995239","Attentional Spatial Bias","0","0","0","24","اکنون چشم‌پیما را کالیبره می‌کنیم.<br><br>لطفاً نقطه متحرک را با چشمان خود دنبال کنید و سرتان را ثابت نگه دارید.<br><br>لطفاً منتظر بمانید.","از شرکت شما سپاسگزاریم!<br><br>آزمایش اکنون به پایان رسیده است.<br><br>لطفاً با آزمایشگر تماس بگیرید.","در این آزمایش، شما یک داستان کوتاه را که روی صفحه نمایش داده می‌شود، خواهید خواند.<br><br>لطفاً هر خط را با دقت بخوانید، زیرا در پایان آزمایش چند سؤال در مورد داستان از شما پرسیده خواهد شد.<br><br>پس از هر پاراگراف، یک جفت تصویر خواهید دید. به هر دو تصویر نگاه کنید و تعداد کل دایره‌ها را در دو تصویر بشمارید.<br><br>در صفحه بعد می‌توانید نمونه‌هایی از یک دایره صحیح و یک شکل نادرست را ببینید. فقط شکل‌هایی را بشمارید که با نمونه دایره صحیح مطابقت دارند.<br><br>برای شروع هر کلیدی را فشار دهید.","دایره شمارش شده را وارد کنید (۰-۳ را فشار دهید)","خوش آمدید! برای ادامه هر کلیدی را فشار دهید.","Farsi","1536","-154","154","-154","154","-267","267","-267","267"
"6","5000","8","undefined","undefined","undefined","undefined","#1a1a1a","4","psycho","False","psycho","psycho","uniform","undefined","undefined","undefined","0","NA","0","0","24","24","0","0","0","NA","0","24","24","NA","24","24","0","24","0","0","NA","0","24","24","24","24","24","24","0","24","24","24","0","390.3386457484362","Wed Jul 22 10:42:01 2026","1000","The main experiment item","False","V7_AttentionalSpatialBias_.osexp","C:\Users\plcm\Desktop\2026-EyeTracking\group-bayes\Experiment","2621.0833999793977","000.png","424.21247999999997","129.98015999999998","True","False","mono","False","18","no","white","no","yes","RTL","424.21247999999997","129.98015999999998","864","4","000.png","001.png","4","psycho","Farsi","24","24","C:\Users\plcm\Desktop\2026-EyeTracking\group-bayes\Experiment\subject-61.csv","150","psycho","no","426852.9359999811","Neonatal Nightingale","4.1.14","2","2","prime_5","25","RTL","جوجه اردک خانه‌ای کوچک پیدا کرد  پیرزنی به همراه یک گربه و یک مرغ در آن زندگی میکرد. گربه و مرغ بدجنس بودند و او را بی‌فایده صدا می‌زدند. او که ناراحت بود، آنجا را ترک کرد و به تنهایی به سرگردانی ادامه داد.","0","2","space","2","NA","NA","2","1311.6252000909299","47626.63049995899","NA","NA","1311.6252000909299","2","psycho","1, 3, 6, 5, 2, 4, 5, 6, 2, 4, 1, 3, 3, 6, 2, 5, 4, 1, 2, 4, 6, 5, 1, 3, 2, 6, 5, 4, 1, 3, 1, 5, 2, 3, 4, 6, 2, 1, 6, 5, 3, 4, 1, 4, 2, 3, 5, 6","True","1024","2","48000","-16","experiment","61","odd","424.3306430999655","501.0","1035.0","278.0","586.0","75069.80619998649","NA","NA","5445.179599919356","424330.527999904","424330.6082999334","NA","9721.687399898656","49937.296899966896","NA","5445.359099889174","433177.2016999312","424320.7295999164","NA","425833.98909994867","425839.8268999299","13064.927899977192","431856.8181999726","122697.26979988627","NA","NA","123555.30269991141","409092.00579999015","433177.1697999211","431864.83469989616","409091.9473998947","426843.7988999067","426840.46919993125","123555.45279989019","409091.37469995767","426843.8687999733","426852.8760999907","9721.77089995239","Attentional Spatial Bias","0","0","0","25","اکنون چشم‌پیما را کالیبره می‌کنیم.<br><br>لطفاً نقطه متحرک را با چشمان خود دنبال کنید و سرتان را ثابت نگه دارید.<br><br>لطفاً منتظر بمانید.","از شرکت شما سپاسگزاریم!<br><br>آزمایش اکنون به پایان رسیده است.<br><br>لطفاً با آزمایشگر تماس بگیرید.","در این آزمایش، شما یک داستان کوتاه را که روی صفحه نمایش داده می‌شود، خواهید خواند.<br><br>لطفاً هر خط را با دقت بخوانید، زیرا در پایان آزمایش چند سؤال در مورد داستان از شما پرسیده خواهد شد.<br><br>پس از هر پاراگراف، یک جفت تصویر خواهید دید. به هر دو تصویر نگاه کنید و تعداد کل دایره‌ها را در دو تصویر بشمارید.<br><br>در صفحه بعد می‌توانید نمونه‌هایی از یک دایره صحیح و یک شکل نادرست را ببینید. فقط شکل‌هایی را بشمارید که با نمونه دایره صحیح مطابقت دارند.<br><br>برای شروع هر کلیدی را فشار دهید.","دایره شمارش شده را وارد کنید (۰-۳ را فشار دهید)","خوش آمدید! برای ادامه هر کلیدی را فشار دهید.","Farsi","1536","-267","267","-267","267","-154","154","-154","154"
"6","5000","8","undefined","undefined","undefined","undefined","#1a1a1a","4","psycho","False","psycho","psycho","uniform","undefined","undefined","undefined","0","NA","0","0","25","25","0","0","0","NA","0","25","25","NA","25","25","0","25","0","0","NA","0","25","25","25","25","25","25","0","25","25","25","0","384.21527873463435","Wed Jul 22 10:42:01 2026","1000","The main experiment item","False","V7_AttentionalSpatialBias_.osexp","C:\Users\plcm\Desktop\2026-EyeTracking\group-bayes\Experiment","-1","none","-1","-1","False","False","mono","False","18","no","white","no","yes","RTL","309.79584","198.288","864","4","002.png","003.png","4","psycho","Farsi","25","25","C:\Users\plcm\Desktop\2026-EyeTracking\group-bayes\Experiment\subject-61.csv","150","psycho","no","435815.53909997456","Neonatal Nightingale","4.1.14","6","6","no_prime_trial_26","26","RTL","","0","1","space","1","NA","NA","1","1335.7106000185013","47626.63049995899","NA","NA","1335.7106000185013","2","psycho","1, 3, 6, 5, 2, 4, 5, 6, 2, 4, 1, 3, 3, 6, 2, 5, 4, 1, 2, 4, 6, 5, 1, 3, 2, 6, 5, 4, 1, 3, 1, 5, 2, 3, 4, 6, 2, 1, 6, 5, 3, 4, 1, 4, 2, 3, 5, 6","False","1024","2","48000","-16","experiment","61","odd","433.29256339999847","501.0","1035.0","586.0","278.0","75069.80619998649","NA","NA","5445.179599919356","433292.39479999524","433292.53059998155","NA","9721.687399898656","49937.296899966896","NA","5445.359099889174","442161.5036999574","433280.48169997055","NA","434797.14209993836","434802.9805999249","13064.927899977192","440816.2866999628","122697.26979988627","NA","NA","123555.30269991141","433280.4589999141","442161.47349996027","440824.80999990366","433280.39549989626","435806.30619998556","435803.2261999324","123555.45279989019","433280.06329992786","435806.36519996915","435815.50189992413","9721.77089995239","Attentional Spatial Bias","0","0","0","26","اکنون چشم‌پیما را کالیبره می‌کنیم.<br><br>لطفاً نقطه متحرک را با چشمان خود دنبال کنید و سرتان را ثابت نگه دارید.<br><br>لطفاً منتظر بمانید.","از شرکت شما سپاسگزاریم!<br><br>آزمایش اکنون به پایان رسیده است.<br><br>لطفاً با آزمایشگر تماس بگیرید.","در این آزمایش، شما یک داستان کوتاه را که روی صفحه نمایش داده می‌شود، خواهید خواند.<br><br>لطفاً هر خط را با دقت بخوانید، زیرا در پایان آزمایش چند سؤال در مورد داستان از شما پرسیده خواهد شد.<br><br>پس از هر پاراگراف، یک جفت تصویر خواهید دید. به هر دو تصویر نگاه کنید و تعداد کل دایره‌ها را در دو تصویر بشمارید.<br><br>در صفحه بعد می‌توانید نمونه‌هایی از یک دایره صحیح و یک شکل نادرست را ببینید. فقط شکل‌هایی را بشمارید که با نمونه دایره صحیح مطابقت دارند.<br><br>برای شروع هر کلیدی را فشار دهید.","دایره شمارش شده را وارد کنید (۰-۳ را فشار دهید)","خوش آمدید! برای ادامه هر کلیدی را فشار دهید.","Farsi","1536","-267","267","-267","267","154","-154","154","-154"
"6","5000","8","undefined","undefined","undefined","undefined","#1a1a1a","4","psycho","False","psycho","psycho","uniform","undefined","undefined","undefined","0","NA","0","0","26","26","0","0","0","NA","0","26","26","NA","26","26","0","26","0","0","NA","0","26","26","26","26","26","26","0","26","26","26","0","388.943090075796","Wed Jul 22 10:42:01 2026","1000","The main experiment item","False","V7_AttentionalSpatialBias_.osexp","C:\Users\plcm\Desktop\2026-EyeTracking\group-bayes\Experiment","1586.7036000126973","005.png","797.07648","22.32576","True","False","mono","False","18","no","white","no","yes","RTL","797.07648","22.32576","864","4","004.png","005.png","4","psycho","Farsi","26","26","C:\Users\plcm\Desktop\2026-EyeTracking\group-bayes\Experiment\subject-61.csv","150","psycho","no","444824.6931999456","Neonatal Nightingale","4.1.14","5","5","no_prime_trial_27","27","RTL","","0","2","space","2","NA","NA","2","1146.5157000347972","47626.63049995899","NA","NA","1146.5157000347972","2","psycho","1, 3, 6, 5, 2, 4, 5, 6, 2, 4, 1, 3, 3, 6, 2, 5, 4, 1, 2, 4, 6, 5, 1, 3, 2, 6, 5, 4, 1, 3, 1, 5, 2, 3, 4, 6, 2, 1, 6, 5, 3, 4, 1, 4, 2, 3, 5, 6","False","1024","2","48000","-16","experiment","61","odd","442.2987442999147","614.0","922.0","699.0","165.0","75069.80619998649","NA","NA","5445.179599919356","442298.5933999298","442298.72089996934","NA","9721.687399898656","49937.296899966896","NA","5445.359099889174","450985.0590999704","442286.3028999418","NA","443802.42219998036","443807.6615999453","13064.927899977192","449829.64309991803","122697.26979988627","NA","NA","123555.30269991141","442286.2787999911","450985.03019998316","449837.87179994397","442286.20419988874","444811.1075999914","444808.2646999974","123555.45279989019","442285.66659998614","444811.15419999696","444824.6491999598","9721.77089995239","Attentional Spatial Bias","0","0","0","27","اکنون چشم‌پیما را کالیبره می‌کنیم.<br><br>لطفاً نقطه متحرک را با چشمان خود دنبال کنید و سرتان را ثابت نگه دارید.<br><br>لطفاً منتظر بمانید.","از شرکت شما سپاسگزاریم!<br><br>آزمایش اکنون به پایان رسیده است.<br><br>لطفاً با آزمایشگر تماس بگیرید.","در این آزمایش، شما یک داستان کوتاه را که روی صفحه نمایش داده می‌شود، خواهید خواند.<br><br>لطفاً هر خط را با دقت بخوانید، زیرا در پایان آزمایش چند سؤال در مورد داستان از شما پرسیده خواهد شد.<br><br>پس از هر پاراگراف، یک جفت تصویر خواهید دید. به هر دو تصویر نگاه کنید و تعداد کل دایره‌ها را در دو تصویر بشمارید.<br><br>در صفحه بعد می‌توانید نمونه‌هایی از یک دایره صحیح و یک شکل نادرست را ببینید. فقط شکل‌هایی را بشمارید که با نمونه دایره صحیح مطابقت دارند.<br><br>برای شروع هر کلیدی را فشار دهید.","دایره شمارش شده را وارد کنید (۰-۳ را فشار دهید)","خوش آمدید! برای ادامه هر کلیدی را فشار دهید.","Farsi","1536","-154","154","-154","154","267","-267","267","-267"
"6","5000","8","undefined","undefined","undefined","undefined","#1a1a1a","4","psycho","False","psycho","psycho","uniform","undefined","undefined","undefined","0","NA","0","0","27","27","0","0","0","NA","0","27","27","NA","27","27","0","27","0","0","NA","0","27","27","27","27","27","27","0","27","27","27","0","389.71691880132687","Wed Jul 22 10:42:01 2026","1000","The main experiment item","False","V7_AttentionalSpatialBias_.osexp","C:\Users\plcm\Desktop\2026-EyeTracking\group-bayes\Experiment","16.553100082091987","006.png","630.4512","75.79008","True","False","mono","False","18","no","white","no","yes","RTL","630.4512","75.79008","864","4","006.png","007.png","4","psycho","Farsi","27","27","C:\Users\plcm\Desktop\2026-EyeTracking\group-bayes\Experiment\subject-61.csv","150","psycho","no","453653.31669989973","Neonatal Nightingale","4.1.14","4","4","no_prime_trial_28","28","RTL","","0","2","space","2","NA","NA","2","1102.5862999958917","47626.63049995899","NA","NA","1102.5862999958917","2","psycho","1, 3, 6, 5, 2, 4, 5, 6, 2, 4, 1, 3, 3, 6, 2, 5, 4, 1, 2, 4, 6, 5, 1, 3, 2, 6, 5, 4, 1, 3, 1, 5, 2, 3, 4, 6, 2, 1, 6, 5, 3, 4, 1, 4, 2, 3, 5, 6","False","1024","2","48000","-16","experiment","61","odd","451.13319709990174","768.0","768.0","124.0","740.0","75069.80619998649","NA","NA","5445.179599919356","451133.0437998986","451133.1573999487","NA","9721.687399898656","49937.296899966896","NA","5445.359099889174","459768.94689991605","451120.44109997805","NA","452635.70409989916","452641.4177999832","13064.927899977192","458658.2491999725","122697.26979988627","NA","NA","123555.30269991141","451120.4196999315","459768.9136998961","458665.7943999162","451120.36629999056","453645.30649990775","453641.5040999418","123555.45279989019","451120.09669991676","453645.377799985","453653.2753999345","9721.77089995239","Attentional Spatial Bias","0","0","0","28","اکنون چشم‌پیما را کالیبره می‌کنیم.<br><br>لطفاً نقطه متحرک را با چشمان خود دنبال کنید و سرتان را ثابت نگه دارید.<br><br>لطفاً منتظر بمانید.","از شرکت شما سپاسگزاریم!<br><br>آزمایش اکنون به پایان رسیده است.<br><br>لطفاً با آزمایشگر تماس بگیرید.","در این آزمایش، شما یک داستان کوتاه را که روی صفحه نمایش داده می‌شود، خواهید خواند.<br><br>لطفاً هر خط را با دقت بخوانید، زیرا در پایان آزمایش چند سؤال در مورد داستان از شما پرسیده خواهد شد.<br><br>پس از هر پاراگراف، یک جفت تصویر خواهید دید. به هر دو تصویر نگاه کنید و تعداد کل دایره‌ها را در دو تصویر بشمارید.<br><br>در صفحه بعد می‌توانید نمونه‌هایی از یک دایره صحیح و یک شکل نادرست را ببینید. فقط شکل‌هایی را بشمارید که با نمونه دایره صحیح مطابقت دارند.<br><br>برای شروع هر کلیدی را فشار دهید.","دایره شمارش شده را وارد کنید (۰-۳ را فشار دهید)","خوش آمدید! برای ادامه هر کلیدی را فشار دهید.","Farsi","1536","0","0","0","0","-308","308","-308","308"
"6","5000","8","undefined","undefined","undefined","undefined","#1a1a1a","4","psycho","False","psycho","psycho","uniform","undefined","undefined","undefined","0","NA","0","0","28","28","0","0","0","NA","0","28","28","NA","28","28","0","28","0","0","NA","0","28","28","28","28","28","28","0","28","28","28","0","385.5904904918688","Wed Jul 22 10:42:01 2026","1000","The main experiment item","False","V7_AttentionalSpatialBias_.osexp","C:\Users\plcm\Desktop\2026-EyeTracking\group-bayes\Experiment","-1","none","-1","-1","False","False","mono","False","18","no","white","no","yes","RTL","440.37120000000004","151.62336000000002","864","4","008.png","009.png","4","psycho","Farsi","28","28","C:\Users\plcm\Desktop\2026-EyeTracking\group-bayes\Experiment\subject-61.csv","150","psycho","no","462434.17339993175","Neonatal Nightingale","4.1.14","1","1","no_prime_trial_29","29","RTL","","0","1","space","1","NA","NA","1","1203.2974000321701","47626.63049995899","NA","NA","1203.2974000321701","2","psycho","1, 3, 6, 5, 2, 4, 5, 6, 2, 4, 1, 3, 3, 6, 2, 5, 4, 1, 2, 4, 6, 5, 1, 3, 2, 6, 5, 4, 1, 3, 1, 5, 2, 3, 4, 6, 2, 1, 6, 5, 3, 4, 1, 4, 2, 3, 5, 6","False","1024","2","48000","-16","experiment","61","odd","459.9126596999122","460.0","1076.0","432.0","432.0","75069.80619998649","NA","NA","5445.179599919356","459912.51669998746","459912.6283999067","NA","9721.687399898656","49937.296899966896","NA","5445.359099889174","468649.2565999506","459899.46709992364","NA","461416.19739995804","461421.9437999418","13064.927899977192","467434.9540999392","122697.26979988627","NA","NA","123555.30269991141","459899.4376999326","468649.22979997937","467445.07119990885","459899.3685999885","462425.1346999081","462422.35889995936","123555.45279989019","459898.9750999026","462425.1866999548","462434.13849989884","9721.77089995239","Attentional Spatial Bias","0","0","0","29","اکنون چشم‌پیما را کالیبره می‌کنیم.<br><br>لطفاً نقطه متحرک را با چشمان خود دنبال کنید و سرتان را ثابت نگه دارید.<br><br>لطفاً منتظر بمانید.","از شرکت شما سپاسگزاریم!<br><br>آزمایش اکنون به پایان رسیده است.<br><br>لطفاً با آزمایشگر تماس بگیرید.","در این آزمایش، شما یک داستان کوتاه را که روی صفحه نمایش داده می‌شود، خواهید خواند.<br><br>لطفاً هر خط را با دقت بخوانید، زیرا در پایان آزمایش چند سؤال در مورد داستان از شما پرسیده خواهد شد.<br><br>پس از هر پاراگراف، یک جفت تصویر خواهید دید. به هر دو تصویر نگاه کنید و تعداد کل دایره‌ها را در دو تصویر بشمارید.<br><br>در صفحه بعد می‌توانید نمونه‌هایی از یک دایره صحیح و یک شکل نادرست را ببینید. فقط شکل‌هایی را بشمارید که با نمونه دایره صحیح مطابقت دارند.<br><br>برای شروع هر کلیدی را فشار دهید.","دایره شمارش شده را وارد کنید (۰-۳ را فشار دهید)","خوش آمدید! برای ادامه هر کلیدی را فشار دهید.","Farsi","1536","-308","308","-308","308","0","0","0","0"
"6","5000","8","undefined","undefined","undefined","undefined","#1a1a1a","4","psycho","False","psycho","psycho","uniform","undefined","undefined","undefined","0","NA","0","0","29","29","0","0","0","NA","0","29","29","NA","29","29","0","29","0","0","NA","0","29","29","29","29","29","29","0","29","29","29","0","387.75630030225113","Wed Jul 22 10:42:01 2026","1000","The main experiment item","False","V7_AttentionalSpatialBias_.osexp","C:\Users\plcm\Desktop\2026-EyeTracking\group-bayes\Experiment","11.336500057950616","010.png","589.70112","86.59872","True","False","mono","False","18","no","white","no","yes","RTL","589.70112","86.59872","864","4","010.png","011.png","4","psycho","Farsi","29","29","C:\Users\plcm\Desktop\2026-EyeTracking\group-bayes\Experiment\subject-61.csv","150","psycho","no","471304.0035999147","Neonatal Nightingale","4.1.14","3","3","no_prime_trial_30","30","RTL","","0","2","space","2","NA","NA","2","1311.6518000606447","47626.63049995899","NA","NA","1311.6518000606447","2","psycho","1, 3, 6, 5, 2, 4, 5, 6, 2, 4, 1, 3, 3, 6, 2, 5, 4, 1, 2, 4, 6, 5, 1, 3, 2, 6, 5, 4, 1, 3, 1, 5, 2, 3, 4, 6, 2, 1, 6, 5, 3, 4, 1, 4, 2, 3, 5, 6","False","1024","2","48000","-16","experiment","61","odd","468.7777333999984","614.0","922.0","165.0","699.0","75069.80619998649","NA","NA","5445.179599919356","468777.5967998896","468777.69649995025","NA","9721.687399898656","49937.296899966896","NA","5445.359099889174","477625.53589988966","468764.7180999629","NA","470282.3367998935","470288.31569990143","13064.927899977192","476304.51759998687","122697.26979988627","NA","NA","123555.30269991141","468764.6971999202","477625.5057998933","476312.85869993735","468764.6410999587","471292.00119990855","471288.6865999317","123555.45279989019","468764.3237999873","471292.09689993877","471303.96369996015","9721.77089995239","Attentional Spatial Bias","0","0","0","30","اکنون چشم‌پیما را کالیبره می‌کنیم.<br><br>لطفاً نقطه متحرک را با چشمان خود دنبال کنید و سرتان را ثابت نگه دارید.<br><br>لطفاً منتظر بمانید.","از شرکت شما سپاسگزاریم!<br><br>آزمایش اکنون به پایان رسیده است.<br><br>لطفاً با آزمایشگر تماس بگیرید.","در این آزمایش، شما یک داستان کوتاه را که روی صفحه نمایش داده می‌شود، خواهید خواند.<br><br>لطفاً هر خط را با دقت بخوانید، زیرا در پایان آزمایش چند سؤال در مورد داستان از شما پرسیده خواهد شد.<br><br>پس از هر پاراگراف، یک جفت تصویر خواهید دید. به هر دو تصویر نگاه کنید و تعداد کل دایره‌ها را در دو تصویر بشمارید.<br><br>در صفحه بعد می‌توانید نمونه‌هایی از یک دایره صحیح و یک شکل نادرست را ببینید. فقط شکل‌هایی را بشمارید که با نمونه دایره صحیح مطابقت دارند.<br><br>برای شروع هر کلیدی را فشار دهید.","دایره شمارش شده را وارد کنید (۰-۳ را فشار دهید)","خوش آمدید! برای ادامه هر کلیدی را فشار دهید.","Farsi","1536","-154","154","-154","154","-267","267","-267","267"
"6","5000","8","undefined","undefined","undefined","undefined","#1a1a1a","5","psycho","False","psycho","psycho","uniform","undefined","undefined","undefined","0","NA","0","0","30","30","0","0","0","NA","0","30","30","NA","30","30","0","30","0","0","NA","0","30","30","30","30","30","30","0","30","30","30","0","238.13834945362998","Wed Jul 22 10:42:01 2026","1000","The main experiment item","False","V7_AttentionalSpatialBias_.osexp","C:\Users\plcm\Desktop\2026-EyeTracking\group-bayes\Experiment","-1","none","-1","-1","False","False","mono","False","18","no","white","no","yes","RTL","412.86143999999996","147.32928","864","5","012.png","013.png","4","psycho","Farsi","30","30","C:\Users\plcm\Desktop\2026-EyeTracking\group-bayes\Experiment\subject-61.csv","150","psycho","no","490425.5545999622","Neonatal Nightingale","4.1.14","1","1","prime_6","31","RTL","زمستان آمد و هوا خیلی سرد بود. او در یک دریاچه نزدیک بود یخ بزند، اما یک کشاورز او را پیدا کرد و به خانه خود برد.","0","1","space","1","NA","NA","1","1250.733399996534","47626.63049995899","NA","NA","1250.733399996534","2","psycho","1, 3, 6, 5, 2, 4, 5, 6, 2, 4, 1, 3, 3, 6, 2, 5, 4, 1, 2, 4, 6, 5, 1, 3, 2, 6, 5, 4, 1, 3, 1, 5, 2, 3, 4, 6, 2, 1, 6, 5, 3, 4, 1, 4, 2, 3, 5, 6","True","1024","2","48000","-16","experiment","61","odd","487.90651869995054","460.0","1076.0","432.0","432.0","75069.80619998649","NA","NA","5445.179599919356","487906.4463999821","487906.4996999223","NA","9721.687399898656","49937.296899966896","NA","5445.359099889174","496689.2492999323","487896.87569998205","NA","489409.89269991405","489414.77229993325","13064.927899977192","495429.3329999782","122697.26979988627","NA","NA","123555.30269991141","477747.11319990456","496689.22299996484","495437.6854998991","477747.0576999476","490419.1424999153","490415.33219988924","123555.45279989019","477746.5506999288","490419.21199997887","490425.515199895","9721.77089995239","Attentional Spatial Bias","0","0","0","31","اکنون چشم‌پیما را کالیبره می‌کنیم.<br><br>لطفاً نقطه متحرک را با چشمان خود دنبال کنید و سرتان را ثابت نگه دارید.<br><br>لطفاً منتظر بمانید.","از شرکت شما سپاسگزاریم!<br><br>آزمایش اکنون به پایان رسیده است.<br><br>لطفاً با آزمایشگر تماس بگیرید.","در این آزمایش، شما یک داستان کوتاه را که روی صفحه نمایش داده می‌شود، خواهید خواند.<br><br>لطفاً هر خط را با دقت بخوانید، زیرا در پایان آزمایش چند سؤال در مورد داستان از شما پرسیده خواهد شد.<br><br>پس از هر پاراگراف، یک جفت تصویر خواهید دید. به هر دو تصویر نگاه کنید و تعداد کل دایره‌ها را در دو تصویر بشمارید.<br><br>در صفحه بعد می‌توانید نمونه‌هایی از یک دایره صحیح و یک شکل نادرست را ببینید. فقط شکل‌هایی را بشمارید که با نمونه دایره صحیح مطابقت دارند.<br><br>برای شروع هر کلیدی را فشار دهید.","دایره شمارش شده را وارد کنید (۰-۳ را فشار دهید)","خوش آمدید! برای ادامه هر کلیدی را فشار دهید.","Farsi","1536","-308","308","-308","308","0","0","0","0"
"6","5000","8","undefined","undefined","undefined","undefined","#1a1a1a","5","psycho","False","psycho","psycho","uniform","undefined","undefined","undefined","0","NA","0","0","31","31","0","0","0","NA","0","31","31","NA","31","31","0","31","0","0","NA","0","31","31","31","31","31","31","0","31","31","31","0","384.729242733041","Wed Jul 22 10:42:01 2026","1000","The main experiment item","False","V7_AttentionalSpatialBias_.osexp","C:\Users\plcm\Desktop\2026-EyeTracking\group-bayes\Experiment","-1","none","-1","-1","False","False","mono","False","18","no","white","no","yes","RTL","335.93856","204.27552","864","5","014.png","015.png","4","psycho","Farsi","31","31","C:\Users\plcm\Desktop\2026-EyeTracking\group-bayes\Experiment\subject-61.csv","150","psycho","no","499361.784299952","Neonatal Nightingale","4.1.14","5","5","no_prime_trial_32","32","RTL","","0","0","space","0","NA","NA","0","2288.8264999492094","47626.63049995899","NA","NA","2288.8264999492094","2","psycho","1, 3, 6, 5, 2, 4, 5, 6, 2, 4, 1, 3, 3, 6, 2, 5, 4, 1, 2, 4, 6, 5, 1, 3, 2, 6, 5, 4, 1, 3, 1, 5, 2, 3, 4, 6, 2, 1, 6, 5, 3, 4, 1, 4, 2, 3, 5, 6","False","1024","2","48000","-16","experiment","61","odd","496.8390827999683","614.0","922.0","699.0","165.0","75069.80619998649","NA","NA","5445.179599919356","496838.9903999632","496839.05969990883","NA","9721.687399898656","49937.296899966896","NA","5445.359099889174","506665.19529989455","496825.7058999734","NA","498344.3762999959","498349.60459999274","13064.927899977192","504367.151799961","122697.26979988627","NA","NA","123555.30269991141","496825.6869999459","506665.16579990275","504375.64149999525","496825.63769991975","499352.647599997","499349.72309996374","123555.45279989019","496825.227299938","499352.69449988846","499361.75309994724","9721.77089995239","Attentional Spatial Bias","0","0","0","32","اکنون چشم‌پیما را کالیبره می‌کنیم.<br><br>لطفاً نقطه متحرک را با چشمان خود دنبال کنید و سرتان را ثابت نگه دارید.<br><br>لطفاً منتظر بمانید.","از شرکت شما سپاسگزاریم!<br><br>آزمایش اکنون به پایان رسیده است.<br><br>لطفاً با آزمایشگر تماس بگیرید.","در این آزمایش، شما یک داستان کوتاه را که روی صفحه نمایش داده می‌شود، خواهید خواند.<br><br>لطفاً هر خط را با دقت بخوانید، زیرا در پایان آزمایش چند سؤال در مورد داستان از شما پرسیده خواهد شد.<br><br>پس از هر پاراگراف، یک جفت تصویر خواهید دید. به هر دو تصویر نگاه کنید و تعداد کل دایره‌ها را در دو تصویر بشمارید.<br><br>در صفحه بعد می‌توانید نمونه‌هایی از یک دایره صحیح و یک شکل نادرست را ببینید. فقط شکل‌هایی را بشمارید که با نمونه دایره صحیح مطابقت دارند.<br><br>برای شروع هر کلیدی را فشار دهید.","دایره شمارش شده را وارد کنید (۰-۳ را فشار دهید)","خوش آمدید! برای ادامه هر کلیدی را فشار دهید.","Farsi","1536","-154","154","-154","154","267","-267","267","-267"
"6","5000","8","undefined","undefined","undefined","undefined","#1a1a1a","5","psycho","False","psycho","psycho","uniform","undefined","undefined","undefined","0","NA","0","0","32","32","0","0","0","NA","0","32","32","NA","32","32","0","32","0","0","NA","0","32","32","32","32","32","32","0","32","32","32","0","393.2786413104602","Wed Jul 22 10:42:01 2026","1000","The main experiment item","False","V7_AttentionalSpatialBias_.osexp","C:\Users\plcm\Desktop\2026-EyeTracking\group-bayes\Experiment","8.013700018636882","000.png","476.2368","218.50560000000002","True","False","mono","False","18","no","white","no","yes","RTL","476.2368","218.50560000000002","864","5","000.png","001.png","4","psycho","Farsi","32","32","C:\Users\plcm\Desktop\2026-EyeTracking\group-bayes\Experiment\subject-61.csv","150","psycho","no","509321.62929989863","Neonatal Nightingale","4.1.14","2","2","no_prime_trial_33","33","RTL","","0","2","space","2","NA","NA","2","1242.1019999310374","47626.63049995899","NA","NA","1242.1019999310374","2","psycho","1, 3, 6, 5, 2, 4, 5, 6, 2, 4, 1, 3, 3, 6, 2, 5, 4, 1, 2, 4, 6, 5, 1, 3, 2, 6, 5, 4, 1, 3, 1, 5, 2, 3, 4, 6, 2, 1, 6, 5, 3, 4, 1, 4, 2, 3, 5, 6","False","1024","2","48000","-16","experiment","61","odd","506.7994789999211","501.0","1035.0","278.0","586.0","75069.80619998649","NA","NA","5445.179599919356","506799.3310999591","506799.4420999894","NA","9721.687399898656","49937.296899966896","NA","5445.359099889174","515577.0718998974","506786.92119999323","NA","508301.4349999139","508306.59979989287","13064.927899977192","514326.25449995976","122697.26979988627","NA","NA","123555.30269991141","506786.8999999482","515577.03869999386","514334.2844999861","506786.8262999691","509310.6322999811","509307.24199989345","123555.45279989019","506786.03029996157","509310.69600000046","509321.59249996766","9721.77089995239","Attentional Spatial Bias","0","0","0","33","اکنون چشم‌پیما را کالیبره می‌کنیم.<br><br>لطفاً نقطه متحرک را با چشمان خود دنبال کنید و سرتان را ثابت نگه دارید.<br><br>لطفاً منتظر بمانید.","از شرکت شما سپاسگزاریم!<br><br>آزمایش اکنون به پایان رسیده است.<br><br>لطفاً با آزمایشگر تماس بگیرید.","در این آزمایش، شما یک داستان کوتاه را که روی صفحه نمایش داده می‌شود، خواهید خواند.<br><br>لطفاً هر خط را با دقت بخوانید، زیرا در پایان آزمایش چند سؤال در مورد داستان از شما پرسیده خواهد شد.<br><br>پس از هر پاراگراف، یک جفت تصویر خواهید دید. به هر دو تصویر نگاه کنید و تعداد کل دایره‌ها را در دو تصویر بشمارید.<br><br>در صفحه بعد می‌توانید نمونه‌هایی از یک دایره صحیح و یک شکل نادرست را ببینید. فقط شکل‌هایی را بشمارید که با نمونه دایره صحیح مطابقت دارند.<br><br>برای شروع هر کلیدی را فشار دهید.","دایره شمارش شده را وارد کنید (۰-۳ را فشار دهید)","خوش آمدید! برای ادامه هر کلیدی را فشار دهید.","Farsi","1536","-267","267","-267","267","-154","154","-154","154"
"6","5000","8","undefined","undefined","undefined","undefined","#1a1a1a","5","psycho","False","psycho","psycho","uniform","undefined","undefined","undefined","0","NA","0","0","33","33","0","0","0","NA","0","33","33","NA","33","33","0","33","0","0","NA","0","33","33","33","33","33","33","0","33","33","33","0","381.55056134749526","Wed Jul 22 10:42:01 2026","1000","The main experiment item","False","V7_AttentionalSpatialBias_.osexp","C:\Users\plcm\Desktop\2026-EyeTracking\group-bayes\Experiment","252.3821999784559","002.png","535.81824","176.53248","True","False","mono","False","18","no","white","no","yes","RTL","535.81824","176.53248","864","5","002.png","003.png","4","psycho","Farsi","33","33","C:\Users\plcm\Desktop\2026-EyeTracking\group-bayes\Experiment\subject-61.csv","150","psycho","no","518215.63919994514","Neonatal Nightingale","4.1.14","3","3","no_prime_trial_34","34","RTL","","0","2","space","2","NA","NA","2","1216.247900039889","47626.63049995899","NA","NA","1216.247900039889","2","psycho","1, 3, 6, 5, 2, 4, 5, 6, 2, 4, 1, 3, 3, 6, 2, 5, 4, 1, 2, 4, 6, 5, 1, 3, 2, 6, 5, 4, 1, 3, 1, 5, 2, 3, 4, 6, 2, 1, 6, 5, 3, 4, 1, 4, 2, 3, 5, 6","False","1024","2","48000","-16","experiment","61","odd","515.6958074999275","614.0","922.0","165.0","699.0","75069.80619998649","NA","NA","5445.179599919356","515695.66269998904","515695.77939994633","NA","9721.687399898656","49937.296899966896","NA","5445.359099889174","524441.2679999368","515682.2832999751","NA","517197.28329998907","517202.7917999076","13064.927899977192","523216.19229996577","122697.26979988627","NA","NA","123555.30269991141","515682.26189992856","524441.2345999153","523224.1870999569","515682.1999999229","518206.28649997525","518203.30669998657","123555.45279989019","515681.54399993364","518206.3543999102","518215.5999999959","9721.77089995239","Attentional Spatial Bias","0","0","0","34","اکنون چشم‌پیما را کالیبره می‌کنیم.<br><br>لطفاً نقطه متحرک را با چشمان خود دنبال کنید و سرتان را ثابت نگه دارید.<br><br>لطفاً منتظر بمانید.","از شرکت شما سپاسگزاریم!<br><br>آزمایش اکنون به پایان رسیده است.<br><br>لطفاً با آزمایشگر تماس بگیرید.","در این آزمایش، شما یک داستان کوتاه را که روی صفحه نمایش داده می‌شود، خواهید خواند.<br><br>لطفاً هر خط را با دقت بخوانید، زیرا در پایان آزمایش چند سؤال در مورد داستان از شما پرسیده خواهد شد.<br><br>پس از هر پاراگراف، یک جفت تصویر خواهید دید. به هر دو تصویر نگاه کنید و تعداد کل دایره‌ها را در دو تصویر بشمارید.<br><br>در صفحه بعد می‌توانید نمونه‌هایی از یک دایره صحیح و یک شکل نادرست را ببینید. فقط شکل‌هایی را بشمارید که با نمونه دایره صحیح مطابقت دارند.<br><br>برای شروع هر کلیدی را فشار دهید.","دایره شمارش شده را وارد کنید (۰-۳ را فشار دهید)","خوش آمدید! برای ادامه هر کلیدی را فشار دهید.","Farsi","1536","-154","154","-154","154","-267","267","-267","267"
"6","5000","8","undefined","undefined","undefined","undefined","#1a1a1a","5","psycho","False","psycho","psycho","uniform","undefined","undefined","undefined","0","NA","0","0","34","34","0","0","0","NA","0","34","34","NA","34","34","0","34","0","0","NA","0","34","34","34","34","34","34","0","34","34","34","0","379.3786496351486","Wed Jul 22 10:42:01 2026","1000","The main experiment item","False","V7_AttentionalSpatialBias_.osexp","C:\Users\plcm\Desktop\2026-EyeTracking\group-bayes\Experiment","530.5056000361219","004.png","679.61856","35.54496","True","False","mono","False","18","no","white","no","yes","RTL","679.61856","35.54496","864","5","004.png","005.png","4","psycho","Farsi","34","34","C:\Users\plcm\Desktop\2026-EyeTracking\group-bayes\Experiment\subject-61.csv","150","psycho","no","527120.055599953","Neonatal Nightingale","4.1.14","4","4","no_prime_trial_35","35","RTL","","0","2","space","2","NA","NA","2","1029.6138999983668","47626.63049995899","NA","NA","1029.6138999983668","2","psycho","1, 3, 6, 5, 2, 4, 5, 6, 2, 4, 1, 3, 3, 6, 2, 5, 4, 1, 2, 4, 6, 5, 1, 3, 2, 6, 5, 4, 1, 3, 1, 5, 2, 3, 4, 6, 2, 1, 6, 5, 3, 4, 1, 4, 2, 3, 5, 6","False","1024","2","48000","-16","experiment","61","odd","524.5949973999523","768.0","768.0","124.0","740.0","75069.80619998649","NA","NA","5445.179599919356","524594.8939999798","524594.9721999932","NA","9721.687399898656","49937.296899966896","NA","5445.359099889174","533161.0589999473","524583.0942998873","NA","526100.0594999641","526105.7930999668","13064.927899977192","532120.3787999693","122697.26979988627","NA","NA","123555.30269991141","524583.071699948","533161.0318999738","532130.8200999629","524583.0052999081","527109.1110999696","527106.2147999182","123555.45279989019","524581.9035999011","527109.1731999768","527120.0134999817","9721.77089995239","Attentional Spatial Bias","0","0","0","35","اکنون چشم‌پیما را کالیبره می‌کنیم.<br><br>لطفاً نقطه متحرک را با چشمان خود دنبال کنید و سرتان را ثابت نگه دارید.<br><br>لطفاً منتظر بمانید.","از شرکت شما سپاسگزاریم!<br><br>آزمایش اکنون به پایان رسیده است.<br><br>لطفاً با آزمایشگر تماس بگیرید.","در این آزمایش، شما یک داستان کوتاه را که روی صفحه نمایش داده می‌شود، خواهید خواند.<br><br>لطفاً هر خط را با دقت بخوانید، زیرا در پایان آزمایش چند سؤال در مورد داستان از شما پرسیده خواهد شد.<br><br>پس از هر پاراگراف، یک جفت تصویر خواهید دید. به هر دو تصویر نگاه کنید و تعداد کل دایره‌ها را در دو تصویر بشمارید.<br><br>در صفحه بعد می‌توانید نمونه‌هایی از یک دایره صحیح و یک شکل نادرست را ببینید. فقط شکل‌هایی را بشمارید که با نمونه دایره صحیح مطابقت دارند.<br><br>برای شروع هر کلیدی را فشار دهید.","دایره شمارش شده را وارد کنید (۰-۳ را فشار دهید)","خوش آمدید! برای ادامه هر کلیدی را فشار دهید.","Farsi","1536","0","0","0","0","-308","308","-308","308"
"6","5000","8","undefined","undefined","undefined","undefined","#1a1a1a","5","psycho","False","psycho","psycho","uniform","undefined","undefined","undefined","0","NA","0","0","35","35","0","0","0","NA","0","35","35","NA","35","35","0","35","0","0","NA","0","35","35","35","35","35","35","0","35","35","35","0","384.5297141731859","Wed Jul 22 10:42:01 2026","1000","The main experiment item","False","V7_AttentionalSpatialBias_.osexp","C:\Users\plcm\Desktop\2026-EyeTracking\group-bayes\Experiment","-1","none","-1","-1","False","False","mono","False","18","no","white","no","yes","RTL","104.92416","381.38687999999996","864","5","006.png","007.png","4","psycho","Farsi","35","35","C:\Users\plcm\Desktop\2026-EyeTracking\group-bayes\Experiment\subject-61.csv","150","psycho","no","535841.0687999567","Neonatal Nightingale","4.1.14","6","6","no_prime_trial_36","36","RTL","","0","2","space","2","NA","NA","2","1644.3682999815792","47626.63049995899","NA","NA","1644.3682999815792","2","psycho","1, 3, 6, 5, 2, 4, 5, 6, 2, 4, 1, 3, 3, 6, 2, 5, 4, 1, 2, 4, 6, 5, 1, 3, 2, 6, 5, 4, 1, 3, 1, 5, 2, 3, 4, 6, 2, 1, 6, 5, 3, 4, 1, 4, 2, 3, 5, 6","False","1024","2","48000","-16","experiment","61","odd","533.3206536999205","501.0","1035.0","586.0","278.0","75069.80619998649","NA","NA","5445.179599919356","533320.4679999035","533320.61039994","NA","9721.687399898656","49937.296899966896","NA","5445.359099889174","542497.1249999944","533307.084799977","NA","534823.2953998959","534828.701499966","13064.927899977192","540843.6210999498","122697.26979988627","NA","NA","123555.30269991141","533307.0633999305","542497.0887999516","540852.0338999806","533307.0098999888","535831.827399903","535828.9418999339","123555.45279989019","533305.9174999362","535831.8772999337","535841.0273999907","9721.77089995239","Attentional Spatial Bias","0","0","0","36","اکنون چشم‌پیما را کالیبره می‌کنیم.<br><br>لطفاً نقطه متحرک را با چشمان خود دنبال کنید و سرتان را ثابت نگه دارید.<br><br>لطفاً منتظر بمانید.","از شرکت شما سپاسگزاریم!<br><br>آزمایش اکنون به پایان رسیده است.<br><br>لطفاً با آزمایشگر تماس بگیرید.","در این آزمایش، شما یک داستان کوتاه را که روی صفحه نمایش داده می‌شود، خواهید خواند.<br><br>لطفاً هر خط را با دقت بخوانید، زیرا در پایان آزمایش چند سؤال در مورد داستان از شما پرسیده خواهد شد.<br><br>پس از هر پاراگراف، یک جفت تصویر خواهید دید. به هر دو تصویر نگاه کنید و تعداد کل دایره‌ها را در دو تصویر بشمارید.<br><br>در صفحه بعد می‌توانید نمونه‌هایی از یک دایره صحیح و یک شکل نادرست را ببینید. فقط شکل‌هایی را بشمارید که با نمونه دایره صحیح مطابقت دارند.<br><br>برای شروع هر کلیدی را فشار دهید.","دایره شمارش شده را وارد کنید (۰-۳ را فشار دهید)","خوش آمدید! برای ادامه هر کلیدی را فشار دهید.","Farsi","1536","-267","267","-267","267","154","-154","154","-154"
"6","5000","8","undefined","undefined","undefined","undefined","#1a1a1a","6","psycho","False","psycho","psycho","uniform","undefined","undefined","undefined","0","NA","0","0","36","36","0","0","0","NA","0","36","36","NA","36","36","0","36","0","0","NA","0","36","36","36","36","36","36","0","36","36","36","0","383.69608461484404","Wed Jul 22 10:42:01 2026","1000","The main experiment item","False","V7_AttentionalSpatialBias_.osexp","C:\Users\plcm\Desktop\2026-EyeTracking\group-bayes\Experiment","1043.6781001044437","008.png","457.39008","132.74496","True","False","mono","False","18","no","white","no","yes","RTL","457.39008","132.74496","864","6","008.png","009.png","4","psycho","Farsi","36","36","C:\Users\plcm\Desktop\2026-EyeTracking\group-bayes\Experiment\subject-61.csv","150","psycho","no","557186.7979998933","Neonatal Nightingale","4.1.14","2","2","prime_7","37","RTL","بچه‌های کشاورز او را ترساندند، بنابراین او دوباره در سرمای سوزان فرار کرد.","0","1","space","1","NA","NA","1","1306.1746000312269","47626.63049995899","NA","NA","1306.1746000312269","2","psycho","1, 3, 6, 5, 2, 4, 5, 6, 2, 4, 1, 3, 3, 6, 2, 5, 4, 1, 2, 4, 6, 5, 1, 3, 2, 6, 5, 4, 1, 3, 1, 5, 2, 3, 4, 6, 2, 1, 6, 5, 3, 4, 1, 4, 2, 3, 5, 6","True","1024","2","48000","-16","experiment","61","odd","554.6661256999942","501.0","1035.0","278.0","586.0","75069.80619998649","NA","NA","5445.179599919356","554666.0456999671","554666.1052999552","NA","9721.687399898656","49937.296899966896","NA","5445.359099889174","563504.9740999239","554656.8723999662","NA","556168.7925999286","556173.9085998852","13064.927899977192","562189.8457999341","122697.26979988627","NA","NA","123555.30269991141","542620.4995999578","563504.9459999427","562198.2260999503","542620.4573999858","557177.673399914","557174.5621999726","123555.45279989019","542620.2382999472","557177.7363999281","557186.7522998946","9721.77089995239","Attentional Spatial Bias","0","0","0","37","اکنون چشم‌پیما را کالیبره می‌کنیم.<br><br>لطفاً نقطه متحرک را با چشمان خود دنبال کنید و سرتان را ثابت نگه دارید.<br><br>لطفاً منتظر بمانید.","از شرکت شما سپاسگزاریم!<br><br>آزمایش اکنون به پایان رسیده است.<br><br>لطفاً با آزمایشگر تماس بگیرید.","در این آزمایش، شما یک داستان کوتاه را که روی صفحه نمایش داده می‌شود، خواهید خواند.<br><br>لطفاً هر خط را با دقت بخوانید، زیرا در پایان آزمایش چند سؤال در مورد داستان از شما پرسیده خواهد شد.<br><br>پس از هر پاراگراف، یک جفت تصویر خواهید دید. به هر دو تصویر نگاه کنید و تعداد کل دایره‌ها را در دو تصویر بشمارید.<br><br>در صفحه بعد می‌توانید نمونه‌هایی از یک دایره صحیح و یک شکل نادرست را ببینید. فقط شکل‌هایی را بشمارید که با نمونه دایره صحیح مطابقت دارند.<br><br>برای شروع هر کلیدی را فشار دهید.","دایره شمارش شده را وارد کنید (۰-۳ را فشار دهید)","خوش آمدید! برای ادامه هر کلیدی را فشار دهید.","Farsi","1536","-267","267","-267","267","-154","154","-154","154"
"6","5000","8","undefined","undefined","undefined","undefined","#1a1a1a","6","psycho","False","psycho","psycho","uniform","undefined","undefined","undefined","0","NA","0","0","37","37","0","0","0","NA","0","37","37","NA","37","37","0","37","0","0","NA","0","37","37","37","37","37","37","0","37","37","37","0","381.8700370954872","Wed Jul 22 10:42:01 2026","1000","The main experiment item","False","V7_AttentionalSpatialBias_.osexp","C:\Users\plcm\Desktop\2026-EyeTracking\group-bayes\Experiment","-1","none","-1","-1","False","False","mono","False","18","no","white","no","yes","RTL","408.62208","155.01023999999998","864","6","010.png","011.png","4","psycho","Farsi","37","37","C:\Users\plcm\Desktop\2026-EyeTracking\group-bayes\Experiment\subject-61.csv","150","psycho","no","566151.3782999245","Neonatal Nightingale","4.1.14","1","1","no_prime_trial_38","38","RTL","","0","2","space","2","NA","NA","2","1261.934999958612","47626.63049995899","NA","NA","1261.934999958612","2","psycho","1, 3, 6, 5, 2, 4, 5, 6, 2, 4, 1, 3, 3, 6, 2, 5, 4, 1, 2, 4, 6, 5, 1, 3, 2, 6, 5, 4, 1, 3, 1, 5, 2, 3, 4, 6, 2, 1, 6, 5, 3, 4, 1, 4, 2, 3, 5, 6","False","1024","2","48000","-16","experiment","61","odd","563.6317225999665","460.0","1076.0","432.0","432.0","75069.80619998649","NA","NA","5445.179599919356","563631.6027999856","563631.6926999716","NA","9721.687399898656","49937.296899966896","NA","5445.359099889174","572425.1041999087","563619.0396999009","NA","565132.9473999795","565138.5642999085","13064.927899977192","571153.9300999139","122697.26979988627","NA","NA","123555.30269991141","563619.020699989","572425.0774999382","571162.4407999916","563618.972599972","566142.2746999888","566138.8776999665","123555.45279989019","563618.3953998843","566142.3269999214","566151.3390999753","9721.77089995239","Attentional Spatial Bias","0","0","0","38","اکنون چشم‌پیما را کالیبره می‌کنیم.<br><br>لطفاً نقطه متحرک را با چشمان خود دنبال کنید و سرتان را ثابت نگه دارید.<br><br>لطفاً منتظر بمانید.","از شرکت شما سپاسگزاریم!<br><br>آزمایش اکنون به پایان رسیده است.<br><br>لطفاً با آزمایشگر تماس بگیرید.","در این آزمایش، شما یک داستان کوتاه را که روی صفحه نمایش داده می‌شود، خواهید خواند.<br><br>لطفاً هر خط را با دقت بخوانید، زیرا در پایان آزمایش چند سؤال در مورد داستان از شما پرسیده خواهد شد.<br><br>پس از هر پاراگراف، یک جفت تصویر خواهید دید. به هر دو تصویر نگاه کنید و تعداد کل دایره‌ها را در دو تصویر بشمارید.<br><br>در صفحه بعد می‌توانید نمونه‌هایی از یک دایره صحیح و یک شکل نادرست را ببینید. فقط شکل‌هایی را بشمارید که با نمونه دایره صحیح مطابقت دارند.<br><br>برای شروع هر کلیدی را فشار دهید.","دایره شمارش شده را وارد کنید (۰-۳ را فشار دهید)","خوش آمدید! برای ادامه هر کلیدی را فشار دهید.","Farsi","1536","-308","308","-308","308","0","0","0","0"
"6","5000","8","undefined","undefined","undefined","undefined","#1a1a1a","6","psycho","False","psycho","psycho","uniform","undefined","undefined","undefined","0","NA","0","0","38","38","0","0","0","NA","0","38","38","NA","38","38","0","38","0","0","NA","0","38","38","38","38","38","38","0","38","38","38","0","389.77136290628636","Wed Jul 22 10:42:01 2026","1000","The main experiment item","False","V7_AttentionalSpatialBias_.osexp","C:\Users\plcm\Desktop\2026-EyeTracking\group-bayes\Experiment","-1","none","-1","-1","False","False","mono","False","18","no","white","no","yes","RTL","748.61568","54.578880000000005","864","6","012.png","013.png","4","psycho","Farsi","38","38","C:\Users\plcm\Desktop\2026-EyeTracking\group-bayes\Experiment\subject-61.csv","150","psycho","no","575092.8614999866","Neonatal Nightingale","4.1.14","6","6","no_prime_trial_39","39","RTL","","0","1","space","1","NA","NA","1","1166.8091000756249","47626.63049995899","NA","NA","1166.8091000756249","2","psycho","1, 3, 6, 5, 2, 4, 5, 6, 2, 4, 1, 3, 3, 6, 2, 5, 4, 1, 2, 4, 6, 5, 1, 3, 2, 6, 5, 4, 1, 3, 1, 5, 2, 3, 4, 6, 2, 1, 6, 5, 3, 4, 1, 4, 2, 3, 5, 6","False","1024","2","48000","-16","experiment","61","odd","572.573740099906","501.0","1035.0","586.0","278.0","75069.80619998649","NA","NA","5445.179599919356","572573.6199999228","572573.7112999195","NA","9721.687399898656","49937.296899966896","NA","5445.359099889174","581273.0638999492","572561.6118999897","NA","574074.7450999916","574079.8896999331","13064.927899977192","580098.0660999194","122697.26979988627","NA","NA","123555.30269991141","572561.5863999119","581273.034999962","580105.6190999225","572561.5306999534","575083.6991999531","575080.3299999097","123555.45279989019","572561.2120999722","575083.7680998957","575092.8186998935","9721.77089995239","Attentional Spatial Bias","0","0","0","39","اکنون چشم‌پیما را کالیبره می‌کنیم.<br><br>لطفاً نقطه متحرک را با چشمان خود دنبال کنید و سرتان را ثابت نگه دارید.<br><br>لطفاً منتظر بمانید.","از شرکت شما سپاسگزاریم!<br><br>آزمایش اکنون به پایان رسیده است.<br><br>لطفاً با آزمایشگر تماس بگیرید.","در این آزمایش، شما یک داستان کوتاه را که روی صفحه نمایش داده می‌شود، خواهید خواند.<br><br>لطفاً هر خط را با دقت بخوانید، زیرا در پایان آزمایش چند سؤال در مورد داستان از شما پرسیده خواهد شد.<br><br>پس از هر پاراگراف، یک جفت تصویر خواهید دید. به هر دو تصویر نگاه کنید و تعداد کل دایره‌ها را در دو تصویر بشمارید.<br><br>در صفحه بعد می‌توانید نمونه‌هایی از یک دایره صحیح و یک شکل نادرست را ببینید. فقط شکل‌هایی را بشمارید که با نمونه دایره صحیح مطابقت دارند.<br><br>برای شروع هر کلیدی را فشار دهید.","دایره شمارش شده را وارد کنید (۰-۳ را فشار دهید)","خوش آمدید! برای ادامه هر کلیدی را فشار دهید.","Farsi","1536","-267","267","-267","267","154","-154","154","-154"
"6","5000","8","undefined","undefined","undefined","undefined","#1a1a1a","6","psycho","False","psycho","psycho","uniform","undefined","undefined","undefined","0","NA","0","0","39","39","0","0","0","NA","0","39","39","NA","39","39","0","39","0","0","NA","0","39","39","39","39","39","39","0","39","39","39","0","381.42551009954855","Wed Jul 22 10:42:01 2026","1000","The main experiment item","False","V7_AttentionalSpatialBias_.osexp","C:\Users\plcm\Desktop\2026-EyeTracking\group-bayes\Experiment","-1","none","-1","-1","False","False","mono","False","18","no","white","no","yes","RTL","383.96928","199.48032","864","6","014.png","015.png","4","psycho","Farsi","39","39","C:\Users\plcm\Desktop\2026-EyeTracking\group-bayes\Experiment\subject-61.csv","150","psycho","no","583938.8133999892","Neonatal Nightingale","4.1.14","5","5","no_prime_trial_40","40","RTL","","0","1","space","1","NA","NA","1","1731.9817999377847","47626.63049995899","NA","NA","1731.9817999377847","2","psycho","1, 3, 6, 5, 2, 4, 5, 6, 2, 4, 1, 3, 3, 6, 2, 5, 4, 1, 2, 4, 6, 5, 1, 3, 2, 6, 5, 4, 1, 3, 1, 5, 2, 3, 4, 6, 2, 1, 6, 5, 3, 4, 1, 4, 2, 3, 5, 6","False","1024","2","48000","-16","experiment","61","odd","581.415462099947","614.0","922.0","699.0","165.0","75069.80619998649","NA","NA","5445.179599919356","581415.3401999502","581415.4335999629","NA","9721.687399898656","49937.296899966896","NA","5445.359099889174","590681.0848999303","581401.7426999053","NA","582919.1455999389","582924.8372999718","13064.927899977192","588940.1584999869","122697.26979988627","NA","NA","123555.30269991141","581401.7233999912","590681.0563999461","588948.3815999702","581401.684399927","583928.7442999193","583925.3227999434","123555.45279989019","581401.4596999623","583928.7963999668","583938.7698998908","9721.77089995239","Attentional Spatial Bias","0","0","0","40","اکنون چشم‌پیما را کالیبره می‌کنیم.<br><br>لطفاً نقطه متحرک را با چشمان خود دنبال کنید و سرتان را ثابت نگه دارید.<br><br>لطفاً منتظر بمانید.","از شرکت شما سپاسگزاریم!<br><br>آزمایش اکنون به پایان رسیده است.<br><br>لطفاً با آزمایشگر تماس بگیرید.","در این آزمایش، شما یک داستان کوتاه را که روی صفحه نمایش داده می‌شود، خواهید خواند.<br><br>لطفاً هر خط را با دقت بخوانید، زیرا در پایان آزمایش چند سؤال در مورد داستان از شما پرسیده خواهد شد.<br><br>پس از هر پاراگراف، یک جفت تصویر خواهید دید. به هر دو تصویر نگاه کنید و تعداد کل دایره‌ها را در دو تصویر بشمارید.<br><br>در صفحه بعد می‌توانید نمونه‌هایی از یک دایره صحیح و یک شکل نادرست را ببینید. فقط شکل‌هایی را بشمارید که با نمونه دایره صحیح مطابقت دارند.<br><br>برای شروع هر کلیدی را فشار دهید.","دایره شمارش شده را وارد کنید (۰-۳ را فشار دهید)","خوش آمدید! برای ادامه هر کلیدی را فشار دهید.","Farsi","1536","-154","154","-154","154","267","-267","267","-267"
"6","5000","8","undefined","undefined","undefined","undefined","#1a1a1a","6","psycho","False","psycho","psycho","uniform","undefined","undefined","undefined","0","NA","0","0","40","40","0","0","0","NA","0","40","40","NA","40","40","0","40","0","0","NA","0","40","40","40","40","40","40","0","40","40","40","0","379.10672906913373","Wed Jul 22 10:42:01 2026","1000","The main experiment item","False","V7_AttentionalSpatialBias_.osexp","C:\Users\plcm\Desktop\2026-EyeTracking\group-bayes\Experiment","10.981400031596422","000.png","568.3199999999999","99.73152","True","False","mono","False","18","no","white","no","yes","RTL","568.3199999999999","99.73152","864","6","000.png","001.png","4","psycho","Farsi","40","40","C:\Users\plcm\Desktop\2026-EyeTracking\group-bayes\Experiment\subject-61.csv","150","psycho","no","593317.1331998892","Neonatal Nightingale","4.1.14","3","3","no_prime_trial_41","41","RTL","","0","2","space","2","NA","NA","2","1229.9320000456646","47626.63049995899","NA","NA","1229.9320000456646","2","psycho","1, 3, 6, 5, 2, 4, 5, 6, 2, 4, 1, 3, 3, 6, 2, 5, 4, 1, 2, 4, 6, 5, 1, 3, 2, 6, 5, 4, 1, 3, 1, 5, 2, 3, 4, 6, 2, 1, 6, 5, 3, 4, 1, 4, 2, 3, 5, 6","False","1024","2","48000","-16","experiment","61","odd","590.8011617999291","614.0","922.0","165.0","699.0","75069.80619998649","NA","NA","5445.179599919356","590801.0273999535","590801.1291999137","NA","9721.687399898656","49937.296899966896","NA","5445.359099889174","599561.3359999843","590787.6719998894","NA","592301.4249999542","592306.8069999572","13064.927899977192","598320.5177999334","122697.26979988627","NA","NA","123555.30269991141","590787.6529999776","599561.3047999796","598330.525899888","590787.608499988","593310.3426999878","593307.0715999929","123555.45279989019","590787.2297998983","593310.3902000003","593317.1009999933","9721.77089995239","Attentional Spatial Bias","0","0","0","41","اکنون چشم‌پیما را کالیبره می‌کنیم.<br><br>لطفاً نقطه متحرک را با چشمان خود دنبال کنید و سرتان را ثابت نگه دارید.<br><br>لطفاً منتظر بمانید.","از شرکت شما سپاسگزاریم!<br><br>آزمایش اکنون به پایان رسیده است.<br><br>لطفاً با آزمایشگر تماس بگیرید.","در این آزمایش، شما یک داستان کوتاه را که روی صفحه نمایش داده می‌شود، خواهید خواند.<br><br>لطفاً هر خط را با دقت بخوانید، زیرا در پایان آزمایش چند سؤال در مورد داستان از شما پرسیده خواهد شد.<br><br>پس از هر پاراگراف، یک جفت تصویر خواهید دید. به هر دو تصویر نگاه کنید و تعداد کل دایره‌ها را در دو تصویر بشمارید.<br><br>در صفحه بعد می‌توانید نمونه‌هایی از یک دایره صحیح و یک شکل نادرست را ببینید. فقط شکل‌هایی را بشمارید که با نمونه دایره صحیح مطابقت دارند.<br><br>برای شروع هر کلیدی را فشار دهید.","دایره شمارش شده را وارد کنید (۰-۳ را فشار دهید)","خوش آمدید! برای ادامه هر کلیدی را فشار دهید.","Farsi","1536","-154","154","-154","154","-267","267","-267","267"
"6","5000","8","undefined","undefined","undefined","undefined","#1a1a1a","6","psycho","False","psycho","psycho","uniform","undefined","undefined","undefined","0","NA","0","0","41","41","0","0","0","NA","0","41","41","NA","41","41","0","41","0","0","NA","0","41","41","41","41","41","41","0","41","41","41","0","378.0379926647035","Wed Jul 22 10:42:01 2026","1000","The main experiment item","False","V7_AttentionalSpatialBias_.osexp","C:\Users\plcm\Desktop\2026-EyeTracking\group-bayes\Experiment","11.95650000590831","002.png","627.5174400000001","76.12704","True","False","mono","False","18","no","white","no","yes","RTL","627.5174400000001","76.12704","864","6","002.png","003.png","4","psycho","Farsi","41","41","C:\Users\plcm\Desktop\2026-EyeTracking\group-bayes\Experiment\subject-61.csv","150","psycho","no","602218.8986999681","Neonatal Nightingale","4.1.14","4","4","no_prime_trial_42","42","RTL","","0","1","space","1","NA","NA","1","1298.1138000031933","47626.63049995899","NA","NA","1298.1138000031933","2","psycho","1, 3, 6, 5, 2, 4, 5, 6, 2, 4, 1, 3, 3, 6, 2, 5, 4, 1, 2, 4, 6, 5, 1, 3, 2, 6, 5, 4, 1, 3, 1, 5, 2, 3, 4, 6, 2, 1, 6, 5, 3, 4, 1, 4, 2, 3, 5, 6","False","1024","2","48000","-16","experiment","61","odd","599.6932746999664","768.0","768.0","124.0","740.0","75069.80619998649","NA","NA","5445.179599919356","599693.1418998865","599693.24459997","NA","9721.687399898656","49937.296899966896","NA","5445.359099889174","608529.0493998909","599681.0295999749","NA","601198.6598999938","601204.265999957","13064.927899977192","607222.0794999739","122697.26979988627","NA","NA","123555.30269991141","599681.0100999428","608529.0197998984","607230.3222999908","599680.9548999881","602207.7889998909","602204.3950998923","123555.45279989019","599680.5461999029","602207.8370999079","602218.8582998933","9721.77089995239","Attentional Spatial Bias","0","0","0","42","اکنون چشم‌پیما را کالیبره می‌کنیم.<br><br>لطفاً نقطه متحرک را با چشمان خود دنبال کنید و سرتان را ثابت نگه دارید.<br><br>لطفاً منتظر بمانید.","از شرکت شما سپاسگزاریم!<br><br>آزمایش اکنون به پایان رسیده است.<br><br>لطفاً با آزمایشگر تماس بگیرید.","در این آزمایش، شما یک داستان کوتاه را که روی صفحه نمایش داده می‌شود، خواهید خواند.<br><br>لطفاً هر خط را با دقت بخوانید، زیرا در پایان آزمایش چند سؤال در مورد داستان از شما پرسیده خواهد شد.<br><br>پس از هر پاراگراف، یک جفت تصویر خواهید دید. به هر دو تصویر نگاه کنید و تعداد کل دایره‌ها را در دو تصویر بشمارید.<br><br>در صفحه بعد می‌توانید نمونه‌هایی از یک دایره صحیح و یک شکل نادرست را ببینید. فقط شکل‌هایی را بشمارید که با نمونه دایره صحیح مطابقت دارند.<br><br>برای شروع هر کلیدی را فشار دهید.","دایره شمارش شده را وارد کنید (۰-۳ را فشار دهید)","خوش آمدید! برای ادامه هر کلیدی را فشار دهید.","Farsi","1536","0","0","0","0","-308","308","-308","308"
"6","5000","8","undefined","undefined","undefined","undefined","#1a1a1a","7","psycho","False","psycho","psycho","uniform","undefined","undefined","undefined","0","NA","0","0","42","42","0","0","0","NA","0","42","42","NA","42","42","0","42","0","0","NA","0","42","42","42","42","42","42","0","42","42","42","0","385.72372477113095","Wed Jul 22 10:42:01 2026","1000","The main experiment item","False","V7_AttentionalSpatialBias_.osexp","C:\Users\plcm\Desktop\2026-EyeTracking\group-bayes\Experiment","-1","none","-1","-1","False","False","mono","False","18","no","white","no","yes","RTL","384.26112","166.00032","864","7","004.png","005.png","4","psycho","Farsi","42","42","C:\Users\plcm\Desktop\2026-EyeTracking\group-bayes\Experiment\subject-61.csv","150","psycho","no","622785.7226999477","Neonatal Nightingale","4.1.14","1","1","prime_8","43","RTL","او زمستان را تنها گذراند و فکر می‌کرد زشت‌ترین موجود جهان است. سپس بهار آمد و سرما از بین رفت. یک روز قوهای سفید زیبایی را روی دریاچه دید و به سمتشان شنا کرد، در حالی که می‌ترسید آن‌ها هم او را فراری دهند.","0","2","space","2","NA","NA","2","1314.862700062804","47626.63049995899","NA","NA","1314.862700062804","2","psycho","1, 3, 6, 5, 2, 4, 5, 6, 2, 4, 1, 3, 3, 6, 2, 5, 4, 1, 2, 4, 6, 5, 1, 3, 2, 6, 5, 4, 1, 3, 1, 5, 2, 3, 4, 6, 2, 1, 6, 5, 3, 4, 1, 4, 2, 3, 5, 6","True","1024","2","48000","-16","experiment","61","odd","620.2667502999539","460.0","1076.0","432.0","432.0","75069.80619998649","NA","NA","5445.179599919356","620266.676899977","620266.7296999134","NA","9721.687399898656","49937.296899966896","NA","5445.359099889174","629113.2018999197","620256.8618999794","NA","621767.02629996","621772.61059999","13064.927899977192","627789.6130998852","122697.26979988627","NA","NA","123555.30269991141","608657.801699941","629113.1733999355","627797.5496998988","608657.7368999133","622776.7189999577","622773.0642999522","123555.45279989019","608657.3544999119","622776.7767999321","622785.6828999938","9721.77089995239","Attentional Spatial Bias","0","0","0","43","اکنون چشم‌پیما را کالیبره می‌کنیم.<br><br>لطفاً نقطه متحرک را با چشمان خود دنبال کنید و سرتان را ثابت نگه دارید.<br><br>لطفاً منتظر بمانید.","از شرکت شما سپاسگزاریم!<br><br>آزمایش اکنون به پایان رسیده است.<br><br>لطفاً با آزمایشگر تماس بگیرید.","در این آزمایش، شما یک داستان کوتاه را که روی صفحه نمایش داده می‌شود، خواهید خواند.<br><br>لطفاً هر خط را با دقت بخوانید، زیرا در پایان آزمایش چند سؤال در مورد داستان از شما پرسیده خواهد شد.<br><br>پس از هر پاراگراف، یک جفت تصویر خواهید دید. به هر دو تصویر نگاه کنید و تعداد کل دایره‌ها را در دو تصویر بشمارید.<br><br>در صفحه بعد می‌توانید نمونه‌هایی از یک دایره صحیح و یک شکل نادرست را ببینید. فقط شکل‌هایی را بشمارید که با نمونه دایره صحیح مطابقت دارند.<br><br>برای شروع هر کلیدی را فشار دهید.","دایره شمارش شده را وارد کنید (۰-۳ را فشار دهید)","خوش آمدید! برای ادامه هر کلیدی را فشار دهید.","Farsi","1536","-308","308","-308","308","0","0","0","0"
"6","5000","8","undefined","undefined","undefined","undefined","#1a1a1a","7","psycho","False","psycho","psycho","uniform","undefined","undefined","undefined","0","NA","0","0","43","43","0","0","0","NA","0","43","43","NA","43","43","0","43","0","0","NA","0","43","43","43","43","43","43","0","43","43","43","0","385.335807894984","Wed Jul 22 10:42:01 2026","1000","The main experiment item","False","V7_AttentionalSpatialBias_.osexp","C:\Users\plcm\Desktop\2026-EyeTracking\group-bayes\Experiment","787.8635000670329","006.png","635.93472","82.74528","True","False","mono","False","18","no","white","no","yes","RTL","635.93472","82.74528","864","7","006.png","007.png","4","psycho","Farsi","43","43","C:\Users\plcm\Desktop\2026-EyeTracking\group-bayes\Experiment\subject-61.csv","150","psycho","no","631782.1216998855","Neonatal Nightingale","4.1.14","4","4","no_prime_trial_44","44","RTL","","0","1","space","1","NA","NA","1","1192.1964000212029","47626.63049995899","NA","NA","1192.1964000212029","2","psycho","1, 3, 6, 5, 2, 4, 5, 6, 2, 4, 1, 3, 3, 6, 2, 5, 4, 1, 2, 4, 6, 5, 1, 3, 2, 6, 5, 4, 1, 3, 1, 5, 2, 3, 4, 6, 2, 1, 6, 5, 3, 4, 1, 4, 2, 3, 5, 6","False","1024","2","48000","-16","experiment","61","odd","629.2638688998995","768.0","768.0","124.0","740.0","75069.80619998649","NA","NA","5445.179599919356","629263.7338999193","629263.8324999716","NA","9721.687399898656","49937.296899966896","NA","5445.359099889174","637985.2083999431","629251.7490999307","NA","630764.9072998902","630770.1750999549","13064.927899977192","636783.3918998949","122697.26979988627","NA","NA","123555.30269991141","629251.7211999511","637985.178199946","636792.1666998882","629251.661599963","631774.6136999922","631770.8410999039","123555.45279989019","629250.6172999274","631774.6586999856","631782.0759998867","9721.77089995239","Attentional Spatial Bias","0","0","0","44","اکنون چشم‌پیما را کالیبره می‌کنیم.<br><br>لطفاً نقطه متحرک را با چشمان خود دنبال کنید و سرتان را ثابت نگه دارید.<br><br>لطفاً منتظر بمانید.","از شرکت شما سپاسگزاریم!<br><br>آزمایش اکنون به پایان رسیده است.<br><br>لطفاً با آزمایشگر تماس بگیرید.","در این آزمایش، شما یک داستان کوتاه را که روی صفحه نمایش داده می‌شود، خواهید خواند.<br><br>لطفاً هر خط را با دقت بخوانید، زیرا در پایان آزمایش چند سؤال در مورد داستان از شما پرسیده خواهد شد.<br><br>پس از هر پاراگراف، یک جفت تصویر خواهید دید. به هر دو تصویر نگاه کنید و تعداد کل دایره‌ها را در دو تصویر بشمارید.<br><br>در صفحه بعد می‌توانید نمونه‌هایی از یک دایره صحیح و یک شکل نادرست را ببینید. فقط شکل‌هایی را بشمارید که با نمونه دایره صحیح مطابقت دارند.<br><br>برای شروع هر کلیدی را فشار دهید.","دایره شمارش شده را وارد کنید (۰-۳ را فشار دهید)","خوش آمدید! برای ادامه هر کلیدی را فشار دهید.","Farsi","1536","0","0","0","0","-308","308","-308","308"
"6","5000","8","undefined","undefined","undefined","undefined","#1a1a1a","7","psycho","False","psycho","psycho","uniform","undefined","undefined","undefined","0","NA","0","0","44","44","0","0","0","NA","0","44","44","NA","44","44","0","44","0","0","NA","0","44","44","44","44","44","44","0","44","44","44","0","381.9579620511891","Wed Jul 22 10:42:01 2026","1000","The main experiment item","False","V7_AttentionalSpatialBias_.osexp","C:\Users\plcm\Desktop\2026-EyeTracking\group-bayes\Experiment","2354.016000055708","008.png","429.20448","137.16864","True","False","mono","False","18","no","white","no","yes","RTL","429.20448","137.16864","864","7","008.png","009.png","4","psycho","Farsi","44","44","C:\Users\plcm\Desktop\2026-EyeTracking\group-bayes\Experiment\subject-61.csv","150","psycho","no","640641.5925999172","Neonatal Nightingale","4.1.14","2","2","no_prime_trial_45","45","RTL","","0","1","space","1","NA","NA","1","1196.003200020641","47626.63049995899","NA","NA","1196.003200020641","2","psycho","1, 3, 6, 5, 2, 4, 5, 6, 2, 4, 1, 3, 3, 6, 2, 5, 4, 1, 2, 4, 6, 5, 1, 3, 2, 6, 5, 4, 1, 3, 1, 5, 2, 3, 4, 6, 2, 1, 6, 5, 3, 4, 1, 4, 2, 3, 5, 6","False","1024","2","48000","-16","experiment","61","odd","638.124178399914","501.0","1035.0","278.0","586.0","75069.80619998649","NA","NA","5445.179599919356","638124.0796999773","638124.1529999534","NA","9721.687399898656","49937.296899966896","NA","5445.359099889174","646849.0137999179","638110.4080999503","NA","639626.832799986","639631.8406999344","13064.927899977192","645644.0479999874","122697.26979988627","NA","NA","123555.30269991141","638110.3772999486","646848.9836999215","645652.3775999667","638110.3122999193","640635.6062999694","640632.0957998978","123555.45279989019","638109.8062999081","640635.6617999263","640641.5583998896","9721.77089995239","Attentional Spatial Bias","0","0","0","45","اکنون چشم‌پیما را کالیبره می‌کنیم.<br><br>لطفاً نقطه متحرک را با چشمان خود دنبال کنید و سرتان را ثابت نگه دارید.<br><br>لطفاً منتظر بمانید.","از شرکت شما سپاسگزاریم!<br><br>آزمایش اکنون به پایان رسیده است.<br><br>لطفاً با آزمایشگر تماس بگیرید.","در این آزمایش، شما یک داستان کوتاه را که روی صفحه نمایش داده می‌شود، خواهید خواند.<br><br>لطفاً هر خط را با دقت بخوانید، زیرا در پایان آزمایش چند سؤال در مورد داستان از شما پرسیده خواهد شد.<br><br>پس از هر پاراگراف، یک جفت تصویر خواهید دید. به هر دو تصویر نگاه کنید و تعداد کل دایره‌ها را در دو تصویر بشمارید.<br><br>در صفحه بعد می‌توانید نمونه‌هایی از یک دایره صحیح و یک شکل نادرست را ببینید. فقط شکل‌هایی را بشمارید که با نمونه دایره صحیح مطابقت دارند.<br><br>برای شروع هر کلیدی را فشار دهید.","دایره شمارش شده را وارد کنید (۰-۳ را فشار دهید)","خوش آمدید! برای ادامه هر کلیدی را فشار دهید.","Farsi","1536","-267","267","-267","267","-154","154","-154","154"
"6","5000","8","undefined","undefined","undefined","undefined","#1a1a1a","7","psycho","False","psycho","psycho","uniform","undefined","undefined","undefined","0","NA","0","0","45","45","0","0","0","NA","0","45","45","NA","45","45","0","45","0","0","NA","0","45","45","45","45","45","45","0","45","45","45","0","381.1068617165154","Wed Jul 22 10:42:01 2026","1000","The main experiment item","False","V7_AttentionalSpatialBias_.osexp","C:\Users\plcm\Desktop\2026-EyeTracking\group-bayes\Experiment","11.31349999923259","010.png","588.94848","96.53472","True","False","mono","False","18","no","white","no","yes","RTL","588.94848","96.53472","864","7","010.png","011.png","4","psycho","Farsi","45","45","C:\Users\plcm\Desktop\2026-EyeTracking\group-bayes\Experiment\subject-61.csv","150","psycho","no","649509.0586999431","Neonatal Nightingale","4.1.14","3","3","no_prime_trial_46","46","RTL","","0","2","space","2","NA","NA","2","1254.345600027591","47626.63049995899","NA","NA","1254.345600027591","2","psycho","1, 3, 6, 5, 2, 4, 5, 6, 2, 4, 1, 3, 3, 6, 2, 5, 4, 1, 2, 4, 6, 5, 1, 3, 2, 6, 5, 4, 1, 3, 1, 5, 2, 3, 4, 6, 2, 1, 6, 5, 3, 4, 1, 4, 2, 3, 5, 6","False","1024","2","48000","-16","experiment","61","odd","646.9854333999101","614.0","922.0","165.0","699.0","75069.80619998649","NA","NA","5445.179599919356","646985.3403999005","646985.4107999709","NA","9721.687399898656","49937.296899966896","NA","5445.359099889174","655777.034199913","646972.8499999037","NA","648488.1837998983","648493.6525999801","13064.927899977192","654512.8300999058","122697.26979988627","NA","NA","123555.30269991141","646972.8286999743","655777.006899938","654522.0529999351","646972.7725998964","649497.754599899","649494.0247999039","123555.45279989019","646971.9301998848","649497.8217999451","649509.0218998957","9721.77089995239","Attentional Spatial Bias","0","0","0","46","اکنون چشم‌پیما را کالیبره می‌کنیم.<br><br>لطفاً نقطه متحرک را با چشمان خود دنبال کنید و سرتان را ثابت نگه دارید.<br><br>لطفاً منتظر بمانید.","از شرکت شما سپاسگزاریم!<br><br>آزمایش اکنون به پایان رسیده است.<br><br>لطفاً با آزمایشگر تماس بگیرید.","در این آزمایش، شما یک داستان کوتاه را که روی صفحه نمایش داده می‌شود، خواهید خواند.<br><br>لطفاً هر خط را با دقت بخوانید، زیرا در پایان آزمایش چند سؤال در مورد داستان از شما پرسیده خواهد شد.<br><br>پس از هر پاراگراف، یک جفت تصویر خواهید دید. به هر دو تصویر نگاه کنید و تعداد کل دایره‌ها را در دو تصویر بشمارید.<br><br>در صفحه بعد می‌توانید نمونه‌هایی از یک دایره صحیح و یک شکل نادرست را ببینید. فقط شکل‌هایی را بشمارید که با نمونه دایره صحیح مطابقت دارند.<br><br>برای شروع هر کلیدی را فشار دهید.","دایره شمارش شده را وارد کنید (۰-۳ را فشار دهید)","خوش آمدید! برای ادامه هر کلیدی را فشار دهید.","Farsi","1536","-154","154","-154","154","-267","267","-267","267"
"6","5000","8","undefined","undefined","undefined","undefined","#1a1a1a","7","psycho","False","psycho","psycho","uniform","undefined","undefined","undefined","0","NA","0","0","46","46","0","0","0","NA","0","46","46","NA","46","46","0","46","0","0","NA","0","46","46","46","46","46","46","0","46","46","46","0","383.7460834483802","Wed Jul 22 10:42:01 2026","1000","The main experiment item","False","V7_AttentionalSpatialBias_.osexp","C:\Users\plcm\Desktop\2026-EyeTracking\group-bayes\Experiment","-1","none","-1","-1","False","False","mono","False","18","no","white","no","yes","RTL","438.15936","154.81152","864","7","012.png","013.png","4","psycho","Farsi","46","46","C:\Users\plcm\Desktop\2026-EyeTracking\group-bayes\Experiment\subject-61.csv","150","psycho","no","658436.2154999981","Neonatal Nightingale","4.1.14","5","5","no_prime_trial_47","47","RTL","","0","1","space","1","NA","NA","1","1225.1802999526262","47626.63049995899","NA","NA","1225.1802999526262","2","psycho","1, 3, 6, 5, 2, 4, 5, 6, 2, 4, 1, 3, 3, 6, 2, 5, 4, 1, 2, 4, 6, 5, 1, 3, 2, 6, 5, 4, 1, 3, 1, 5, 2, 3, 4, 6, 2, 1, 6, 5, 3, 4, 1, 4, 2, 3, 5, 6","False","1024","2","48000","-16","experiment","61","odd","655.9120348999277","614.0","922.0","699.0","165.0","75069.80619998649","NA","NA","5445.179599919356","655911.8577999761","655911.9904999388","NA","9721.687399898656","49937.296899966896","NA","5445.359099889174","664672.9416999733","655898.105799919","NA","657414.468199946","657419.6973999497","13064.927899977192","663436.5552999079","122697.26979988627","NA","NA","123555.30269991141","655898.0810999637","664672.9137999937","663447.1898999764","655898.0241999961","658423.4780999832","658420.3193999128","123555.45279989019","655897.5596999517","658423.5408999957","658436.1822999781","9721.77089995239","Attentional Spatial Bias","0","0","0","47","اکنون چشم‌پیما را کالیبره می‌کنیم.<br><br>لطفاً نقطه متحرک را با چشمان خود دنبال کنید و سرتان را ثابت نگه دارید.<br><br>لطفاً منتظر بمانید.","از شرکت شما سپاسگزاریم!<br><br>آزمایش اکنون به پایان رسیده است.<br><br>لطفاً با آزمایشگر تماس بگیرید.","در این آزمایش، شما یک داستان کوتاه را که روی صفحه نمایش داده می‌شود، خواهید خواند.<br><br>لطفاً هر خط را با دقت بخوانید، زیرا در پایان آزمایش چند سؤال در مورد داستان از شما پرسیده خواهد شد.<br><br>پس از هر پاراگراف، یک جفت تصویر خواهید دید. به هر دو تصویر نگاه کنید و تعداد کل دایره‌ها را در دو تصویر بشمارید.<br><br>در صفحه بعد می‌توانید نمونه‌هایی از یک دایره صحیح و یک شکل نادرست را ببینید. فقط شکل‌هایی را بشمارید که با نمونه دایره صحیح مطابقت دارند.<br><br>برای شروع هر کلیدی را فشار دهید.","دایره شمارش شده را وارد کنید (۰-۳ را فشار دهید)","خوش آمدید! برای ادامه هر کلیدی را فشار دهید.","Farsi","1536","-154","154","-154","154","267","-267","267","-267"
"6","5000","8","undefined","undefined","undefined","undefined","#1a1a1a","7","psycho","False","psycho","psycho","uniform","undefined","undefined","undefined","0","NA","0","0","47","47","0","0","0","NA","0","47","47","NA","47","47","0","47","0","0","NA","0","47","47","47","47","47","47","0","47","47","47","0","380.60822855873414","Wed Jul 22 10:42:01 2026","1000","The main experiment item","False","V7_AttentionalSpatialBias_.osexp","C:\Users\plcm\Desktop\2026-EyeTracking\group-bayes\Experiment","-1","none","-1","-1","False","False","mono","False","18","no","white","no","yes","RTL","338.84159999999997","184.00608","864","7","014.png","015.png","4","psycho","Farsi","47","47","C:\Users\plcm\Desktop\2026-EyeTracking\group-bayes\Experiment\subject-61.csv","150","psycho","no","667341.2101999857","Neonatal Nightingale","4.1.14","6","6","no_prime_trial_48","48","RTL","","0","1","space","1","NA","NA","1","1450.6648998940364","47626.63049995899","NA","NA","1450.6648998940364","2","psycho","1, 3, 6, 5, 2, 4, 5, 6, 2, 4, 1, 3, 3, 6, 2, 5, 4, 1, 2, 4, 6, 5, 1, 3, 2, 6, 5, 4, 1, 3, 1, 5, 2, 3, 4, 6, 2, 1, 6, 5, 3, 4, 1, 4, 2, 3, 5, 6","False","1024","2","48000","-16","experiment","61","odd","664.820593399927","501.0","1035.0","586.0","278.0","75069.80619998649","NA","NA","5445.179599919356","664820.4856999218","664820.5696999794","NA","9721.687399898656","49937.296899966896","NA","5445.359099889174","673801.1303999228","664808.8836999377","NA","666322.784799966","666328.4915999975","13064.927899977192","672341.6283999104","122697.26979988627","NA","NA","123555.30269991141","664808.8644999079","673801.0964998975","672349.7726999922","664808.8111999677","667332.0641999599","667328.9146999596","123555.45279989019","664808.379999944","667332.1341999108","667341.1731999367","9721.77089995239","Attentional Spatial Bias","0","0","0","48","اکنون چشم‌پیما را کالیبره می‌کنیم.<br><br>لطفاً نقطه متحرک را با چشمان خود دنبال کنید و سرتان را ثابت نگه دارید.<br><br>لطفاً منتظر بمانید.","از شرکت شما سپاسگزاریم!<br><br>آزمایش اکنون به پایان رسیده است.<br><br>لطفاً با آزمایشگر تماس بگیرید.","در این آزمایش، شما یک داستان کوتاه را که روی صفحه نمایش داده می‌شود، خواهید خواند.<br><br>لطفاً هر خط را با دقت بخوانید، زیرا در پایان آزمایش چند سؤال در مورد داستان از شما پرسیده خواهد شد.<br><br>پس از هر پاراگراف، یک جفت تصویر خواهید دید. به هر دو تصویر نگاه کنید و تعداد کل دایره‌ها را در دو تصویر بشمارید.<br><br>در صفحه بعد می‌توانید نمونه‌هایی از یک دایره صحیح و یک شکل نادرست را ببینید. فقط شکل‌هایی را بشمارید که با نمونه دایره صحیح مطابقت دارند.<br><br>برای شروع هر کلیدی را فشار دهید.","دایره شمارش شده را وارد کنید (۰-۳ را فشار دهید)","خوش آمدید! برای ادامه هر کلیدی را فشار دهید.","Farsi","1536","-267","267","-267","267","154","-154","154","-154"
