"BLOCK_SIZE","DEADLINE_MS","NUM_BLOCKS","acc","accuracy","average_response_time","avg_rt","background","block_index","canvas_backend","central_fixation","clock_backend","color_backend","coordinates","correct","correct_Circle","correct_response_prompt","count_Circle","count_calibration_note","count_epilogue","count_experiment","count_fixation","count_fixation_cross_inline_script","count_goodbye","count_init_experiment","count_instructions","count_iti","count_language_selection","count_log_trial","count_new_1_pygaze_log","count_new_1_sketchpad","count_new_2_pygaze_log","count_new_advanced_delay","count_new_pygaze_init","count_new_pygaze_log","count_new_pygaze_start_recording","count_new_pygaze_stop_recording","count_new_sketchpad","count_position_randomization_inline_script","count_prime_display","count_record_response","count_response_prompt","count_set_prime","count_stimulus_display","count_stimulus_positions_inline_script","count_trial_loop","count_trial_sequence","count_trigger_fixation","count_trigger_stimulus","count_welcome","d","datetime","delay_new_advanced_delay","description","disable_garbage_collection","experiment_file","experiment_path","first_fix_rt","first_fix_side","first_fix_x","first_fix_y","fixation_found","font_bold","font_family","font_italic","font_size","font_underline","foreground","form_clicks","fullscreen","group","gx","gy","height","idx","img_left","img_right","key","keyboard_backend","lang","live_row","live_row_trial_loop","logfile","margin","mouse_backend","mouse_simulation","onset","opensesame_codename","opensesame_version","pos","position","prime_condition","prime_index","prime_lang","prime_text","repeat_cycle","response","response_Circle","response_count","response_new_1_sketchpad","response_new_sketchpad","response_response_prompt","response_time","response_time_Circle","response_time_new_1_sketchpad","response_time_new_sketchpad","response_time_response_prompt","round_decimals","sampler_backend","seq","show_prime","sound_buf_size","sound_channels","sound_freq","sound_sample_size","start","subject_nr","subject_parity","t0","target_x_left","target_x_right","target_y_left","target_y_right","time_Circle","time_calibration_note","time_epilogue","time_experiment","time_fixation","time_fixation_cross_inline_script","time_goodbye","time_init_experiment","time_instructions","time_iti","time_language_selection","time_log_trial","time_new_1_pygaze_log","time_new_1_sketchpad","time_new_2_pygaze_log","time_new_advanced_delay","time_new_pygaze_init","time_new_pygaze_log","time_new_pygaze_start_recording","time_new_pygaze_stop_recording","time_new_sketchpad","time_position_randomization_inline_script","time_prime_display","time_record_response","time_response_prompt","time_set_prime","time_stimulus_display","time_stimulus_positions_inline_script","time_trial_loop","time_trial_sequence","time_trigger_fixation","time_trigger_stimulus","time_welcome","title","total_correct","total_response_time","total_responses","trial_nr","txt_calibration","txt_goodbye","txt_instructions","txt_response_prompt","txt_welcome","ui_language","width","xL","xR","x_left","x_right","yL","yR","y_left","y_right"
"6","5000","8","undefined","undefined","undefined","undefined","#1a1a1a","0","legacy","True","legacy","legacy","uniform","undefined","undefined","undefined","0","NA","0","0","0","0","0","0","0","NA","0","0","0","NA","0","0","0","0","0","0","NA","0","0","0","0","0","0","0","0","0","0","0","0","21.26246247082407","Sun Aug 23 17:57:10 2026","1000","The main experiment item","False","V7_AttentionalSpatialBias_ (1).osexp","C:\Users\plcm\Downloads","295.0","000.png","592.00512","456.46848","True","False","mono","False","18","no","white","no","yes","RTL","592.00512","456.46848","864","0","000.png","001.png","3","legacy","Arabic","0","0","C:\Users\plcm\Downloads\subject-109.csv","150","legacy","no","93455.0","Neonatal Nightingale","4.1.14","6","6","prime_1","1","RTL","في مزرعة مشمسة، كانت البطة الأم تنتظر فقس بيضها. انفتحت البيضات واحدة تلو الأخرى، وخرج منها فراخ البط الصفراء الناعمة. كانت إحدى البيضات أكبر حجماً واستغرق فقسها وقتاً أطول.","0","2","space","2","NA","NA","2","1661.0","6854","NA","NA","1661","2","legacy","6,1,5,4,2,3,3,6,5,4,2,1,5,1,6,3,4,2,2,4,1,6,5,3,2,5,4,3,1,6,1,3,4,6,5,2,6,5,1,3,4,2,5,3,2,4,6,1","True","1024","2","48000","-16","experiment","109","odd","0.05635309999343008","501.0","1035.0","586.0","278.0","74514","NA","NA","1273","92240","92240","NA","8761","58658","NA","1274","100129","91849","NA","92436","92445","12872","98455","81369","NA","NA","81572","81667","100128","98467","81667","93446","93445","81572","81666","93446","93454","8761","Attentional Spatial Bias","0","0","0","1","سنقوم الآن بمعايرة جهاز تتبع العين.<br><br>يرجى تتبع النقطة المتحركة بعينيك وإبقاء رأسك ثابتًا.<br><br>يرجى الانتظار.","شكرًا على مشاركتك!<br><br>انتهت التجربة الآن.<br><br>يرجى الاتصال بالباحث.","في هذه التجربة، ستقرأ قصة قصيرة معروضة على الشاشة.<br><br>يرجى قراءة كل سطر بعناية، حيث سيُطرح عليك بعض الأسئلة حول القصة في نهاية التجربة.<br><br>بعد كل فقرة، سترى صورتين. انظر إلى كلتا الصورتين واحسب العدد الإجمالي للدوائر الموجودة في الصورتين.<br><br>في الشاشة التالية، سترى أمثلة على دائرة صحيحة وشكل غير صحيح. احسب فقط الأشكال التي تتطابق مع مثال الدائرة الصحيحة.<br><br>اضغط على أي مفتاح للبدء.","أدخل عدد الدوائر (اضغط على 0-3)","مرحبًا! اضغط على أي مفتاح للمتابعة.","Arabic","1536","-267","267","-267","267","154","-154","154","-154"
"6","5000","8","undefined","undefined","undefined","undefined","#1a1a1a","0","legacy","True","legacy","legacy","uniform","undefined","undefined","undefined","0","NA","0","0","1","1","0","0","0","NA","0","1","1","NA","1","1","0","1","0","0","NA","0","1","1","1","1","1","1","0","1","1","1","0","13.279872616256524","Sun Aug 23 17:57:10 2026","1000","The main experiment item","False","V7_AttentionalSpatialBias_ (1).osexp","C:\Users\plcm\Downloads","181.0","002.png","607.7798399999999","429.38208000000003","True","False","mono","False","18","no","white","no","yes","RTL","607.7798399999999","429.38208000000003","864","0","002.png","003.png","3","legacy","Arabic","1","1","C:\Users\plcm\Downloads\subject-109.csv","150","legacy","no","101490.0","Neonatal Nightingale","4.1.14","1","1","no_prime_trial_2","2","RTL","","0","1","space","1","NA","NA","1","1307.0","6854","NA","NA","1307","2","legacy","6, 1, 5, 4, 2, 3, 3, 6, 5, 4, 2, 1, 5, 1, 6, 3, 4, 2, 2, 4, 1, 6, 5, 3, 2, 5, 4, 3, 1, 6, 1, 3, 4, 6, 5, 2, 6, 5, 1, 3, 4, 2, 5, 3, 2, 4, 6, 1","False","1024","2","48000","-16","experiment","109","odd","7.867917500028852","460.0","1076.0","432.0","432.0","74514","NA","NA","1273","100242","100242","NA","8761","58658","NA","1274","107809","100236","NA","100474","100479","12872","106494","81369","NA","NA","81572","100236","107809","106501","100236","101480","101479","81572","100236","101480","101490","8761","Attentional Spatial Bias","0","0","0","2","سنقوم الآن بمعايرة جهاز تتبع العين.<br><br>يرجى تتبع النقطة المتحركة بعينيك وإبقاء رأسك ثابتًا.<br><br>يرجى الانتظار.","شكرًا على مشاركتك!<br><br>انتهت التجربة الآن.<br><br>يرجى الاتصال بالباحث.","في هذه التجربة، ستقرأ قصة قصيرة معروضة على الشاشة.<br><br>يرجى قراءة كل سطر بعناية، حيث سيُطرح عليك بعض الأسئلة حول القصة في نهاية التجربة.<br><br>بعد كل فقرة، سترى صورتين. انظر إلى كلتا الصورتين واحسب العدد الإجمالي للدوائر الموجودة في الصورتين.<br><br>في الشاشة التالية، سترى أمثلة على دائرة صحيحة وشكل غير صحيح. احسب فقط الأشكال التي تتطابق مع مثال الدائرة الصحيحة.<br><br>اضغط على أي مفتاح للبدء.","أدخل عدد الدوائر (اضغط على 0-3)","مرحبًا! اضغط على أي مفتاح للمتابعة.","Arabic","1536","-308","308","-308","308","0","0","0","0"
"6","5000","8","undefined","undefined","undefined","undefined","#1a1a1a","0","legacy","True","legacy","legacy","uniform","undefined","undefined","undefined","0","NA","0","0","2","2","0","0","0","NA","0","2","2","NA","2","2","0","2","0","0","NA","0","2","2","2","2","2","2","0","2","2","2","0","38.95810186883339","Sun Aug 23 17:57:10 2026","1000","The main experiment item","False","V7_AttentionalSpatialBias_ (1).osexp","C:\Users\plcm\Downloads","220.0","005.png","866.70336","242.06687999999997","True","False","mono","False","18","no","white","no","yes","RTL","866.70336","242.06687999999997","864","0","004.png","005.png","3","legacy","Arabic","2","2","C:\Users\plcm\Downloads\subject-109.csv","150","legacy","no","109186.0","Neonatal Nightingale","4.1.14","5","5","no_prime_trial_3","3","RTL","","0","2","space","2","NA","NA","2","727.0","6854","NA","NA","727","2","legacy","6, 1, 5, 4, 2, 3, 3, 6, 5, 4, 2, 1, 5, 1, 6, 3, 4, 2, 2, 4, 1, 6, 5, 3, 2, 5, 4, 3, 1, 6, 1, 3, 4, 6, 5, 2, 6, 5, 1, 3, 4, 2, 5, 3, 2, 4, 6, 1","False","1024","2","48000","-16","experiment","109","odd","15.577773900004104","614.0","922.0","699.0","165.0","74514","NA","NA","1273","107952","107952","NA","8761","58658","NA","1274","114921","107945","NA","108166","108171","12872","114186","81369","NA","NA","81572","107945","114921","114193","107945","109173","109171","81572","107944","109173","109186","8761","Attentional Spatial Bias","0","0","0","3","سنقوم الآن بمعايرة جهاز تتبع العين.<br><br>يرجى تتبع النقطة المتحركة بعينيك وإبقاء رأسك ثابتًا.<br><br>يرجى الانتظار.","شكرًا على مشاركتك!<br><br>انتهت التجربة الآن.<br><br>يرجى الاتصال بالباحث.","في هذه التجربة، ستقرأ قصة قصيرة معروضة على الشاشة.<br><br>يرجى قراءة كل سطر بعناية، حيث سيُطرح عليك بعض الأسئلة حول القصة في نهاية التجربة.<br><br>بعد كل فقرة، سترى صورتين. انظر إلى كلتا الصورتين واحسب العدد الإجمالي للدوائر الموجودة في الصورتين.<br><br>في الشاشة التالية، سترى أمثلة على دائرة صحيحة وشكل غير صحيح. احسب فقط الأشكال التي تتطابق مع مثال الدائرة الصحيحة.<br><br>اضغط على أي مفتاح للبدء.","أدخل عدد الدوائر (اضغط على 0-3)","مرحبًا! اضغط على أي مفتاح للمتابعة.","Arabic","1536","-154","154","-154","154","267","-267","267","-267"
"6","5000","8","undefined","undefined","undefined","undefined","#1a1a1a","0","legacy","True","legacy","legacy","uniform","undefined","undefined","undefined","0","NA","0","0","3","3","0","0","0","NA","0","3","3","NA","3","3","0","3","0","0","NA","0","3","3","3","3","3","3","0","3","3","3","0","74.53800103202127","Sun Aug 23 17:57:10 2026","1000","The main experiment item","False","V7_AttentionalSpatialBias_ (1).osexp","C:\Users\plcm\Downloads","285.0","006.png","782.5612800000001","267.06239999999997","True","False","mono","False","18","no","white","no","yes","RTL","782.5612800000001","267.06239999999997","864","0","006.png","007.png","3","legacy","Arabic","3","3","C:\Users\plcm\Downloads\subject-109.csv","150","legacy","no","116090.0","Neonatal Nightingale","4.1.14","4","4","no_prime_trial_4","4","RTL","","0","2","space","2","NA","NA","2","772.0","6854","NA","NA","772","2","legacy","6, 1, 5, 4, 2, 3, 3, 6, 5, 4, 2, 1, 5, 1, 6, 3, 4, 2, 2, 4, 1, 6, 5, 3, 2, 5, 4, 3, 1, 6, 1, 3, 4, 6, 5, 2, 6, 5, 1, 3, 4, 2, 5, 3, 2, 4, 6, 1","False","1024","2","48000","-16","experiment","109","odd","22.696369600016624","768.0","768.0","124.0","740.0","74514","NA","NA","1273","115070","115071","NA","8761","58658","NA","1274","121873","115064","NA","115076","115081","12872","121094","81369","NA","NA","81572","115064","121873","121100","115064","116082","116081","81572","115064","116082","116090","8761","Attentional Spatial Bias","0","0","0","4","سنقوم الآن بمعايرة جهاز تتبع العين.<br><br>يرجى تتبع النقطة المتحركة بعينيك وإبقاء رأسك ثابتًا.<br><br>يرجى الانتظار.","شكرًا على مشاركتك!<br><br>انتهت التجربة الآن.<br><br>يرجى الاتصال بالباحث.","في هذه التجربة، ستقرأ قصة قصيرة معروضة على الشاشة.<br><br>يرجى قراءة كل سطر بعناية، حيث سيُطرح عليك بعض الأسئلة حول القصة في نهاية التجربة.<br><br>بعد كل فقرة، سترى صورتين. انظر إلى كلتا الصورتين واحسب العدد الإجمالي للدوائر الموجودة في الصورتين.<br><br>في الشاشة التالية، سترى أمثلة على دائرة صحيحة وشكل غير صحيح. احسب فقط الأشكال التي تتطابق مع مثال الدائرة الصحيحة.<br><br>اضغط على أي مفتاح للبدء.","أدخل عدد الدوائر (اضغط على 0-3)","مرحبًا! اضغط على أي مفتاح للمتابعة.","Arabic","1536","0","0","0","0","-308","308","-308","308"
"6","5000","8","undefined","undefined","undefined","undefined","#1a1a1a","0","legacy","True","legacy","legacy","uniform","undefined","undefined","undefined","0","NA","0","0","4","4","0","0","0","NA","0","4","4","NA","4","4","0","4","0","0","NA","0","4","4","4","4","4","4","0","4","4","4","0","90.02239085056121","Sun Aug 23 17:57:10 2026","1000","The main experiment item","False","V7_AttentionalSpatialBias_ (1).osexp","C:\Users\plcm\Downloads","213.0","008.png","595.00032","241.67808000000002","True","False","mono","False","18","no","white","no","yes","RTL","595.00032","241.67808000000002","864","0","008.png","009.png","3","legacy","Arabic","4","4","C:\Users\plcm\Downloads\subject-109.csv","150","legacy","no","123040.0","Neonatal Nightingale","4.1.14","2","2","no_prime_trial_5","5","RTL","","0","0","space","0","NA","NA","0","742.0","6854","NA","NA","742","2","legacy","6, 1, 5, 4, 2, 3, 3, 6, 5, 4, 2, 1, 5, 1, 6, 3, 4, 2, 2, 4, 1, 6, 5, 3, 2, 5, 4, 3, 1, 6, 1, 3, 4, 6, 5, 2, 6, 5, 1, 3, 4, 2, 5, 3, 2, 4, 6, 1","False","1024","2","48000","-16","experiment","109","odd","29.64565910003148","501.0","1035.0","278.0","586.0","74514","NA","NA","1273","122020","122020","NA","8761","58658","NA","1274","128792","122014","NA","122026","122031","12872","128043","81369","NA","NA","81572","122014","128792","128050","122014","123032","123031","81572","122014","123032","123040","8761","Attentional Spatial Bias","0","0","0","5","سنقوم الآن بمعايرة جهاز تتبع العين.<br><br>يرجى تتبع النقطة المتحركة بعينيك وإبقاء رأسك ثابتًا.<br><br>يرجى الانتظار.","شكرًا على مشاركتك!<br><br>انتهت التجربة الآن.<br><br>يرجى الاتصال بالباحث.","في هذه التجربة، ستقرأ قصة قصيرة معروضة على الشاشة.<br><br>يرجى قراءة كل سطر بعناية، حيث سيُطرح عليك بعض الأسئلة حول القصة في نهاية التجربة.<br><br>بعد كل فقرة، سترى صورتين. انظر إلى كلتا الصورتين واحسب العدد الإجمالي للدوائر الموجودة في الصورتين.<br><br>في الشاشة التالية، سترى أمثلة على دائرة صحيحة وشكل غير صحيح. احسب فقط الأشكال التي تتطابق مع مثال الدائرة الصحيحة.<br><br>اضغط على أي مفتاح للبدء.","أدخل عدد الدوائر (اضغط على 0-3)","مرحبًا! اضغط على أي مفتاح للمتابعة.","Arabic","1536","-267","267","-267","267","-154","154","-154","154"
"6","5000","8","undefined","undefined","undefined","undefined","#1a1a1a","0","legacy","True","legacy","legacy","uniform","undefined","undefined","undefined","0","NA","0","0","5","5","0","0","0","NA","0","5","5","NA","5","5","0","5","0","0","NA","0","5","5","5","5","5","5","0","5","5","5","0","41.348415339463735","Sun Aug 23 17:57:10 2026","1000","The main experiment item","False","V7_AttentionalSpatialBias_ (1).osexp","C:\Users\plcm\Downloads","182.0","010.png","710.69184","279.46944","True","False","mono","False","18","no","white","no","yes","RTL","710.69184","279.46944","864","0","010.png","011.png","3","legacy","Arabic","5","5","C:\Users\plcm\Downloads\subject-109.csv","150","legacy","no","130184.0","Neonatal Nightingale","4.1.14","3","3","no_prime_trial_6","6","RTL","","0","2","space","2","NA","NA","2","759.0","6854","NA","NA","759","2","legacy","6, 1, 5, 4, 2, 3, 3, 6, 5, 4, 2, 1, 5, 1, 6, 3, 4, 2, 2, 4, 1, 6, 5, 3, 2, 5, 4, 3, 1, 6, 1, 3, 4, 6, 5, 2, 6, 5, 1, 3, 4, 2, 5, 3, 2, 4, 6, 1","False","1024","2","48000","-16","experiment","109","odd","36.55364759999793","614.0","922.0","165.0","699.0","74514","NA","NA","1273","128928","128928","NA","8761","58658","NA","1274","135953","128921","NA","129169","129175","12872","135187","81369","NA","NA","81572","128921","135953","135193","128921","130176","130175","81572","128920","130176","130184","8761","Attentional Spatial Bias","0","0","0","6","سنقوم الآن بمعايرة جهاز تتبع العين.<br><br>يرجى تتبع النقطة المتحركة بعينيك وإبقاء رأسك ثابتًا.<br><br>يرجى الانتظار.","شكرًا على مشاركتك!<br><br>انتهت التجربة الآن.<br><br>يرجى الاتصال بالباحث.","في هذه التجربة، ستقرأ قصة قصيرة معروضة على الشاشة.<br><br>يرجى قراءة كل سطر بعناية، حيث سيُطرح عليك بعض الأسئلة حول القصة في نهاية التجربة.<br><br>بعد كل فقرة، سترى صورتين. انظر إلى كلتا الصورتين واحسب العدد الإجمالي للدوائر الموجودة في الصورتين.<br><br>في الشاشة التالية، سترى أمثلة على دائرة صحيحة وشكل غير صحيح. احسب فقط الأشكال التي تتطابق مع مثال الدائرة الصحيحة.<br><br>اضغط على أي مفتاح للبدء.","أدخل عدد الدوائر (اضغط على 0-3)","مرحبًا! اضغط على أي مفتاح للمتابعة.","Arabic","1536","-154","154","-154","154","-267","267","-267","267"
"6","5000","8","undefined","undefined","undefined","undefined","#1a1a1a","1","legacy","True","legacy","legacy","uniform","undefined","undefined","undefined","0","NA","0","0","6","6","0","0","0","NA","0","6","6","NA","6","6","0","6","0","0","NA","0","6","6","6","6","6","6","0","6","6","6","0","69.71508922712215","Sun Aug 23 17:57:10 2026","1000","The main experiment item","False","V7_AttentionalSpatialBias_ (1).osexp","C:\Users\plcm\Downloads","218.0","012.png","665.97888","237.99743999999998","True","False","mono","False","18","no","white","no","yes","RTL","665.97888","237.99743999999998","864","1","012.png","013.png","3","legacy","Arabic","6","6","C:\Users\plcm\Downloads\subject-109.csv","150","legacy","no","150986.0","Neonatal Nightingale","4.1.14","3","3","prime_2","7","RTL","خرج طائر رمادي كبير من البيضة الأخيرة. بدا مختلفًا عن الآخرين. ضحك صغار البط ووصفوه بأنه قبيح. حزينًا ووحيدًا، هرب من المزرعة.","0","1","space","1","NA","NA","1","700.0","6854","NA","NA","700","2","legacy","6, 1, 5, 4, 2, 3, 3, 6, 5, 4, 2, 1, 5, 1, 6, 3, 4, 2, 2, 4, 1, 6, 5, 3, 2, 5, 4, 3, 1, 6, 1, 3, 4, 6, 5, 2, 6, 5, 1, 3, 4, 2, 5, 3, 2, 4, 6, 1","True","1024","2","48000","-16","experiment","109","odd","57.27263339998899","614.0","922.0","165.0","699.0","74514","NA","NA","1273","149647","149647","NA","8761","58658","NA","1274","156697","149640","NA","149972","149977","12872","155990","81369","NA","NA","81572","136089","156697","155996","136088","150978","150977","81572","136088","150978","150986","8761","Attentional Spatial Bias","0","0","0","7","سنقوم الآن بمعايرة جهاز تتبع العين.<br><br>يرجى تتبع النقطة المتحركة بعينيك وإبقاء رأسك ثابتًا.<br><br>يرجى الانتظار.","شكرًا على مشاركتك!<br><br>انتهت التجربة الآن.<br><br>يرجى الاتصال بالباحث.","في هذه التجربة، ستقرأ قصة قصيرة معروضة على الشاشة.<br><br>يرجى قراءة كل سطر بعناية، حيث سيُطرح عليك بعض الأسئلة حول القصة في نهاية التجربة.<br><br>بعد كل فقرة، سترى صورتين. انظر إلى كلتا الصورتين واحسب العدد الإجمالي للدوائر الموجودة في الصورتين.<br><br>في الشاشة التالية، سترى أمثلة على دائرة صحيحة وشكل غير صحيح. احسب فقط الأشكال التي تتطابق مع مثال الدائرة الصحيحة.<br><br>اضغط على أي مفتاح للبدء.","أدخل عدد الدوائر (اضغط على 0-3)","مرحبًا! اضغط على أي مفتاح للمتابعة.","Arabic","1536","-154","154","-154","154","-267","267","-267","267"
"6","5000","8","undefined","undefined","undefined","undefined","#1a1a1a","1","legacy","True","legacy","legacy","uniform","undefined","undefined","undefined","0","NA","0","0","7","7","0","0","0","NA","0","7","7","NA","7","7","0","7","0","0","NA","0","7","7","7","7","7","7","0","7","7","7","0","40.22554661274851","Sun Aug 23 17:57:10 2026","1000","The main experiment item","False","V7_AttentionalSpatialBias_ (1).osexp","C:\Users\plcm\Downloads","229.0","015.png","973.3632","269.39520000000005","True","False","mono","False","18","no","white","no","yes","RTL","973.3632","269.39520000000005","864","1","014.png","015.png","3","legacy","Arabic","7","7","C:\Users\plcm\Downloads\subject-109.csv","150","legacy","no","157850.0","Neonatal Nightingale","4.1.14","6","6","no_prime_trial_8","8","RTL","","0","1","space","1","NA","NA","1","623.0","6854","NA","NA","623","2","legacy","6, 1, 5, 4, 2, 3, 3, 6, 5, 4, 2, 1, 5, 1, 6, 3, 4, 2, 2, 4, 1, 6, 5, 3, 2, 5, 4, 3, 1, 6, 1, 3, 4, 6, 5, 2, 6, 5, 1, 3, 4, 2, 5, 3, 2, 4, 6, 1","False","1024","2","48000","-16","experiment","109","odd","64.45583470002748","501.0","1035.0","586.0","278.0","74514","NA","NA","1273","156830","156830","NA","8761","58658","NA","1274","163480","156824","NA","156835","156841","12872","162851","81369","NA","NA","81572","156824","163480","162857","156824","157842","157841","81572","156823","157842","157850","8761","Attentional Spatial Bias","0","0","0","8","سنقوم الآن بمعايرة جهاز تتبع العين.<br><br>يرجى تتبع النقطة المتحركة بعينيك وإبقاء رأسك ثابتًا.<br><br>يرجى الانتظار.","شكرًا على مشاركتك!<br><br>انتهت التجربة الآن.<br><br>يرجى الاتصال بالباحث.","في هذه التجربة، ستقرأ قصة قصيرة معروضة على الشاشة.<br><br>يرجى قراءة كل سطر بعناية، حيث سيُطرح عليك بعض الأسئلة حول القصة في نهاية التجربة.<br><br>بعد كل فقرة، سترى صورتين. انظر إلى كلتا الصورتين واحسب العدد الإجمالي للدوائر الموجودة في الصورتين.<br><br>في الشاشة التالية، سترى أمثلة على دائرة صحيحة وشكل غير صحيح. احسب فقط الأشكال التي تتطابق مع مثال الدائرة الصحيحة.<br><br>اضغط على أي مفتاح للبدء.","أدخل عدد الدوائر (اضغط على 0-3)","مرحبًا! اضغط على أي مفتاح للمتابعة.","Arabic","1536","-267","267","-267","267","154","-154","154","-154"
"6","5000","8","undefined","undefined","undefined","undefined","#1a1a1a","1","legacy","True","legacy","legacy","uniform","undefined","undefined","undefined","0","NA","0","0","8","8","0","0","0","NA","0","8","8","NA","8","8","0","8","0","0","NA","0","8","8","8","8","8","8","0","8","8","8","0","98.35837168233321","Sun Aug 23 17:57:10 2026","1000","The main experiment item","False","V7_AttentionalSpatialBias_ (1).osexp","C:\Users\plcm\Downloads","194.0","001.png","871.4496","271.34784","True","False","mono","False","18","no","white","no","yes","RTL","871.4496","271.34784","864","1","000.png","001.png","3","legacy","Arabic","8","8","C:\Users\plcm\Downloads\subject-109.csv","150","legacy","no","164803.0","Neonatal Nightingale","4.1.14","5","5","no_prime_trial_9","9","RTL","","0","2","space","2","NA","NA","2","580.0","6854","NA","NA","580","2","legacy","6, 1, 5, 4, 2, 3, 3, 6, 5, 4, 2, 1, 5, 1, 6, 3, 4, 2, 2, 4, 1, 6, 5, 3, 2, 5, 4, 3, 1, 6, 1, 3, 4, 6, 5, 2, 6, 5, 1, 3, 4, 2, 5, 3, 2, 4, 6, 1","False","1024","2","48000","-16","experiment","109","odd","71.21165150002344","614.0","922.0","699.0","165.0","74514","NA","NA","1273","163586","163586","NA","8761","58658","NA","1274","170393","163580","NA","163789","163794","12872","169806","81369","NA","NA","81572","163580","170393","169812","163580","164795","164794","81572","163580","164795","164803","8761","Attentional Spatial Bias","0","0","0","9","سنقوم الآن بمعايرة جهاز تتبع العين.<br><br>يرجى تتبع النقطة المتحركة بعينيك وإبقاء رأسك ثابتًا.<br><br>يرجى الانتظار.","شكرًا على مشاركتك!<br><br>انتهت التجربة الآن.<br><br>يرجى الاتصال بالباحث.","في هذه التجربة، ستقرأ قصة قصيرة معروضة على الشاشة.<br><br>يرجى قراءة كل سطر بعناية، حيث سيُطرح عليك بعض الأسئلة حول القصة في نهاية التجربة.<br><br>بعد كل فقرة، سترى صورتين. انظر إلى كلتا الصورتين واحسب العدد الإجمالي للدوائر الموجودة في الصورتين.<br><br>في الشاشة التالية، سترى أمثلة على دائرة صحيحة وشكل غير صحيح. احسب فقط الأشكال التي تتطابق مع مثال الدائرة الصحيحة.<br><br>اضغط على أي مفتاح للبدء.","أدخل عدد الدوائر (اضغط على 0-3)","مرحبًا! اضغط على أي مفتاح للمتابعة.","Arabic","1536","-154","154","-154","154","267","-267","267","-267"
"6","5000","8","undefined","undefined","undefined","undefined","#1a1a1a","1","legacy","True","legacy","legacy","uniform","undefined","undefined","undefined","0","NA","0","0","9","9","0","0","0","NA","0","9","9","NA","9","9","0","9","0","0","NA","0","9","9","9","9","9","9","0","9","9","9","0","98.3083404729263","Sun Aug 23 17:57:10 2026","1000","The main experiment item","False","V7_AttentionalSpatialBias_ (1).osexp","C:\Users\plcm\Downloads","186.0","002.png","774.03648","255.89952","True","False","mono","False","18","no","white","no","yes","RTL","774.03648","255.89952","864","1","002.png","003.png","3","legacy","Arabic","9","9","C:\Users\plcm\Downloads\subject-109.csv","150","legacy","no","171596.0","Neonatal Nightingale","4.1.14","4","4","no_prime_trial_10","10","RTL","","0","1","space","1","NA","NA","1","554.0","6854","NA","NA","554","2","legacy","6, 1, 5, 4, 2, 3, 3, 6, 5, 4, 2, 1, 5, 1, 6, 3, 4, 2, 2, 4, 1, 6, 5, 3, 2, 5, 4, 3, 1, 6, 1, 3, 4, 6, 5, 2, 6, 5, 1, 3, 4, 2, 5, 3, 2, 4, 6, 1","False","1024","2","48000","-16","experiment","109","odd","78.12414949998492","768.0","768.0","124.0","740.0","74514","NA","NA","1273","170498","170498","NA","8761","58658","NA","1274","177161","170492","NA","170576","170581","12872","176600","81369","NA","NA","81572","170492","177161","176606","170492","171583","171581","81572","170492","171583","171596","8761","Attentional Spatial Bias","0","0","0","10","سنقوم الآن بمعايرة جهاز تتبع العين.<br><br>يرجى تتبع النقطة المتحركة بعينيك وإبقاء رأسك ثابتًا.<br><br>يرجى الانتظار.","شكرًا على مشاركتك!<br><br>انتهت التجربة الآن.<br><br>يرجى الاتصال بالباحث.","في هذه التجربة، ستقرأ قصة قصيرة معروضة على الشاشة.<br><br>يرجى قراءة كل سطر بعناية، حيث سيُطرح عليك بعض الأسئلة حول القصة في نهاية التجربة.<br><br>بعد كل فقرة، سترى صورتين. انظر إلى كلتا الصورتين واحسب العدد الإجمالي للدوائر الموجودة في الصورتين.<br><br>في الشاشة التالية، سترى أمثلة على دائرة صحيحة وشكل غير صحيح. احسب فقط الأشكال التي تتطابق مع مثال الدائرة الصحيحة.<br><br>اضغط على أي مفتاح للبدء.","أدخل عدد الدوائر (اضغط على 0-3)","مرحبًا! اضغط على أي مفتاح للمتابعة.","Arabic","1536","0","0","0","0","-308","308","-308","308"
"6","5000","8","undefined","undefined","undefined","undefined","#1a1a1a","1","legacy","True","legacy","legacy","uniform","undefined","undefined","undefined","0","NA","0","0","10","10","0","0","0","NA","0","10","10","NA","10","10","0","10","0","0","NA","0","10","10","10","10","10","10","0","10","10","10","0","92.18036944894507","Sun Aug 23 17:57:10 2026","1000","The main experiment item","False","V7_AttentionalSpatialBias_ (1).osexp","C:\Users\plcm\Downloads","241.0","004.png","613.5552","344.11392","True","False","mono","False","18","no","white","no","yes","RTL","613.5552","344.11392","864","1","004.png","005.png","3","legacy","Arabic","10","10","C:\Users\plcm\Downloads\subject-109.csv","150","legacy","no","178316.0","Neonatal Nightingale","4.1.14","2","2","no_prime_trial_11","11","RTL","","0","2","space","2","NA","NA","2","508.0","6854","NA","NA","508","2","legacy","6, 1, 5, 4, 2, 3, 3, 6, 5, 4, 2, 1, 5, 1, 6, 3, 4, 2, 2, 4, 1, 6, 5, 3, 2, 5, 4, 3, 1, 6, 1, 3, 4, 6, 5, 2, 6, 5, 1, 3, 4, 2, 5, 3, 2, 4, 6, 1","False","1024","2","48000","-16","experiment","109","odd","84.91670390003128","501.0","1035.0","278.0","586.0","74514","NA","NA","1273","177291","177291","NA","8761","58658","NA","1274","183833","177284","NA","177302","177307","12872","183318","81369","NA","NA","81572","177284","183833","183324","177284","178308","178307","81572","177284","178308","178316","8761","Attentional Spatial Bias","0","0","0","11","سنقوم الآن بمعايرة جهاز تتبع العين.<br><br>يرجى تتبع النقطة المتحركة بعينيك وإبقاء رأسك ثابتًا.<br><br>يرجى الانتظار.","شكرًا على مشاركتك!<br><br>انتهت التجربة الآن.<br><br>يرجى الاتصال بالباحث.","في هذه التجربة، ستقرأ قصة قصيرة معروضة على الشاشة.<br><br>يرجى قراءة كل سطر بعناية، حيث سيُطرح عليك بعض الأسئلة حول القصة في نهاية التجربة.<br><br>بعد كل فقرة، سترى صورتين. انظر إلى كلتا الصورتين واحسب العدد الإجمالي للدوائر الموجودة في الصورتين.<br><br>في الشاشة التالية، سترى أمثلة على دائرة صحيحة وشكل غير صحيح. احسب فقط الأشكال التي تتطابق مع مثال الدائرة الصحيحة.<br><br>اضغط على أي مفتاح للبدء.","أدخل عدد الدوائر (اضغط على 0-3)","مرحبًا! اضغط على أي مفتاح للمتابعة.","Arabic","1536","-267","267","-267","267","-154","154","-154","154"
"6","5000","8","undefined","undefined","undefined","undefined","#1a1a1a","1","legacy","True","legacy","legacy","uniform","undefined","undefined","undefined","0","NA","0","0","11","11","0","0","0","NA","0","11","11","NA","11","11","0","11","0","0","NA","0","11","11","11","11","11","11","0","11","11","11","0","93.61420511039552","Sun Aug 23 17:57:10 2026","1000","The main experiment item","False","V7_AttentionalSpatialBias_ (1).osexp","C:\Users\plcm\Downloads","231.0","007.png","936.31488","391.48704000000004","True","False","mono","False","18","no","white","no","yes","RTL","936.31488","391.48704000000004","864","1","006.png","007.png","3","legacy","Arabic","11","11","C:\Users\plcm\Downloads\subject-109.csv","150","legacy","no","185181.0","Neonatal Nightingale","4.1.14","1","1","no_prime_trial_12","12","RTL","","0","2","space","2","NA","NA","2","496.0","6854","NA","NA","496","2","legacy","6, 1, 5, 4, 2, 3, 3, 6, 5, 4, 2, 1, 5, 1, 6, 3, 4, 2, 2, 4, 1, 6, 5, 3, 2, 5, 4, 3, 1, 6, 1, 3, 4, 6, 5, 2, 6, 5, 1, 3, 4, 2, 5, 3, 2, 4, 6, 1","False","1024","2","48000","-16","experiment","109","odd","91.60170950001338","460.0","1076.0","432.0","432.0","74514","NA","NA","1273","183976","183976","NA","8761","58658","NA","1274","190689","183970","NA","184167","184172","12872","190185","81369","NA","NA","81572","183970","190689","190192","183970","185173","185172","81572","183969","185173","185181","8761","Attentional Spatial Bias","0","0","0","12","سنقوم الآن بمعايرة جهاز تتبع العين.<br><br>يرجى تتبع النقطة المتحركة بعينيك وإبقاء رأسك ثابتًا.<br><br>يرجى الانتظار.","شكرًا على مشاركتك!<br><br>انتهت التجربة الآن.<br><br>يرجى الاتصال بالباحث.","في هذه التجربة، ستقرأ قصة قصيرة معروضة على الشاشة.<br><br>يرجى قراءة كل سطر بعناية، حيث سيُطرح عليك بعض الأسئلة حول القصة في نهاية التجربة.<br><br>بعد كل فقرة، سترى صورتين. انظر إلى كلتا الصورتين واحسب العدد الإجمالي للدوائر الموجودة في الصورتين.<br><br>في الشاشة التالية، سترى أمثلة على دائرة صحيحة وشكل غير صحيح. احسب فقط الأشكال التي تتطابق مع مثال الدائرة الصحيحة.<br><br>اضغط على أي مفتاح للبدء.","أدخل عدد الدوائر (اضغط على 0-3)","مرحبًا! اضغط على أي مفتاح للمتابعة.","Arabic","1536","-308","308","-308","308","0","0","0","0"
"6","5000","8","undefined","undefined","undefined","undefined","#1a1a1a","2","legacy","True","legacy","legacy","uniform","undefined","undefined","undefined","0","NA","0","0","12","12","0","0","0","NA","0","12","12","NA","12","12","0","12","0","0","NA","0","12","12","12","12","12","12","0","12","12","12","0","74.6657428718472","Sun Aug 23 17:57:10 2026","1000","The main experiment item","False","V7_AttentionalSpatialBias_ (1).osexp","C:\Users\plcm\Downloads","256.0","009.png","892.2777600000001","278.71776","True","False","mono","False","18","no","white","no","yes","RTL","892.2777600000001","278.71776","864","2","008.png","009.png","3","legacy","Arabic","12","12","C:\Users\plcm\Downloads\subject-109.csv","150","legacy","no","198953.0","Neonatal Nightingale","4.1.14","5","5","prime_3","13","RTL","تجول عبر الحقول والمستنقعات، باحثًا عن مكان ينتمي إليه. قال البط البري إنه قبيح جدًّا لدرجة لا تسمح له بأن يكون صديقًا لهم.","0","0","space","0","NA","NA","0","6045.0","6854","NA","NA","6045","2","legacy","6, 1, 5, 4, 2, 3, 3, 6, 5, 4, 2, 1, 5, 1, 6, 3, 4, 2, 2, 4, 1, 6, 5, 3, 2, 5, 4, 3, 1, 6, 1, 3, 4, 6, 5, 2, 6, 5, 1, 3, 4, 2, 5, 3, 2, 4, 6, 1","True","1024","2","48000","-16","experiment","109","odd","105.40900149999652","614.0","922.0","699.0","165.0","74514","NA","NA","1273","197783","197783","NA","8761","58658","NA","1274","210009","197777","NA","197932","197937","12872","203956","81369","NA","NA","81572","190805","210009","203963","190805","198939","198937","81572","190805","198939","198953","8761","Attentional Spatial Bias","0","0","0","13","سنقوم الآن بمعايرة جهاز تتبع العين.<br><br>يرجى تتبع النقطة المتحركة بعينيك وإبقاء رأسك ثابتًا.<br><br>يرجى الانتظار.","شكرًا على مشاركتك!<br><br>انتهت التجربة الآن.<br><br>يرجى الاتصال بالباحث.","في هذه التجربة، ستقرأ قصة قصيرة معروضة على الشاشة.<br><br>يرجى قراءة كل سطر بعناية، حيث سيُطرح عليك بعض الأسئلة حول القصة في نهاية التجربة.<br><br>بعد كل فقرة، سترى صورتين. انظر إلى كلتا الصورتين واحسب العدد الإجمالي للدوائر الموجودة في الصورتين.<br><br>في الشاشة التالية، سترى أمثلة على دائرة صحيحة وشكل غير صحيح. احسب فقط الأشكال التي تتطابق مع مثال الدائرة الصحيحة.<br><br>اضغط على أي مفتاح للبدء.","أدخل عدد الدوائر (اضغط على 0-3)","مرحبًا! اضغط على أي مفتاح للمتابعة.","Arabic","1536","-154","154","-154","154","267","-267","267","-267"
"6","5000","8","undefined","undefined","undefined","undefined","#1a1a1a","2","legacy","True","legacy","legacy","uniform","undefined","undefined","undefined","0","NA","0","0","13","13","0","0","0","NA","0","13","13","NA","13","13","0","13","0","0","NA","0","13","13","13","13","13","13","0","13","13","13","0","48.01017193660527","Sun Aug 23 17:57:10 2026","1000","The main experiment item","False","V7_AttentionalSpatialBias_ (1).osexp","C:\Users\plcm\Downloads","235.0","011.png","1014.2361599999999","377.46432","True","False","mono","False","18","no","white","no","yes","RTL","1014.2361599999999","377.46432","864","2","010.png","011.png","3","legacy","Arabic","13","13","C:\Users\plcm\Downloads\subject-109.csv","150","legacy","no","211154.0","Neonatal Nightingale","4.1.14","1","1","no_prime_trial_14","14","RTL","","0","2","space","2","NA","NA","2","815.0","6854","NA","NA","815","2","legacy","6, 1, 5, 4, 2, 3, 3, 6, 5, 4, 2, 1, 5, 1, 6, 3, 4, 2, 2, 4, 1, 6, 5, 3, 2, 5, 4, 3, 1, 6, 1, 3, 4, 6, 5, 2, 6, 5, 1, 3, 4, 2, 5, 3, 2, 4, 6, 1","False","1024","2","48000","-16","experiment","109","odd","117.75364310003351","460.0","1076.0","432.0","432.0","74514","NA","NA","1273","210128","210128","NA","8761","58658","NA","1274","216977","210123","NA","210133","210139","12872","216155","81369","NA","NA","81572","210123","216977","216161","210122","211141","211139","81572","210122","211141","211154","8761","Attentional Spatial Bias","0","0","0","14","سنقوم الآن بمعايرة جهاز تتبع العين.<br><br>يرجى تتبع النقطة المتحركة بعينيك وإبقاء رأسك ثابتًا.<br><br>يرجى الانتظار.","شكرًا على مشاركتك!<br><br>انتهت التجربة الآن.<br><br>يرجى الاتصال بالباحث.","في هذه التجربة، ستقرأ قصة قصيرة معروضة على الشاشة.<br><br>يرجى قراءة كل سطر بعناية، حيث سيُطرح عليك بعض الأسئلة حول القصة في نهاية التجربة.<br><br>بعد كل فقرة، سترى صورتين. انظر إلى كلتا الصورتين واحسب العدد الإجمالي للدوائر الموجودة في الصورتين.<br><br>في الشاشة التالية، سترى أمثلة على دائرة صحيحة وشكل غير صحيح. احسب فقط الأشكال التي تتطابق مع مثال الدائرة الصحيحة.<br><br>اضغط على أي مفتاح للبدء.","أدخل عدد الدوائر (اضغط على 0-3)","مرحبًا! اضغط على أي مفتاح للمتابعة.","Arabic","1536","-308","308","-308","308","0","0","0","0"
"6","5000","8","undefined","undefined","undefined","undefined","#1a1a1a","2","legacy","True","legacy","legacy","uniform","undefined","undefined","undefined","0","NA","0","0","14","14","0","0","0","NA","0","14","14","NA","14","14","0","14","0","0","NA","0","14","14","14","14","14","14","0","14","14","14","0","70.2238034326709","Sun Aug 23 17:57:10 2026","1000","The main experiment item","False","V7_AttentionalSpatialBias_ (1).osexp","C:\Users\plcm\Downloads","212.0","013.png","912.3532799999999","377.50752","True","False","mono","False","18","no","white","no","yes","RTL","912.3532799999999","377.50752","864","2","012.png","013.png","3","legacy","Arabic","14","14","C:\Users\plcm\Downloads\subject-109.csv","150","legacy","no","218349.0","Neonatal Nightingale","4.1.14","6","6","no_prime_trial_15","15","RTL","","0","1","space","1","NA","NA","1","627.0","6854","NA","NA","627","2","legacy","6, 1, 5, 4, 2, 3, 3, 6, 5, 4, 2, 1, 5, 1, 6, 3, 4, 2, 2, 4, 1, 6, 5, 3, 2, 5, 4, 3, 1, 6, 1, 3, 4, 6, 5, 2, 6, 5, 1, 3, 4, 2, 5, 3, 2, 4, 6, 1","False","1024","2","48000","-16","experiment","109","odd","124.72770049999235","501.0","1035.0","586.0","278.0","74514","NA","NA","1273","217102","217102","NA","8761","58658","NA","1274","223985","217096","NA","217328","217333","12872","223350","81369","NA","NA","81572","217095","223985","223357","217095","218335","218333","81572","217095","218335","218349","8761","Attentional Spatial Bias","0","0","0","15","سنقوم الآن بمعايرة جهاز تتبع العين.<br><br>يرجى تتبع النقطة المتحركة بعينيك وإبقاء رأسك ثابتًا.<br><br>يرجى الانتظار.","شكرًا على مشاركتك!<br><br>انتهت التجربة الآن.<br><br>يرجى الاتصال بالباحث.","في هذه التجربة، ستقرأ قصة قصيرة معروضة على الشاشة.<br><br>يرجى قراءة كل سطر بعناية، حيث سيُطرح عليك بعض الأسئلة حول القصة في نهاية التجربة.<br><br>بعد كل فقرة، سترى صورتين. انظر إلى كلتا الصورتين واحسب العدد الإجمالي للدوائر الموجودة في الصورتين.<br><br>في الشاشة التالية، سترى أمثلة على دائرة صحيحة وشكل غير صحيح. احسب فقط الأشكال التي تتطابق مع مثال الدائرة الصحيحة.<br><br>اضغط على أي مفتاح للبدء.","أدخل عدد الدوائر (اضغط على 0-3)","مرحبًا! اضغط على أي مفتاح للمتابعة.","Arabic","1536","-267","267","-267","267","154","-154","154","-154"
"6","5000","8","undefined","undefined","undefined","undefined","#1a1a1a","2","legacy","True","legacy","legacy","uniform","undefined","undefined","undefined","0","NA","0","0","15","15","0","0","0","NA","0","15","15","NA","15","15","0","15","0","0","NA","0","15","15","15","15","15","15","0","15","15","15","0","76.02059178049062","Sun Aug 23 17:57:10 2026","1000","The main experiment item","False","V7_AttentionalSpatialBias_ (1).osexp","C:\Users\plcm\Downloads","169.0","014.png","697.25184","308.24064000000004","True","False","mono","False","18","no","white","no","yes","RTL","697.25184","308.24064000000004","864","2","014.png","015.png","3","legacy","Arabic","15","15","C:\Users\plcm\Downloads\subject-109.csv","150","legacy","no","225353.0","Neonatal Nightingale","4.1.14","3","3","no_prime_trial_16","16","RTL","","0","0","space","0","NA","NA","0","700.0","6854","NA","NA","700","2","legacy","6, 1, 5, 4, 2, 3, 3, 6, 5, 4, 2, 1, 5, 1, 6, 3, 4, 2, 2, 4, 1, 6, 5, 3, 2, 5, 4, 3, 1, 6, 1, 3, 4, 6, 5, 2, 6, 5, 1, 3, 4, 2, 5, 3, 2, 4, 6, 1","False","1024","2","48000","-16","experiment","109","odd","131.74926300003426","614.0","922.0","165.0","699.0","74514","NA","NA","1273","224123","224123","NA","8761","58658","NA","1274","231065","224118","NA","224339","224344","12872","230358","81369","NA","NA","81572","224118","231065","230364","224118","225345","225344","81572","224117","225345","225353","8761","Attentional Spatial Bias","0","0","0","16","سنقوم الآن بمعايرة جهاز تتبع العين.<br><br>يرجى تتبع النقطة المتحركة بعينيك وإبقاء رأسك ثابتًا.<br><br>يرجى الانتظار.","شكرًا على مشاركتك!<br><br>انتهت التجربة الآن.<br><br>يرجى الاتصال بالباحث.","في هذه التجربة، ستقرأ قصة قصيرة معروضة على الشاشة.<br><br>يرجى قراءة كل سطر بعناية، حيث سيُطرح عليك بعض الأسئلة حول القصة في نهاية التجربة.<br><br>بعد كل فقرة، سترى صورتين. انظر إلى كلتا الصورتين واحسب العدد الإجمالي للدوائر الموجودة في الصورتين.<br><br>في الشاشة التالية، سترى أمثلة على دائرة صحيحة وشكل غير صحيح. احسب فقط الأشكال التي تتطابق مع مثال الدائرة الصحيحة.<br><br>اضغط على أي مفتاح للبدء.","أدخل عدد الدوائر (اضغط على 0-3)","مرحبًا! اضغط على أي مفتاح للمتابعة.","Arabic","1536","-154","154","-154","154","-267","267","-267","267"
"6","5000","8","undefined","undefined","undefined","undefined","#1a1a1a","2","legacy","True","legacy","legacy","uniform","undefined","undefined","undefined","0","NA","0","0","16","16","0","0","0","NA","0","16","16","NA","16","16","0","16","0","0","NA","0","16","16","16","16","16","16","0","16","16","16","0","98.62247969600438","Sun Aug 23 17:57:10 2026","1000","The main experiment item","False","V7_AttentionalSpatialBias_ (1).osexp","C:\Users\plcm\Downloads","225.0","000.png","728.3097600000001","201.54528","True","False","mono","False","18","no","white","no","yes","RTL","728.3097600000001","201.54528","864","2","000.png","001.png","3","legacy","Arabic","16","16","C:\Users\plcm\Downloads\subject-109.csv","150","legacy","no","232403.0","Neonatal Nightingale","4.1.14","4","4","no_prime_trial_17","17","RTL","","0","2","space","2","NA","NA","2","537.0","6854","NA","NA","537","2","legacy","6, 1, 5, 4, 2, 3, 3, 6, 5, 4, 2, 1, 5, 1, 6, 3, 4, 2, 2, 4, 1, 6, 5, 3, 2, 5, 4, 3, 1, 6, 1, 3, 4, 6, 5, 2, 6, 5, 1, 3, 4, 2, 5, 3, 2, 4, 6, 1","False","1024","2","48000","-16","experiment","109","odd","138.79826840001624","768.0","768.0","124.0","740.0","74514","NA","NA","1273","231172","231172","NA","8761","58658","NA","1274","237953","231166","NA","231388","231393","12872","237407","81369","NA","NA","81572","231166","237953","237415","231166","232394","232393","81572","231166","232394","232403","8761","Attentional Spatial Bias","0","0","0","17","سنقوم الآن بمعايرة جهاز تتبع العين.<br><br>يرجى تتبع النقطة المتحركة بعينيك وإبقاء رأسك ثابتًا.<br><br>يرجى الانتظار.","شكرًا على مشاركتك!<br><br>انتهت التجربة الآن.<br><br>يرجى الاتصال بالباحث.","في هذه التجربة، ستقرأ قصة قصيرة معروضة على الشاشة.<br><br>يرجى قراءة كل سطر بعناية، حيث سيُطرح عليك بعض الأسئلة حول القصة في نهاية التجربة.<br><br>بعد كل فقرة، سترى صورتين. انظر إلى كلتا الصورتين واحسب العدد الإجمالي للدوائر الموجودة في الصورتين.<br><br>في الشاشة التالية، سترى أمثلة على دائرة صحيحة وشكل غير صحيح. احسب فقط الأشكال التي تتطابق مع مثال الدائرة الصحيحة.<br><br>اضغط على أي مفتاح للبدء.","أدخل عدد الدوائر (اضغط على 0-3)","مرحبًا! اضغط على أي مفتاح للمتابعة.","Arabic","1536","0","0","0","0","-308","308","-308","308"
"6","5000","8","undefined","undefined","undefined","undefined","#1a1a1a","2","legacy","True","legacy","legacy","uniform","undefined","undefined","undefined","0","NA","0","0","17","17","0","0","0","NA","0","17","17","NA","17","17","0","17","0","0","NA","0","17","17","17","17","17","17","0","17","17","17","0","99.50841664293529","Sun Aug 23 17:57:10 2026","1000","The main experiment item","False","V7_AttentionalSpatialBias_ (1).osexp","C:\Users\plcm\Downloads","226.0","002.png","573.80352","276.35904","True","False","mono","False","18","no","white","no","yes","RTL","573.80352","276.35904","864","2","002.png","003.png","3","legacy","Arabic","17","17","C:\Users\plcm\Downloads\subject-109.csv","150","legacy","no","239113.0","Neonatal Nightingale","4.1.14","2","2","no_prime_trial_18","18","RTL","","0","1","space","1","NA","NA","1","633.0","6854","NA","NA","633","2","legacy","6, 1, 5, 4, 2, 3, 3, 6, 5, 4, 2, 1, 5, 1, 6, 3, 4, 2, 2, 4, 1, 6, 5, 3, 2, 5, 4, 3, 1, 6, 1, 3, 4, 6, 5, 2, 6, 5, 1, 3, 4, 2, 5, 3, 2, 4, 6, 1","False","1024","2","48000","-16","experiment","109","odd","145.6797297000303","501.0","1035.0","278.0","586.0","74514","NA","NA","1273","238054","238054","NA","8761","58658","NA","1274","244753","238048","NA","238093","238098","12872","244113","81369","NA","NA","81572","238048","244753","244119","238048","239099","239098","81572","238048","239099","239113","8761","Attentional Spatial Bias","0","0","0","18","سنقوم الآن بمعايرة جهاز تتبع العين.<br><br>يرجى تتبع النقطة المتحركة بعينيك وإبقاء رأسك ثابتًا.<br><br>يرجى الانتظار.","شكرًا على مشاركتك!<br><br>انتهت التجربة الآن.<br><br>يرجى الاتصال بالباحث.","في هذه التجربة، ستقرأ قصة قصيرة معروضة على الشاشة.<br><br>يرجى قراءة كل سطر بعناية، حيث سيُطرح عليك بعض الأسئلة حول القصة في نهاية التجربة.<br><br>بعد كل فقرة، سترى صورتين. انظر إلى كلتا الصورتين واحسب العدد الإجمالي للدوائر الموجودة في الصورتين.<br><br>في الشاشة التالية، سترى أمثلة على دائرة صحيحة وشكل غير صحيح. احسب فقط الأشكال التي تتطابق مع مثال الدائرة الصحيحة.<br><br>اضغط على أي مفتاح للبدء.","أدخل عدد الدوائر (اضغط على 0-3)","مرحبًا! اضغط على أي مفتاح للمتابعة.","Arabic","1536","-267","267","-267","267","-154","154","-154","154"
"6","5000","8","undefined","undefined","undefined","undefined","#1a1a1a","3","legacy","True","legacy","legacy","uniform","undefined","undefined","undefined","0","NA","0","0","18","18","0","0","0","NA","0","18","18","NA","18","18","0","18","0","0","NA","0","18","18","18","18","18","18","0","18","18","18","0","55.16967671605117","Sun Aug 23 17:57:10 2026","1000","The main experiment item","False","V7_AttentionalSpatialBias_ (1).osexp","C:\Users\plcm\Downloads","253.0","004.png","595.9987199999999","326.00448","True","False","mono","False","18","no","white","no","yes","RTL","595.9987199999999","326.00448","864","3","004.png","005.png","3","legacy","Arabic","18","18","C:\Users\plcm\Downloads\subject-109.csv","150","legacy","no","251065.0","Neonatal Nightingale","4.1.14","2","2","prime_4","19","RTL","ذات ليلة، أطلق الصيادون النار بالقرب منه، فاختبأ بين القصب حتى أصبح المكان آمنًا.","0","2","space","2","NA","NA","2","664.0","6854","NA","NA","664","2","legacy","6, 1, 5, 4, 2, 3, 3, 6, 5, 4, 2, 1, 5, 1, 6, 3, 4, 2, 2, 4, 1, 6, 5, 3, 2, 5, 4, 3, 1, 6, 1, 3, 4, 6, 5, 2, 6, 5, 1, 3, 4, 2, 5, 3, 2, 4, 6, 1","True","1024","2","48000","-16","experiment","109","odd","157.66480899997987","501.0","1035.0","278.0","586.0","74514","NA","NA","1273","250039","250039","NA","8761","58658","NA","1274","256737","250033","NA","250045","250050","12872","256066","81369","NA","NA","81572","244869","256737","256072","244869","251052","251050","81572","244869","251052","251065","8761","Attentional Spatial Bias","0","0","0","19","سنقوم الآن بمعايرة جهاز تتبع العين.<br><br>يرجى تتبع النقطة المتحركة بعينيك وإبقاء رأسك ثابتًا.<br><br>يرجى الانتظار.","شكرًا على مشاركتك!<br><br>انتهت التجربة الآن.<br><br>يرجى الاتصال بالباحث.","في هذه التجربة، ستقرأ قصة قصيرة معروضة على الشاشة.<br><br>يرجى قراءة كل سطر بعناية، حيث سيُطرح عليك بعض الأسئلة حول القصة في نهاية التجربة.<br><br>بعد كل فقرة، سترى صورتين. انظر إلى كلتا الصورتين واحسب العدد الإجمالي للدوائر الموجودة في الصورتين.<br><br>في الشاشة التالية، سترى أمثلة على دائرة صحيحة وشكل غير صحيح. احسب فقط الأشكال التي تتطابق مع مثال الدائرة الصحيحة.<br><br>اضغط على أي مفتاح للبدء.","أدخل عدد الدوائر (اضغط على 0-3)","مرحبًا! اضغط على أي مفتاح للمتابعة.","Arabic","1536","-267","267","-267","267","-154","154","-154","154"
"6","5000","8","undefined","undefined","undefined","undefined","#1a1a1a","3","legacy","True","legacy","legacy","uniform","undefined","undefined","undefined","0","NA","0","0","19","19","0","0","0","NA","0","19","19","NA","19","19","0","19","0","0","NA","0","19","19","19","19","19","19","0","19","19","19","0","90.62631658564528","Sun Aug 23 17:57:10 2026","1000","The main experiment item","False","V7_AttentionalSpatialBias_ (1).osexp","C:\Users\plcm\Downloads","205.0","006.png","786.4473599999999","251.01792","True","False","mono","False","18","no","white","no","yes","RTL","786.4473599999999","251.01792","864","3","006.png","007.png","3","legacy","Arabic","19","19","C:\Users\plcm\Downloads\subject-109.csv","150","legacy","no","257934.0","Neonatal Nightingale","4.1.14","4","4","no_prime_trial_20","20","RTL","","0","2","space","2","NA","NA","2","465.0","6854","NA","NA","465","2","legacy","6, 1, 5, 4, 2, 3, 3, 6, 5, 4, 2, 1, 5, 1, 6, 3, 4, 2, 2, 4, 1, 6, 5, 3, 2, 5, 4, 3, 1, 6, 1, 3, 4, 6, 5, 2, 6, 5, 1, 3, 4, 2, 5, 3, 2, 4, 6, 1","False","1024","2","48000","-16","experiment","109","odd","164.5286250000354","768.0","768.0","124.0","740.0","74514","NA","NA","1273","256903","256903","NA","8761","58658","NA","1274","263409","256895","NA","256920","256925","12872","262937","81369","NA","NA","81572","256895","263409","262943","256895","257926","257925","81572","256894","257926","257934","8761","Attentional Spatial Bias","0","0","0","20","سنقوم الآن بمعايرة جهاز تتبع العين.<br><br>يرجى تتبع النقطة المتحركة بعينيك وإبقاء رأسك ثابتًا.<br><br>يرجى الانتظار.","شكرًا على مشاركتك!<br><br>انتهت التجربة الآن.<br><br>يرجى الاتصال بالباحث.","في هذه التجربة، ستقرأ قصة قصيرة معروضة على الشاشة.<br><br>يرجى قراءة كل سطر بعناية، حيث سيُطرح عليك بعض الأسئلة حول القصة في نهاية التجربة.<br><br>بعد كل فقرة، سترى صورتين. انظر إلى كلتا الصورتين واحسب العدد الإجمالي للدوائر الموجودة في الصورتين.<br><br>في الشاشة التالية، سترى أمثلة على دائرة صحيحة وشكل غير صحيح. احسب فقط الأشكال التي تتطابق مع مثال الدائرة الصحيحة.<br><br>اضغط على أي مفتاح للبدء.","أدخل عدد الدوائر (اضغط على 0-3)","مرحبًا! اضغط على أي مفتاح للمتابعة.","Arabic","1536","0","0","0","0","-308","308","-308","308"
"6","5000","8","undefined","undefined","undefined","undefined","#1a1a1a","3","legacy","True","legacy","legacy","uniform","undefined","undefined","undefined","0","NA","0","0","20","20","0","0","0","NA","0","20","20","NA","20","20","0","20","0","0","NA","0","20","20","20","20","20","20","0","20","20","20","0","85.61051759056714","Sun Aug 23 17:57:10 2026","1000","The main experiment item","False","V7_AttentionalSpatialBias_ (1).osexp","C:\Users\plcm\Downloads","298.0","008.png","570.5011199999999","393.36192","True","False","mono","False","18","no","white","no","yes","RTL","570.5011199999999","393.36192","864","3","008.png","009.png","3","legacy","Arabic","20","20","C:\Users\plcm\Downloads\subject-109.csv","150","legacy","no","264768.0","Neonatal Nightingale","4.1.14","1","1","no_prime_trial_21","21","RTL","","0","0","space","0","NA","NA","0","1142.0","6854","NA","NA","1142","2","legacy","6, 1, 5, 4, 2, 3, 3, 6, 5, 4, 2, 1, 5, 1, 6, 3, 4, 2, 2, 4, 1, 6, 5, 3, 2, 5, 4, 3, 1, 6, 1, 3, 4, 6, 5, 2, 6, 5, 1, 3, 4, 2, 5, 3, 2, 4, 6, 1","False","1024","2","48000","-16","experiment","109","odd","171.1646159000229","460.0","1076.0","432.0","432.0","74514","NA","NA","1273","263539","263539","NA","8761","58658","NA","1274","270921","263533","NA","263748","263754","12872","269772","81369","NA","NA","81572","263533","270921","269778","263533","264756","264754","81572","263532","264756","264768","8761","Attentional Spatial Bias","0","0","0","21","سنقوم الآن بمعايرة جهاز تتبع العين.<br><br>يرجى تتبع النقطة المتحركة بعينيك وإبقاء رأسك ثابتًا.<br><br>يرجى الانتظار.","شكرًا على مشاركتك!<br><br>انتهت التجربة الآن.<br><br>يرجى الاتصال بالباحث.","في هذه التجربة، ستقرأ قصة قصيرة معروضة على الشاشة.<br><br>يرجى قراءة كل سطر بعناية، حيث سيُطرح عليك بعض الأسئلة حول القصة في نهاية التجربة.<br><br>بعد كل فقرة، سترى صورتين. انظر إلى كلتا الصورتين واحسب العدد الإجمالي للدوائر الموجودة في الصورتين.<br><br>في الشاشة التالية، سترى أمثلة على دائرة صحيحة وشكل غير صحيح. احسب فقط الأشكال التي تتطابق مع مثال الدائرة الصحيحة.<br><br>اضغط على أي مفتاح للبدء.","أدخل عدد الدوائر (اضغط على 0-3)","مرحبًا! اضغط على أي مفتاح للمتابعة.","Arabic","1536","-308","308","-308","308","0","0","0","0"
"6","5000","8","undefined","undefined","undefined","undefined","#1a1a1a","3","legacy","True","legacy","legacy","uniform","undefined","undefined","undefined","0","NA","0","0","21","21","0","0","0","NA","0","21","21","NA","21","21","0","21","0","0","NA","0","21","21","21","21","21","21","0","21","21","21","0","96.16063864812877","Sun Aug 23 17:57:10 2026","1000","The main experiment item","False","V7_AttentionalSpatialBias_ (1).osexp","C:\Users\plcm\Downloads","252.0","010.png","618.4704","444.76992","True","False","mono","False","18","no","white","no","yes","RTL","618.4704","444.76992","864","3","010.png","011.png","3","legacy","Arabic","21","21","C:\Users\plcm\Downloads\subject-109.csv","150","legacy","no","272360.0","Neonatal Nightingale","4.1.14","6","6","no_prime_trial_22","22","RTL","","0","2","space","2","NA","NA","2","664.0","6854","NA","NA","664","2","legacy","6, 1, 5, 4, 2, 3, 3, 6, 5, 4, 2, 1, 5, 1, 6, 3, 4, 2, 2, 4, 1, 6, 5, 3, 2, 5, 4, 3, 1, 6, 1, 3, 4, 6, 5, 2, 6, 5, 1, 3, 4, 2, 5, 3, 2, 4, 6, 1","False","1024","2","48000","-16","experiment","109","odd","178.6841107000364","501.0","1035.0","586.0","278.0","74514","NA","NA","1273","271058","271058","NA","8761","58658","NA","1274","278033","271051","NA","271346","271351","12872","277361","81369","NA","NA","81572","271051","278033","277368","271051","272352","272351","81572","271050","272352","272360","8761","Attentional Spatial Bias","0","0","0","22","سنقوم الآن بمعايرة جهاز تتبع العين.<br><br>يرجى تتبع النقطة المتحركة بعينيك وإبقاء رأسك ثابتًا.<br><br>يرجى الانتظار.","شكرًا على مشاركتك!<br><br>انتهت التجربة الآن.<br><br>يرجى الاتصال بالباحث.","في هذه التجربة، ستقرأ قصة قصيرة معروضة على الشاشة.<br><br>يرجى قراءة كل سطر بعناية، حيث سيُطرح عليك بعض الأسئلة حول القصة في نهاية التجربة.<br><br>بعد كل فقرة، سترى صورتين. انظر إلى كلتا الصورتين واحسب العدد الإجمالي للدوائر الموجودة في الصورتين.<br><br>في الشاشة التالية، سترى أمثلة على دائرة صحيحة وشكل غير صحيح. احسب فقط الأشكال التي تتطابق مع مثال الدائرة الصحيحة.<br><br>اضغط على أي مفتاح للبدء.","أدخل عدد الدوائر (اضغط على 0-3)","مرحبًا! اضغط على أي مفتاح للمتابعة.","Arabic","1536","-267","267","-267","267","154","-154","154","-154"
"6","5000","8","undefined","undefined","undefined","undefined","#1a1a1a","3","legacy","True","legacy","legacy","uniform","undefined","undefined","undefined","0","NA","0","0","22","22","0","0","0","NA","0","22","22","NA","22","22","0","22","0","0","NA","0","22","22","22","22","22","22","0","22","22","22","0","94.40570033663859","Sun Aug 23 17:57:10 2026","1000","The main experiment item","False","V7_AttentionalSpatialBias_ (1).osexp","C:\Users\plcm\Downloads","308.0","013.png","888.43776","312.88896","True","False","mono","False","18","no","white","no","yes","RTL","888.43776","312.88896","864","3","012.png","013.png","3","legacy","Arabic","22","22","C:\Users\plcm\Downloads\subject-109.csv","150","legacy","no","279415.0","Neonatal Nightingale","4.1.14","5","5","no_prime_trial_23","23","RTL","","0","1","space","1","NA","NA","1","974.0","6854","NA","NA","974","2","legacy","6, 1, 5, 4, 2, 3, 3, 6, 5, 4, 2, 1, 5, 1, 6, 3, 4, 2, 2, 4, 1, 6, 5, 3, 2, 5, 4, 3, 1, 6, 1, 3, 4, 6, 5, 2, 6, 5, 1, 3, 4, 2, 5, 3, 2, 4, 6, 1","False","1024","2","48000","-16","experiment","109","odd","185.79594959999667","614.0","922.0","699.0","165.0","74514","NA","NA","1273","278170","278170","NA","8761","58658","NA","1274","285401","278163","NA","278401","278406","12872","284420","81369","NA","NA","81572","278163","285401","284426","278163","279407","279406","81572","278163","279407","279414","8761","Attentional Spatial Bias","0","0","0","23","سنقوم الآن بمعايرة جهاز تتبع العين.<br><br>يرجى تتبع النقطة المتحركة بعينيك وإبقاء رأسك ثابتًا.<br><br>يرجى الانتظار.","شكرًا على مشاركتك!<br><br>انتهت التجربة الآن.<br><br>يرجى الاتصال بالباحث.","في هذه التجربة، ستقرأ قصة قصيرة معروضة على الشاشة.<br><br>يرجى قراءة كل سطر بعناية، حيث سيُطرح عليك بعض الأسئلة حول القصة في نهاية التجربة.<br><br>بعد كل فقرة، سترى صورتين. انظر إلى كلتا الصورتين واحسب العدد الإجمالي للدوائر الموجودة في الصورتين.<br><br>في الشاشة التالية، سترى أمثلة على دائرة صحيحة وشكل غير صحيح. احسب فقط الأشكال التي تتطابق مع مثال الدائرة الصحيحة.<br><br>اضغط على أي مفتاح للبدء.","أدخل عدد الدوائر (اضغط على 0-3)","مرحبًا! اضغط على أي مفتاح للمتابعة.","Arabic","1536","-154","154","-154","154","267","-267","267","-267"
"6","5000","8","undefined","undefined","undefined","undefined","#1a1a1a","3","legacy","True","legacy","legacy","uniform","undefined","undefined","undefined","0","NA","0","0","23","23","0","0","0","NA","0","23","23","NA","23","23","0","23","0","0","NA","0","23","23","23","23","23","23","0","23","23","23","0","63.90506807079384","Sun Aug 23 17:57:10 2026","1000","The main experiment item","False","V7_AttentionalSpatialBias_ (1).osexp","C:\Users\plcm\Downloads","204.0","014.png","661.49376","270.96768000000003","True","False","mono","False","18","no","white","no","yes","RTL","661.49376","270.96768000000003","864","3","014.png","015.png","3","legacy","Arabic","23","23","C:\Users\plcm\Downloads\subject-109.csv","150","legacy","no","286783.0","Neonatal Nightingale","4.1.14","3","3","no_prime_trial_24","24","RTL","","0","1","space","1","NA","NA","1","2661.0","6854","NA","NA","2661","2","legacy","6, 1, 5, 4, 2, 3, 3, 6, 5, 4, 2, 1, 5, 1, 6, 3, 4, 2, 2, 4, 1, 6, 5, 3, 2, 5, 4, 3, 1, 6, 1, 3, 4, 6, 5, 2, 6, 5, 1, 3, 4, 2, 5, 3, 2, 4, 6, 1","False","1024","2","48000","-16","experiment","109","odd","193.17605399998138","614.0","922.0","165.0","699.0","74514","NA","NA","1273","285550","285550","NA","8761","58658","NA","1274","294457","285544","NA","285769","285774","12872","291787","81369","NA","NA","81572","285544","294457","291795","285544","286776","286774","81572","285543","286776","286783","8761","Attentional Spatial Bias","0","0","0","24","سنقوم الآن بمعايرة جهاز تتبع العين.<br><br>يرجى تتبع النقطة المتحركة بعينيك وإبقاء رأسك ثابتًا.<br><br>يرجى الانتظار.","شكرًا على مشاركتك!<br><br>انتهت التجربة الآن.<br><br>يرجى الاتصال بالباحث.","في هذه التجربة، ستقرأ قصة قصيرة معروضة على الشاشة.<br><br>يرجى قراءة كل سطر بعناية، حيث سيُطرح عليك بعض الأسئلة حول القصة في نهاية التجربة.<br><br>بعد كل فقرة، سترى صورتين. انظر إلى كلتا الصورتين واحسب العدد الإجمالي للدوائر الموجودة في الصورتين.<br><br>في الشاشة التالية، سترى أمثلة على دائرة صحيحة وشكل غير صحيح. احسب فقط الأشكال التي تتطابق مع مثال الدائرة الصحيحة.<br><br>اضغط على أي مفتاح للبدء.","أدخل عدد الدوائر (اضغط على 0-3)","مرحبًا! اضغط على أي مفتاح للمتابعة.","Arabic","1536","-154","154","-154","154","-267","267","-267","267"
"6","5000","8","undefined","undefined","undefined","undefined","#1a1a1a","4","legacy","True","legacy","legacy","uniform","undefined","undefined","undefined","0","NA","0","0","24","24","0","0","0","NA","0","24","24","NA","24","24","0","24","0","0","NA","0","24","24","24","24","24","24","0","24","24","24","0","82.17139918896353","Sun Aug 23 17:57:10 2026","1000","The main experiment item","False","V7_AttentionalSpatialBias_ (1).osexp","C:\Users\plcm\Downloads","247.0","000.png","643.9680000000001","358.6464","True","False","mono","False","18","no","white","no","yes","RTL","643.9680000000001","358.6464","864","4","000.png","001.png","3","legacy","Arabic","24","24","C:\Users\plcm\Downloads\subject-109.csv","150","legacy","no","303226.0","Neonatal Nightingale","4.1.14","2","2","prime_5","25","RTL","عثر على منزل صغير تسكنه امرأة عجوز وقطة ودجاجة. كانت القطة والدجاجة لئيمتين ووصفتاه بأنه عديم الفائدة. حزينًا، غادر المكان وواصل تجوله وحيدًا.","0","2","space","2","NA","NA","2","651.0","6854","NA","NA","651","2","legacy","6, 1, 5, 4, 2, 3, 3, 6, 5, 4, 2, 1, 5, 1, 6, 3, 4, 2, 2, 4, 1, 6, 5, 3, 2, 5, 4, 3, 1, 6, 1, 3, 4, 6, 5, 2, 6, 5, 1, 3, 4, 2, 5, 3, 2, 4, 6, 1","True","1024","2","48000","-16","experiment","109","odd","209.45078569999896","501.0","1035.0","278.0","586.0","74514","NA","NA","1273","301825","301825","NA","8761","58658","NA","1274","308889","301817","NA","302212","302217","12872","308231","81369","NA","NA","81572","294595","308889","308237","294595","303218","303217","81572","294595","303218","303226","8761","Attentional Spatial Bias","0","0","0","25","سنقوم الآن بمعايرة جهاز تتبع العين.<br><br>يرجى تتبع النقطة المتحركة بعينيك وإبقاء رأسك ثابتًا.<br><br>يرجى الانتظار.","شكرًا على مشاركتك!<br><br>انتهت التجربة الآن.<br><br>يرجى الاتصال بالباحث.","في هذه التجربة، ستقرأ قصة قصيرة معروضة على الشاشة.<br><br>يرجى قراءة كل سطر بعناية، حيث سيُطرح عليك بعض الأسئلة حول القصة في نهاية التجربة.<br><br>بعد كل فقرة، سترى صورتين. انظر إلى كلتا الصورتين واحسب العدد الإجمالي للدوائر الموجودة في الصورتين.<br><br>في الشاشة التالية، سترى أمثلة على دائرة صحيحة وشكل غير صحيح. احسب فقط الأشكال التي تتطابق مع مثال الدائرة الصحيحة.<br><br>اضغط على أي مفتاح للبدء.","أدخل عدد الدوائر (اضغط على 0-3)","مرحبًا! اضغط على أي مفتاح للمتابعة.","Arabic","1536","-267","267","-267","267","-154","154","-154","154"
"6","5000","8","undefined","undefined","undefined","undefined","#1a1a1a","4","legacy","True","legacy","legacy","uniform","undefined","undefined","undefined","0","NA","0","0","25","25","0","0","0","NA","0","25","25","NA","25","25","0","25","0","0","NA","0","25","25","25","25","25","25","0","25","25","25","0","68.28926579745314","Sun Aug 23 17:57:10 2026","1000","The main experiment item","False","V7_AttentionalSpatialBias_ (1).osexp","C:\Users\plcm\Downloads","269.0","002.png","645.44256","556.86528","True","False","mono","False","18","no","white","no","yes","RTL","645.44256","556.86528","864","4","002.png","003.png","3","legacy","Arabic","25","25","C:\Users\plcm\Downloads\subject-109.csv","150","legacy","no","310209.0","Neonatal Nightingale","4.1.14","5","5","no_prime_trial_26","26","RTL","","0","2","space","2","NA","NA","2","1150.0","6854","NA","NA","1150","2","legacy","6, 1, 5, 4, 2, 3, 3, 6, 5, 4, 2, 1, 5, 1, 6, 3, 4, 2, 2, 4, 1, 6, 5, 3, 2, 5, 4, 3, 1, 6, 1, 3, 4, 6, 5, 2, 6, 5, 1, 3, 4, 2, 5, 3, 2, 4, 6, 1","False","1024","2","48000","-16","experiment","109","odd","216.6125541999936","614.0","922.0","699.0","165.0","74514","NA","NA","1273","308987","308987","NA","8761","58658","NA","1274","316369","308981","NA","309195","309200","12872","315211","81369","NA","NA","81572","308981","316369","315218","308981","310201","310200","81572","308981","310201","310209","8761","Attentional Spatial Bias","0","0","0","26","سنقوم الآن بمعايرة جهاز تتبع العين.<br><br>يرجى تتبع النقطة المتحركة بعينيك وإبقاء رأسك ثابتًا.<br><br>يرجى الانتظار.","شكرًا على مشاركتك!<br><br>انتهت التجربة الآن.<br><br>يرجى الاتصال بالباحث.","في هذه التجربة، ستقرأ قصة قصيرة معروضة على الشاشة.<br><br>يرجى قراءة كل سطر بعناية، حيث سيُطرح عليك بعض الأسئلة حول القصة في نهاية التجربة.<br><br>بعد كل فقرة، سترى صورتين. انظر إلى كلتا الصورتين واحسب العدد الإجمالي للدوائر الموجودة في الصورتين.<br><br>في الشاشة التالية، سترى أمثلة على دائرة صحيحة وشكل غير صحيح. احسب فقط الأشكال التي تتطابق مع مثال الدائرة الصحيحة.<br><br>اضغط على أي مفتاح للبدء.","أدخل عدد الدوائر (اضغط على 0-3)","مرحبًا! اضغط على أي مفتاح للمتابعة.","Arabic","1536","-154","154","-154","154","267","-267","267","-267"
"6","5000","8","undefined","undefined","undefined","undefined","#1a1a1a","4","legacy","True","legacy","legacy","uniform","undefined","undefined","undefined","0","NA","0","0","26","26","0","0","0","NA","0","26","26","NA","26","26","0","26","0","0","NA","0","26","26","26","26","26","26","0","26","26","26","0","87.2038853270197","Sun Aug 23 17:57:10 2026","1000","The main experiment item","False","V7_AttentionalSpatialBias_ (1).osexp","C:\Users\plcm\Downloads","240.0","004.png","763.88352","270.432","True","False","mono","False","18","no","white","no","yes","RTL","763.88352","270.432","864","4","004.png","005.png","3","legacy","Arabic","26","26","C:\Users\plcm\Downloads\subject-109.csv","150","legacy","no","317518.0","Neonatal Nightingale","4.1.14","4","4","no_prime_trial_27","27","RTL","","0","2","space","2","NA","NA","2","695.0","6854","NA","NA","695","2","legacy","6, 1, 5, 4, 2, 3, 3, 6, 5, 4, 2, 1, 5, 1, 6, 3, 4, 2, 2, 4, 1, 6, 5, 3, 2, 5, 4, 3, 1, 6, 1, 3, 4, 6, 5, 2, 6, 5, 1, 3, 4, 2, 5, 3, 2, 4, 6, 1","False","1024","2","48000","-16","experiment","109","odd","224.1239290999947","768.0","768.0","124.0","740.0","74514","NA","NA","1273","316498","316498","NA","8761","58658","NA","1274","323225","316490","NA","316504","316509","12872","322523","81369","NA","NA","81572","316490","323225","322529","316490","317510","317509","81572","316489","317510","317518","8761","Attentional Spatial Bias","0","0","0","27","سنقوم الآن بمعايرة جهاز تتبع العين.<br><br>يرجى تتبع النقطة المتحركة بعينيك وإبقاء رأسك ثابتًا.<br><br>يرجى الانتظار.","شكرًا على مشاركتك!<br><br>انتهت التجربة الآن.<br><br>يرجى الاتصال بالباحث.","في هذه التجربة، ستقرأ قصة قصيرة معروضة على الشاشة.<br><br>يرجى قراءة كل سطر بعناية، حيث سيُطرح عليك بعض الأسئلة حول القصة في نهاية التجربة.<br><br>بعد كل فقرة، سترى صورتين. انظر إلى كلتا الصورتين واحسب العدد الإجمالي للدوائر الموجودة في الصورتين.<br><br>في الشاشة التالية، سترى أمثلة على دائرة صحيحة وشكل غير صحيح. احسب فقط الأشكال التي تتطابق مع مثال الدائرة الصحيحة.<br><br>اضغط على أي مفتاح للبدء.","أدخل عدد الدوائر (اضغط على 0-3)","مرحبًا! اضغط على أي مفتاح للمتابعة.","Arabic","1536","0","0","0","0","-308","308","-308","308"
"6","5000","8","undefined","undefined","undefined","undefined","#1a1a1a","4","legacy","True","legacy","legacy","uniform","undefined","undefined","undefined","0","NA","0","0","27","27","0","0","0","NA","0","27","27","NA","27","27","0","27","0","0","NA","0","27","27","27","27","27","27","0","27","27","27","0","84.52759579051569","Sun Aug 23 17:57:10 2026","1000","The main experiment item","False","V7_AttentionalSpatialBias_ (1).osexp","C:\Users\plcm\Downloads","136.0","006.png","756.67968","303.90336","True","False","mono","False","18","no","white","no","yes","RTL","756.67968","303.90336","864","4","006.png","007.png","3","legacy","Arabic","27","27","C:\Users\plcm\Downloads\subject-109.csv","150","legacy","no","324587.0","Neonatal Nightingale","4.1.14","3","3","no_prime_trial_28","28","RTL","","0","2","space","2","NA","NA","2","550.0","6854","NA","NA","550","2","legacy","6, 1, 5, 4, 2, 3, 3, 6, 5, 4, 2, 1, 5, 1, 6, 3, 4, 2, 2, 4, 1, 6, 5, 3, 2, 5, 4, 3, 1, 6, 1, 3, 4, 6, 5, 2, 6, 5, 1, 3, 4, 2, 5, 3, 2, 4, 6, 1","False","1024","2","48000","-16","experiment","109","odd","230.983893800003","614.0","922.0","165.0","699.0","74514","NA","NA","1273","323358","323358","NA","8761","58658","NA","1274","330145","323351","NA","323572","323577","12872","329587","81369","NA","NA","81572","323351","330145","329594","323351","324578","324577","81572","323350","324579","324587","8761","Attentional Spatial Bias","0","0","0","28","سنقوم الآن بمعايرة جهاز تتبع العين.<br><br>يرجى تتبع النقطة المتحركة بعينيك وإبقاء رأسك ثابتًا.<br><br>يرجى الانتظار.","شكرًا على مشاركتك!<br><br>انتهت التجربة الآن.<br><br>يرجى الاتصال بالباحث.","في هذه التجربة، ستقرأ قصة قصيرة معروضة على الشاشة.<br><br>يرجى قراءة كل سطر بعناية، حيث سيُطرح عليك بعض الأسئلة حول القصة في نهاية التجربة.<br><br>بعد كل فقرة، سترى صورتين. انظر إلى كلتا الصورتين واحسب العدد الإجمالي للدوائر الموجودة في الصورتين.<br><br>في الشاشة التالية، سترى أمثلة على دائرة صحيحة وشكل غير صحيح. احسب فقط الأشكال التي تتطابق مع مثال الدائرة الصحيحة.<br><br>اضغط على أي مفتاح للبدء.","أدخل عدد الدوائر (اضغط على 0-3)","مرحبًا! اضغط على أي مفتاح للمتابعة.","Arabic","1536","-154","154","-154","154","-267","267","-267","267"
"6","5000","8","undefined","undefined","undefined","undefined","#1a1a1a","4","legacy","True","legacy","legacy","uniform","undefined","undefined","undefined","0","NA","0","0","28","28","0","0","0","NA","0","28","28","NA","28","28","0","28","0","0","NA","0","28","28","28","28","28","28","0","28","28","28","0","52.12996536405522","Sun Aug 23 17:57:10 2026","1000","The main experiment item","False","V7_AttentionalSpatialBias_ (1).osexp","C:\Users\plcm\Downloads","231.0","008.png","572.12928","376.21152","True","False","mono","False","18","no","white","no","yes","RTL","572.12928","376.21152","864","4","008.png","009.png","3","legacy","Arabic","28","28","C:\Users\plcm\Downloads\subject-109.csv","150","legacy","no","331508.0","Neonatal Nightingale","4.1.14","1","1","no_prime_trial_29","29","RTL","","0","0","space","0","NA","NA","0","860.0","6854","NA","NA","860","2","legacy","6, 1, 5, 4, 2, 3, 3, 6, 5, 4, 2, 1, 5, 1, 6, 3, 4, 2, 2, 4, 1, 6, 5, 3, 2, 5, 4, 3, 1, 6, 1, 3, 4, 6, 5, 2, 6, 5, 1, 3, 4, 2, 5, 3, 2, 4, 6, 1","False","1024","2","48000","-16","experiment","109","odd","237.9204771000077","460.0","1076.0","432.0","432.0","74514","NA","NA","1273","330295","330295","NA","8761","58658","NA","1274","337377","330287","NA","330494","330499","12872","336509","81369","NA","NA","81572","330287","337377","336516","330287","331500","331499","81572","330286","331500","331508","8761","Attentional Spatial Bias","0","0","0","29","سنقوم الآن بمعايرة جهاز تتبع العين.<br><br>يرجى تتبع النقطة المتحركة بعينيك وإبقاء رأسك ثابتًا.<br><br>يرجى الانتظار.","شكرًا على مشاركتك!<br><br>انتهت التجربة الآن.<br><br>يرجى الاتصال بالباحث.","في هذه التجربة، ستقرأ قصة قصيرة معروضة على الشاشة.<br><br>يرجى قراءة كل سطر بعناية، حيث سيُطرح عليك بعض الأسئلة حول القصة في نهاية التجربة.<br><br>بعد كل فقرة، سترى صورتين. انظر إلى كلتا الصورتين واحسب العدد الإجمالي للدوائر الموجودة في الصورتين.<br><br>في الشاشة التالية، سترى أمثلة على دائرة صحيحة وشكل غير صحيح. احسب فقط الأشكال التي تتطابق مع مثال الدائرة الصحيحة.<br><br>اضغط على أي مفتاح للبدء.","أدخل عدد الدوائر (اضغط على 0-3)","مرحبًا! اضغط على أي مفتاح للمتابعة.","Arabic","1536","-308","308","-308","308","0","0","0","0"
"6","5000","8","undefined","undefined","undefined","undefined","#1a1a1a","4","legacy","True","legacy","legacy","uniform","undefined","undefined","undefined","0","NA","0","0","29","29","0","0","0","NA","0","29","29","NA","29","29","0","29","0","0","NA","0","29","29","29","29","29","29","0","29","29","29","0","89.1491502131748","Sun Aug 23 17:57:10 2026","1000","The main experiment item","False","V7_AttentionalSpatialBias_ (1).osexp","C:\Users\plcm\Downloads","240.0","011.png","954.71616","310.67712","True","False","mono","False","18","no","white","no","yes","RTL","954.71616","310.67712","864","4","010.png","011.png","3","legacy","Arabic","29","29","C:\Users\plcm\Downloads\subject-109.csv","150","legacy","no","338536.0","Neonatal Nightingale","4.1.14","6","6","no_prime_trial_30","30","RTL","","0","2","space","2","NA","NA","2","1927.0","6854","NA","NA","1927","2","legacy","6, 1, 5, 4, 2, 3, 3, 6, 5, 4, 2, 1, 5, 1, 6, 3, 4, 2, 2, 4, 1, 6, 5, 3, 2, 5, 4, 3, 1, 6, 1, 3, 4, 6, 5, 2, 6, 5, 1, 3, 4, 2, 5, 3, 2, 4, 6, 1","False","1024","2","48000","-16","experiment","109","odd","245.130823399988","501.0","1035.0","586.0","278.0","74514","NA","NA","1273","337505","337505","NA","8761","58658","NA","1274","345473","337499","NA","337522","337527","12872","343538","81369","NA","NA","81572","337499","345473","343545","337499","338528","338527","81572","337499","338528","338536","8761","Attentional Spatial Bias","0","0","0","30","سنقوم الآن بمعايرة جهاز تتبع العين.<br><br>يرجى تتبع النقطة المتحركة بعينيك وإبقاء رأسك ثابتًا.<br><br>يرجى الانتظار.","شكرًا على مشاركتك!<br><br>انتهت التجربة الآن.<br><br>يرجى الاتصال بالباحث.","في هذه التجربة، ستقرأ قصة قصيرة معروضة على الشاشة.<br><br>يرجى قراءة كل سطر بعناية، حيث سيُطرح عليك بعض الأسئلة حول القصة في نهاية التجربة.<br><br>بعد كل فقرة، سترى صورتين. انظر إلى كلتا الصورتين واحسب العدد الإجمالي للدوائر الموجودة في الصورتين.<br><br>في الشاشة التالية، سترى أمثلة على دائرة صحيحة وشكل غير صحيح. احسب فقط الأشكال التي تتطابق مع مثال الدائرة الصحيحة.<br><br>اضغط على أي مفتاح للبدء.","أدخل عدد الدوائر (اضغط على 0-3)","مرحبًا! اضغط على أي مفتاح للمتابعة.","Arabic","1536","-267","267","-267","267","154","-154","154","-154"
"6","5000","8","undefined","undefined","undefined","undefined","#1a1a1a","5","legacy","True","legacy","legacy","uniform","undefined","undefined","undefined","0","NA","0","0","30","30","0","0","0","NA","0","30","30","NA","30","30","0","30","0","0","NA","0","30","30","30","30","30","30","0","30","30","30","0","82.81667832859752","Sun Aug 23 17:57:10 2026","1000","The main experiment item","False","V7_AttentionalSpatialBias_ (1).osexp","C:\Users\plcm\Downloads","214.0","013.png","1049.856","383.40864","True","False","mono","False","18","no","white","no","yes","RTL","1049.856","383.40864","864","5","012.png","013.png","3","legacy","Arabic","30","30","C:\Users\plcm\Downloads\subject-109.csv","150","legacy","no","353002.0","Neonatal Nightingale","4.1.14","1","1","prime_6","31","RTL","حل الشتاء وكان الجو شديد البرودة. كاد يتجمد في بحيرة، لكن مزارعًا عثر عليه وأخذه إلى منزله.","0","1","space","1","NA","NA","1","798.0","6854","NA","NA","798","2","legacy","6, 1, 5, 4, 2, 3, 3, 6, 5, 4, 2, 1, 5, 1, 6, 3, 4, 2, 2, 4, 1, 6, 5, 3, 2, 5, 4, 3, 1, 6, 1, 3, 4, 6, 5, 2, 6, 5, 1, 3, 4, 2, 5, 3, 2, 4, 6, 1","True","1024","2","48000","-16","experiment","109","odd","259.6092343000346","460.0","1076.0","432.0","432.0","74514","NA","NA","1273","351983","351983","NA","8761","58658","NA","1274","358809","351977","NA","351989","351993","12872","358003","81369","NA","NA","81572","345626","358809","358010","345626","352994","352993","81572","345626","352994","353002","8761","Attentional Spatial Bias","0","0","0","31","سنقوم الآن بمعايرة جهاز تتبع العين.<br><br>يرجى تتبع النقطة المتحركة بعينيك وإبقاء رأسك ثابتًا.<br><br>يرجى الانتظار.","شكرًا على مشاركتك!<br><br>انتهت التجربة الآن.<br><br>يرجى الاتصال بالباحث.","في هذه التجربة، ستقرأ قصة قصيرة معروضة على الشاشة.<br><br>يرجى قراءة كل سطر بعناية، حيث سيُطرح عليك بعض الأسئلة حول القصة في نهاية التجربة.<br><br>بعد كل فقرة، سترى صورتين. انظر إلى كلتا الصورتين واحسب العدد الإجمالي للدوائر الموجودة في الصورتين.<br><br>في الشاشة التالية، سترى أمثلة على دائرة صحيحة وشكل غير صحيح. احسب فقط الأشكال التي تتطابق مع مثال الدائرة الصحيحة.<br><br>اضغط على أي مفتاح للبدء.","أدخل عدد الدوائر (اضغط على 0-3)","مرحبًا! اضغط على أي مفتاح للمتابعة.","Arabic","1536","-308","308","-308","308","0","0","0","0"
"6","5000","8","undefined","undefined","undefined","undefined","#1a1a1a","5","legacy","True","legacy","legacy","uniform","undefined","undefined","undefined","0","NA","0","0","31","31","0","0","0","NA","0","31","31","NA","31","31","0","31","0","0","NA","0","31","31","31","31","31","31","0","31","31","31","0","63.69677405045878","Sun Aug 23 17:57:10 2026","1000","The main experiment item","False","V7_AttentionalSpatialBias_ (1).osexp","C:\Users\plcm\Downloads","240.0","014.png","713.3184","280.78272","True","False","mono","False","18","no","white","no","yes","RTL","713.3184","280.78272","864","5","014.png","015.png","3","legacy","Arabic","31","31","C:\Users\plcm\Downloads\subject-109.csv","150","legacy","no","360171.0","Neonatal Nightingale","4.1.14","3","3","no_prime_trial_32","32","RTL","","0","1","space","1","NA","NA","1","1879.0","6854","NA","NA","1879","2","legacy","6, 1, 5, 4, 2, 3, 3, 6, 5, 4, 2, 1, 5, 1, 6, 3, 4, 2, 2, 4, 1, 6, 5, 3, 2, 5, 4, 3, 1, 6, 1, 3, 4, 6, 5, 2, 6, 5, 1, 3, 4, 2, 5, 3, 2, 4, 6, 1","False","1024","2","48000","-16","experiment","109","odd","266.56388869998045","614.0","922.0","165.0","699.0","74514","NA","NA","1273","358938","358938","NA","8761","58658","NA","1274","367057","358932","NA","359157","359162","12872","365171","81369","NA","NA","81572","358932","367057","365177","358932","360163","360162","81572","358932","360163","360171","8761","Attentional Spatial Bias","0","0","0","32","سنقوم الآن بمعايرة جهاز تتبع العين.<br><br>يرجى تتبع النقطة المتحركة بعينيك وإبقاء رأسك ثابتًا.<br><br>يرجى الانتظار.","شكرًا على مشاركتك!<br><br>انتهت التجربة الآن.<br><br>يرجى الاتصال بالباحث.","في هذه التجربة، ستقرأ قصة قصيرة معروضة على الشاشة.<br><br>يرجى قراءة كل سطر بعناية، حيث سيُطرح عليك بعض الأسئلة حول القصة في نهاية التجربة.<br><br>بعد كل فقرة، سترى صورتين. انظر إلى كلتا الصورتين واحسب العدد الإجمالي للدوائر الموجودة في الصورتين.<br><br>في الشاشة التالية، سترى أمثلة على دائرة صحيحة وشكل غير صحيح. احسب فقط الأشكال التي تتطابق مع مثال الدائرة الصحيحة.<br><br>اضغط على أي مفتاح للبدء.","أدخل عدد الدوائر (اضغط على 0-3)","مرحبًا! اضغط على أي مفتاح للمتابعة.","Arabic","1536","-154","154","-154","154","-267","267","-267","267"
"6","5000","8","undefined","undefined","undefined","undefined","#1a1a1a","5","legacy","True","legacy","legacy","uniform","undefined","undefined","undefined","0","NA","0","0","32","32","0","0","0","NA","0","32","32","NA","32","32","0","32","0","0","NA","0","32","32","32","32","32","32","0","32","32","32","0","61.295580492847954","Sun Aug 23 17:57:10 2026","1000","The main experiment item","False","V7_AttentionalSpatialBias_ (1).osexp","C:\Users\plcm\Downloads","185.0","000.png","768.72192","256.93631999999997","True","False","mono","False","18","no","white","no","yes","RTL","768.72192","256.93631999999997","864","5","000.png","001.png","3","legacy","Arabic","32","32","C:\Users\plcm\Downloads\subject-109.csv","150","legacy","no","368200.0","Neonatal Nightingale","4.1.14","4","4","no_prime_trial_33","33","RTL","","0","2","space","2","NA","NA","2","449.0","6854","NA","NA","449","2","legacy","6, 1, 5, 4, 2, 3, 3, 6, 5, 4, 2, 1, 5, 1, 6, 3, 4, 2, 2, 4, 1, 6, 5, 3, 2, 5, 4, 3, 1, 6, 1, 3, 4, 6, 5, 2, 6, 5, 1, 3, 4, 2, 5, 3, 2, 4, 6, 1","False","1024","2","48000","-16","experiment","109","odd","274.8059937999933","768.0","768.0","124.0","740.0","74514","NA","NA","1273","367180","367180","NA","8761","58658","NA","1274","373657","367174","NA","367186","367191","12872","373201","81369","NA","NA","81572","367174","373657","373207","367174","368192","368191","81572","367174","368192","368200","8761","Attentional Spatial Bias","0","0","0","33","سنقوم الآن بمعايرة جهاز تتبع العين.<br><br>يرجى تتبع النقطة المتحركة بعينيك وإبقاء رأسك ثابتًا.<br><br>يرجى الانتظار.","شكرًا على مشاركتك!<br><br>انتهت التجربة الآن.<br><br>يرجى الاتصال بالباحث.","في هذه التجربة، ستقرأ قصة قصيرة معروضة على الشاشة.<br><br>يرجى قراءة كل سطر بعناية، حيث سيُطرح عليك بعض الأسئلة حول القصة في نهاية التجربة.<br><br>بعد كل فقرة، سترى صورتين. انظر إلى كلتا الصورتين واحسب العدد الإجمالي للدوائر الموجودة في الصورتين.<br><br>في الشاشة التالية، سترى أمثلة على دائرة صحيحة وشكل غير صحيح. احسب فقط الأشكال التي تتطابق مع مثال الدائرة الصحيحة.<br><br>اضغط على أي مفتاح للبدء.","أدخل عدد الدوائر (اضغط على 0-3)","مرحبًا! اضغط على أي مفتاح للمتابعة.","Arabic","1536","0","0","0","0","-308","308","-308","308"
"6","5000","8","undefined","undefined","undefined","undefined","#1a1a1a","5","legacy","True","legacy","legacy","uniform","undefined","undefined","undefined","0","NA","0","0","33","33","0","0","0","NA","0","33","33","NA","33","33","0","33","0","0","NA","0","33","33","33","33","33","33","0","33","33","33","0","54.90597600524004","Sun Aug 23 17:57:10 2026","1000","The main experiment item","False","V7_AttentionalSpatialBias_ (1).osexp","C:\Users\plcm\Downloads","176.0","003.png","923.6736000000001","341.16768","True","False","mono","False","18","no","white","no","yes","RTL","923.6736000000001","341.16768","864","5","002.png","003.png","3","legacy","Arabic","33","33","C:\Users\plcm\Downloads\subject-109.csv","150","legacy","no","375002.0","Neonatal Nightingale","4.1.14","6","6","no_prime_trial_34","34","RTL","","0","2","space","2","NA","NA","2","450.0","6854","NA","NA","450","2","legacy","6, 1, 5, 4, 2, 3, 3, 6, 5, 4, 2, 1, 5, 1, 6, 3, 4, 2, 2, 4, 1, 6, 5, 3, 2, 5, 4, 3, 1, 6, 1, 3, 4, 6, 5, 2, 6, 5, 1, 3, 4, 2, 5, 3, 2, 4, 6, 1","False","1024","2","48000","-16","experiment","109","odd","281.3796680000378","501.0","1035.0","586.0","278.0","74514","NA","NA","1273","373754","373754","NA","8761","58658","NA","1274","380465","373749","NA","373983","373988","12872","380005","81369","NA","NA","81572","373749","380465","380014","373749","374990","374988","81572","373748","374990","375002","8761","Attentional Spatial Bias","0","0","0","34","سنقوم الآن بمعايرة جهاز تتبع العين.<br><br>يرجى تتبع النقطة المتحركة بعينيك وإبقاء رأسك ثابتًا.<br><br>يرجى الانتظار.","شكرًا على مشاركتك!<br><br>انتهت التجربة الآن.<br><br>يرجى الاتصال بالباحث.","في هذه التجربة، ستقرأ قصة قصيرة معروضة على الشاشة.<br><br>يرجى قراءة كل سطر بعناية، حيث سيُطرح عليك بعض الأسئلة حول القصة في نهاية التجربة.<br><br>بعد كل فقرة، سترى صورتين. انظر إلى كلتا الصورتين واحسب العدد الإجمالي للدوائر الموجودة في الصورتين.<br><br>في الشاشة التالية، سترى أمثلة على دائرة صحيحة وشكل غير صحيح. احسب فقط الأشكال التي تتطابق مع مثال الدائرة الصحيحة.<br><br>اضغط على أي مفتاح للبدء.","أدخل عدد الدوائر (اضغط على 0-3)","مرحبًا! اضغط على أي مفتاح للمتابعة.","Arabic","1536","-267","267","-267","267","154","-154","154","-154"
"6","5000","8","undefined","undefined","undefined","undefined","#1a1a1a","5","legacy","True","legacy","legacy","uniform","undefined","undefined","undefined","0","NA","0","0","34","34","0","0","0","NA","0","34","34","NA","34","34","0","34","0","0","NA","0","34","34","34","34","34","34","0","34","34","34","0","90.73937786186548","Sun Aug 23 17:57:10 2026","1000","The main experiment item","False","V7_AttentionalSpatialBias_ (1).osexp","C:\Users\plcm\Downloads","180.0","005.png","835.56864","311.54112000000003","True","False","mono","False","18","no","white","no","yes","RTL","835.56864","311.54112000000003","864","5","004.png","005.png","3","legacy","Arabic","34","34","C:\Users\plcm\Downloads\subject-109.csv","150","legacy","no","381610.0","Neonatal Nightingale","4.1.14","5","5","no_prime_trial_35","35","RTL","","0","2","space","2","NA","NA","2","593.0","6854","NA","NA","593","2","legacy","6, 1, 5, 4, 2, 3, 3, 6, 5, 4, 2, 1, 5, 1, 6, 3, 4, 2, 2, 4, 1, 6, 5, 3, 2, 5, 4, 3, 1, 6, 1, 3, 4, 6, 5, 2, 6, 5, 1, 3, 4, 2, 5, 3, 2, 4, 6, 1","False","1024","2","48000","-16","experiment","109","odd","288.2162305000238","614.0","922.0","699.0","165.0","74514","NA","NA","1273","380590","380590","NA","8761","58658","NA","1274","387209","380584","NA","380596","380601","12872","386610","81369","NA","NA","81572","380584","387209","386616","380584","381602","381601","81572","380584","381603","381610","8761","Attentional Spatial Bias","0","0","0","35","سنقوم الآن بمعايرة جهاز تتبع العين.<br><br>يرجى تتبع النقطة المتحركة بعينيك وإبقاء رأسك ثابتًا.<br><br>يرجى الانتظار.","شكرًا على مشاركتك!<br><br>انتهت التجربة الآن.<br><br>يرجى الاتصال بالباحث.","في هذه التجربة، ستقرأ قصة قصيرة معروضة على الشاشة.<br><br>يرجى قراءة كل سطر بعناية، حيث سيُطرح عليك بعض الأسئلة حول القصة في نهاية التجربة.<br><br>بعد كل فقرة، سترى صورتين. انظر إلى كلتا الصورتين واحسب العدد الإجمالي للدوائر الموجودة في الصورتين.<br><br>في الشاشة التالية، سترى أمثلة على دائرة صحيحة وشكل غير صحيح. احسب فقط الأشكال التي تتطابق مع مثال الدائرة الصحيحة.<br><br>اضغط على أي مفتاح للبدء.","أدخل عدد الدوائر (اضغط على 0-3)","مرحبًا! اضغط على أي مفتاح للمتابعة.","Arabic","1536","-154","154","-154","154","267","-267","267","-267"
"6","5000","8","undefined","undefined","undefined","undefined","#1a1a1a","5","legacy","True","legacy","legacy","uniform","undefined","undefined","undefined","0","NA","0","0","35","35","0","0","0","NA","0","35","35","NA","35","35","0","35","0","0","NA","0","35","35","35","35","35","35","0","35","35","35","0","31.156204427522972","Sun Aug 23 17:57:10 2026","1000","The main experiment item","False","V7_AttentionalSpatialBias_ (1).osexp","C:\Users\plcm\Downloads","197.0","006.png","643.70688","320.56128","True","False","mono","False","18","no","white","no","yes","RTL","643.70688","320.56128","864","5","006.png","007.png","3","legacy","Arabic","35","35","C:\Users\plcm\Downloads\subject-109.csv","150","legacy","no","388570.0","Neonatal Nightingale","4.1.14","2","2","no_prime_trial_36","36","RTL","","0","2","space","2","NA","NA","2","554.0","6854","NA","NA","554","2","legacy","6, 1, 5, 4, 2, 3, 3, 6, 5, 4, 2, 1, 5, 1, 6, 3, 4, 2, 2, 4, 1, 6, 5, 3, 2, 5, 4, 3, 1, 6, 1, 3, 4, 6, 5, 2, 6, 5, 1, 3, 4, 2, 5, 3, 2, 4, 6, 1","False","1024","2","48000","-16","experiment","109","odd","294.9628250999958","501.0","1035.0","278.0","586.0","74514","NA","NA","1273","387337","387337","NA","8761","58658","NA","1274","394137","387331","NA","387556","387561","12872","393575","81369","NA","NA","81572","387331","394137","393582","387331","388562","388561","81572","387331","388562","388570","8761","Attentional Spatial Bias","0","0","0","36","سنقوم الآن بمعايرة جهاز تتبع العين.<br><br>يرجى تتبع النقطة المتحركة بعينيك وإبقاء رأسك ثابتًا.<br><br>يرجى الانتظار.","شكرًا على مشاركتك!<br><br>انتهت التجربة الآن.<br><br>يرجى الاتصال بالباحث.","في هذه التجربة، ستقرأ قصة قصيرة معروضة على الشاشة.<br><br>يرجى قراءة كل سطر بعناية، حيث سيُطرح عليك بعض الأسئلة حول القصة في نهاية التجربة.<br><br>بعد كل فقرة، سترى صورتين. انظر إلى كلتا الصورتين واحسب العدد الإجمالي للدوائر الموجودة في الصورتين.<br><br>في الشاشة التالية، سترى أمثلة على دائرة صحيحة وشكل غير صحيح. احسب فقط الأشكال التي تتطابق مع مثال الدائرة الصحيحة.<br><br>اضغط على أي مفتاح للبدء.","أدخل عدد الدوائر (اضغط على 0-3)","مرحبًا! اضغط على أي مفتاح للمتابعة.","Arabic","1536","-267","267","-267","267","-154","154","-154","154"
"6","5000","8","undefined","undefined","undefined","undefined","#1a1a1a","6","legacy","True","legacy","legacy","uniform","undefined","undefined","undefined","0","NA","0","0","36","36","0","0","0","NA","0","36","36","NA","36","36","0","36","0","0","NA","0","36","36","36","36","36","36","0","36","36","36","0","55.46534410002703","Sun Aug 23 17:57:10 2026","1000","The main experiment item","False","V7_AttentionalSpatialBias_ (1).osexp","C:\Users\plcm\Downloads","251.0","009.png","919.35744","312.01632","True","False","mono","False","18","no","white","no","yes","RTL","919.35744","312.01632","864","6","008.png","009.png","3","legacy","Arabic","36","36","C:\Users\plcm\Downloads\subject-109.csv","150","legacy","no","399434.0","Neonatal Nightingale","4.1.14","6","6","prime_7","37","RTL","أخافته أطفال المزارع، فهرب مرة أخرى في البرد.","0","0","space","0","NA","NA","0","607.0","6854","NA","NA","607","2","legacy","6, 1, 5, 4, 2, 3, 3, 6, 5, 4, 2, 1, 5, 1, 6, 3, 4, 2, 2, 4, 1, 6, 5, 3, 2, 5, 4, 3, 1, 6, 1, 3, 4, 6, 5, 2, 6, 5, 1, 3, 4, 2, 5, 3, 2, 4, 6, 1","True","1024","2","48000","-16","experiment","109","odd","305.7132948000217","501.0","1035.0","586.0","278.0","74514","NA","NA","1273","398087","398087","NA","8761","58658","NA","1274","405049","398081","NA","398421","398426","12872","404434","81369","NA","NA","81572","394261","405049","404441","394261","399427","399426","81572","394261","399427","399434","8761","Attentional Spatial Bias","0","0","0","37","سنقوم الآن بمعايرة جهاز تتبع العين.<br><br>يرجى تتبع النقطة المتحركة بعينيك وإبقاء رأسك ثابتًا.<br><br>يرجى الانتظار.","شكرًا على مشاركتك!<br><br>انتهت التجربة الآن.<br><br>يرجى الاتصال بالباحث.","في هذه التجربة، ستقرأ قصة قصيرة معروضة على الشاشة.<br><br>يرجى قراءة كل سطر بعناية، حيث سيُطرح عليك بعض الأسئلة حول القصة في نهاية التجربة.<br><br>بعد كل فقرة، سترى صورتين. انظر إلى كلتا الصورتين واحسب العدد الإجمالي للدوائر الموجودة في الصورتين.<br><br>في الشاشة التالية، سترى أمثلة على دائرة صحيحة وشكل غير صحيح. احسب فقط الأشكال التي تتطابق مع مثال الدائرة الصحيحة.<br><br>اضغط على أي مفتاح للبدء.","أدخل عدد الدوائر (اضغط على 0-3)","مرحبًا! اضغط على أي مفتاح للمتابعة.","Arabic","1536","-267","267","-267","267","154","-154","154","-154"
"6","5000","8","undefined","undefined","undefined","undefined","#1a1a1a","6","legacy","True","legacy","legacy","uniform","undefined","undefined","undefined","0","NA","0","0","37","37","0","0","0","NA","0","37","37","NA","37","37","0","37","0","0","NA","0","37","37","37","37","37","37","0","37","37","37","0","48.01190161249604","Sun Aug 23 17:57:10 2026","1000","The main experiment item","False","V7_AttentionalSpatialBias_ (1).osexp","C:\Users\plcm\Downloads","210.0","011.png","858.5625600000001","271.08864","True","False","mono","False","18","no","white","no","yes","RTL","858.5625600000001","271.08864","864","6","010.png","011.png","3","legacy","Arabic","37","37","C:\Users\plcm\Downloads\subject-109.csv","150","legacy","no","406419.0","Neonatal Nightingale","4.1.14","5","5","no_prime_trial_38","38","RTL","","0","2","space","2","NA","NA","2","635.0","6854","NA","NA","635","2","legacy","6, 1, 5, 4, 2, 3, 3, 6, 5, 4, 2, 1, 5, 1, 6, 3, 4, 2, 2, 4, 1, 6, 5, 3, 2, 5, 4, 3, 1, 6, 1, 3, 4, 6, 5, 2, 6, 5, 1, 3, 4, 2, 5, 3, 2, 4, 6, 1","False","1024","2","48000","-16","experiment","109","odd","312.80647230002796","614.0","922.0","699.0","165.0","74514","NA","NA","1273","405181","405181","NA","8761","58658","NA","1274","412065","405173","NA","405399","405405","12872","411423","81369","NA","NA","81572","405173","412065","411429","405173","406407","406405","81572","405172","406407","406419","8761","Attentional Spatial Bias","0","0","0","38","سنقوم الآن بمعايرة جهاز تتبع العين.<br><br>يرجى تتبع النقطة المتحركة بعينيك وإبقاء رأسك ثابتًا.<br><br>يرجى الانتظار.","شكرًا على مشاركتك!<br><br>انتهت التجربة الآن.<br><br>يرجى الاتصال بالباحث.","في هذه التجربة، ستقرأ قصة قصيرة معروضة على الشاشة.<br><br>يرجى قراءة كل سطر بعناية، حيث سيُطرح عليك بعض الأسئلة حول القصة في نهاية التجربة.<br><br>بعد كل فقرة، سترى صورتين. انظر إلى كلتا الصورتين واحسب العدد الإجمالي للدوائر الموجودة في الصورتين.<br><br>في الشاشة التالية، سترى أمثلة على دائرة صحيحة وشكل غير صحيح. احسب فقط الأشكال التي تتطابق مع مثال الدائرة الصحيحة.<br><br>اضغط على أي مفتاح للبدء.","أدخل عدد الدوائر (اضغط على 0-3)","مرحبًا! اضغط على أي مفتاح للمتابعة.","Arabic","1536","-154","154","-154","154","267","-267","267","-267"
"6","5000","8","undefined","undefined","undefined","undefined","#1a1a1a","6","legacy","True","legacy","legacy","uniform","undefined","undefined","undefined","0","NA","0","0","38","38","0","0","0","NA","0","38","38","NA","38","38","0","38","0","0","NA","0","38","38","38","38","38","38","0","38","38","38","0","54.07966714217092","Sun Aug 23 17:57:10 2026","1000","The main experiment item","False","V7_AttentionalSpatialBias_ (1).osexp","C:\Users\plcm\Downloads","198.0","013.png","976.7424000000001","336.9168","True","False","mono","False","18","no","white","no","yes","RTL","976.7424000000001","336.9168","864","6","012.png","013.png","3","legacy","Arabic","38","38","C:\Users\plcm\Downloads\subject-109.csv","150","legacy","no","413445.0","Neonatal Nightingale","4.1.14","1","1","no_prime_trial_39","39","RTL","","0","1","space","1","NA","NA","1","1069.0","6854","NA","NA","1069","2","legacy","6, 1, 5, 4, 2, 3, 3, 6, 5, 4, 2, 1, 5, 1, 6, 3, 4, 2, 2, 4, 1, 6, 5, 3, 2, 5, 4, 3, 1, 6, 1, 3, 4, 6, 5, 2, 6, 5, 1, 3, 4, 2, 5, 3, 2, 4, 6, 1","False","1024","2","48000","-16","experiment","109","odd","319.82637170003727","460.0","1076.0","432.0","432.0","74514","NA","NA","1273","412200","412201","NA","8761","58658","NA","1274","419521","412194","NA","412426","412431","12872","418445","81369","NA","NA","81572","412194","419521","418451","412194","413433","413431","81572","412193","413433","413445","8761","Attentional Spatial Bias","0","0","0","39","سنقوم الآن بمعايرة جهاز تتبع العين.<br><br>يرجى تتبع النقطة المتحركة بعينيك وإبقاء رأسك ثابتًا.<br><br>يرجى الانتظار.","شكرًا على مشاركتك!<br><br>انتهت التجربة الآن.<br><br>يرجى الاتصال بالباحث.","في هذه التجربة، ستقرأ قصة قصيرة معروضة على الشاشة.<br><br>يرجى قراءة كل سطر بعناية، حيث سيُطرح عليك بعض الأسئلة حول القصة في نهاية التجربة.<br><br>بعد كل فقرة، سترى صورتين. انظر إلى كلتا الصورتين واحسب العدد الإجمالي للدوائر الموجودة في الصورتين.<br><br>في الشاشة التالية، سترى أمثلة على دائرة صحيحة وشكل غير صحيح. احسب فقط الأشكال التي تتطابق مع مثال الدائرة الصحيحة.<br><br>اضغط على أي مفتاح للبدء.","أدخل عدد الدوائر (اضغط على 0-3)","مرحبًا! اضغط على أي مفتاح للمتابعة.","Arabic","1536","-308","308","-308","308","0","0","0","0"
"6","5000","8","undefined","undefined","undefined","undefined","#1a1a1a","6","legacy","True","legacy","legacy","uniform","undefined","undefined","undefined","0","NA","0","0","39","39","0","0","0","NA","0","39","39","NA","39","39","0","39","0","0","NA","0","39","39","39","39","39","39","0","39","39","39","0","42.60018967394395","Sun Aug 23 17:57:10 2026","1000","The main experiment item","False","V7_AttentionalSpatialBias_ (1).osexp","C:\Users\plcm\Downloads","281.0","014.png","686.94528","264.816","True","False","mono","False","18","no","white","no","yes","RTL","686.94528","264.816","864","6","014.png","015.png","3","legacy","Arabic","39","39","C:\Users\plcm\Downloads\subject-109.csv","150","legacy","no","420897.0","Neonatal Nightingale","4.1.14","3","3","no_prime_trial_40","40","RTL","","0","1","space","1","NA","NA","1","1896.0","6854","NA","NA","1896","2","legacy","6, 1, 5, 4, 2, 3, 3, 6, 5, 4, 2, 1, 5, 1, 6, 3, 4, 2, 2, 4, 1, 6, 5, 3, 2, 5, 4, 3, 1, 6, 1, 3, 4, 6, 5, 2, 6, 5, 1, 3, 4, 2, 5, 3, 2, 4, 6, 1","False","1024","2","48000","-16","experiment","109","odd","327.28363020002143","614.0","922.0","165.0","699.0","74514","NA","NA","1273","419658","419658","NA","8761","58658","NA","1274","427802","419652","NA","419884","419889","12872","425899","81369","NA","NA","81572","419652","427801","425905","419652","420890","420889","81572","419652","420890","420897","8761","Attentional Spatial Bias","0","0","0","40","سنقوم الآن بمعايرة جهاز تتبع العين.<br><br>يرجى تتبع النقطة المتحركة بعينيك وإبقاء رأسك ثابتًا.<br><br>يرجى الانتظار.","شكرًا على مشاركتك!<br><br>انتهت التجربة الآن.<br><br>يرجى الاتصال بالباحث.","في هذه التجربة، ستقرأ قصة قصيرة معروضة على الشاشة.<br><br>يرجى قراءة كل سطر بعناية، حيث سيُطرح عليك بعض الأسئلة حول القصة في نهاية التجربة.<br><br>بعد كل فقرة، سترى صورتين. انظر إلى كلتا الصورتين واحسب العدد الإجمالي للدوائر الموجودة في الصورتين.<br><br>في الشاشة التالية، سترى أمثلة على دائرة صحيحة وشكل غير صحيح. احسب فقط الأشكال التي تتطابق مع مثال الدائرة الصحيحة.<br><br>اضغط على أي مفتاح للبدء.","أدخل عدد الدوائر (اضغط على 0-3)","مرحبًا! اضغط على أي مفتاح للمتابعة.","Arabic","1536","-154","154","-154","154","-267","267","-267","267"
"6","5000","8","undefined","undefined","undefined","undefined","#1a1a1a","6","legacy","True","legacy","legacy","uniform","undefined","undefined","undefined","0","NA","0","0","40","40","0","0","0","NA","0","40","40","NA","40","40","0","40","0","0","NA","0","40","40","40","40","40","40","0","40","40","40","0","73.06308236892278","Sun Aug 23 17:57:10 2026","1000","The main experiment item","False","V7_AttentionalSpatialBias_ (1).osexp","C:\Users\plcm\Downloads","169.0","000.png","763.20768","246.94848000000002","True","False","mono","False","18","no","white","no","yes","RTL","763.20768","246.94848000000002","864","6","000.png","001.png","3","legacy","Arabic","40","40","C:\Users\plcm\Downloads\subject-109.csv","150","legacy","no","428935.0","Neonatal Nightingale","4.1.14","4","4","no_prime_trial_41","41","RTL","","0","2","space","2","NA","NA","2","553.0","6854","NA","NA","553","2","legacy","6, 1, 5, 4, 2, 3, 3, 6, 5, 4, 2, 1, 5, 1, 6, 3, 4, 2, 2, 4, 1, 6, 5, 3, 2, 5, 4, 3, 1, 6, 1, 3, 4, 6, 5, 2, 6, 5, 1, 3, 4, 2, 5, 3, 2, 4, 6, 1","False","1024","2","48000","-16","experiment","109","odd","335.53959920001216","768.0","768.0","124.0","740.0","74514","NA","NA","1273","427914","427914","NA","8761","58658","NA","1274","434497","427908","NA","427919","427924","12872","433937","81369","NA","NA","81572","427908","434497","433943","427908","428927","428924","81572","427908","428927","428935","8761","Attentional Spatial Bias","0","0","0","41","سنقوم الآن بمعايرة جهاز تتبع العين.<br><br>يرجى تتبع النقطة المتحركة بعينيك وإبقاء رأسك ثابتًا.<br><br>يرجى الانتظار.","شكرًا على مشاركتك!<br><br>انتهت التجربة الآن.<br><br>يرجى الاتصال بالباحث.","في هذه التجربة، ستقرأ قصة قصيرة معروضة على الشاشة.<br><br>يرجى قراءة كل سطر بعناية، حيث سيُطرح عليك بعض الأسئلة حول القصة في نهاية التجربة.<br><br>بعد كل فقرة، سترى صورتين. انظر إلى كلتا الصورتين واحسب العدد الإجمالي للدوائر الموجودة في الصورتين.<br><br>في الشاشة التالية، سترى أمثلة على دائرة صحيحة وشكل غير صحيح. احسب فقط الأشكال التي تتطابق مع مثال الدائرة الصحيحة.<br><br>اضغط على أي مفتاح للبدء.","أدخل عدد الدوائر (اضغط على 0-3)","مرحبًا! اضغط على أي مفتاح للمتابعة.","Arabic","1536","0","0","0","0","-308","308","-308","308"
"6","5000","8","undefined","undefined","undefined","undefined","#1a1a1a","6","legacy","True","legacy","legacy","uniform","undefined","undefined","undefined","0","NA","0","0","41","41","0","0","0","NA","0","41","41","NA","41","41","0","41","0","0","NA","0","41","41","41","41","41","41","0","41","41","41","0","59.990448422448075","Sun Aug 23 17:57:10 2026","1000","The main experiment item","False","V7_AttentionalSpatialBias_ (1).osexp","C:\Users\plcm\Downloads","240.0","003.png","903.7516800000001","453.22848","True","False","mono","False","18","no","white","no","yes","RTL","903.7516800000001","453.22848","864","6","002.png","003.png","3","legacy","Arabic","41","41","C:\Users\plcm\Downloads\subject-109.csv","150","legacy","no","435868.0","Neonatal Nightingale","4.1.14","2","2","no_prime_trial_42","42","RTL","","0","2","space","2","NA","NA","2","723.0","6854","NA","NA","723","2","legacy","6, 1, 5, 4, 2, 3, 3, 6, 5, 4, 2, 1, 5, 1, 6, 3, 4, 2, 2, 4, 1, 6, 5, 3, 2, 5, 4, 3, 1, 6, 1, 3, 4, 6, 5, 2, 6, 5, 1, 3, 4, 2, 5, 3, 2, 4, 6, 1","False","1024","2","48000","-16","experiment","109","odd","342.2266714000143","501.0","1035.0","278.0","586.0","74514","NA","NA","1273","434601","434601","NA","8761","58658","NA","1274","441601","434595","NA","434853","434858","12872","440870","81369","NA","NA","81572","434595","441601","440877","434595","435859","435858","81572","434595","435859","435868","8761","Attentional Spatial Bias","0","0","0","42","سنقوم الآن بمعايرة جهاز تتبع العين.<br><br>يرجى تتبع النقطة المتحركة بعينيك وإبقاء رأسك ثابتًا.<br><br>يرجى الانتظار.","شكرًا على مشاركتك!<br><br>انتهت التجربة الآن.<br><br>يرجى الاتصال بالباحث.","في هذه التجربة، ستقرأ قصة قصيرة معروضة على الشاشة.<br><br>يرجى قراءة كل سطر بعناية، حيث سيُطرح عليك بعض الأسئلة حول القصة في نهاية التجربة.<br><br>بعد كل فقرة، سترى صورتين. انظر إلى كلتا الصورتين واحسب العدد الإجمالي للدوائر الموجودة في الصورتين.<br><br>في الشاشة التالية، سترى أمثلة على دائرة صحيحة وشكل غير صحيح. احسب فقط الأشكال التي تتطابق مع مثال الدائرة الصحيحة.<br><br>اضغط على أي مفتاح للبدء.","أدخل عدد الدوائر (اضغط على 0-3)","مرحبًا! اضغط على أي مفتاح للمتابعة.","Arabic","1536","-267","267","-267","267","-154","154","-154","154"
"6","5000","8","undefined","undefined","undefined","undefined","#1a1a1a","7","legacy","True","legacy","legacy","uniform","undefined","undefined","undefined","0","NA","0","0","42","42","0","0","0","NA","0","42","42","NA","42","42","0","42","0","0","NA","0","42","42","42","42","42","42","0","42","42","42","0","77.15735649991122","Sun Aug 23 17:57:10 2026","1000","The main experiment item","False","V7_AttentionalSpatialBias_ (1).osexp","C:\Users\plcm\Downloads","11.0","004.png","686.17728","636.61248","True","False","mono","False","18","no","white","no","yes","RTL","686.17728","636.61248","864","7","004.png","005.png","3","legacy","Arabic","42","42","C:\Users\plcm\Downloads\subject-109.csv","150","legacy","no","454908.0","Neonatal Nightingale","4.1.14","5","5","prime_8","43","RTL","أمضى الشتاء وحده، معتقدًا أنه أبشع مخلوق على وجه الأرض. ثم جاء الربيع وتلاشى البرد. ذات يوم رأى بجعات بيضاء جميلة على البحيرة فسبح نحوهم، خائفًا من أن يطردوه.","0","2","space","2","NA","NA","2","691.0","6854","NA","NA","691","2","legacy","6, 1, 5, 4, 2, 3, 3, 6, 5, 4, 2, 1, 5, 1, 6, 3, 4, 2, 2, 4, 1, 6, 5, 3, 2, 5, 4, 3, 1, 6, 1, 3, 4, 6, 5, 2, 6, 5, 1, 3, 4, 2, 5, 3, 2, 4, 6, 1","True","1024","2","48000","-16","experiment","109","odd","361.4026762000285","614.0","922.0","699.0","165.0","74514","NA","NA","1273","453777","453777","NA","8761","58658","NA","1274","460609","453769","NA","453893","453899","12872","459911","81369","NA","NA","81572","441743","460609","459917","441743","454900","454899","81572","441743","454900","454908","8761","Attentional Spatial Bias","0","0","0","43","سنقوم الآن بمعايرة جهاز تتبع العين.<br><br>يرجى تتبع النقطة المتحركة بعينيك وإبقاء رأسك ثابتًا.<br><br>يرجى الانتظار.","شكرًا على مشاركتك!<br><br>انتهت التجربة الآن.<br><br>يرجى الاتصال بالباحث.","في هذه التجربة، ستقرأ قصة قصيرة معروضة على الشاشة.<br><br>يرجى قراءة كل سطر بعناية، حيث سيُطرح عليك بعض الأسئلة حول القصة في نهاية التجربة.<br><br>بعد كل فقرة، سترى صورتين. انظر إلى كلتا الصورتين واحسب العدد الإجمالي للدوائر الموجودة في الصورتين.<br><br>في الشاشة التالية، سترى أمثلة على دائرة صحيحة وشكل غير صحيح. احسب فقط الأشكال التي تتطابق مع مثال الدائرة الصحيحة.<br><br>اضغط على أي مفتاح للبدء.","أدخل عدد الدوائر (اضغط على 0-3)","مرحبًا! اضغط على أي مفتاح للمتابعة.","Arabic","1536","-154","154","-154","154","267","-267","267","-267"
"6","5000","8","undefined","undefined","undefined","undefined","#1a1a1a","7","legacy","True","legacy","legacy","uniform","undefined","undefined","undefined","0","NA","0","0","43","43","0","0","0","NA","0","43","43","NA","43","43","0","43","0","0","NA","0","43","43","43","43","43","43","0","43","43","43","0","96.72970261209329","Sun Aug 23 17:57:10 2026","1000","The main experiment item","False","V7_AttentionalSpatialBias_ (1).osexp","C:\Users\plcm\Downloads","254.0","006.png","716.4671999999999","295.69536","True","False","mono","False","18","no","white","no","yes","RTL","716.4671999999999","295.69536","864","7","006.png","007.png","3","legacy","Arabic","43","43","C:\Users\plcm\Downloads\subject-109.csv","150","legacy","no","461976.0","Neonatal Nightingale","4.1.14","3","3","no_prime_trial_44","44","RTL","","0","2","space","2","NA","NA","2","592.0","6854","NA","NA","592","2","legacy","6, 1, 5, 4, 2, 3, 3, 6, 5, 4, 2, 1, 5, 1, 6, 3, 4, 2, 2, 4, 1, 6, 5, 3, 2, 5, 4, 3, 1, 6, 1, 3, 4, 6, 5, 2, 6, 5, 1, 3, 4, 2, 5, 3, 2, 4, 6, 1","False","1024","2","48000","-16","experiment","109","odd","368.36250520002795","614.0","922.0","165.0","699.0","74514","NA","NA","1273","460737","460737","NA","8761","58658","NA","1274","467577","460729","NA","460956","460961","12872","466977","81369","NA","NA","81572","460729","467577","466984","460729","461963","461961","81572","460729","461963","461976","8761","Attentional Spatial Bias","0","0","0","44","سنقوم الآن بمعايرة جهاز تتبع العين.<br><br>يرجى تتبع النقطة المتحركة بعينيك وإبقاء رأسك ثابتًا.<br><br>يرجى الانتظار.","شكرًا على مشاركتك!<br><br>انتهت التجربة الآن.<br><br>يرجى الاتصال بالباحث.","في هذه التجربة، ستقرأ قصة قصيرة معروضة على الشاشة.<br><br>يرجى قراءة كل سطر بعناية، حيث سيُطرح عليك بعض الأسئلة حول القصة في نهاية التجربة.<br><br>بعد كل فقرة، سترى صورتين. انظر إلى كلتا الصورتين واحسب العدد الإجمالي للدوائر الموجودة في الصورتين.<br><br>في الشاشة التالية، سترى أمثلة على دائرة صحيحة وشكل غير صحيح. احسب فقط الأشكال التي تتطابق مع مثال الدائرة الصحيحة.<br><br>اضغط على أي مفتاح للبدء.","أدخل عدد الدوائر (اضغط على 0-3)","مرحبًا! اضغط على أي مفتاح للمتابعة.","Arabic","1536","-154","154","-154","154","-267","267","-267","267"
"6","5000","8","undefined","undefined","undefined","undefined","#1a1a1a","7","legacy","True","legacy","legacy","uniform","undefined","undefined","undefined","0","NA","0","0","44","44","0","0","0","NA","0","44","44","NA","44","44","0","44","0","0","NA","0","44","44","44","44","44","44","0","44","44","44","0","34.08853476454508","Sun Aug 23 17:57:10 2026","1000","The main experiment item","False","V7_AttentionalSpatialBias_ (1).osexp","C:\Users\plcm\Downloads","79.0","008.png","650.21952","392.63616","True","False","mono","False","18","no","white","no","yes","RTL","650.21952","392.63616","864","7","008.png","009.png","3","legacy","Arabic","44","44","C:\Users\plcm\Downloads\subject-109.csv","150","legacy","no","468967.0","Neonatal Nightingale","4.1.14","2","2","no_prime_trial_45","45","RTL","","0","0","space","0","NA","NA","0","962.0","6854","NA","NA","962","2","legacy","6, 1, 5, 4, 2, 3, 3, 6, 5, 4, 2, 1, 5, 1, 6, 3, 4, 2, 2, 4, 1, 6, 5, 3, 2, 5, 4, 3, 1, 6, 1, 3, 4, 6, 5, 2, 6, 5, 1, 3, 4, 2, 5, 3, 2, 4, 6, 1","False","1024","2","48000","-16","experiment","109","odd","375.3246888000285","501.0","1035.0","278.0","586.0","74514","NA","NA","1273","467699","467699","NA","8761","58658","NA","1274","474937","467693","NA","467945","467951","12872","473968","81369","NA","NA","81572","467693","474937","473974","467693","468953","468951","81572","467693","468953","468967","8761","Attentional Spatial Bias","0","0","0","45","سنقوم الآن بمعايرة جهاز تتبع العين.<br><br>يرجى تتبع النقطة المتحركة بعينيك وإبقاء رأسك ثابتًا.<br><br>يرجى الانتظار.","شكرًا على مشاركتك!<br><br>انتهت التجربة الآن.<br><br>يرجى الاتصال بالباحث.","في هذه التجربة، ستقرأ قصة قصيرة معروضة على الشاشة.<br><br>يرجى قراءة كل سطر بعناية، حيث سيُطرح عليك بعض الأسئلة حول القصة في نهاية التجربة.<br><br>بعد كل فقرة، سترى صورتين. انظر إلى كلتا الصورتين واحسب العدد الإجمالي للدوائر الموجودة في الصورتين.<br><br>في الشاشة التالية، سترى أمثلة على دائرة صحيحة وشكل غير صحيح. احسب فقط الأشكال التي تتطابق مع مثال الدائرة الصحيحة.<br><br>اضغط على أي مفتاح للبدء.","أدخل عدد الدوائر (اضغط على 0-3)","مرحبًا! اضغط على أي مفتاح للمتابعة.","Arabic","1536","-267","267","-267","267","-154","154","-154","154"
"6","5000","8","undefined","undefined","undefined","undefined","#1a1a1a","7","legacy","True","legacy","legacy","uniform","undefined","undefined","undefined","0","NA","0","0","45","45","0","0","0","NA","0","45","45","NA","45","45","0","45","0","0","NA","0","45","45","45","45","45","45","0","45","45","45","0","98.3785661947805","Sun Aug 23 17:57:10 2026","1000","The main experiment item","False","V7_AttentionalSpatialBias_ (1).osexp","C:\Users\plcm\Downloads","200.0","010.png","755.66592","255.73536","True","False","mono","False","18","no","white","no","yes","RTL","755.66592","255.73536","864","7","010.png","011.png","3","legacy","Arabic","45","45","C:\Users\plcm\Downloads\subject-109.csv","150","legacy","no","476299.0","Neonatal Nightingale","4.1.14","4","4","no_prime_trial_46","46","RTL","","0","2","space","2","NA","NA","2","462.0","6854","NA","NA","462","2","legacy","6, 1, 5, 4, 2, 3, 3, 6, 5, 4, 2, 1, 5, 1, 6, 3, 4, 2, 2, 4, 1, 6, 5, 3, 2, 5, 4, 3, 1, 6, 1, 3, 4, 6, 5, 2, 6, 5, 1, 3, 4, 2, 5, 3, 2, 4, 6, 1","False","1024","2","48000","-16","experiment","109","odd","382.68527790001826","768.0","768.0","124.0","740.0","74514","NA","NA","1273","475059","475059","NA","8761","58658","NA","1274","481769","475052","NA","475279","475284","12872","481299","81369","NA","NA","81572","475052","481769","481306","475052","476285","476284","81572","475052","476285","476299","8761","Attentional Spatial Bias","0","0","0","46","سنقوم الآن بمعايرة جهاز تتبع العين.<br><br>يرجى تتبع النقطة المتحركة بعينيك وإبقاء رأسك ثابتًا.<br><br>يرجى الانتظار.","شكرًا على مشاركتك!<br><br>انتهت التجربة الآن.<br><br>يرجى الاتصال بالباحث.","في هذه التجربة، ستقرأ قصة قصيرة معروضة على الشاشة.<br><br>يرجى قراءة كل سطر بعناية، حيث سيُطرح عليك بعض الأسئلة حول القصة في نهاية التجربة.<br><br>بعد كل فقرة، سترى صورتين. انظر إلى كلتا الصورتين واحسب العدد الإجمالي للدوائر الموجودة في الصورتين.<br><br>في الشاشة التالية، سترى أمثلة على دائرة صحيحة وشكل غير صحيح. احسب فقط الأشكال التي تتطابق مع مثال الدائرة الصحيحة.<br><br>اضغط على أي مفتاح للبدء.","أدخل عدد الدوائر (اضغط على 0-3)","مرحبًا! اضغط على أي مفتاح للمتابعة.","Arabic","1536","0","0","0","0","-308","308","-308","308"
"6","5000","8","undefined","undefined","undefined","undefined","#1a1a1a","7","legacy","True","legacy","legacy","uniform","undefined","undefined","undefined","0","NA","0","0","46","46","0","0","0","NA","0","46","46","NA","46","46","0","46","0","0","NA","0","46","46","46","46","46","46","0","46","46","46","0","63.39925742363863","Sun Aug 23 17:57:10 2026","1000","The main experiment item","False","V7_AttentionalSpatialBias_ (1).osexp","C:\Users\plcm\Downloads","218.0","013.png","942.9043200000001","301.42368","True","False","mono","False","18","no","white","no","yes","RTL","942.9043200000001","301.42368","864","7","012.png","013.png","3","legacy","Arabic","46","46","C:\Users\plcm\Downloads\subject-109.csv","150","legacy","no","483116.0","Neonatal Nightingale","4.1.14","6","6","no_prime_trial_47","47","RTL","","0","1","space","1","NA","NA","1","1138.0","6854","NA","NA","1138","2","legacy","6, 1, 5, 4, 2, 3, 3, 6, 5, 4, 2, 1, 5, 1, 6, 3, 4, 2, 2, 4, 1, 6, 5, 3, 2, 5, 4, 3, 1, 6, 1, 3, 4, 6, 5, 2, 6, 5, 1, 3, 4, 2, 5, 3, 2, 4, 6, 1","False","1024","2","48000","-16","experiment","109","odd","389.5169529999839","501.0","1035.0","586.0","278.0","74514","NA","NA","1273","481891","481891","NA","8761","58658","NA","1274","489265","481884","NA","482101","482106","12872","488119","81369","NA","NA","81572","481884","489265","488126","481884","483107","483106","81572","481884","483107","483116","8761","Attentional Spatial Bias","0","0","0","47","سنقوم الآن بمعايرة جهاز تتبع العين.<br><br>يرجى تتبع النقطة المتحركة بعينيك وإبقاء رأسك ثابتًا.<br><br>يرجى الانتظار.","شكرًا على مشاركتك!<br><br>انتهت التجربة الآن.<br><br>يرجى الاتصال بالباحث.","في هذه التجربة، ستقرأ قصة قصيرة معروضة على الشاشة.<br><br>يرجى قراءة كل سطر بعناية، حيث سيُطرح عليك بعض الأسئلة حول القصة في نهاية التجربة.<br><br>بعد كل فقرة، سترى صورتين. انظر إلى كلتا الصورتين واحسب العدد الإجمالي للدوائر الموجودة في الصورتين.<br><br>في الشاشة التالية، سترى أمثلة على دائرة صحيحة وشكل غير صحيح. احسب فقط الأشكال التي تتطابق مع مثال الدائرة الصحيحة.<br><br>اضغط على أي مفتاح للبدء.","أدخل عدد الدوائر (اضغط على 0-3)","مرحبًا! اضغط على أي مفتاح للمتابعة.","Arabic","1536","-267","267","-267","267","154","-154","154","-154"
"6","5000","8","undefined","undefined","undefined","undefined","#1a1a1a","7","legacy","True","legacy","legacy","uniform","undefined","undefined","undefined","0","NA","0","0","47","47","0","0","0","NA","0","47","47","NA","47","47","0","47","0","0","NA","0","47","47","47","47","47","47","0","47","47","47","0","24.794982288777693","Sun Aug 23 17:57:10 2026","1000","The main experiment item","False","V7_AttentionalSpatialBias_ (1).osexp","C:\Users\plcm\Downloads","229.0","014.png","597.1967999999999","376.65216","True","False","mono","False","18","no","white","no","yes","RTL","597.1967999999999","376.65216","864","7","014.png","015.png","3","legacy","Arabic","47","47","C:\Users\plcm\Downloads\subject-109.csv","150","legacy","no","490644.0","Neonatal Nightingale","4.1.14","1","1","no_prime_trial_48","48","RTL","","0","1","space","1","NA","NA","1","477.0","6854","NA","NA","477","2","legacy","6, 1, 5, 4, 2, 3, 3, 6, 5, 4, 2, 1, 5, 1, 6, 3, 4, 2, 2, 4, 1, 6, 5, 3, 2, 5, 4, 3, 1, 6, 1, 3, 4, 6, 5, 2, 6, 5, 1, 3, 4, 2, 5, 3, 2, 4, 6, 1","False","1024","2","48000","-16","experiment","109","odd","397.02758059999906","460.0","1076.0","432.0","432.0","74514","NA","NA","1273","489402","489402","NA","8761","58658","NA","1274","496129","489395","NA","489630","489635","12872","495645","81369","NA","NA","81572","489395","496129","495651","489395","490636","490635","81572","489395","490637","490644","8761","Attentional Spatial Bias","0","0","0","48","سنقوم الآن بمعايرة جهاز تتبع العين.<br><br>يرجى تتبع النقطة المتحركة بعينيك وإبقاء رأسك ثابتًا.<br><br>يرجى الانتظار.","شكرًا على مشاركتك!<br><br>انتهت التجربة الآن.<br><br>يرجى الاتصال بالباحث.","في هذه التجربة، ستقرأ قصة قصيرة معروضة على الشاشة.<br><br>يرجى قراءة كل سطر بعناية، حيث سيُطرح عليك بعض الأسئلة حول القصة في نهاية التجربة.<br><br>بعد كل فقرة، سترى صورتين. انظر إلى كلتا الصورتين واحسب العدد الإجمالي للدوائر الموجودة في الصورتين.<br><br>في الشاشة التالية، سترى أمثلة على دائرة صحيحة وشكل غير صحيح. احسب فقط الأشكال التي تتطابق مع مثال الدائرة الصحيحة.<br><br>اضغط على أي مفتاح للبدء.","أدخل عدد الدوائر (اضغط على 0-3)","مرحبًا! اضغط على أي مفتاح للمتابعة.","Arabic","1536","-308","308","-308","308","0","0","0","0"
