"BLOCK_SIZE","DEADLINE_MS","NUM_BLOCKS","acc","accuracy","average_response_time","avg_rt","background","block_index","canvas_backend","central_fixation","clock_backend","color_backend","coordinates","correct","correct_Circle","correct_response_prompt","count_Circle","count_calibration_note","count_epilogue","count_experiment","count_fixation","count_fixation_cross_inline_script","count_goodbye","count_init_experiment","count_instructions","count_iti","count_language_selection","count_log_trial","count_new_1_pygaze_log","count_new_1_sketchpad","count_new_2_pygaze_log","count_new_advanced_delay","count_new_pygaze_init","count_new_pygaze_log","count_new_pygaze_start_recording","count_new_pygaze_stop_recording","count_new_sketchpad","count_position_randomization_inline_script","count_prime_display","count_record_response","count_response_prompt","count_set_prime","count_stimulus_display","count_stimulus_positions_inline_script","count_trial_loop","count_trial_sequence","count_trigger_fixation","count_trigger_stimulus","count_welcome","d","datetime","delay_new_advanced_delay","description","disable_garbage_collection","experiment_file","experiment_path","first_fix_rt","first_fix_side","first_fix_x","first_fix_y","fixation_found","font_bold","font_family","font_italic","font_size","font_underline","foreground","form_clicks","fullscreen","group","gx","gy","height","idx","img_left","img_right","key","keyboard_backend","lang","live_row","live_row_trial_loop","logfile","margin","mouse_backend","mouse_simulation","onset","opensesame_codename","opensesame_version","pos","position","prime_condition","prime_index","prime_lang","prime_text","repeat_cycle","response","response_Circle","response_count","response_new_1_sketchpad","response_new_sketchpad","response_response_prompt","response_time","response_time_Circle","response_time_new_1_sketchpad","response_time_new_sketchpad","response_time_response_prompt","round_decimals","sampler_backend","seq","show_prime","sound_buf_size","sound_channels","sound_freq","sound_sample_size","start","subject_nr","subject_parity","t0","target_x_left","target_x_right","target_y_left","target_y_right","time_Circle","time_calibration_note","time_epilogue","time_experiment","time_fixation","time_fixation_cross_inline_script","time_goodbye","time_init_experiment","time_instructions","time_iti","time_language_selection","time_log_trial","time_new_1_pygaze_log","time_new_1_sketchpad","time_new_2_pygaze_log","time_new_advanced_delay","time_new_pygaze_init","time_new_pygaze_log","time_new_pygaze_start_recording","time_new_pygaze_stop_recording","time_new_sketchpad","time_position_randomization_inline_script","time_prime_display","time_record_response","time_response_prompt","time_set_prime","time_stimulus_display","time_stimulus_positions_inline_script","time_trial_loop","time_trial_sequence","time_trigger_fixation","time_trigger_stimulus","time_welcome","title","total_correct","total_response_time","total_responses","trial_nr","txt_calibration","txt_goodbye","txt_instructions","txt_response_prompt","txt_welcome","ui_language","width","xL","xR","x_left","x_right","yL","yR","y_left","y_right"
"6","5000","8","undefined","undefined","undefined","undefined","#1a1a1a","0","psycho","True","psycho","psycho","uniform","undefined","undefined","undefined","0","NA","0","0","0","0","0","0","0","NA","0","0","0","NA","0","0","0","0","0","0","NA","0","0","0","0","0","0","0","0","0","0","0","0","83.97522787001418","Tue Jul 21 15:15:07 2026","1000","The main experiment item","False","V7_AttentionalSpatialBias_.osexp","C:\Users\plcm\Desktop\2026-EyeTracking\group-bayes\Experiment","17.522100009955466","000.png","754.7904","819.26208","True","False","mono","False","18","no","white","no","yes","LTR","754.7904","819.26208","864","0","000.png","001.png","num_2","psycho","English","0","0","C:\Users\plcm\Desktop\2026-EyeTracking\group-bayes\Experiment\subject-60.csv","150","psycho","no","138127.04880000092","Neonatal Nightingale","4.1.14","5","5","prime_1","1","LTR","On a sunny farm, a mother duck waited for her eggs to hatch. The eggs cracked open one by one, and fluffy yellow ducklings came out. One egg was bigger and took longer to hatch.","0","num_1","num_1","num_1","NA","NA","num_1","16504.26679989323","10657.98159991391","NA","NA","16504.26679989323","2","psycho","5,1,4,2,6,3,2,5,1,3,6,4,3,1,4,5,2,6,6,5,3,4,1,2,4,1,5,6,3,2,3,4,2,1,6,5,3,6,4,2,5,1,2,6,4,1,3,5","True","1024","2","48000","-16","experiment","60","even","137.09747759997845","614.0","922.0","699.0","165.0","98797.70490003284","NA","NA","5710.881400038488","137097.38839999773","137097.45789994486","NA","14432.68630001694","59568.896299926564","NA","5711.218899930827","159648.21479993407","137080.5102000013","NA","137102.64559998177","137116.20129994117","24544.047000003047","143129.1942000389","109456.38069999404","NA","NA","109999.59259992465","110099.89880002104","159648.18000001833","143143.35130003747","110099.84249994159","138119.92269998882","138116.6200999869","109999.73029992543","110099.34199997224","138119.9840999907","138127.01980001293","14432.761800009757","Attentional Spatial Bias","0","0","0","1","We will now calibrate the eye tracker.<br><b>Please follow the moving dot with your eyes and keep your head still.<b><br>Please wait.","Thank you for participating!<br><b>The experiment has now ended.<b><br>Please call the experimenter.","In this experiment, you will read a short story presented on the screen.<br><br>Please read each line carefully, as you will be asked a few questions about the story at the end of the experiment.<br><br>After each paragraph, you will see a pair of images.<br><br>Look at both images and count the total number of circles across the two pictures.<br><br>on the next screen you can see examples of a correct circle and an incorrect shape. Only count shapes that match the correct circle example..<br><br>Press any key to begin.","Experimenter: enter circle count (press 0-3)","Welcome!<br><br>Press any key to continue.","English","1536","-154","154","-154","154","267","-267","267","-267"
"6","5000","8","undefined","undefined","undefined","undefined","#1a1a1a","0","psycho","True","psycho","psycho","uniform","undefined","undefined","undefined","0","NA","0","0","1","1","0","0","0","NA","0","1","1","NA","1","1","0","1","0","0","NA","0","1","1","1","1","1","1","0","1","1","1","0","62.643240081719966","Tue Jul 21 15:15:07 2026","1000","The main experiment item","False","V7_AttentionalSpatialBias_.osexp","C:\Users\plcm\Desktop\2026-EyeTracking\group-bayes\Experiment","241.02120008319616","002.png","543.6672","398.96064","True","False","mono","False","18","no","white","no","yes","LTR","543.6672","398.96064","864","0","002.png","003.png","num_2","psycho","English","1","1","C:\Users\plcm\Desktop\2026-EyeTracking\group-bayes\Experiment\subject-60.csv","150","psycho","no","161089.29509995505","Neonatal Nightingale","4.1.14","1","1","no_prime_trial_2","2","LTR","","0","num_2","num_1","num_2","NA","NA","num_2","3433.437000028789","10657.98159991391","NA","NA","3433.437000028789","2","psycho","5, 1, 4, 2, 6, 3, 2, 5, 1, 3, 6, 4, 3, 1, 4, 5, 2, 6, 6, 5, 3, 4, 1, 2, 4, 1, 5, 6, 3, 2, 3, 4, 2, 1, 6, 5, 3, 6, 4, 2, 5, 1, 2, 6, 4, 1, 3, 5","False","1024","2","48000","-16","experiment","60","even","159.79681840003468","460.0","1076.0","432.0","432.0","98797.70490003284","NA","NA","5710.881400038488","159796.70880001504","159796.79159994703","NA","14432.68630001694","59568.896299926564","NA","5711.218899930827","169536.12069995143","159785.11489997618","NA","160072.49239995144","160078.2171000028","24544.047000003047","166094.43579998333","109456.38069999404","NA","NA","109999.59259992465","159785.09419993497","169536.09079995658","166102.18169994187","159785.04280000925","161081.38490002602","161078.55390000623","109999.73029992543","159784.21509999316","161081.43040002324","161089.25419999287","14432.761800009757","Attentional Spatial Bias","0","0","0","2","We will now calibrate the eye tracker.<br><b>Please follow the moving dot with your eyes and keep your head still.<b><br>Please wait.","Thank you for participating!<br><b>The experiment has now ended.<b><br>Please call the experimenter.","In this experiment, you will read a short story presented on the screen.<br><br>Please read each line carefully, as you will be asked a few questions about the story at the end of the experiment.<br><br>After each paragraph, you will see a pair of images.<br><br>Look at both images and count the total number of circles across the two pictures.<br><br>on the next screen you can see examples of a correct circle and an incorrect shape. Only count shapes that match the correct circle example..<br><br>Press any key to begin.","Experimenter: enter circle count (press 0-3)","Welcome!<br><br>Press any key to continue.","English","1536","-308","308","-308","308","0","0","0","0"
"6","5000","8","undefined","undefined","undefined","undefined","#1a1a1a","0","psycho","True","psycho","psycho","uniform","undefined","undefined","undefined","0","NA","0","0","2","2","0","0","0","NA","0","2","2","NA","2","2","0","2","0","0","NA","0","2","2","2","2","2","2","0","2","2","2","0","43.20435604704694","Tue Jul 21 15:15:07 2026","1000","The main experiment item","False","V7_AttentionalSpatialBias_.osexp","C:\Users\plcm\Desktop\2026-EyeTracking\group-bayes\Experiment","306.3092000083998","004.png","727.58784","260.47008","True","False","mono","False","18","no","white","no","yes","LTR","727.58784","260.47008","864","0","004.png","005.png","num_2","psycho","English","2","2","C:\Users\plcm\Desktop\2026-EyeTracking\group-bayes\Experiment\subject-60.csv","150","psycho","no","170932.7675999375","Neonatal Nightingale","4.1.14","4","4","no_prime_trial_3","3","LTR","","0","num_2","num_1","num_2","NA","NA","num_2","2281.0501999920234","10657.98159991391","NA","NA","2281.0501999920234","2","psycho","5, 1, 4, 2, 6, 3, 2, 5, 1, 3, 6, 4, 3, 1, 4, 5, 2, 6, 6, 5, 3, 4, 1, 2, 4, 1, 5, 6, 3, 2, 3, 4, 2, 1, 6, 5, 3, 6, 4, 2, 5, 1, 2, 6, 4, 1, 3, 5","False","1024","2","48000","-16","experiment","60","even","169.66715390002355","768.0","768.0","124.0","740.0","98797.70490003284","NA","NA","5710.881400038488","169667.05369995907","169667.1314999694","NA","14432.68630001694","59568.896299926564","NA","5711.218899930827","178224.39079999458","169654.67479999643","NA","169916.41800000798","169921.99489998166","24544.047000003047","175934.41200000234","109456.38069999404","NA","NA","109999.59259992465","169654.65589996893","178224.35719997156","175942.58969998918","169654.61760002654","170925.59919995256","170922.53340000752","109999.73029992543","169654.37849995214","170925.6660999963","170932.7156000072","14432.761800009757","Attentional Spatial Bias","0","0","0","3","We will now calibrate the eye tracker.<br><b>Please follow the moving dot with your eyes and keep your head still.<b><br>Please wait.","Thank you for participating!<br><b>The experiment has now ended.<b><br>Please call the experimenter.","In this experiment, you will read a short story presented on the screen.<br><br>Please read each line carefully, as you will be asked a few questions about the story at the end of the experiment.<br><br>After each paragraph, you will see a pair of images.<br><br>Look at both images and count the total number of circles across the two pictures.<br><br>on the next screen you can see examples of a correct circle and an incorrect shape. Only count shapes that match the correct circle example..<br><br>Press any key to begin.","Experimenter: enter circle count (press 0-3)","Welcome!<br><br>Press any key to continue.","English","1536","0","0","0","0","-308","308","-308","308"
"6","5000","8","undefined","undefined","undefined","undefined","#1a1a1a","0","psycho","True","psycho","psycho","uniform","undefined","undefined","undefined","0","NA","0","0","3","3","0","0","0","NA","0","3","3","NA","3","3","0","3","0","0","NA","0","3","3","3","3","3","3","0","3","3","3","0","97.06456624511338","Tue Jul 21 15:15:07 2026","1000","The main experiment item","False","V7_AttentionalSpatialBias_.osexp","C:\Users\plcm\Desktop\2026-EyeTracking\group-bayes\Experiment","241.86079995706677","006.png","544.6348800000001","295.68672","True","False","mono","False","18","no","white","no","yes","LTR","544.6348800000001","295.68672","864","0","006.png","007.png","num_2","psycho","English","3","3","C:\Users\plcm\Desktop\2026-EyeTracking\group-bayes\Experiment\subject-60.csv","150","psycho","no","179691.49490003474","Neonatal Nightingale","4.1.14","2","2","no_prime_trial_4","4","LTR","","0","num_2","num_1","num_2","NA","NA","num_2","1707.8438000753522","10657.98159991391","NA","NA","1707.8438000753522","2","psycho","5, 1, 4, 2, 6, 3, 2, 5, 1, 3, 6, 4, 3, 1, 4, 5, 2, 6, 6, 5, 3, 4, 1, 2, 4, 1, 5, 6, 3, 2, 3, 4, 2, 1, 6, 5, 3, 6, 4, 2, 5, 1, 2, 6, 4, 1, 3, 5","False","1024","2","48000","-16","experiment","60","even","178.3772399999434","501.0","1035.0","278.0","586.0","98797.70490003284","NA","NA","5710.881400038488","178377.13669997174","178377.21790000796","NA","14432.68630001694","59568.896299926564","NA","5711.218899930827","186408.29980000854","178365.7231000252","NA","178670.6907999469","178676.7661999911","24544.047000003047","184691.62970001344","109456.38069999404","NA","NA","109999.59259992465","178365.70229998324","186408.26099994592","184699.76839993615","178365.65779999364","179680.23309996352","179677.34980001114","109999.73029992543","178365.20839994773","179680.28999993112","179691.45699997898","14432.761800009757","Attentional Spatial Bias","0","0","0","4","We will now calibrate the eye tracker.<br><b>Please follow the moving dot with your eyes and keep your head still.<b><br>Please wait.","Thank you for participating!<br><b>The experiment has now ended.<b><br>Please call the experimenter.","In this experiment, you will read a short story presented on the screen.<br><br>Please read each line carefully, as you will be asked a few questions about the story at the end of the experiment.<br><br>After each paragraph, you will see a pair of images.<br><br>Look at both images and count the total number of circles across the two pictures.<br><br>on the next screen you can see examples of a correct circle and an incorrect shape. Only count shapes that match the correct circle example..<br><br>Press any key to begin.","Experimenter: enter circle count (press 0-3)","Welcome!<br><br>Press any key to continue.","English","1536","-267","267","-267","267","-154","154","-154","154"
"6","5000","8","undefined","undefined","undefined","undefined","#1a1a1a","0","psycho","True","psycho","psycho","uniform","undefined","undefined","undefined","0","NA","0","0","4","4","0","0","0","NA","0","4","4","NA","4","4","0","4","0","0","NA","0","4","4","4","4","4","4","0","4","4","4","0","95.48448764424931","Tue Jul 21 15:15:07 2026","1000","The main experiment item","False","V7_AttentionalSpatialBias_.osexp","C:\Users\plcm\Desktop\2026-EyeTracking\group-bayes\Experiment","214.34850001242012","009.png","915.3792","325.67616","True","False","mono","False","18","no","white","no","yes","LTR","915.3792","325.67616","864","0","008.png","009.png","num_2","psycho","English","4","4","C:\Users\plcm\Desktop\2026-EyeTracking\group-bayes\Experiment\subject-60.csv","150","psycho","no","187573.58560001012","Neonatal Nightingale","4.1.14","6","6","no_prime_trial_5","5","LTR","","0","num_1","num_1","num_1","NA","NA","num_1","2830.48880007118","10657.98159991391","NA","NA","2830.48880007118","2","psycho","5, 1, 4, 2, 6, 3, 2, 5, 1, 3, 6, 4, 3, 1, 4, 5, 2, 6, 6, 5, 3, 4, 1, 2, 4, 1, 5, 6, 3, 2, 3, 4, 2, 1, 6, 5, 3, 6, 4, 2, 5, 1, 2, 6, 4, 1, 3, 5","False","1024","2","48000","-16","experiment","60","even","186.54200639994815","501.0","1035.0","586.0","278.0","98797.70490003284","NA","NA","5710.881400038488","186541.88709997106","186541.97539994493","NA","14432.68630001694","59568.896299926564","NA","5711.218899930827","195416.39429994393","186528.80359999835","NA","186558.30269993749","186564.2993999645","24544.047000003047","192577.28890003636","109456.38069999404","NA","NA","109999.59259992465","186528.78049993888","195416.36100003961","192585.1669999538","186528.72319996823","187567.63229996432","187564.44310001098","109999.73029992543","186528.16590003204","187567.68440001179","187573.55480000842","14432.761800009757","Attentional Spatial Bias","0","0","0","5","We will now calibrate the eye tracker.<br><b>Please follow the moving dot with your eyes and keep your head still.<b><br>Please wait.","Thank you for participating!<br><b>The experiment has now ended.<b><br>Please call the experimenter.","In this experiment, you will read a short story presented on the screen.<br><br>Please read each line carefully, as you will be asked a few questions about the story at the end of the experiment.<br><br>After each paragraph, you will see a pair of images.<br><br>Look at both images and count the total number of circles across the two pictures.<br><br>on the next screen you can see examples of a correct circle and an incorrect shape. Only count shapes that match the correct circle example..<br><br>Press any key to begin.","Experimenter: enter circle count (press 0-3)","Welcome!<br><br>Press any key to continue.","English","1536","-267","267","-267","267","154","-154","154","-154"
"6","5000","8","undefined","undefined","undefined","undefined","#1a1a1a","0","psycho","True","psycho","psycho","uniform","undefined","undefined","undefined","0","NA","0","0","5","5","0","0","0","NA","0","5","5","NA","5","5","0","5","0","0","NA","0","5","5","5","5","5","5","0","5","5","5","0","49.41096966101351","Tue Jul 21 15:15:07 2026","1000","The main experiment item","False","V7_AttentionalSpatialBias_.osexp","C:\Users\plcm\Desktop\2026-EyeTracking\group-bayes\Experiment","193.44179995823652","010.png","650.60352","262.34496","True","False","mono","False","18","no","white","no","yes","LTR","650.60352","262.34496","864","0","010.png","011.png","num_2","psycho","English","5","5","C:\Users\plcm\Desktop\2026-EyeTracking\group-bayes\Experiment\subject-60.csv","150","psycho","no","196799.8002000386","Neonatal Nightingale","4.1.14","3","3","no_prime_trial_6","6","LTR","","0","num_1","num_1","num_1","NA","NA","num_1","2884.768799995072","10657.98159991391","NA","NA","2884.768799995072","2","psycho","5, 1, 4, 2, 6, 3, 2, 5, 1, 3, 6, 4, 3, 1, 4, 5, 2, 6, 6, 5, 3, 4, 1, 2, 4, 1, 5, 6, 3, 2, 3, 4, 2, 1, 6, 5, 3, 6, 4, 2, 5, 1, 2, 6, 4, 1, 3, 5","False","1024","2","48000","-16","experiment","60","even","195.54164269997273","614.0","922.0","165.0","699.0","98797.70490003284","NA","NA","5710.881400038488","195541.55019996688","195541.62179993","NA","14432.68630001694","59568.896299926564","NA","5711.218899930827","204696.99640001636","195530.27420002036","NA","195782.37949998584","195788.13390003052","24544.047000003047","201803.9003999438","109456.38069999404","NA","NA","109999.59259992465","195530.25319997687","204696.95869996212","201810.93379994854","195530.19730001688","196791.76829999778","196788.50769996643","109999.73029992543","195529.01629998814","196791.8295999989","196799.74589997437","14432.761800009757","Attentional Spatial Bias","0","0","0","6","We will now calibrate the eye tracker.<br><b>Please follow the moving dot with your eyes and keep your head still.<b><br>Please wait.","Thank you for participating!<br><b>The experiment has now ended.<b><br>Please call the experimenter.","In this experiment, you will read a short story presented on the screen.<br><br>Please read each line carefully, as you will be asked a few questions about the story at the end of the experiment.<br><br>After each paragraph, you will see a pair of images.<br><br>Look at both images and count the total number of circles across the two pictures.<br><br>on the next screen you can see examples of a correct circle and an incorrect shape. Only count shapes that match the correct circle example..<br><br>Press any key to begin.","Experimenter: enter circle count (press 0-3)","Welcome!<br><br>Press any key to continue.","English","1536","-154","154","-154","154","-267","267","-267","267"
"6","5000","8","undefined","undefined","undefined","undefined","#1a1a1a","1","psycho","True","psycho","psycho","uniform","undefined","undefined","undefined","0","NA","0","0","6","6","0","0","0","NA","0","6","6","NA","6","6","0","6","0","0","NA","0","6","6","6","6","6","6","0","6","6","6","0","97.34626217016447","Tue Jul 21 15:15:07 2026","1000","The main experiment item","False","V7_AttentionalSpatialBias_.osexp","C:\Users\plcm\Desktop\2026-EyeTracking\group-bayes\Experiment","289.5061000017449","012.png","593.38752","311.99039999999997","True","False","mono","False","18","no","white","no","yes","LTR","593.38752","311.99039999999997","864","1","012.png","013.png","num_2","psycho","English","6","6","C:\Users\plcm\Desktop\2026-EyeTracking\group-bayes\Experiment\subject-60.csv","150","psycho","no","223520.65459999721","Neonatal Nightingale","4.1.14","2","2","prime_2","7","LTR","A big grey bird came out of the last egg. He looked different from the others. The ducklings laughed and called him ugly. Sad and alone, he ran away from the farm.","0","num_1","num_1","num_1","NA","NA","num_1","3678.69180010166","10657.98159991391","NA","NA","3678.69180010166","2","psycho","5, 1, 4, 2, 6, 3, 2, 5, 1, 3, 6, 4, 3, 1, 4, 5, 2, 6, 6, 5, 3, 4, 1, 2, 4, 1, 5, 6, 3, 2, 3, 4, 2, 1, 6, 5, 3, 6, 4, 2, 5, 1, 2, 6, 4, 1, 3, 5","True","1024","2","48000","-16","experiment","60","even","222.49864460004028","501.0","1035.0","278.0","586.0","98797.70490003284","NA","NA","5710.881400038488","222498.57789999805","222498.62710002344","NA","14432.68630001694","59568.896299926564","NA","5711.218899930827","232208.21459998842","222488.45219996292","NA","222504.1108999867","222509.94529994205","24544.047000003047","228520.86869999766","109456.38069999404","NA","NA","109999.59259992465","204827.58379995357","232208.18449999206","228528.91689992975","204827.52789999358","223513.0715999985","223510.2879999904","109999.73029992543","204827.07210001536","223513.11289996374","223520.62429999933","14432.761800009757","Attentional Spatial Bias","0","0","0","7","We will now calibrate the eye tracker.<br><b>Please follow the moving dot with your eyes and keep your head still.<b><br>Please wait.","Thank you for participating!<br><b>The experiment has now ended.<b><br>Please call the experimenter.","In this experiment, you will read a short story presented on the screen.<br><br>Please read each line carefully, as you will be asked a few questions about the story at the end of the experiment.<br><br>After each paragraph, you will see a pair of images.<br><br>Look at both images and count the total number of circles across the two pictures.<br><br>on the next screen you can see examples of a correct circle and an incorrect shape. Only count shapes that match the correct circle example..<br><br>Press any key to begin.","Experimenter: enter circle count (press 0-3)","Welcome!<br><br>Press any key to continue.","English","1536","-267","267","-267","267","-154","154","-154","154"
"6","5000","8","undefined","undefined","undefined","undefined","#1a1a1a","1","psycho","True","psycho","psycho","uniform","undefined","undefined","undefined","0","NA","0","0","7","7","0","0","0","NA","0","7","7","NA","7","7","0","7","0","0","NA","0","7","7","7","7","7","7","0","7","7","7","0","70.38260112635798","Tue Jul 21 15:15:07 2026","1000","The main experiment item","False","V7_AttentionalSpatialBias_.osexp","C:\Users\plcm\Desktop\2026-EyeTracking\group-bayes\Experiment","285.00400006305426","014.png","541.7472","551.67264","True","False","mono","False","18","no","white","no","yes","LTR","541.7472","551.67264","864","1","014.png","015.png","num_2","psycho","English","7","7","C:\Users\plcm\Desktop\2026-EyeTracking\group-bayes\Experiment\subject-60.csv","150","psycho","no","233639.20969993342","Neonatal Nightingale","4.1.14","5","5","no_prime_trial_8","8","LTR","","0","num_1","num_1","num_1","NA","NA","num_1","815.5538999708369","10657.98159991391","NA","NA","815.5538999708369","2","psycho","5, 1, 4, 2, 6, 3, 2, 5, 1, 3, 6, 4, 3, 1, 4, 5, 2, 6, 6, 5, 3, 4, 1, 2, 4, 1, 5, 6, 3, 2, 3, 4, 2, 1, 6, 5, 3, 6, 4, 2, 5, 1, 2, 6, 4, 1, 3, 5","False","1024","2","48000","-16","experiment","60","even","232.34683339996263","614.0","922.0","699.0","165.0","98797.70490003284","NA","NA","5710.881400038488","232346.74249996897","232346.81160002947","NA","14432.68630001694","59568.896299926564","NA","5711.218899930827","239464.1241999343","232335.01999999862","NA","232617.93850001413","232623.9570999751","24544.047000003047","238640.07580000907","109456.38069999404","NA","NA","109999.59259992465","232334.9898000015","239464.09299992956","238648.07150000706","232334.91570001934","233628.06659995113","233624.5302000316","109999.73029992543","232334.19429999776","233628.1126999529","233639.16260004044","14432.761800009757","Attentional Spatial Bias","0","0","0","8","We will now calibrate the eye tracker.<br><b>Please follow the moving dot with your eyes and keep your head still.<b><br>Please wait.","Thank you for participating!<br><b>The experiment has now ended.<b><br>Please call the experimenter.","In this experiment, you will read a short story presented on the screen.<br><br>Please read each line carefully, as you will be asked a few questions about the story at the end of the experiment.<br><br>After each paragraph, you will see a pair of images.<br><br>Look at both images and count the total number of circles across the two pictures.<br><br>on the next screen you can see examples of a correct circle and an incorrect shape. Only count shapes that match the correct circle example..<br><br>Press any key to begin.","Experimenter: enter circle count (press 0-3)","Welcome!<br><br>Press any key to continue.","English","1536","-154","154","-154","154","267","-267","267","-267"
"6","5000","8","undefined","undefined","undefined","undefined","#1a1a1a","1","psycho","True","psycho","psycho","uniform","undefined","undefined","undefined","0","NA","0","0","8","8","0","0","0","NA","0","8","8","NA","8","8","0","8","0","0","NA","0","8","8","8","8","8","8","0","8","8","8","0","33.42740160766312","Tue Jul 21 15:15:07 2026","1000","The main experiment item","False","V7_AttentionalSpatialBias_.osexp","C:\Users\plcm\Desktop\2026-EyeTracking\group-bayes\Experiment","201.73240010626614","000.png","608.11776","419.472","True","False","mono","False","18","no","white","no","yes","LTR","608.11776","419.472","864","1","000.png","001.png","num_2","psycho","English","8","8","C:\Users\plcm\Desktop\2026-EyeTracking\group-bayes\Experiment\subject-60.csv","150","psycho","no","240840.11689992622","Neonatal Nightingale","4.1.14","1","1","no_prime_trial_9","9","LTR","","0","num_2","num_1","num_2","NA","NA","num_2","2339.0714999986812","10657.98159991391","NA","NA","2339.0714999986812","2","psycho","5, 1, 4, 2, 6, 3, 2, 5, 1, 3, 6, 4, 3, 1, 4, 5, 2, 6, 6, 5, 3, 4, 1, 2, 4, 1, 5, 6, 3, 2, 3, 4, 2, 1, 6, 5, 3, 6, 4, 2, 5, 1, 2, 6, 4, 1, 3, 5","False","1024","2","48000","-16","experiment","60","even","239.57616830000188","460.0","1076.0","432.0","432.0","98797.70490003284","NA","NA","5710.881400038488","239576.07990002725","239576.14629995078","NA","14432.68630001694","59568.896299926564","NA","5711.218899930827","248192.30150000658","239563.32239997573","NA","239822.51830003224","239828.04549997672","24544.047000003047","245844.33899994474","109456.38069999404","NA","NA","109999.59259992465","239563.30079992767","248192.26889999118","245852.59339993354","239563.25000000652","240831.01439999882","240828.14560004044","109999.73029992543","239562.96150002163","240831.06629992835","240840.07199993357","14432.761800009757","Attentional Spatial Bias","0","0","0","9","We will now calibrate the eye tracker.<br><b>Please follow the moving dot with your eyes and keep your head still.<b><br>Please wait.","Thank you for participating!<br><b>The experiment has now ended.<b><br>Please call the experimenter.","In this experiment, you will read a short story presented on the screen.<br><br>Please read each line carefully, as you will be asked a few questions about the story at the end of the experiment.<br><br>After each paragraph, you will see a pair of images.<br><br>Look at both images and count the total number of circles across the two pictures.<br><br>on the next screen you can see examples of a correct circle and an incorrect shape. Only count shapes that match the correct circle example..<br><br>Press any key to begin.","Experimenter: enter circle count (press 0-3)","Welcome!<br><br>Press any key to continue.","English","1536","-308","308","-308","308","0","0","0","0"
"6","5000","8","undefined","undefined","undefined","undefined","#1a1a1a","1","psycho","True","psycho","psycho","uniform","undefined","undefined","undefined","0","NA","0","0","9","9","0","0","0","NA","0","9","9","NA","9","9","0","9","0","0","NA","0","9","9","9","9","9","9","0","9","9","9","0","32.322559499445596","Tue Jul 21 15:15:07 2026","1000","The main experiment item","False","V7_AttentionalSpatialBias_.osexp","C:\Users\plcm\Desktop\2026-EyeTracking\group-bayes\Experiment","221.80499997921288","002.png","674.70336","256.73760000000004","True","False","mono","False","18","no","white","no","yes","LTR","674.70336","256.73760000000004","864","1","002.png","003.png","num_2","psycho","English","9","9","C:\Users\plcm\Desktop\2026-EyeTracking\group-bayes\Experiment\subject-60.csv","150","psycho","no","249370.16159994528","Neonatal Nightingale","4.1.14","3","3","no_prime_trial_10","10","LTR","","0","num_2","num_1","num_2","NA","NA","num_2","1875.0052000395954","10657.98159991391","NA","NA","1875.0052000395954","2","psycho","5, 1, 4, 2, 6, 3, 2, 5, 1, 3, 6, 4, 3, 1, 4, 5, 2, 6, 6, 5, 3, 4, 1, 2, 4, 1, 5, 6, 3, 2, 3, 4, 2, 1, 6, 5, 3, 6, 4, 2, 5, 1, 2, 6, 4, 1, 3, 5","False","1024","2","48000","-16","experiment","60","even","248.31871619995218","614.0","922.0","165.0","699.0","98797.70490003284","NA","NA","5710.881400038488","248318.54779995047","248318.6794000212","NA","14432.68630001694","59568.896299926564","NA","5711.218899930827","256256.4057999989","248307.12539993692","NA","248351.16840002593","248356.8940999685","24544.047000003047","254372.91139992885","109456.38069999404","NA","NA","109999.59259992465","248307.1058000205","256256.3684999477","254380.7307999814","248307.06190003548","249360.96570000518","249357.55269997753","109999.73029992543","248306.69270001817","249361.0191999469","249370.1208999846","14432.761800009757","Attentional Spatial Bias","0","0","0","10","We will now calibrate the eye tracker.<br><b>Please follow the moving dot with your eyes and keep your head still.<b><br>Please wait.","Thank you for participating!<br><b>The experiment has now ended.<b><br>Please call the experimenter.","In this experiment, you will read a short story presented on the screen.<br><br>Please read each line carefully, as you will be asked a few questions about the story at the end of the experiment.<br><br>After each paragraph, you will see a pair of images.<br><br>Look at both images and count the total number of circles across the two pictures.<br><br>on the next screen you can see examples of a correct circle and an incorrect shape. Only count shapes that match the correct circle example..<br><br>Press any key to begin.","Experimenter: enter circle count (press 0-3)","Welcome!<br><br>Press any key to continue.","English","1536","-154","154","-154","154","-267","267","-267","267"
"6","5000","8","undefined","undefined","undefined","undefined","#1a1a1a","1","psycho","True","psycho","psycho","uniform","undefined","undefined","undefined","0","NA","0","0","10","10","0","0","0","NA","0","10","10","NA","10","10","0","10","0","0","NA","0","10","10","10","10","10","10","0","10","10","10","0","88.84602403248441","Tue Jul 21 15:15:07 2026","1000","The main experiment item","False","V7_AttentionalSpatialBias_.osexp","C:\Users\plcm\Desktop\2026-EyeTracking\group-bayes\Experiment","219.65199999976903","005.png","902.13888","298.67616","True","False","mono","False","18","no","white","no","yes","LTR","902.13888","298.67616","864","1","004.png","005.png","num_2","psycho","English","10","10","C:\Users\plcm\Desktop\2026-EyeTracking\group-bayes\Experiment\subject-60.csv","150","psycho","no","257629.47019992862","Neonatal Nightingale","4.1.14","6","6","no_prime_trial_11","11","LTR","","0","num_2","num_1","num_2","NA","NA","num_2","746.5023000258952","10657.98159991391","NA","NA","746.5023000258952","2","psycho","5, 1, 4, 2, 6, 3, 2, 5, 1, 3, 6, 4, 3, 1, 4, 5, 2, 6, 6, 5, 3, 4, 1, 2, 4, 1, 5, 6, 3, 2, 3, 4, 2, 1, 6, 5, 3, 6, 4, 2, 5, 1, 2, 6, 4, 1, 3, 5","False","1024","2","48000","-16","experiment","60","even","256.4010130999377","501.0","1035.0","586.0","278.0","98797.70490003284","NA","NA","5710.881400038488","256400.93150001485","256400.99280001596","NA","14432.68630001694","59568.896299926564","NA","5711.218899930827","263385.00499993097","256387.89739995264","NA","256611.87090002932","256617.34420002904","24544.047000003047","262629.80979995336","109456.38069999404","NA","NA","109999.59259992465","256387.87670002785","263384.97529993765","262637.2436999809","256387.83110002987","257620.46899995767","257617.4330000067","109999.73029992543","256386.9565000059","257620.52210001275","257629.43860003725","14432.761800009757","Attentional Spatial Bias","0","0","0","11","We will now calibrate the eye tracker.<br><b>Please follow the moving dot with your eyes and keep your head still.<b><br>Please wait.","Thank you for participating!<br><b>The experiment has now ended.<b><br>Please call the experimenter.","In this experiment, you will read a short story presented on the screen.<br><br>Please read each line carefully, as you will be asked a few questions about the story at the end of the experiment.<br><br>After each paragraph, you will see a pair of images.<br><br>Look at both images and count the total number of circles across the two pictures.<br><br>on the next screen you can see examples of a correct circle and an incorrect shape. Only count shapes that match the correct circle example..<br><br>Press any key to begin.","Experimenter: enter circle count (press 0-3)","Welcome!<br><br>Press any key to continue.","English","1536","-267","267","-267","267","154","-154","154","-154"
"6","5000","8","undefined","undefined","undefined","undefined","#1a1a1a","1","psycho","True","psycho","psycho","uniform","undefined","undefined","undefined","0","NA","0","0","11","11","0","0","0","NA","0","11","11","NA","11","11","0","11","0","0","NA","0","11","11","11","11","11","11","0","11","11","11","0","38.782354658169055","Tue Jul 21 15:15:07 2026","1000","The main experiment item","False","V7_AttentionalSpatialBias_.osexp","C:\Users\plcm\Desktop\2026-EyeTracking\group-bayes\Experiment","213.32670003175735","006.png","751.19616","243.26783999999998","True","False","mono","False","18","no","white","no","yes","LTR","751.19616","243.26783999999998","864","1","006.png","007.png","num_2","psycho","English","11","11","C:\Users\plcm\Desktop\2026-EyeTracking\group-bayes\Experiment\subject-60.csv","150","psycho","no","264792.6949999528","Neonatal Nightingale","4.1.14","4","4","no_prime_trial_12","12","LTR","","0","num_2","num_1","num_2","NA","NA","num_2","1613.407599972561","10657.98159991391","NA","NA","1613.407599972561","2","psycho","5, 1, 4, 2, 6, 3, 2, 5, 1, 3, 6, 4, 3, 1, 4, 5, 2, 6, 6, 5, 3, 4, 1, 2, 4, 1, 5, 6, 3, 2, 3, 4, 2, 1, 6, 5, 3, 6, 4, 2, 5, 1, 2, 6, 4, 1, 3, 5","False","1024","2","48000","-16","experiment","60","even","263.52209300000686","768.0","768.0","124.0","740.0","98797.70490003284","NA","NA","5710.881400038488","263522.00579992495","263522.07229996566","NA","14432.68630001694","59568.896299926564","NA","5711.218899930827","271416.64129996207","263510.64979995135","NA","263777.2015000228","263782.8186999541","24544.047000003047","269794.40869996324","109456.38069999404","NA","NA","109999.59259992465","263510.63020003494","271416.5919999359","269802.24530003034","263510.57299994864","264786.0775999725","264783.2301999442","109999.73029992543","263510.3305999655","264786.12429997884","264792.65870002564","14432.761800009757","Attentional Spatial Bias","0","0","0","12","We will now calibrate the eye tracker.<br><b>Please follow the moving dot with your eyes and keep your head still.<b><br>Please wait.","Thank you for participating!<br><b>The experiment has now ended.<b><br>Please call the experimenter.","In this experiment, you will read a short story presented on the screen.<br><br>Please read each line carefully, as you will be asked a few questions about the story at the end of the experiment.<br><br>After each paragraph, you will see a pair of images.<br><br>Look at both images and count the total number of circles across the two pictures.<br><br>on the next screen you can see examples of a correct circle and an incorrect shape. Only count shapes that match the correct circle example..<br><br>Press any key to begin.","Experimenter: enter circle count (press 0-3)","Welcome!<br><br>Press any key to continue.","English","1536","0","0","0","0","-308","308","-308","308"
"6","5000","8","undefined","undefined","undefined","undefined","#1a1a1a","2","psycho","True","psycho","psycho","uniform","undefined","undefined","undefined","0","NA","0","0","12","12","0","0","0","NA","0","12","12","NA","12","12","0","12","0","0","NA","0","12","12","12","12","12","12","0","12","12","12","0","81.18876795080459","Tue Jul 21 15:15:07 2026","1000","The main experiment item","False","V7_AttentionalSpatialBias_.osexp","C:\Users\plcm\Desktop\2026-EyeTracking\group-bayes\Experiment","237.7940999576822","008.png","605.06112","304.98336","True","False","mono","False","18","no","white","no","yes","LTR","605.06112","304.98336","864","2","008.png","009.png","num_2","psycho","English","12","12","C:\Users\plcm\Desktop\2026-EyeTracking\group-bayes\Experiment\subject-60.csv","150","psycho","no","290902.45950000826","Neonatal Nightingale","4.1.14","3","3","prime_3","13","LTR","He wandered through fields and swamps, looking for a place to belong. Wild ducks said he was too ugly to be their friend.","0","num_1","num_1","num_1","NA","NA","num_1","1248.1498999986798","10657.98159991391","NA","NA","1248.1498999986798","2","psycho","5, 1, 4, 2, 6, 3, 2, 5, 1, 3, 6, 4, 3, 1, 4, 5, 2, 6, 6, 5, 3, 4, 1, 2, 4, 1, 5, 6, 3, 2, 3, 4, 2, 1, 6, 5, 3, 6, 4, 2, 5, 1, 2, 6, 4, 1, 3, 5","True","1024","2","48000","-16","experiment","60","even","289.5460368000204","614.0","922.0","165.0","699.0","98797.70490003284","NA","NA","5710.881400038488","289545.97239999566","289546.01950000506","NA","14432.68630001694","59568.896299926564","NA","5711.218899930827","297160.3963000234","289536.3538999809","NA","289880.5258999346","289886.29980001133","24544.047000003047","295903.70759996586","109456.38069999404","NA","NA","109999.59259992465","271538.65050000604","297160.36470001563","295911.47409996483","271538.60339999665","290890.0208999403","290886.56929996796","109999.73029992543","271537.798400037","290890.08359995205","290902.43030001875","14432.761800009757","Attentional Spatial Bias","0","0","0","13","We will now calibrate the eye tracker.<br><b>Please follow the moving dot with your eyes and keep your head still.<b><br>Please wait.","Thank you for participating!<br><b>The experiment has now ended.<b><br>Please call the experimenter.","In this experiment, you will read a short story presented on the screen.<br><br>Please read each line carefully, as you will be asked a few questions about the story at the end of the experiment.<br><br>After each paragraph, you will see a pair of images.<br><br>Look at both images and count the total number of circles across the two pictures.<br><br>on the next screen you can see examples of a correct circle and an incorrect shape. Only count shapes that match the correct circle example..<br><br>Press any key to begin.","Experimenter: enter circle count (press 0-3)","Welcome!<br><br>Press any key to continue.","English","1536","-154","154","-154","154","-267","267","-267","267"
"6","5000","8","undefined","undefined","undefined","undefined","#1a1a1a","2","psycho","True","psycho","psycho","uniform","undefined","undefined","undefined","0","NA","0","0","13","13","0","0","0","NA","0","13","13","NA","13","13","0","13","0","0","NA","0","13","13","13","13","13","13","0","13","13","13","0","96.32070383795993","Tue Jul 21 15:15:07 2026","1000","The main experiment item","False","V7_AttentionalSpatialBias_.osexp","C:\Users\plcm\Desktop\2026-EyeTracking\group-bayes\Experiment","225.07040004711598","010.png","476.63615999999996","400.87008","True","False","mono","False","18","no","white","no","yes","LTR","476.63615999999996","400.87008","864","2","010.png","011.png","num_2","psycho","English","13","13","C:\Users\plcm\Desktop\2026-EyeTracking\group-bayes\Experiment\subject-60.csv","150","psycho","no","298553.2184999902","Neonatal Nightingale","4.1.14","1","1","no_prime_trial_14","14","LTR","","0","num_2","num_1","num_2","NA","NA","num_2","1248.6544999992475","10657.98159991391","NA","NA","1248.6544999992475","2","psycho","5, 1, 4, 2, 6, 3, 2, 5, 1, 3, 6, 4, 3, 1, 4, 5, 2, 6, 6, 5, 3, 4, 1, 2, 4, 1, 5, 6, 3, 2, 3, 4, 2, 1, 6, 5, 3, 6, 4, 2, 5, 1, 2, 6, 4, 1, 3, 5","False","1024","2","48000","-16","experiment","60","even","297.2944071999518","460.0","1076.0","432.0","432.0","98797.70490003284","NA","NA","5710.881400038488","297294.31499994826","297294.38490001485","NA","14432.68630001694","59568.896299926564","NA","5711.218899930827","304816.5679000085","297283.4415000398","NA","297537.0484000305","297542.8454999346","24544.047000003047","303556.9466999732","109456.38069999404","NA","NA","109999.59259992465","297283.41509995516","304816.5372000076","303567.1870999504","297283.35019992664","298545.57680001017","298542.90450003464","109999.73029992543","297282.36680000555","298545.62859993894","298553.1891999999","14432.761800009757","Attentional Spatial Bias","0","0","0","14","We will now calibrate the eye tracker.<br><b>Please follow the moving dot with your eyes and keep your head still.<b><br>Please wait.","Thank you for participating!<br><b>The experiment has now ended.<b><br>Please call the experimenter.","In this experiment, you will read a short story presented on the screen.<br><br>Please read each line carefully, as you will be asked a few questions about the story at the end of the experiment.<br><br>After each paragraph, you will see a pair of images.<br><br>Look at both images and count the total number of circles across the two pictures.<br><br>on the next screen you can see examples of a correct circle and an incorrect shape. Only count shapes that match the correct circle example..<br><br>Press any key to begin.","Experimenter: enter circle count (press 0-3)","Welcome!<br><br>Press any key to continue.","English","1536","-308","308","-308","308","0","0","0","0"
"6","5000","8","undefined","undefined","undefined","undefined","#1a1a1a","2","psycho","True","psycho","psycho","uniform","undefined","undefined","undefined","0","NA","0","0","14","14","0","0","0","NA","0","14","14","NA","14","14","0","14","0","0","NA","0","14","14","14","14","14","14","0","14","14","14","0","97.88661533953653","Tue Jul 21 15:15:07 2026","1000","The main experiment item","False","V7_AttentionalSpatialBias_.osexp","C:\Users\plcm\Desktop\2026-EyeTracking\group-bayes\Experiment","214.02210008818656","012.png","702.21312","242.55936","True","False","mono","False","18","no","white","no","yes","LTR","702.21312","242.55936","864","2","012.png","013.png","num_2","psycho","English","14","14","C:\Users\plcm\Desktop\2026-EyeTracking\group-bayes\Experiment\subject-60.csv","150","psycho","no","306035.84279993083","Neonatal Nightingale","4.1.14","4","4","no_prime_trial_15","15","LTR","","0","num_1","num_1","num_1","NA","NA","num_1","1279.887199983932","10657.98159991391","NA","NA","1279.887199983932","2","psycho","5, 1, 4, 2, 6, 3, 2, 5, 1, 3, 6, 4, 3, 1, 4, 5, 2, 6, 6, 5, 3, 4, 1, 2, 4, 1, 5, 6, 3, 2, 3, 4, 2, 1, 6, 5, 3, 6, 4, 2, 5, 1, 2, 6, 4, 1, 3, 5","False","1024","2","48000","-16","experiment","60","even","304.95743840001523","768.0","768.0","124.0","740.0","98797.70490003284","NA","NA","5710.881400038488","304957.2640999686","304957.3916000081","NA","14432.68630001694","59568.896299926564","NA","5711.218899930827","312328.17170000635","304945.66810003016","NA","305017.66829995904","305023.3954000287","24544.047000003047","311040.2252000058","109456.38069999404","NA","NA","109999.59259992465","304945.6483999966","312328.1378999818","311047.73180000484","304945.60189999174","306026.3209999539","306023.49870000035","109999.73029992543","304944.7350000264","306026.36539994273","306035.80890002195","14432.761800009757","Attentional Spatial Bias","0","0","0","15","We will now calibrate the eye tracker.<br><b>Please follow the moving dot with your eyes and keep your head still.<b><br>Please wait.","Thank you for participating!<br><b>The experiment has now ended.<b><br>Please call the experimenter.","In this experiment, you will read a short story presented on the screen.<br><br>Please read each line carefully, as you will be asked a few questions about the story at the end of the experiment.<br><br>After each paragraph, you will see a pair of images.<br><br>Look at both images and count the total number of circles across the two pictures.<br><br>on the next screen you can see examples of a correct circle and an incorrect shape. Only count shapes that match the correct circle example..<br><br>Press any key to begin.","Experimenter: enter circle count (press 0-3)","Welcome!<br><br>Press any key to continue.","English","1536","0","0","0","0","-308","308","-308","308"
"6","5000","8","undefined","undefined","undefined","undefined","#1a1a1a","2","psycho","True","psycho","psycho","uniform","undefined","undefined","undefined","0","NA","0","0","15","15","0","0","0","NA","0","15","15","NA","15","15","0","15","0","0","NA","0","15","15","15","15","15","15","0","15","15","15","0","63.483279630970635","Tue Jul 21 15:15:07 2026","1000","The main experiment item","False","V7_AttentionalSpatialBias_.osexp","C:\Users\plcm\Desktop\2026-EyeTracking\group-bayes\Experiment","244.45510003715754","015.png","794.2809599999999","227.94048","True","False","mono","False","18","no","white","no","yes","LTR","794.2809599999999","227.94048","864","2","014.png","015.png","num_2","psycho","English","15","15","C:\Users\plcm\Desktop\2026-EyeTracking\group-bayes\Experiment\subject-60.csv","150","psycho","no","313511.113799992","Neonatal Nightingale","4.1.14","5","5","no_prime_trial_16","16","LTR","","0","num_1","num_1","num_1","NA","NA","num_1","1180.3659999277443","10657.98159991391","NA","NA","1180.3659999277443","2","psycho","5, 1, 4, 2, 6, 3, 2, 5, 1, 3, 6, 4, 3, 1, 4, 5, 2, 6, 6, 5, 3, 4, 1, 2, 4, 1, 5, 6, 3, 2, 3, 4, 2, 1, 6, 5, 3, 6, 4, 2, 5, 1, 2, 6, 4, 1, 3, 5","False","1024","2","48000","-16","experiment","60","even","312.4859624999808","614.0","922.0","699.0","165.0","98797.70490003284","NA","NA","5710.881400038488","312485.86260003503","312485.94169993885","NA","14432.68630001694","59568.896299926564","NA","5711.218899930827","319704.2305000359","312475.07939999923","NA","312491.5938000195","312497.08579992875","24544.047000003047","318515.45149995945","109456.38069999404","NA","NA","109999.59259992465","312475.0478999922","319704.1966000106","318523.31860002596","312474.9828999629","313500.58659992646","313497.6640000241","109999.73029992543","312474.7039999347","313500.63969998155","313511.07589993626","14432.761800009757","Attentional Spatial Bias","0","0","0","16","We will now calibrate the eye tracker.<br><b>Please follow the moving dot with your eyes and keep your head still.<b><br>Please wait.","Thank you for participating!<br><b>The experiment has now ended.<b><br>Please call the experimenter.","In this experiment, you will read a short story presented on the screen.<br><br>Please read each line carefully, as you will be asked a few questions about the story at the end of the experiment.<br><br>After each paragraph, you will see a pair of images.<br><br>Look at both images and count the total number of circles across the two pictures.<br><br>on the next screen you can see examples of a correct circle and an incorrect shape. Only count shapes that match the correct circle example..<br><br>Press any key to begin.","Experimenter: enter circle count (press 0-3)","Welcome!<br><br>Press any key to continue.","English","1536","-154","154","-154","154","267","-267","267","-267"
"6","5000","8","undefined","undefined","undefined","undefined","#1a1a1a","2","psycho","True","psycho","psycho","uniform","undefined","undefined","undefined","0","NA","0","0","16","16","0","0","0","NA","0","16","16","NA","16","16","0","16","0","0","NA","0","16","16","16","16","16","16","0","16","16","16","0","88.92689286450079","Tue Jul 21 15:15:07 2026","1000","The main experiment item","False","V7_AttentionalSpatialBias_.osexp","C:\Users\plcm\Desktop\2026-EyeTracking\group-bayes\Experiment","263.7393999611959","001.png","904.28928","456.61536","True","False","mono","False","18","no","white","no","yes","LTR","904.28928","456.61536","864","2","000.png","001.png","num_2","psycho","English","16","16","C:\Users\plcm\Desktop\2026-EyeTracking\group-bayes\Experiment\subject-60.csv","150","psycho","no","320858.27710002195","Neonatal Nightingale","4.1.14","2","2","no_prime_trial_17","17","LTR","","0","num_2","num_1","num_2","NA","NA","num_2","1529.7141999471933","10657.98159991391","NA","NA","1529.7141999471933","2","psycho","5, 1, 4, 2, 6, 3, 2, 5, 1, 3, 6, 4, 3, 1, 4, 5, 2, 6, 6, 5, 3, 4, 1, 2, 4, 1, 5, 6, 3, 2, 3, 4, 2, 1, 6, 5, 3, 6, 4, 2, 5, 1, 2, 6, 4, 1, 3, 5","False","1024","2","48000","-16","experiment","60","even","319.8320606999332","501.0","1035.0","278.0","586.0","98797.70490003284","NA","NA","5710.881400038488","319831.9688999327","319832.03910000157","NA","14432.68630001694","59568.896299926564","NA","5711.218899930827","327401.000999962","319817.0786999399","NA","319837.59759995155","319843.26889994554","24544.047000003047","325860.6145000085","109456.38069999404","NA","NA","109999.59259992465","319817.0583000174","327400.9683999466","325870.1966999797","319817.01639993116","320847.2247000318","320843.8508999534","109999.73029992543","319816.771099926","320847.2926999675","320858.23310003616","14432.761800009757","Attentional Spatial Bias","0","0","0","17","We will now calibrate the eye tracker.<br><b>Please follow the moving dot with your eyes and keep your head still.<b><br>Please wait.","Thank you for participating!<br><b>The experiment has now ended.<b><br>Please call the experimenter.","In this experiment, you will read a short story presented on the screen.<br><br>Please read each line carefully, as you will be asked a few questions about the story at the end of the experiment.<br><br>After each paragraph, you will see a pair of images.<br><br>Look at both images and count the total number of circles across the two pictures.<br><br>on the next screen you can see examples of a correct circle and an incorrect shape. Only count shapes that match the correct circle example..<br><br>Press any key to begin.","Experimenter: enter circle count (press 0-3)","Welcome!<br><br>Press any key to continue.","English","1536","-267","267","-267","267","-154","154","-154","154"
"6","5000","8","undefined","undefined","undefined","undefined","#1a1a1a","2","psycho","True","psycho","psycho","uniform","undefined","undefined","undefined","0","NA","0","0","17","17","0","0","0","NA","0","17","17","NA","17","17","0","17","0","0","NA","0","17","17","17","17","17","17","0","17","17","17","0","88.72479569740126","Tue Jul 21 15:15:07 2026","1000","The main experiment item","False","V7_AttentionalSpatialBias_.osexp","C:\Users\plcm\Desktop\2026-EyeTracking\group-bayes\Experiment","248.64909995812923","002.png","607.38048","458.60256","True","False","mono","False","18","no","white","no","yes","LTR","607.38048","458.60256","864","2","002.png","003.png","num_2","psycho","English","17","17","C:\Users\plcm\Desktop\2026-EyeTracking\group-bayes\Experiment\subject-60.csv","150","psycho","no","328537.7207000274","Neonatal Nightingale","4.1.14","6","6","no_prime_trial_18","18","LTR","","0","num_1","num_1","num_1","NA","NA","num_1","1357.6836000429466","10657.98159991391","NA","NA","1357.6836000429466","2","psycho","5, 1, 4, 2, 6, 3, 2, 5, 1, 3, 6, 4, 3, 1, 4, 5, 2, 6, 6, 5, 3, 4, 1, 2, 4, 1, 5, 6, 3, 2, 3, 4, 2, 1, 6, 5, 3, 6, 4, 2, 5, 1, 2, 6, 4, 1, 3, 5","False","1024","2","48000","-16","experiment","60","even","327.5156376999803","501.0","1035.0","586.0","278.0","98797.70490003284","NA","NA","5710.881400038488","327515.5499000102","327515.6156999292","NA","14432.68630001694","59568.896299926564","NA","5711.218899930827","334904.24209996127","327502.192899934","NA","327520.9512999281","327526.7027999507","24544.047000003047","333537.9982999293","109456.38069999404","NA","NA","109999.59259992465","327502.170199994","334904.2096999474","333545.95279996283","327502.11619993206","328530.2491999464","328526.988800033","109999.73029992543","327501.83970003854","328530.3184000077","328537.6837999793","14432.761800009757","Attentional Spatial Bias","0","0","0","18","We will now calibrate the eye tracker.<br><b>Please follow the moving dot with your eyes and keep your head still.<b><br>Please wait.","Thank you for participating!<br><b>The experiment has now ended.<b><br>Please call the experimenter.","In this experiment, you will read a short story presented on the screen.<br><br>Please read each line carefully, as you will be asked a few questions about the story at the end of the experiment.<br><br>After each paragraph, you will see a pair of images.<br><br>Look at both images and count the total number of circles across the two pictures.<br><br>on the next screen you can see examples of a correct circle and an incorrect shape. Only count shapes that match the correct circle example..<br><br>Press any key to begin.","Experimenter: enter circle count (press 0-3)","Welcome!<br><br>Press any key to continue.","English","1536","-267","267","-267","267","154","-154","154","-154"
"6","5000","8","undefined","undefined","undefined","undefined","#1a1a1a","3","psycho","True","psycho","psycho","uniform","undefined","undefined","undefined","0","NA","0","0","18","18","0","0","0","NA","0","18","18","NA","18","18","0","18","0","0","NA","0","18","18","18","18","18","18","0","18","18","18","0","81.17080941891368","Tue Jul 21 15:15:07 2026","1000","The main experiment item","False","V7_AttentionalSpatialBias_.osexp","C:\Users\plcm\Desktop\2026-EyeTracking\group-bayes\Experiment","286.43340000417084","004.png","537.40032","467.10432000000003","True","False","mono","False","18","no","white","no","yes","LTR","537.40032","467.10432000000003","864","3","004.png","005.png","num_2","psycho","English","18","18","C:\Users\plcm\Desktop\2026-EyeTracking\group-bayes\Experiment\subject-60.csv","150","psycho","no","351642.8042999469","Neonatal Nightingale","4.1.14","6","6","prime_4","19","LTR","One night, hunters fired guns nearby, and he hid in the reeds until it was safe.","0","num_2","num_1","num_2","NA","NA","num_2","3426.0405000532046","10657.98159991391","NA","NA","3426.0405000532046","2","psycho","5, 1, 4, 2, 6, 3, 2, 5, 1, 3, 6, 4, 3, 1, 4, 5, 2, 6, 6, 5, 3, 4, 1, 2, 4, 1, 5, 6, 3, 2, 3, 4, 2, 1, 6, 5, 3, 6, 4, 2, 5, 1, 2, 6, 4, 1, 3, 5","True","1024","2","48000","-16","experiment","60","even","350.3781877999427","501.0","1035.0","586.0","278.0","98797.70490003284","NA","NA","5710.881400038488","350378.1203000108","350378.17049992736","NA","14432.68630001694","59568.896299926564","NA","5711.218899930827","360080.1773000276","350368.38140001055","NA","350625.85860001855","350631.44779996946","24544.047000003047","356644.8587999912","109456.38069999404","NA","NA","109999.59259992465","335036.5578000201","360080.134699936","356653.5858999705","335036.47559997626","351634.75460000336","351631.92750001326","109999.73029992543","335035.67200002726","351634.80350002646","351642.76529999916","14432.761800009757","Attentional Spatial Bias","0","0","0","19","We will now calibrate the eye tracker.<br><b>Please follow the moving dot with your eyes and keep your head still.<b><br>Please wait.","Thank you for participating!<br><b>The experiment has now ended.<b><br>Please call the experimenter.","In this experiment, you will read a short story presented on the screen.<br><br>Please read each line carefully, as you will be asked a few questions about the story at the end of the experiment.<br><br>After each paragraph, you will see a pair of images.<br><br>Look at both images and count the total number of circles across the two pictures.<br><br>on the next screen you can see examples of a correct circle and an incorrect shape. Only count shapes that match the correct circle example..<br><br>Press any key to begin.","Experimenter: enter circle count (press 0-3)","Welcome!<br><br>Press any key to continue.","English","1536","-267","267","-267","267","154","-154","154","-154"
"6","5000","8","undefined","undefined","undefined","undefined","#1a1a1a","3","psycho","True","psycho","psycho","uniform","undefined","undefined","undefined","0","NA","0","0","19","19","0","0","0","NA","0","19","19","NA","19","19","0","19","0","0","NA","0","19","19","19","19","19","19","0","19","19","19","0","68.52075881611353","Tue Jul 21 15:15:07 2026","1000","The main experiment item","False","V7_AttentionalSpatialBias_.osexp","C:\Users\plcm\Desktop\2026-EyeTracking\group-bayes\Experiment","196.62269996479154","007.png","841.92768","293.10336","True","False","mono","False","18","no","white","no","yes","LTR","841.92768","293.10336","864","3","006.png","007.png","num_2","psycho","English","19","19","C:\Users\plcm\Desktop\2026-EyeTracking\group-bayes\Experiment\subject-60.csv","150","psycho","no","361513.56540003326","Neonatal Nightingale","4.1.14","5","5","no_prime_trial_20","20","LTR","","0","num_2","num_1","num_2","NA","NA","num_2","3016.3806000491604","10657.98159991391","NA","NA","3016.3806000491604","2","psycho","5, 1, 4, 2, 6, 3, 2, 5, 1, 3, 6, 4, 3, 1, 4, 5, 2, 6, 6, 5, 3, 4, 1, 2, 4, 1, 5, 6, 3, 2, 3, 4, 2, 1, 6, 5, 3, 6, 4, 2, 5, 1, 2, 6, 4, 1, 3, 5","False","1024","2","48000","-16","experiment","60","even","360.22374019993003","614.0","922.0","699.0","165.0","98797.70490003284","NA","NA","5710.881400038488","360223.64550002385","360223.7193000037","NA","14432.68630001694","59568.896299926564","NA","5711.218899930827","369544.15700002573","360210.4140999727","NA","360495.05249992944","360500.4597000079","24544.047000003047","366515.63010003883","109456.38069999404","NA","NA","109999.59259992465","360210.39349993225","369544.11989997607","366527.21009997185","360210.34280001186","361504.06549999025","361500.75200002175","109999.73029992543","360210.06419998594","361504.12659998983","361513.5311000049","14432.761800009757","Attentional Spatial Bias","0","0","0","20","We will now calibrate the eye tracker.<br><b>Please follow the moving dot with your eyes and keep your head still.<b><br>Please wait.","Thank you for participating!<br><b>The experiment has now ended.<b><br>Please call the experimenter.","In this experiment, you will read a short story presented on the screen.<br><br>Please read each line carefully, as you will be asked a few questions about the story at the end of the experiment.<br><br>After each paragraph, you will see a pair of images.<br><br>Look at both images and count the total number of circles across the two pictures.<br><br>on the next screen you can see examples of a correct circle and an incorrect shape. Only count shapes that match the correct circle example..<br><br>Press any key to begin.","Experimenter: enter circle count (press 0-3)","Welcome!<br><br>Press any key to continue.","English","1536","-154","154","-154","154","267","-267","267","-267"
"6","5000","8","undefined","undefined","undefined","undefined","#1a1a1a","3","psycho","True","psycho","psycho","uniform","undefined","undefined","undefined","0","NA","0","0","20","20","0","0","0","NA","0","20","20","NA","20","20","0","20","0","0","NA","0","20","20","20","20","20","20","0","20","20","20","0","99.94397251426821","Tue Jul 21 15:15:07 2026","1000","The main experiment item","False","V7_AttentionalSpatialBias_.osexp","C:\Users\plcm\Desktop\2026-EyeTracking\group-bayes\Experiment","212.4010999687016","008.png","672.67584","287.59968","True","False","mono","False","18","no","white","no","yes","LTR","672.67584","287.59968","864","3","008.png","009.png","num_2","psycho","English","20","20","C:\Users\plcm\Desktop\2026-EyeTracking\group-bayes\Experiment\subject-60.csv","150","psycho","no","370951.9028000068","Neonatal Nightingale","4.1.14","3","3","no_prime_trial_21","21","LTR","","0","num_1","num_1","num_1","NA","NA","num_1","1241.9371999567375","10657.98159991391","NA","NA","1241.9371999567375","2","psycho","5, 1, 4, 2, 6, 3, 2, 5, 1, 3, 6, 4, 3, 1, 4, 5, 2, 6, 6, 5, 3, 4, 1, 2, 4, 1, 5, 6, 3, 2, 3, 4, 2, 1, 6, 5, 3, 6, 4, 2, 5, 1, 2, 6, 4, 1, 3, 5","False","1024","2","48000","-16","experiment","60","even","369.6715560000157","614.0","922.0","165.0","699.0","98797.70490003284","NA","NA","5710.881400038488","369671.42259993125","369671.5255000163","NA","14432.68630001694","59568.896299926564","NA","5711.218899930827","377208.4058999317","369659.9305999698","NA","369936.1745000351","369941.95899995975","24544.047000003047","375956.76179998554","109456.38069999404","NA","NA","109999.59259992465","369659.9104999332","377208.3722000243","375965.68110003136","369659.86919996794","370945.26710000355","370942.4765999429","109999.73029992543","369659.50830001384","370945.317100035","370951.8599000294","14432.761800009757","Attentional Spatial Bias","0","0","0","21","We will now calibrate the eye tracker.<br><b>Please follow the moving dot with your eyes and keep your head still.<b><br>Please wait.","Thank you for participating!<br><b>The experiment has now ended.<b><br>Please call the experimenter.","In this experiment, you will read a short story presented on the screen.<br><br>Please read each line carefully, as you will be asked a few questions about the story at the end of the experiment.<br><br>After each paragraph, you will see a pair of images.<br><br>Look at both images and count the total number of circles across the two pictures.<br><br>on the next screen you can see examples of a correct circle and an incorrect shape. Only count shapes that match the correct circle example..<br><br>Press any key to begin.","Experimenter: enter circle count (press 0-3)","Welcome!<br><br>Press any key to continue.","English","1536","-154","154","-154","154","-267","267","-267","267"
"6","5000","8","undefined","undefined","undefined","undefined","#1a1a1a","3","psycho","True","psycho","psycho","uniform","undefined","undefined","undefined","0","NA","0","0","21","21","0","0","0","NA","0","21","21","NA","21","21","0","21","0","0","NA","0","21","21","21","21","21","21","0","21","21","21","0","46.83466511856363","Tue Jul 21 15:15:07 2026","1000","The main experiment item","False","V7_AttentionalSpatialBias_.osexp","C:\Users\plcm\Desktop\2026-EyeTracking\group-bayes\Experiment","233.951999922283","010.png","727.2959999999999","210.05568","True","False","mono","False","18","no","white","no","yes","LTR","727.2959999999999","210.05568","864","3","010.png","011.png","num_2","psycho","English","21","21","C:\Users\plcm\Desktop\2026-EyeTracking\group-bayes\Experiment\subject-60.csv","150","psycho","no","378361.48760002106","Neonatal Nightingale","4.1.14","4","4","no_prime_trial_22","22","LTR","","0","num_2","num_1","num_2","NA","NA","num_2","1172.038699965924","10657.98159991391","NA","NA","1172.038699965924","2","psycho","5, 1, 4, 2, 6, 3, 2, 5, 1, 3, 6, 4, 3, 1, 4, 5, 2, 6, 6, 5, 3, 4, 1, 2, 4, 1, 5, 6, 3, 2, 3, 4, 2, 1, 6, 5, 3, 6, 4, 2, 5, 1, 2, 6, 4, 1, 3, 5","False","1024","2","48000","-16","experiment","60","even","377.33905860001687","768.0","768.0","124.0","740.0","98797.70490003284","NA","NA","5710.881400038488","377338.9474999858","377339.03459995054","NA","14432.68630001694","59568.896299926564","NA","5711.218899930827","384544.1772999475","377327.7742000064","NA","377344.74979992956","377350.5869000219","24544.047000003047","383363.1822000025","109456.38069999404","NA","NA","109999.59259992465","377327.7557999827","384544.14739995264","383371.57670001034","377327.7175000403","378353.6882000044","378350.8051999379","109999.73029992543","377327.4814999895","378353.7337000016","378361.4612999372","14432.761800009757","Attentional Spatial Bias","0","0","0","22","We will now calibrate the eye tracker.<br><b>Please follow the moving dot with your eyes and keep your head still.<b><br>Please wait.","Thank you for participating!<br><b>The experiment has now ended.<b><br>Please call the experimenter.","In this experiment, you will read a short story presented on the screen.<br><br>Please read each line carefully, as you will be asked a few questions about the story at the end of the experiment.<br><br>After each paragraph, you will see a pair of images.<br><br>Look at both images and count the total number of circles across the two pictures.<br><br>on the next screen you can see examples of a correct circle and an incorrect shape. Only count shapes that match the correct circle example..<br><br>Press any key to begin.","Experimenter: enter circle count (press 0-3)","Welcome!<br><br>Press any key to continue.","English","1536","0","0","0","0","-308","308","-308","308"
"6","5000","8","undefined","undefined","undefined","undefined","#1a1a1a","3","psycho","True","psycho","psycho","uniform","undefined","undefined","undefined","0","NA","0","0","22","22","0","0","0","NA","0","22","22","NA","22","22","0","22","0","0","NA","0","22","22","22","22","22","22","0","22","22","22","0","99.01945725304705","Tue Jul 21 15:15:07 2026","1000","The main experiment item","False","V7_AttentionalSpatialBias_.osexp","C:\Users\plcm\Desktop\2026-EyeTracking\group-bayes\Experiment","200.29409998096526","012.png","530.82624","382.63104","True","False","mono","False","18","no","white","no","yes","LTR","530.82624","382.63104","864","3","012.png","013.png","num_2","psycho","English","22","22","C:\Users\plcm\Desktop\2026-EyeTracking\group-bayes\Experiment\subject-60.csv","150","psycho","no","385887.4633000232","Neonatal Nightingale","4.1.14","1","1","no_prime_trial_23","23","LTR","","0","num_1","num_1","num_1","NA","NA","num_1","1303.4376000287011","10657.98159991391","NA","NA","1303.4376000287011","2","psycho","5, 1, 4, 2, 6, 3, 2, 5, 1, 3, 6, 4, 3, 1, 4, 5, 2, 6, 6, 5, 3, 4, 1, 2, 4, 1, 5, 6, 3, 2, 3, 4, 2, 1, 6, 5, 3, 6, 4, 2, 5, 1, 2, 6, 4, 1, 3, 5","False","1024","2","48000","-16","experiment","60","even","384.6735802999465","460.0","1076.0","432.0","432.0","98797.70490003284","NA","NA","5710.881400038488","384673.47789998166","384673.5563999973","NA","14432.68630001694","59568.896299926564","NA","5711.218899930827","392200.2500999952","384660.86009994615","NA","384869.5753000211","384875.5058000097","24544.047000003047","390887.77999999","109456.38069999404","NA","NA","109999.59259992465","384660.83860001527","392200.22070000414","390896.2297999533","384660.790199996","385879.9314999487","385875.97990001086","109999.73029992543","384660.2822999703","385880.04349998664","385887.4291999964","14432.761800009757","Attentional Spatial Bias","0","0","0","23","We will now calibrate the eye tracker.<br><b>Please follow the moving dot with your eyes and keep your head still.<b><br>Please wait.","Thank you for participating!<br><b>The experiment has now ended.<b><br>Please call the experimenter.","In this experiment, you will read a short story presented on the screen.<br><br>Please read each line carefully, as you will be asked a few questions about the story at the end of the experiment.<br><br>After each paragraph, you will see a pair of images.<br><br>Look at both images and count the total number of circles across the two pictures.<br><br>on the next screen you can see examples of a correct circle and an incorrect shape. Only count shapes that match the correct circle example..<br><br>Press any key to begin.","Experimenter: enter circle count (press 0-3)","Welcome!<br><br>Press any key to continue.","English","1536","-308","308","-308","308","0","0","0","0"
"6","5000","8","undefined","undefined","undefined","undefined","#1a1a1a","3","psycho","True","psycho","psycho","uniform","undefined","undefined","undefined","0","NA","0","0","23","23","0","0","0","NA","0","23","23","NA","23","23","0","23","0","0","NA","0","23","23","23","23","23","23","0","23","23","23","0","94.80319628920537","Tue Jul 21 15:15:07 2026","1000","The main experiment item","False","V7_AttentionalSpatialBias_.osexp","C:\Users\plcm\Desktop\2026-EyeTracking\group-bayes\Experiment","192.48119997791946","014.png","632.4940799999999","424.76832","True","False","mono","False","18","no","white","no","yes","LTR","632.4940799999999","424.76832","864","3","014.png","015.png","num_2","psycho","English","23","23","C:\Users\plcm\Desktop\2026-EyeTracking\group-bayes\Experiment\subject-60.csv","150","psycho","no","393519.7508999845","Neonatal Nightingale","4.1.14","2","2","no_prime_trial_24","24","LTR","","0","num_0","num_1","num_0","NA","NA","num_0","3187.205799971707","10657.98159991391","NA","NA","3187.205799971707","2","psycho","5, 1, 4, 2, 6, 3, 2, 5, 1, 3, 6, 4, 3, 1, 4, 5, 2, 6, 6, 5, 3, 4, 1, 2, 4, 1, 5, 6, 3, 2, 3, 4, 2, 1, 6, 5, 3, 6, 4, 2, 5, 1, 2, 6, 4, 1, 3, 5","False","1024","2","48000","-16","experiment","60","even","392.35973889997695","501.0","1035.0","278.0","586.0","98797.70490003284","NA","NA","5710.881400038488","392359.6147999633","392359.7119000042","NA","14432.68630001694","59568.896299926564","NA","5711.218899930827","401720.3459999291","392347.0060999971","NA","392502.7431999333","392508.37689999025","24544.047000003047","398524.8674999457","109456.38069999404","NA","NA","109999.59259992465","392346.97750001214","401720.2970000217","398532.45920001063","392346.91359999124","393511.67979999445","393508.8859000243","109999.73029992543","392346.3566999417","393511.73339993693","393519.71120003145","14432.761800009757","Attentional Spatial Bias","0","0","0","24","We will now calibrate the eye tracker.<br><b>Please follow the moving dot with your eyes and keep your head still.<b><br>Please wait.","Thank you for participating!<br><b>The experiment has now ended.<b><br>Please call the experimenter.","In this experiment, you will read a short story presented on the screen.<br><br>Please read each line carefully, as you will be asked a few questions about the story at the end of the experiment.<br><br>After each paragraph, you will see a pair of images.<br><br>Look at both images and count the total number of circles across the two pictures.<br><br>on the next screen you can see examples of a correct circle and an incorrect shape. Only count shapes that match the correct circle example..<br><br>Press any key to begin.","Experimenter: enter circle count (press 0-3)","Welcome!<br><br>Press any key to continue.","English","1536","-267","267","-267","267","-154","154","-154","154"
"6","5000","8","undefined","undefined","undefined","undefined","#1a1a1a","4","psycho","True","psycho","psycho","uniform","undefined","undefined","undefined","0","NA","0","0","24","24","0","0","0","NA","0","24","24","NA","24","24","0","24","0","0","NA","0","24","24","24","24","24","24","0","24","24","24","0","31.270756322161457","Tue Jul 21 15:15:07 2026","1000","The main experiment item","False","V7_AttentionalSpatialBias_.osexp","C:\Users\plcm\Desktop\2026-EyeTracking\group-bayes\Experiment","268.0263000074774","000.png","697.15968","209.03616","True","False","mono","False","18","no","white","no","yes","LTR","697.15968","209.03616","864","4","000.png","001.png","num_2","psycho","English","24","24","C:\Users\plcm\Desktop\2026-EyeTracking\group-bayes\Experiment\subject-60.csv","150","psycho","no","420560.87609997485","Neonatal Nightingale","4.1.14","4","4","prime_5","25","LTR","He found a small house with an old woman, a cat, and a hen. The cat and hen were mean and called him useless. Sad, he left and kept wandering alone.","0","num_2","num_1","num_2","NA","NA","num_2","3685.891899978742","10657.98159991391","NA","NA","3685.891899978742","2","psycho","5, 1, 4, 2, 6, 3, 2, 5, 1, 3, 6, 4, 3, 1, 4, 5, 2, 6, 6, 5, 3, 4, 1, 2, 4, 1, 5, 6, 3, 2, 3, 4, 2, 1, 6, 5, 3, 6, 4, 2, 5, 1, 2, 6, 4, 1, 3, 5","True","1024","2","48000","-16","experiment","60","even","419.53738220001105","768.0","768.0","124.0","740.0","98797.70490003284","NA","NA","5710.881400038488","419537.31699998025","419537.36409998965","NA","14432.68630001694","59568.896299926564","NA","5711.218899930827","429256.53399992734","419528.1532999361","NA","419542.6217999775","419548.02899993956","24544.047000003047","425561.69450003654","109456.38069999404","NA","NA","109999.59259992465","401830.87099995464","429256.48590002675","425569.9475000147","401830.80859994516","420551.48200003896","420548.44529996626","109999.73029992543","401830.49820002634","420551.5372999944","420560.84429996554","14432.761800009757","Attentional Spatial Bias","0","0","0","25","We will now calibrate the eye tracker.<br><b>Please follow the moving dot with your eyes and keep your head still.<b><br>Please wait.","Thank you for participating!<br><b>The experiment has now ended.<b><br>Please call the experimenter.","In this experiment, you will read a short story presented on the screen.<br><br>Please read each line carefully, as you will be asked a few questions about the story at the end of the experiment.<br><br>After each paragraph, you will see a pair of images.<br><br>Look at both images and count the total number of circles across the two pictures.<br><br>on the next screen you can see examples of a correct circle and an incorrect shape. Only count shapes that match the correct circle example..<br><br>Press any key to begin.","Experimenter: enter circle count (press 0-3)","Welcome!<br><br>Press any key to continue.","English","1536","0","0","0","0","-308","308","-308","308"
"6","5000","8","undefined","undefined","undefined","undefined","#1a1a1a","4","psycho","True","psycho","psycho","uniform","undefined","undefined","undefined","0","NA","0","0","25","25","0","0","0","NA","0","25","25","NA","25","25","0","25","0","0","NA","0","25","25","25","25","25","25","0","25","25","25","0","28.609656628544084","Tue Jul 21 15:15:07 2026","1000","The main experiment item","False","V7_AttentionalSpatialBias_.osexp","C:\Users\plcm\Desktop\2026-EyeTracking\group-bayes\Experiment","217.31440001167357","002.png","600.09984","447.88896","True","False","mono","False","18","no","white","no","yes","LTR","600.09984","447.88896","864","4","002.png","003.png","num_2","psycho","English","25","25","C:\Users\plcm\Desktop\2026-EyeTracking\group-bayes\Experiment\subject-60.csv","150","psycho","no","430629.76089993026","Neonatal Nightingale","4.1.14","1","1","no_prime_trial_26","26","LTR","","0","num_1","num_1","num_1","NA","NA","num_1","1420.2830999856815","10657.98159991391","NA","NA","1420.2830999856815","2","psycho","5, 1, 4, 2, 6, 3, 2, 5, 1, 3, 6, 4, 3, 1, 4, 5, 2, 6, 6, 5, 3, 4, 1, 2, 4, 1, 5, 6, 3, 2, 3, 4, 2, 1, 6, 5, 3, 6, 4, 2, 5, 1, 2, 6, 4, 1, 3, 5","False","1024","2","48000","-16","experiment","60","even","429.37491939996835","460.0","1076.0","432.0","432.0","98797.70490003284","NA","NA","5710.881400038488","429374.8018000042","429374.893900007","NA","14432.68630001694","59568.896299926564","NA","5711.218899930827","437064.59810002707","429363.2311000256","NA","429607.7333999565","429613.43969998416","24544.047000003047","435633.5578999715","109456.38069999404","NA","NA","109999.59259992465","429363.2098999806","437064.56760002766","435643.5189000331","429363.1585999392","430617.62329994235","430613.9522999292","109999.73029992543","429362.3768000398","430617.6833999343","430629.72399999853","14432.761800009757","Attentional Spatial Bias","0","0","0","26","We will now calibrate the eye tracker.<br><b>Please follow the moving dot with your eyes and keep your head still.<b><br>Please wait.","Thank you for participating!<br><b>The experiment has now ended.<b><br>Please call the experimenter.","In this experiment, you will read a short story presented on the screen.<br><br>Please read each line carefully, as you will be asked a few questions about the story at the end of the experiment.<br><br>After each paragraph, you will see a pair of images.<br><br>Look at both images and count the total number of circles across the two pictures.<br><br>on the next screen you can see examples of a correct circle and an incorrect shape. Only count shapes that match the correct circle example..<br><br>Press any key to begin.","Experimenter: enter circle count (press 0-3)","Welcome!<br><br>Press any key to continue.","English","1536","-308","308","-308","308","0","0","0","0"
"6","5000","8","undefined","undefined","undefined","undefined","#1a1a1a","4","psycho","True","psycho","psycho","uniform","undefined","undefined","undefined","0","NA","0","0","26","26","0","0","0","NA","0","26","26","NA","26","26","0","26","0","0","NA","0","26","26","26","26","26","26","0","26","26","26","0","53.4169642979007","Tue Jul 21 15:15:07 2026","1000","The main experiment item","False","V7_AttentionalSpatialBias_.osexp","C:\Users\plcm\Desktop\2026-EyeTracking\group-bayes\Experiment","228.5658000037074","005.png","876.1190399999999","247.73471999999998","True","False","mono","False","18","no","white","no","yes","LTR","876.1190399999999","247.73471999999998","864","4","004.png","005.png","num_2","psycho","English","26","26","C:\Users\plcm\Desktop\2026-EyeTracking\group-bayes\Experiment\subject-60.csv","150","psycho","no","438474.24160002265","Neonatal Nightingale","4.1.14","5","5","no_prime_trial_27","27","LTR","","0","num_2","num_1","num_2","NA","NA","num_2","697.3393000662327","10657.98159991391","NA","NA","697.3393000662327","2","psycho","5, 1, 4, 2, 6, 3, 2, 5, 1, 3, 6, 4, 3, 1, 4, 5, 2, 6, 6, 5, 3, 4, 1, 2, 4, 1, 5, 6, 3, 2, 3, 4, 2, 1, 6, 5, 3, 6, 4, 2, 5, 1, 2, 6, 4, 1, 3, 5","False","1024","2","48000","-16","experiment","60","even","437.2077120000031","614.0","922.0","699.0","165.0","98797.70490003284","NA","NA","5710.881400038488","437207.5901000062","437207.68849994056","NA","14432.68630001694","59568.896299926564","NA","5711.218899930827","444184.6368999686","437196.64039998315","NA","437458.7820000015","437464.54970003106","24544.047000003047","443478.40839996934","109456.38069999404","NA","NA","109999.59259992465","437196.61839993205","444184.60159993265","443486.369799939","437196.56169996597","438468.2563999668","438464.6562000271","109999.73029992543","437195.68979996257","438468.318499974","438474.2007999448","14432.761800009757","Attentional Spatial Bias","0","0","0","27","We will now calibrate the eye tracker.<br><b>Please follow the moving dot with your eyes and keep your head still.<b><br>Please wait.","Thank you for participating!<br><b>The experiment has now ended.<b><br>Please call the experimenter.","In this experiment, you will read a short story presented on the screen.<br><br>Please read each line carefully, as you will be asked a few questions about the story at the end of the experiment.<br><br>After each paragraph, you will see a pair of images.<br><br>Look at both images and count the total number of circles across the two pictures.<br><br>on the next screen you can see examples of a correct circle and an incorrect shape. Only count shapes that match the correct circle example..<br><br>Press any key to begin.","Experimenter: enter circle count (press 0-3)","Welcome!<br><br>Press any key to continue.","English","1536","-154","154","-154","154","267","-267","267","-267"
"6","5000","8","undefined","undefined","undefined","undefined","#1a1a1a","4","psycho","True","psycho","psycho","uniform","undefined","undefined","undefined","0","NA","0","0","27","27","0","0","0","NA","0","27","27","NA","27","27","0","27","0","0","NA","0","27","27","27","27","27","27","0","27","27","27","0","83.03878746120519","Tue Jul 21 15:15:07 2026","1000","The main experiment item","False","V7_AttentionalSpatialBias_.osexp","C:\Users\plcm\Desktop\2026-EyeTracking\group-bayes\Experiment","216.69099992141128","007.png","934.2719999999999","343.54368","True","False","mono","False","18","no","white","no","yes","LTR","934.2719999999999","343.54368","864","4","006.png","007.png","num_2","psycho","English","27","27","C:\Users\plcm\Desktop\2026-EyeTracking\group-bayes\Experiment\subject-60.csv","150","psycho","no","445594.4731000345","Neonatal Nightingale","4.1.14","6","6","no_prime_trial_28","28","LTR","","0","num_2","num_1","num_2","NA","NA","num_2","1314.529300085269","10657.98159991391","NA","NA","1314.529300085269","2","psycho","5, 1, 4, 2, 6, 3, 2, 5, 1, 3, 6, 4, 3, 1, 4, 5, 2, 6, 6, 5, 3, 4, 1, 2, 4, 1, 5, 6, 3, 2, 3, 4, 2, 1, 6, 5, 3, 6, 4, 2, 5, 1, 2, 6, 4, 1, 3, 5","False","1024","2","48000","-16","experiment","60","even","444.3367947000079","501.0","1035.0","586.0","278.0","98797.70490003284","NA","NA","5710.881400038488","444336.6896000225","444336.7686999263","NA","14432.68630001694","59568.896299926564","NA","5711.218899930827","451920.63299997244","444325.4224000266","NA","444575.06409997586","444580.69969993085","24544.047000003047","450597.6064000279","109456.38069999404","NA","NA","109999.59259992465","444325.40249999147","451920.599999954","450605.286099948","444325.3527999623","445583.87460000813","445580.90850000735","109999.73029992543","444324.7917999979","445583.92549993005","445594.4327999605","14432.761800009757","Attentional Spatial Bias","0","0","0","28","We will now calibrate the eye tracker.<br><b>Please follow the moving dot with your eyes and keep your head still.<b><br>Please wait.","Thank you for participating!<br><b>The experiment has now ended.<b><br>Please call the experimenter.","In this experiment, you will read a short story presented on the screen.<br><br>Please read each line carefully, as you will be asked a few questions about the story at the end of the experiment.<br><br>After each paragraph, you will see a pair of images.<br><br>Look at both images and count the total number of circles across the two pictures.<br><br>on the next screen you can see examples of a correct circle and an incorrect shape. Only count shapes that match the correct circle example..<br><br>Press any key to begin.","Experimenter: enter circle count (press 0-3)","Welcome!<br><br>Press any key to continue.","English","1536","-267","267","-267","267","154","-154","154","-154"
"6","5000","8","undefined","undefined","undefined","undefined","#1a1a1a","4","psycho","True","psycho","psycho","uniform","undefined","undefined","undefined","0","NA","0","0","28","28","0","0","0","NA","0","28","28","NA","28","28","0","28","0","0","NA","0","28","28","28","28","28","28","0","28","28","28","0","99.14433196284293","Tue Jul 21 15:15:07 2026","1000","The main experiment item","False","V7_AttentionalSpatialBias_.osexp","C:\Users\plcm\Desktop\2026-EyeTracking\group-bayes\Experiment","272.1982999937609","008.png","590.46912","248.42592000000002","True","False","mono","False","18","no","white","no","yes","LTR","590.46912","248.42592000000002","864","4","008.png","009.png","num_2","psycho","English","28","28","C:\Users\plcm\Desktop\2026-EyeTracking\group-bayes\Experiment\subject-60.csv","150","psycho","no","453082.2358999867","Neonatal Nightingale","4.1.14","3","3","no_prime_trial_29","29","LTR","","0","num_0","num_1","num_0","NA","NA","num_0","1867.509900010191","10657.98159991391","NA","NA","1867.509900010191","2","psycho","5, 1, 4, 2, 6, 3, 2, 5, 1, 3, 6, 4, 3, 1, 4, 5, 2, 6, 6, 5, 3, 4, 1, 2, 4, 1, 5, 6, 3, 2, 3, 4, 2, 1, 6, 5, 3, 6, 4, 2, 5, 1, 2, 6, 4, 1, 3, 5","False","1024","2","48000","-16","experiment","60","even","452.06071719992906","614.0","922.0","165.0","699.0","98797.70490003284","NA","NA","5710.881400038488","452060.59390003793","452060.6921999715","NA","14432.68630001694","59568.896299926564","NA","5711.218899930827","459960.337699973","452049.5084000286","NA","452066.2757999962","452071.73560000956","24544.047000003047","458083.8342999341","109456.38069999404","NA","NA","109999.59259992465","452049.4875999866","459960.29499999713","458092.1398999635","452049.4358999422","453075.60490001924","453072.31620000675","109999.73029992543","452049.0793000208","453075.65020001493","453082.20319997054","14432.761800009757","Attentional Spatial Bias","0","0","0","29","We will now calibrate the eye tracker.<br><b>Please follow the moving dot with your eyes and keep your head still.<b><br>Please wait.","Thank you for participating!<br><b>The experiment has now ended.<b><br>Please call the experimenter.","In this experiment, you will read a short story presented on the screen.<br><br>Please read each line carefully, as you will be asked a few questions about the story at the end of the experiment.<br><br>After each paragraph, you will see a pair of images.<br><br>Look at both images and count the total number of circles across the two pictures.<br><br>on the next screen you can see examples of a correct circle and an incorrect shape. Only count shapes that match the correct circle example..<br><br>Press any key to begin.","Experimenter: enter circle count (press 0-3)","Welcome!<br><br>Press any key to continue.","English","1536","-154","154","-154","154","-267","267","-267","267"
"6","5000","8","undefined","undefined","undefined","undefined","#1a1a1a","4","psycho","True","psycho","psycho","uniform","undefined","undefined","undefined","0","NA","0","0","29","29","0","0","0","NA","0","29","29","NA","29","29","0","29","0","0","NA","0","29","29","29","29","29","29","0","29","29","29","0","81.20185858160634","Tue Jul 21 15:15:07 2026","1000","The main experiment item","False","V7_AttentionalSpatialBias_.osexp","C:\Users\plcm\Desktop\2026-EyeTracking\group-bayes\Experiment","206.26080001238734","010.png","537.40032","280.31616","True","False","mono","False","18","no","white","no","yes","LTR","537.40032","280.31616","864","4","010.png","011.png","num_2","psycho","English","29","29","C:\Users\plcm\Desktop\2026-EyeTracking\group-bayes\Experiment\subject-60.csv","150","psycho","no","461118.30430000555","Neonatal Nightingale","4.1.14","2","2","no_prime_trial_30","30","LTR","","0","num_2","num_1","num_2","NA","NA","num_2","1479.8127999529243","10657.98159991391","NA","NA","1479.8127999529243","2","psycho","5, 1, 4, 2, 6, 3, 2, 5, 1, 3, 6, 4, 3, 1, 4, 5, 2, 6, 6, 5, 3, 4, 1, 2, 4, 1, 5, 6, 3, 2, 3, 4, 2, 1, 6, 5, 3, 6, 4, 2, 5, 1, 2, 6, 4, 1, 3, 5","False","1024","2","48000","-16","experiment","60","even","460.094522499945","501.0","1035.0","278.0","586.0","98797.70490003284","NA","NA","5710.881400038488","460094.42770003807","460094.5018000202","NA","14432.68630001694","59568.896299926564","NA","5711.218899930827","467608.3449999569","460083.44069996383","NA","460100.00199999195","460105.61069997493","24544.047000003047","466119.6653000079","109456.38069999404","NA","NA","109999.59259992465","460083.42119993176","467608.31719997805","466127.864100039","460083.3675999893","461108.735900023","461105.9078000253","109999.73029992543","460083.06680002715","461108.80249994807","461118.2675999589","14432.761800009757","Attentional Spatial Bias","0","0","0","30","We will now calibrate the eye tracker.<br><b>Please follow the moving dot with your eyes and keep your head still.<b><br>Please wait.","Thank you for participating!<br><b>The experiment has now ended.<b><br>Please call the experimenter.","In this experiment, you will read a short story presented on the screen.<br><br>Please read each line carefully, as you will be asked a few questions about the story at the end of the experiment.<br><br>After each paragraph, you will see a pair of images.<br><br>Look at both images and count the total number of circles across the two pictures.<br><br>on the next screen you can see examples of a correct circle and an incorrect shape. Only count shapes that match the correct circle example..<br><br>Press any key to begin.","Experimenter: enter circle count (press 0-3)","Welcome!<br><br>Press any key to continue.","English","1536","-267","267","-267","267","-154","154","-154","154"
"6","5000","8","undefined","undefined","undefined","undefined","#1a1a1a","5","psycho","True","psycho","psycho","uniform","undefined","undefined","undefined","0","NA","0","0","30","30","0","0","0","NA","0","30","30","NA","30","30","0","30","0","0","NA","0","30","30","30","30","30","30","0","30","30","30","0","42.11753987755696","Tue Jul 21 15:15:07 2026","1000","The main experiment item","False","V7_AttentionalSpatialBias_.osexp","C:\Users\plcm\Desktop\2026-EyeTracking\group-bayes\Experiment","203.1784999417141","012.png","611.03616","251.57088","True","False","mono","False","18","no","white","no","yes","LTR","611.03616","251.57088","864","5","012.png","013.png","num_2","psycho","English","30","30","C:\Users\plcm\Desktop\2026-EyeTracking\group-bayes\Experiment\subject-60.csv","150","psycho","no","477802.1241000388","Neonatal Nightingale","4.1.14","3","3","prime_6","31","LTR","Winter came and it was very cold. He almost froze in a lake, but a farmer found him and took him home.","0","num_0","num_1","num_0","NA","NA","num_0","1095.7373999990523","10657.98159991391","NA","NA","1095.7373999990523","2","psycho","5, 1, 4, 2, 6, 3, 2, 5, 1, 3, 6, 4, 3, 1, 4, 5, 2, 6, 6, 5, 3, 4, 1, 2, 4, 1, 5, 6, 3, 2, 3, 4, 2, 1, 6, 5, 3, 6, 4, 2, 5, 1, 2, 6, 4, 1, 3, 5","True","1024","2","48000","-16","experiment","60","even","476.7779623999959","614.0","922.0","165.0","699.0","98797.70490003284","NA","NA","5710.881400038488","476777.8932999354","476777.94459997676","NA","14432.68630001694","59568.896299926564","NA","5711.218899930827","483912.48780000024","476768.209700007","NA","476783.60450000037","476789.2401999561","24544.047000003047","482807.6333999634","109456.38069999404","NA","NA","109999.59259992465","467733.95160003565","483912.4477999285","482816.04539998807","467733.89779997524","477792.46619995683","477789.4812999293","109999.73029992543","467733.20769995917","477792.5293999724","477802.0862999838","14432.761800009757","Attentional Spatial Bias","0","0","0","31","We will now calibrate the eye tracker.<br><b>Please follow the moving dot with your eyes and keep your head still.<b><br>Please wait.","Thank you for participating!<br><b>The experiment has now ended.<b><br>Please call the experimenter.","In this experiment, you will read a short story presented on the screen.<br><br>Please read each line carefully, as you will be asked a few questions about the story at the end of the experiment.<br><br>After each paragraph, you will see a pair of images.<br><br>Look at both images and count the total number of circles across the two pictures.<br><br>on the next screen you can see examples of a correct circle and an incorrect shape. Only count shapes that match the correct circle example..<br><br>Press any key to begin.","Experimenter: enter circle count (press 0-3)","Welcome!<br><br>Press any key to continue.","English","1536","-154","154","-154","154","-267","267","-267","267"
"6","5000","8","undefined","undefined","undefined","undefined","#1a1a1a","5","psycho","True","psycho","psycho","uniform","undefined","undefined","undefined","0","NA","0","0","31","31","0","0","0","NA","0","31","31","NA","31","31","0","31","0","0","NA","0","31","31","31","31","31","31","0","31","31","31","0","91.4100905994432","Tue Jul 21 15:15:07 2026","1000","The main experiment item","False","V7_AttentionalSpatialBias_.osexp","C:\Users\plcm\Desktop\2026-EyeTracking\group-bayes\Experiment","214.58030003122985","014.png","749.46048","208.9152","True","False","mono","False","18","no","white","no","yes","LTR","749.46048","208.9152","864","5","014.png","015.png","num_2","psycho","English","31","31","C:\Users\plcm\Desktop\2026-EyeTracking\group-bayes\Experiment\subject-60.csv","150","psycho","no","485140.3317999793","Neonatal Nightingale","4.1.14","4","4","no_prime_trial_32","32","LTR","","0","num_0","num_1","num_0","NA","NA","num_0","813.7591000413522","10657.98159991391","NA","NA","813.7591000413522","2","psycho","5, 1, 4, 2, 6, 3, 2, 5, 1, 3, 6, 4, 3, 1, 4, 5, 2, 6, 6, 5, 3, 4, 1, 2, 4, 1, 5, 6, 3, 2, 3, 4, 2, 1, 6, 5, 3, 6, 4, 2, 5, 1, 2, 6, 4, 1, 3, 5","False","1024","2","48000","-16","experiment","60","even","484.06204059999436","768.0","768.0","124.0","740.0","98797.70490003284","NA","NA","5710.881400038488","484061.9305999717","484062.0149000315","NA","14432.68630001694","59568.896299926564","NA","5711.218899930827","490968.173500034","484050.64369994216","NA","484122.5459999405","484127.53689999226","24544.047000003047","490144.8972999351","109456.38069999404","NA","NA","109999.59259992465","484050.62170000747","490968.1407000171","490153.86129997205","484050.5606000079","485131.16330001503","485128.03989998065","109999.73029992543","484049.3362999987","485131.21699995827","485140.29390004","14432.761800009757","Attentional Spatial Bias","0","0","0","32","We will now calibrate the eye tracker.<br><b>Please follow the moving dot with your eyes and keep your head still.<b><br>Please wait.","Thank you for participating!<br><b>The experiment has now ended.<b><br>Please call the experimenter.","In this experiment, you will read a short story presented on the screen.<br><br>Please read each line carefully, as you will be asked a few questions about the story at the end of the experiment.<br><br>After each paragraph, you will see a pair of images.<br><br>Look at both images and count the total number of circles across the two pictures.<br><br>on the next screen you can see examples of a correct circle and an incorrect shape. Only count shapes that match the correct circle example..<br><br>Press any key to begin.","Experimenter: enter circle count (press 0-3)","Welcome!<br><br>Press any key to continue.","English","1536","0","0","0","0","-308","308","-308","308"
"6","5000","8","undefined","undefined","undefined","undefined","#1a1a1a","5","psycho","True","psycho","psycho","uniform","undefined","undefined","undefined","0","NA","0","0","32","32","0","0","0","NA","0","32","32","NA","32","32","0","32","0","0","NA","0","32","32","32","32","32","32","0","32","32","32","0","45.31847068035724","Tue Jul 21 15:15:07 2026","1000","The main experiment item","False","V7_AttentionalSpatialBias_.osexp","C:\Users\plcm\Desktop\2026-EyeTracking\group-bayes\Experiment","221.28130006603897","000.png","558.30528","297.53568","True","False","mono","False","18","no","white","no","yes","LTR","558.30528","297.53568","864","5","000.png","001.png","num_2","psycho","English","32","32","C:\Users\plcm\Desktop\2026-EyeTracking\group-bayes\Experiment\subject-60.csv","150","psycho","no","492107.5017999392","Neonatal Nightingale","4.1.14","2","2","no_prime_trial_33","33","LTR","","0","num_2","num_1","num_2","NA","NA","num_2","742.0409000478685","10657.98159991391","NA","NA","742.0409000478685","2","psycho","5, 1, 4, 2, 6, 3, 2, 5, 1, 3, 6, 4, 3, 1, 4, 5, 2, 6, 6, 5, 3, 4, 1, 2, 4, 1, 5, 6, 3, 2, 3, 4, 2, 1, 6, 5, 3, 6, 4, 2, 5, 1, 2, 6, 4, 1, 3, 5","False","1024","2","48000","-16","experiment","60","even","491.08508200000506","501.0","1035.0","278.0","586.0","98797.70490003284","NA","NA","5710.881400038488","491084.9674999481","491085.0535000209","NA","14432.68630001694","59568.896299926564","NA","5711.218899930827","497864.53439993784","491072.7634000359","NA","491090.4711999465","491096.21729992796","24544.047000003047","497113.0310000153","109456.38069999404","NA","NA","109999.59259992465","491072.74490001146","497864.50050002895","497121.6476999689","491072.7045999374","492099.8147999635","492096.6381999897","109999.73029992543","491072.3115999717","492099.8716999311","492107.4468999868","14432.761800009757","Attentional Spatial Bias","0","0","0","33","We will now calibrate the eye tracker.<br><b>Please follow the moving dot with your eyes and keep your head still.<b><br>Please wait.","Thank you for participating!<br><b>The experiment has now ended.<b><br>Please call the experimenter.","In this experiment, you will read a short story presented on the screen.<br><br>Please read each line carefully, as you will be asked a few questions about the story at the end of the experiment.<br><br>After each paragraph, you will see a pair of images.<br><br>Look at both images and count the total number of circles across the two pictures.<br><br>on the next screen you can see examples of a correct circle and an incorrect shape. Only count shapes that match the correct circle example..<br><br>Press any key to begin.","Experimenter: enter circle count (press 0-3)","Welcome!<br><br>Press any key to continue.","English","1536","-267","267","-267","267","-154","154","-154","154"
"6","5000","8","undefined","undefined","undefined","undefined","#1a1a1a","5","psycho","True","psycho","psycho","uniform","undefined","undefined","undefined","0","NA","0","0","33","33","0","0","0","NA","0","33","33","NA","33","33","0","33","0","0","NA","0","33","33","33","33","33","33","0","33","33","33","0","41.09547773076753","Tue Jul 21 15:15:07 2026","1000","The main experiment item","False","V7_AttentionalSpatialBias_.osexp","C:\Users\plcm\Desktop\2026-EyeTracking\group-bayes\Experiment","225.43829993810505","002.png","564.0345599999999","382.29407999999995","True","False","mono","False","18","no","white","no","yes","LTR","564.0345599999999","382.29407999999995","864","5","002.png","003.png","num_2","psycho","English","33","33","C:\Users\plcm\Desktop\2026-EyeTracking\group-bayes\Experiment\subject-60.csv","150","psycho","no","499238.9817000367","Neonatal Nightingale","4.1.14","1","1","no_prime_trial_34","34","LTR","","0","num_1","num_1","num_1","NA","NA","num_1","1286.4530999213457","10657.98159991391","NA","NA","1286.4530999213457","2","psycho","5, 1, 4, 2, 6, 3, 2, 5, 1, 3, 6, 4, 3, 1, 4, 5, 2, 6, 6, 5, 3, 4, 1, 2, 4, 1, 5, 6, 3, 2, 3, 4, 2, 1, 6, 5, 3, 6, 4, 2, 5, 1, 2, 6, 4, 1, 3, 5","False","1024","2","48000","-16","experiment","60","even","497.97953669994604","460.0","1076.0","432.0","432.0","98797.70490003284","NA","NA","5710.881400038488","497979.41399994306","497979.51049997937","NA","14432.68630001694","59568.896299926564","NA","5711.218899930827","505536.38820000924","497967.90980000515","NA","498222.91070001666","498228.4897000063","24544.047000003047","504241.00839998573","109456.38069999404","NA","NA","109999.59259992465","497967.8888999624","505536.3548999885","504249.1923000198","497967.8331000032","499231.5379999345","499228.6377999699","109999.73029992543","497967.35139994416","499231.5845999401","499238.9427999733","14432.761800009757","Attentional Spatial Bias","0","0","0","34","We will now calibrate the eye tracker.<br><b>Please follow the moving dot with your eyes and keep your head still.<b><br>Please wait.","Thank you for participating!<br><b>The experiment has now ended.<b><br>Please call the experimenter.","In this experiment, you will read a short story presented on the screen.<br><br>Please read each line carefully, as you will be asked a few questions about the story at the end of the experiment.<br><br>After each paragraph, you will see a pair of images.<br><br>Look at both images and count the total number of circles across the two pictures.<br><br>on the next screen you can see examples of a correct circle and an incorrect shape. Only count shapes that match the correct circle example..<br><br>Press any key to begin.","Experimenter: enter circle count (press 0-3)","Welcome!<br><br>Press any key to continue.","English","1536","-308","308","-308","308","0","0","0","0"
"6","5000","8","undefined","undefined","undefined","undefined","#1a1a1a","5","psycho","True","psycho","psycho","uniform","undefined","undefined","undefined","0","NA","0","0","34","34","0","0","0","NA","0","34","34","NA","34","34","0","34","0","0","NA","0","34","34","34","34","34","34","0","34","34","34","0","84.22874154920754","Tue Jul 21 15:15:07 2026","1000","The main experiment item","False","V7_AttentionalSpatialBias_.osexp","C:\Users\plcm\Desktop\2026-EyeTracking\group-bayes\Experiment","242.55790002644062","004.png","596.45952","483.16608","True","False","mono","False","18","no","white","no","yes","LTR","596.45952","483.16608","864","5","004.png","005.png","num_2","psycho","English","34","34","C:\Users\plcm\Desktop\2026-EyeTracking\group-bayes\Experiment\subject-60.csv","150","psycho","no","506696.49909995496","Neonatal Nightingale","4.1.14","6","6","no_prime_trial_35","35","LTR","","0","num_2","num_1","num_2","NA","NA","num_2","677.0635999273509","10657.98159991391","NA","NA","677.0635999273509","2","psycho","5, 1, 4, 2, 6, 3, 2, 5, 1, 3, 6, 4, 3, 1, 4, 5, 2, 6, 6, 5, 3, 4, 1, 2, 4, 1, 5, 6, 3, 2, 3, 4, 2, 1, 6, 5, 3, 6, 4, 2, 5, 1, 2, 6, 4, 1, 3, 5","False","1024","2","48000","-16","experiment","60","even","505.67244540003594","501.0","1035.0","586.0","278.0","98797.70490003284","NA","NA","5710.881400038488","505672.2974999575","505672.4078999832","NA","14432.68630001694","59568.896299926564","NA","5711.218899930827","512384.4671000261","505660.61819996685","NA","505677.81359993387","505683.48210002296","24544.047000003047","511698.25639994815","109456.38069999404","NA","NA","109999.59259992465","505660.59670003597","512384.4310999848","511706.68830000795","505660.54319997784","506687.4494999647","506683.98870003875","109999.73029992543","505659.6420999849","506687.50010000076","506696.45799999125","14432.761800009757","Attentional Spatial Bias","0","0","0","35","We will now calibrate the eye tracker.<br><b>Please follow the moving dot with your eyes and keep your head still.<b><br>Please wait.","Thank you for participating!<br><b>The experiment has now ended.<b><br>Please call the experimenter.","In this experiment, you will read a short story presented on the screen.<br><br>Please read each line carefully, as you will be asked a few questions about the story at the end of the experiment.<br><br>After each paragraph, you will see a pair of images.<br><br>Look at both images and count the total number of circles across the two pictures.<br><br>on the next screen you can see examples of a correct circle and an incorrect shape. Only count shapes that match the correct circle example..<br><br>Press any key to begin.","Experimenter: enter circle count (press 0-3)","Welcome!<br><br>Press any key to continue.","English","1536","-267","267","-267","267","154","-154","154","-154"
"6","5000","8","undefined","undefined","undefined","undefined","#1a1a1a","5","psycho","True","psycho","psycho","uniform","undefined","undefined","undefined","0","NA","0","0","35","35","0","0","0","NA","0","35","35","NA","35","35","0","35","0","0","NA","0","35","35","35","35","35","35","0","35","35","35","0","42.15002552642633","Tue Jul 21 15:15:07 2026","1000","The main experiment item","False","V7_AttentionalSpatialBias_.osexp","C:\Users\plcm\Desktop\2026-EyeTracking\group-bayes\Experiment","304.30159997195005","007.png","907.03872","218.64384","True","False","mono","False","18","no","white","no","yes","LTR","907.03872","218.64384","864","5","006.png","007.png","num_2","psycho","English","35","35","C:\Users\plcm\Desktop\2026-EyeTracking\group-bayes\Experiment\subject-60.csv","150","psycho","no","513787.9141999874","Neonatal Nightingale","4.1.14","5","5","no_prime_trial_36","36","LTR","","0","num_2","num_1","num_2","NA","NA","num_2","739.3582999939099","10657.98159991391","NA","NA","739.3582999939099","2","psycho","5, 1, 4, 2, 6, 3, 2, 5, 1, 3, 6, 4, 3, 1, 4, 5, 2, 6, 6, 5, 3, 4, 1, 2, 4, 1, 5, 6, 3, 2, 3, 4, 2, 1, 6, 5, 3, 6, 4, 2, 5, 1, 2, 6, 4, 1, 3, 5","False","1024","2","48000","-16","experiment","60","even","512.5410558999283","614.0","922.0","699.0","165.0","98797.70490003284","NA","NA","5710.881400038488","512540.9460000228","512541.03049996775","NA","14432.68630001694","59568.896299926564","NA","5711.218899930827","519536.52500000317","512528.1629000092","NA","512770.93879994936","512776.28699992783","24544.047000003047","518789.2941000173","109456.38069999404","NA","NA","109999.59259992465","512528.1423999695","519536.4919999847","518796.28110001795","512528.09030003846","513779.31459993124","513776.5162999276","109999.73029992543","512527.7831000276","513779.36559997033","513787.87869994994","14432.761800009757","Attentional Spatial Bias","0","0","0","36","We will now calibrate the eye tracker.<br><b>Please follow the moving dot with your eyes and keep your head still.<b><br>Please wait.","Thank you for participating!<br><b>The experiment has now ended.<b><br>Please call the experimenter.","In this experiment, you will read a short story presented on the screen.<br><br>Please read each line carefully, as you will be asked a few questions about the story at the end of the experiment.<br><br>After each paragraph, you will see a pair of images.<br><br>Look at both images and count the total number of circles across the two pictures.<br><br>on the next screen you can see examples of a correct circle and an incorrect shape. Only count shapes that match the correct circle example..<br><br>Press any key to begin.","Experimenter: enter circle count (press 0-3)","Welcome!<br><br>Press any key to continue.","English","1536","-154","154","-154","154","267","-267","267","-267"
"6","5000","8","undefined","undefined","undefined","undefined","#1a1a1a","6","psycho","True","psycho","psycho","uniform","undefined","undefined","undefined","0","NA","0","0","36","36","0","0","0","NA","0","36","36","NA","36","36","0","36","0","0","NA","0","36","36","36","36","36","36","0","36","36","36","0","35.64397217460478","Tue Jul 21 15:15:07 2026","1000","The main experiment item","False","V7_AttentionalSpatialBias_.osexp","C:\Users\plcm\Desktop\2026-EyeTracking\group-bayes\Experiment","321.77879998926073","008.png","614.46144","230.3424","True","False","mono","False","18","no","white","no","yes","LTR","614.46144","230.3424","864","6","008.png","009.png","num_2","psycho","English","36","36","C:\Users\plcm\Desktop\2026-EyeTracking\group-bayes\Experiment\subject-60.csv","150","psycho","no","529784.0733999619","Neonatal Nightingale","4.1.14","3","3","prime_7","37","LTR","The farmer's children scared him, so he ran away again into the cold.","0","num_1","num_1","num_1","NA","NA","num_1","2333.106799982488","10657.98159991391","NA","NA","2333.106799982488","2","psycho","5, 1, 4, 2, 6, 3, 2, 5, 1, 3, 6, 4, 3, 1, 4, 5, 2, 6, 6, 5, 3, 4, 1, 2, 4, 1, 5, 6, 3, 2, 3, 4, 2, 1, 6, 5, 3, 6, 4, 2, 5, 1, 2, 6, 4, 1, 3, 5","True","1024","2","48000","-16","experiment","60","even","528.3931161999935","614.0","922.0","165.0","699.0","98797.70490003284","NA","NA","5710.881400038488","528393.0547999917","528393.0986999767","NA","14432.68630001694","59568.896299926564","NA","5711.218899930827","537128.6450999323","528384.0191999916","NA","528766.4234000258","528771.981399972","24544.047000003047","534786.1748000141","109456.38069999404","NA","NA","109999.59259992465","519651.96129994","537128.6124000326","534794.5242000278","519651.8912999891","529774.9795999844","529772.2016000189","109999.73029992543","519651.5972999623","529775.0281000044","529783.9981999714","14432.761800009757","Attentional Spatial Bias","0","0","0","37","We will now calibrate the eye tracker.<br><b>Please follow the moving dot with your eyes and keep your head still.<b><br>Please wait.","Thank you for participating!<br><b>The experiment has now ended.<b><br>Please call the experimenter.","In this experiment, you will read a short story presented on the screen.<br><br>Please read each line carefully, as you will be asked a few questions about the story at the end of the experiment.<br><br>After each paragraph, you will see a pair of images.<br><br>Look at both images and count the total number of circles across the two pictures.<br><br>on the next screen you can see examples of a correct circle and an incorrect shape. Only count shapes that match the correct circle example..<br><br>Press any key to begin.","Experimenter: enter circle count (press 0-3)","Welcome!<br><br>Press any key to continue.","English","1536","-154","154","-154","154","-267","267","-267","267"
"6","5000","8","undefined","undefined","undefined","undefined","#1a1a1a","6","psycho","True","psycho","psycho","uniform","undefined","undefined","undefined","0","NA","0","0","37","37","0","0","0","NA","0","37","37","NA","37","37","0","37","0","0","NA","0","37","37","37","37","37","37","0","37","37","37","0","87.08355574917688","Tue Jul 21 15:15:07 2026","1000","The main experiment item","False","V7_AttentionalSpatialBias_.osexp","C:\Users\plcm\Desktop\2026-EyeTracking\group-bayes\Experiment","240.6860999763012","011.png","936.46848","285.28416","True","False","mono","False","18","no","white","no","yes","LTR","936.46848","285.28416","864","6","010.png","011.png","num_2","psycho","English","37","37","C:\Users\plcm\Desktop\2026-EyeTracking\group-bayes\Experiment\subject-60.csv","150","psycho","no","538285.7912000036","Neonatal Nightingale","4.1.14","6","6","no_prime_trial_38","38","LTR","","0","num_2","num_1","num_2","NA","NA","num_2","638.4035999653861","10657.98159991391","NA","NA","638.4035999653861","2","psycho","5, 1, 4, 2, 6, 3, 2, 5, 1, 3, 6, 4, 3, 1, 4, 5, 2, 6, 6, 5, 3, 4, 1, 2, 4, 1, 5, 6, 3, 2, 3, 4, 2, 1, 6, 5, 3, 6, 4, 2, 5, 1, 2, 6, 4, 1, 3, 5","False","1024","2","48000","-16","experiment","60","even","537.264426699956","501.0","1035.0","586.0","278.0","98797.70490003284","NA","NA","5710.881400038488","537264.3127000192","537264.4064000342","NA","14432.68630001694","59568.896299926564","NA","5711.218899930827","543936.3110000268","537252.1326999413","NA","537269.8706999654","537275.621799985","24544.047000003047","543286.9833000004","109456.38069999404","NA","NA","109999.59259992465","537252.1105000051","543936.2817000365","543297.2414999967","537252.057799953","538278.5365999443","538275.9724999778","109999.73029992543","537251.7237999709","538278.5842999583","538285.7433999889","14432.761800009757","Attentional Spatial Bias","0","0","0","38","We will now calibrate the eye tracker.<br><b>Please follow the moving dot with your eyes and keep your head still.<b><br>Please wait.","Thank you for participating!<br><b>The experiment has now ended.<b><br>Please call the experimenter.","In this experiment, you will read a short story presented on the screen.<br><br>Please read each line carefully, as you will be asked a few questions about the story at the end of the experiment.<br><br>After each paragraph, you will see a pair of images.<br><br>Look at both images and count the total number of circles across the two pictures.<br><br>on the next screen you can see examples of a correct circle and an incorrect shape. Only count shapes that match the correct circle example..<br><br>Press any key to begin.","Experimenter: enter circle count (press 0-3)","Welcome!<br><br>Press any key to continue.","English","1536","-267","267","-267","267","154","-154","154","-154"
"6","5000","8","undefined","undefined","undefined","undefined","#1a1a1a","6","psycho","True","psycho","psycho","uniform","undefined","undefined","undefined","0","NA","0","0","38","38","0","0","0","NA","0","38","38","NA","38","38","0","38","0","0","NA","0","38","38","38","38","38","38","0","38","38","38","0","35.722393945490296","Tue Jul 21 15:15:07 2026","1000","The main experiment item","False","V7_AttentionalSpatialBias_.osexp","C:\Users\plcm\Desktop\2026-EyeTracking\group-bayes\Experiment","789.2462000017986","012.png","727.89504","236.64096","True","False","mono","False","18","no","white","no","yes","LTR","727.89504","236.64096","864","6","012.png","013.png","num_2","psycho","English","38","38","C:\Users\plcm\Desktop\2026-EyeTracking\group-bayes\Experiment\subject-60.csv","150","psycho","no","545334.1577999527","Neonatal Nightingale","4.1.14","4","4","no_prime_trial_39","39","LTR","","0","num_1","num_1","num_1","NA","NA","num_1","1277.5029999902472","10657.98159991391","NA","NA","1277.5029999902472","2","psycho","5, 1, 4, 2, 6, 3, 2, 5, 1, 3, 6, 4, 3, 1, 4, 5, 2, 6, 6, 5, 3, 4, 1, 2, 4, 1, 5, 6, 3, 2, 3, 4, 2, 1, 6, 5, 3, 6, 4, 2, 5, 1, 2, 6, 4, 1, 3, 5","False","1024","2","48000","-16","experiment","60","even","544.0758525999263","768.0","768.0","124.0","740.0","98797.70490003284","NA","NA","5710.881400038488","544075.7622999372","544075.8313999977","NA","14432.68630001694","59568.896299926564","NA","5711.218899930827","551624.2790999822","544063.718499965","NA","544318.1713999948","544323.5632999567","24544.047000003047","550338.0619999953","109456.38069999404","NA","NA","109999.59259992465","544063.7003999436","551624.2414999288","550346.1429999443","544063.6615999974","545326.6209999565","545323.7783999648","109999.73029992543","544063.3248999948","545326.6691999743","545334.1259999434","14432.761800009757","Attentional Spatial Bias","0","0","0","39","We will now calibrate the eye tracker.<br><b>Please follow the moving dot with your eyes and keep your head still.<b><br>Please wait.","Thank you for participating!<br><b>The experiment has now ended.<b><br>Please call the experimenter.","In this experiment, you will read a short story presented on the screen.<br><br>Please read each line carefully, as you will be asked a few questions about the story at the end of the experiment.<br><br>After each paragraph, you will see a pair of images.<br><br>Look at both images and count the total number of circles across the two pictures.<br><br>on the next screen you can see examples of a correct circle and an incorrect shape. Only count shapes that match the correct circle example..<br><br>Press any key to begin.","Experimenter: enter circle count (press 0-3)","Welcome!<br><br>Press any key to continue.","English","1536","0","0","0","0","-308","308","-308","308"
"6","5000","8","undefined","undefined","undefined","undefined","#1a1a1a","6","psycho","True","psycho","psycho","uniform","undefined","undefined","undefined","0","NA","0","0","39","39","0","0","0","NA","0","39","39","NA","39","39","0","39","0","0","NA","0","39","39","39","39","39","39","0","39","39","39","0","77.8358790729932","Tue Jul 21 15:15:07 2026","1000","The main experiment item","False","V7_AttentionalSpatialBias_.osexp","C:\Users\plcm\Desktop\2026-EyeTracking\group-bayes\Experiment","197.5170000223443","014.png","612.15744","316.6128","True","False","mono","False","18","no","white","no","yes","LTR","612.15744","316.6128","864","6","014.png","015.png","num_2","psycho","English","39","39","C:\Users\plcm\Desktop\2026-EyeTracking\group-bayes\Experiment\subject-60.csv","150","psycho","no","552980.682299938","Neonatal Nightingale","4.1.14","2","2","no_prime_trial_40","40","LTR","","0","num_2","num_1","num_2","NA","NA","num_2","745.3672999981791","10657.98159991391","NA","NA","745.3672999981791","2","psycho","5, 1, 4, 2, 6, 3, 2, 5, 1, 3, 6, 4, 3, 1, 4, 5, 2, 6, 6, 5, 3, 4, 1, 2, 4, 1, 5, 6, 3, 2, 3, 4, 2, 1, 6, 5, 3, 6, 4, 2, 5, 1, 2, 6, 4, 1, 3, 5","False","1024","2","48000","-16","experiment","60","even","551.7742991999257","501.0","1035.0","278.0","586.0","98797.70490003284","NA","NA","5710.881400038488","551774.2026000051","551774.2775999941","NA","14432.68630001694","59568.896299926564","NA","5711.218899930827","558736.286600004","551763.0571000045","NA","551963.0650000181","551968.5660999967","24544.047000003047","557982.5722000096","109456.38069999404","NA","NA","109999.59259992465","551763.0374999717","558736.2562000053","557990.2812000364","551762.9923999775","552971.4225999778","552968.8461000333","109999.73029992543","551762.450399925","552971.4724000078","552980.6462000124","14432.761800009757","Attentional Spatial Bias","0","0","0","40","We will now calibrate the eye tracker.<br><b>Please follow the moving dot with your eyes and keep your head still.<b><br>Please wait.","Thank you for participating!<br><b>The experiment has now ended.<b><br>Please call the experimenter.","In this experiment, you will read a short story presented on the screen.<br><br>Please read each line carefully, as you will be asked a few questions about the story at the end of the experiment.<br><br>After each paragraph, you will see a pair of images.<br><br>Look at both images and count the total number of circles across the two pictures.<br><br>on the next screen you can see examples of a correct circle and an incorrect shape. Only count shapes that match the correct circle example..<br><br>Press any key to begin.","Experimenter: enter circle count (press 0-3)","Welcome!<br><br>Press any key to continue.","English","1536","-267","267","-267","267","-154","154","-154","154"
"6","5000","8","undefined","undefined","undefined","undefined","#1a1a1a","6","psycho","True","psycho","psycho","uniform","undefined","undefined","undefined","0","NA","0","0","40","40","0","0","0","NA","0","40","40","NA","40","40","0","40","0","0","NA","0","40","40","40","40","40","40","0","40","40","40","0","31.572544699520293","Tue Jul 21 15:15:07 2026","1000","The main experiment item","False","V7_AttentionalSpatialBias_.osexp","C:\Users\plcm\Desktop\2026-EyeTracking\group-bayes\Experiment","241.1091000540182","000.png","595.72224","558.25632","True","False","mono","False","18","no","white","no","yes","LTR","595.72224","558.25632","864","6","000.png","001.png","num_2","psycho","English","40","40","C:\Users\plcm\Desktop\2026-EyeTracking\group-bayes\Experiment\subject-60.csv","150","psycho","no","560127.6677999413","Neonatal Nightingale","4.1.14","5","5","no_prime_trial_41","41","LTR","","0","num_2","num_1","num_2","NA","NA","num_2","563.1668000714853","10657.98159991391","NA","NA","563.1668000714853","2","psycho","5, 1, 4, 2, 6, 3, 2, 5, 1, 3, 6, 4, 3, 1, 4, 5, 2, 6, 6, 5, 3, 4, 1, 2, 4, 1, 5, 6, 3, 2, 3, 4, 2, 1, 6, 5, 3, 6, 4, 2, 5, 1, 2, 6, 4, 1, 3, 5","False","1024","2","48000","-16","experiment","60","even","558.8564128000289","614.0","922.0","699.0","165.0","98797.70490003284","NA","NA","5710.881400038488","558856.2896000221","558856.3864999451","NA","14432.68630001694","59568.896299926564","NA","5711.218899930827","565704.2588000186","558845.0532000279","NA","559109.8101999378","559115.0852999417","24544.047000003047","565132.3892000364","109456.38069999404","NA","NA","109999.59259992465","558845.0344000012","565704.228800023","565140.4807999497","558844.9958999408","560118.1555000367","560115.383700002","109999.73029992543","558844.661799958","560118.2038999395","560127.6074999478","14432.761800009757","Attentional Spatial Bias","0","0","0","41","We will now calibrate the eye tracker.<br><b>Please follow the moving dot with your eyes and keep your head still.<b><br>Please wait.","Thank you for participating!<br><b>The experiment has now ended.<b><br>Please call the experimenter.","In this experiment, you will read a short story presented on the screen.<br><br>Please read each line carefully, as you will be asked a few questions about the story at the end of the experiment.<br><br>After each paragraph, you will see a pair of images.<br><br>Look at both images and count the total number of circles across the two pictures.<br><br>on the next screen you can see examples of a correct circle and an incorrect shape. Only count shapes that match the correct circle example..<br><br>Press any key to begin.","Experimenter: enter circle count (press 0-3)","Welcome!<br><br>Press any key to continue.","English","1536","-154","154","-154","154","267","-267","267","-267"
"6","5000","8","undefined","undefined","undefined","undefined","#1a1a1a","6","psycho","True","psycho","psycho","uniform","undefined","undefined","undefined","0","NA","0","0","41","41","0","0","0","NA","0","41","41","NA","41","41","0","41","0","0","NA","0","41","41","41","41","41","41","0","41","41","41","0","76.58877045273923","Tue Jul 21 15:15:07 2026","1000","The main experiment item","False","V7_AttentionalSpatialBias_.osexp","C:\Users\plcm\Desktop\2026-EyeTracking\group-bayes\Experiment","203.50290008354932","002.png","577.95072","432.51840000000004","True","False","mono","False","18","no","white","no","yes","LTR","577.95072","432.51840000000004","864","6","002.png","003.png","num_2","psycho","English","41","41","C:\Users\plcm\Desktop\2026-EyeTracking\group-bayes\Experiment\subject-60.csv","150","psycho","no","567100.8191999281","Neonatal Nightingale","4.1.14","1","1","no_prime_trial_42","42","LTR","","0","num_1","num_1","num_1","NA","NA","num_1","857.2459999704733","10657.98159991391","NA","NA","857.2459999704733","2","psycho","5, 1, 4, 2, 6, 3, 2, 5, 1, 3, 6, 4, 3, 1, 4, 5, 2, 6, 6, 5, 3, 4, 1, 2, 4, 1, 5, 6, 3, 2, 3, 4, 2, 1, 6, 5, 3, 6, 4, 2, 5, 1, 2, 6, 4, 1, 3, 5","False","1024","2","48000","-16","experiment","60","even","565.8329657999566","460.0","1076.0","432.0","432.0","98797.70490003284","NA","NA","5710.881400038488","565832.8692000359","565832.9427000135","NA","14432.68630001694","59568.896299926564","NA","5711.218899930827","572968.389299931","565821.003900026","NA","566085.6496000197","566091.3312999764","24544.047000003047","572102.6275999611","109456.38069999404","NA","NA","109999.59259992465","565820.9815999726","572968.3590999339","572110.4725999758","565820.9360999754","567094.460299937","567091.6408000048","109999.73029992543","565820.0904999394","567094.5101999678","567100.7859000238","14432.761800009757","Attentional Spatial Bias","0","0","0","42","We will now calibrate the eye tracker.<br><b>Please follow the moving dot with your eyes and keep your head still.<b><br>Please wait.","Thank you for participating!<br><b>The experiment has now ended.<b><br>Please call the experimenter.","In this experiment, you will read a short story presented on the screen.<br><br>Please read each line carefully, as you will be asked a few questions about the story at the end of the experiment.<br><br>After each paragraph, you will see a pair of images.<br><br>Look at both images and count the total number of circles across the two pictures.<br><br>on the next screen you can see examples of a correct circle and an incorrect shape. Only count shapes that match the correct circle example..<br><br>Press any key to begin.","Experimenter: enter circle count (press 0-3)","Welcome!<br><br>Press any key to continue.","English","1536","-308","308","-308","308","0","0","0","0"
"6","5000","8","undefined","undefined","undefined","undefined","#1a1a1a","7","psycho","True","psycho","psycho","uniform","undefined","undefined","undefined","0","NA","0","0","42","42","0","0","0","NA","0","42","42","NA","42","42","0","42","0","0","NA","0","42","42","42","42","42","42","0","42","42","42","0","98.38794063079074","Tue Jul 21 15:15:07 2026","1000","The main experiment item","False","V7_AttentionalSpatialBias_.osexp","C:\Users\plcm\Desktop\2026-EyeTracking\group-bayes\Experiment","223.10249996371567","004.png","500.65920000000006","258.57792","True","False","mono","False","18","no","white","no","yes","LTR","500.65920000000006","258.57792","864","7","004.png","005.png","num_2","psycho","English","42","42","C:\Users\plcm\Desktop\2026-EyeTracking\group-bayes\Experiment\subject-60.csv","150","psycho","no","593306.8541999673","Neonatal Nightingale","4.1.14","2","2","prime_8","43","LTR","He spent the winter alone, thinking he was the ugliest creature alive. Then spring came and the cold faded. One day he saw beautiful white swans on the lake and swam toward them, afraid they would chase him away too.","0","num_2","num_1","num_2","NA","NA","num_2","1452.1987000480294","10657.98159991391","NA","NA","1452.1987000480294","2","psycho","5, 1, 4, 2, 6, 3, 2, 5, 1, 3, 6, 4, 3, 1, 4, 5, 2, 6, 6, 5, 3, 4, 1, 2, 4, 1, 5, 6, 3, 2, 3, 4, 2, 1, 6, 5, 3, 6, 4, 2, 5, 1, 2, 6, 4, 1, 3, 5","True","1024","2","48000","-16","experiment","60","even","592.273013100028","501.0","1035.0","278.0","586.0","98797.70490003284","NA","NA","5710.881400038488","592272.9217000306","592272.9915999807","NA","14432.68630001694","59568.896299926564","NA","5711.218899930827","599768.4832999948","592264.122899971","NA","592289.1462999396","592294.9387999251","24544.047000003047","598307.2040999541","109456.38069999404","NA","NA","109999.59259992465","573104.4812999899","599768.4485999634","598315.4868999263","573104.4267000398","593298.8950000145","593295.5452000024","109999.73029992543","573103.7340000039","593298.9814999746","593306.8148000166","14432.761800009757","Attentional Spatial Bias","0","0","0","43","We will now calibrate the eye tracker.<br><b>Please follow the moving dot with your eyes and keep your head still.<b><br>Please wait.","Thank you for participating!<br><b>The experiment has now ended.<b><br>Please call the experimenter.","In this experiment, you will read a short story presented on the screen.<br><br>Please read each line carefully, as you will be asked a few questions about the story at the end of the experiment.<br><br>After each paragraph, you will see a pair of images.<br><br>Look at both images and count the total number of circles across the two pictures.<br><br>on the next screen you can see examples of a correct circle and an incorrect shape. Only count shapes that match the correct circle example..<br><br>Press any key to begin.","Experimenter: enter circle count (press 0-3)","Welcome!<br><br>Press any key to continue.","English","1536","-267","267","-267","267","-154","154","-154","154"
"6","5000","8","undefined","undefined","undefined","undefined","#1a1a1a","7","psycho","True","psycho","psycho","uniform","undefined","undefined","undefined","0","NA","0","0","43","43","0","0","0","NA","0","43","43","NA","43","43","0","43","0","0","NA","0","43","43","43","43","43","43","0","43","43","43","0","52.00787442458307","Tue Jul 21 15:15:07 2026","1000","The main experiment item","False","V7_AttentionalSpatialBias_.osexp","C:\Users\plcm\Desktop\2026-EyeTracking\group-bayes\Experiment","215.97759996075183","007.png","927.75936","267.55488","True","False","mono","False","18","no","white","no","yes","LTR","927.75936","267.55488","864","7","006.png","007.png","num_2","psycho","English","43","43","C:\Users\plcm\Desktop\2026-EyeTracking\group-bayes\Experiment\subject-60.csv","150","psycho","no","601187.602299964","Neonatal Nightingale","4.1.14","6","6","no_prime_trial_44","44","LTR","","0","num_2","num_1","num_2","NA","NA","num_2","1269.3285000277683","10657.98159991391","NA","NA","1269.3285000277683","2","psycho","5, 1, 4, 2, 6, 3, 2, 5, 1, 3, 6, 4, 3, 1, 4, 5, 2, 6, 6, 5, 3, 4, 1, 2, 4, 1, 5, 6, 3, 2, 3, 4, 2, 1, 6, 5, 3, 6, 4, 2, 5, 1, 2, 6, 4, 1, 3, 5","False","1024","2","48000","-16","experiment","60","even","599.9240432999795","501.0","1035.0","586.0","278.0","98797.70490003284","NA","NA","5710.881400038488","599923.9375999896","599924.0197000327","NA","14432.68630001694","59568.896299926564","NA","5711.218899930827","607472.2574999323","599912.1227000142","NA","600167.7337000147","600173.6500000115","24544.047000003047","606192.4527999945","109456.38069999404","NA","NA","109999.59259992465","599912.102399976","607472.2292999504","606202.3223999422","599912.0518999407","601176.8167000264","601174.1459999466","109999.73029992543","599911.1862999853","601176.8650999293","601187.5549999531","14432.761800009757","Attentional Spatial Bias","0","0","0","44","We will now calibrate the eye tracker.<br><b>Please follow the moving dot with your eyes and keep your head still.<b><br>Please wait.","Thank you for participating!<br><b>The experiment has now ended.<b><br>Please call the experimenter.","In this experiment, you will read a short story presented on the screen.<br><br>Please read each line carefully, as you will be asked a few questions about the story at the end of the experiment.<br><br>After each paragraph, you will see a pair of images.<br><br>Look at both images and count the total number of circles across the two pictures.<br><br>on the next screen you can see examples of a correct circle and an incorrect shape. Only count shapes that match the correct circle example..<br><br>Press any key to begin.","Experimenter: enter circle count (press 0-3)","Welcome!<br><br>Press any key to continue.","English","1536","-267","267","-267","267","154","-154","154","-154"
"6","5000","8","undefined","undefined","undefined","undefined","#1a1a1a","7","psycho","True","psycho","psycho","uniform","undefined","undefined","undefined","0","NA","0","0","44","44","0","0","0","NA","0","44","44","NA","44","44","0","44","0","0","NA","0","44","44","44","44","44","44","0","44","44","44","0","14.978304099676954","Tue Jul 21 15:15:07 2026","1000","The main experiment item","False","V7_AttentionalSpatialBias_.osexp","C:\Users\plcm\Desktop\2026-EyeTracking\group-bayes\Experiment","251.17489998228848","008.png","726.6048000000001","263.20032000000003","True","False","mono","False","18","no","white","no","yes","LTR","726.6048000000001","263.20032000000003","864","7","008.png","009.png","num_2","psycho","English","44","44","C:\Users\plcm\Desktop\2026-EyeTracking\group-bayes\Experiment\subject-60.csv","150","psycho","no","608636.5548999747","Neonatal Nightingale","4.1.14","4","4","no_prime_trial_45","45","LTR","","0","num_0","num_1","num_0","NA","NA","num_0","2992.97830008436","10657.98159991391","NA","NA","2992.97830008436","2","psycho","5, 1, 4, 2, 6, 3, 2, 5, 1, 3, 6, 4, 3, 1, 4, 5, 2, 6, 6, 5, 3, 4, 1, 2, 4, 1, 5, 6, 3, 2, 3, 4, 2, 1, 6, 5, 3, 6, 4, 2, 5, 1, 2, 6, 4, 1, 3, 5","False","1024","2","48000","-16","experiment","60","even","607.614213099936","768.0","768.0","124.0","740.0","98797.70490003284","NA","NA","5710.881400038488","607614.1201999271","607614.1894999892","NA","14432.68630001694","59568.896299926564","NA","5711.218899930827","616640.6385999871","607601.4168999391","NA","607619.7035999503","607624.678799999","24544.047000003047","613638.6399000185","109456.38069999404","NA","NA","109999.59259992465","607601.3906999724","616640.6085999915","613646.8108999543","607601.3345000101","608627.541600028","608624.9278000323","109999.73029992543","607600.7766999537","608627.592899953","608636.5184999304","14432.761800009757","Attentional Spatial Bias","0","0","0","45","We will now calibrate the eye tracker.<br><b>Please follow the moving dot with your eyes and keep your head still.<b><br>Please wait.","Thank you for participating!<br><b>The experiment has now ended.<b><br>Please call the experimenter.","In this experiment, you will read a short story presented on the screen.<br><br>Please read each line carefully, as you will be asked a few questions about the story at the end of the experiment.<br><br>After each paragraph, you will see a pair of images.<br><br>Look at both images and count the total number of circles across the two pictures.<br><br>on the next screen you can see examples of a correct circle and an incorrect shape. Only count shapes that match the correct circle example..<br><br>Press any key to begin.","Experimenter: enter circle count (press 0-3)","Welcome!<br><br>Press any key to continue.","English","1536","0","0","0","0","-308","308","-308","308"
"6","5000","8","undefined","undefined","undefined","undefined","#1a1a1a","7","psycho","True","psycho","psycho","uniform","undefined","undefined","undefined","0","NA","0","0","45","45","0","0","0","NA","0","45","45","NA","45","45","0","45","0","0","NA","0","45","45","45","45","45","45","0","45","45","45","0","72.93944745258223","Tue Jul 21 15:15:07 2026","1000","The main experiment item","False","V7_AttentionalSpatialBias_.osexp","C:\Users\plcm\Desktop\2026-EyeTracking\group-bayes\Experiment","203.11969995964319","010.png","550.3641600000001","433.62432","True","False","mono","False","18","no","white","no","yes","LTR","550.3641600000001","433.62432","864","7","010.png","011.png","num_2","psycho","English","45","45","C:\Users\plcm\Desktop\2026-EyeTracking\group-bayes\Experiment\subject-60.csv","150","psycho","no","618005.348799983","Neonatal Nightingale","4.1.14","1","1","no_prime_trial_46","46","LTR","","0","num_2","num_1","num_2","NA","NA","num_2","637.4250999651849","10657.98159991391","NA","NA","637.4250999651849","2","psycho","5, 1, 4, 2, 6, 3, 2, 5, 1, 3, 6, 4, 3, 1, 4, 5, 2, 6, 6, 5, 3, 4, 1, 2, 4, 1, 5, 6, 3, 2, 3, 4, 2, 1, 6, 5, 3, 6, 4, 2, 5, 1, 2, 6, 4, 1, 3, 5","False","1024","2","48000","-16","experiment","60","even","616.7731572999619","460.0","1076.0","432.0","432.0","98797.70490003284","NA","NA","5710.881400038488","616773.0550999986","616773.1322000036","NA","14432.68630001694","59568.896299926564","NA","5711.218899930827","623656.1962999403","616761.8833000306","NA","616990.3951999731","616995.7031999948","24544.047000003047","623010.1685000118","109456.38069999404","NA","NA","109999.59259992465","616761.8641000008","623656.1641999288","623018.212200026","616761.8232000386","617999.4241000386","617996.2415000191","109999.73029992543","616761.253500008","617999.4689000305","618005.3153999615","14432.761800009757","Attentional Spatial Bias","0","0","0","46","We will now calibrate the eye tracker.<br><b>Please follow the moving dot with your eyes and keep your head still.<b><br>Please wait.","Thank you for participating!<br><b>The experiment has now ended.<b><br>Please call the experimenter.","In this experiment, you will read a short story presented on the screen.<br><br>Please read each line carefully, as you will be asked a few questions about the story at the end of the experiment.<br><br>After each paragraph, you will see a pair of images.<br><br>Look at both images and count the total number of circles across the two pictures.<br><br>on the next screen you can see examples of a correct circle and an incorrect shape. Only count shapes that match the correct circle example..<br><br>Press any key to begin.","Experimenter: enter circle count (press 0-3)","Welcome!<br><br>Press any key to continue.","English","1536","-308","308","-308","308","0","0","0","0"
"6","5000","8","undefined","undefined","undefined","undefined","#1a1a1a","7","psycho","True","psycho","psycho","uniform","undefined","undefined","undefined","0","NA","0","0","46","46","0","0","0","NA","0","46","46","NA","46","46","0","46","0","0","NA","0","46","46","46","46","46","46","0","46","46","46","0","65.53985873639945","Tue Jul 21 15:15:07 2026","1000","The main experiment item","False","V7_AttentionalSpatialBias_.osexp","C:\Users\plcm\Desktop\2026-EyeTracking\group-bayes\Experiment","196.01029995828867","012.png","627.71712","254.93184","True","False","mono","False","18","no","white","no","yes","LTR","627.71712","254.93184","864","7","012.png","013.png","num_2","psycho","English","46","46","C:\Users\plcm\Desktop\2026-EyeTracking\group-bayes\Experiment\subject-60.csv","150","psycho","no","625039.9772999808","Neonatal Nightingale","4.1.14","3","3","no_prime_trial_47","47","LTR","","0","num_1","num_1","num_1","NA","NA","num_1","662.9850000608712","10657.98159991391","NA","NA","662.9850000608712","2","psycho","5, 1, 4, 2, 6, 3, 2, 5, 1, 3, 6, 4, 3, 1, 4, 5, 2, 6, 6, 5, 3, 4, 1, 2, 4, 1, 5, 6, 3, 2, 3, 4, 2, 1, 6, 5, 3, 6, 4, 2, 5, 1, 2, 6, 4, 1, 3, 5","False","1024","2","48000","-16","experiment","60","even","623.7925166999921","614.0","922.0","165.0","699.0","98797.70490003284","NA","NA","5710.881400038488","623792.409799993","623792.4924000399","NA","14432.68630001694","59568.896299926564","NA","5711.218899930827","630712.4227000168","623780.5276999716","NA","624019.6500000311","624025.1009999774","24544.047000003047","630040.3627000051","109456.38069999404","NA","NA","109999.59259992465","623780.5081999395","630712.3926000204","630048.6584999599","623780.4553000024","625028.9216999663","625025.3363000229","109999.73029992543","623779.9624999752","625029.0037000086","625039.940699935","14432.761800009757","Attentional Spatial Bias","0","0","0","47","We will now calibrate the eye tracker.<br><b>Please follow the moving dot with your eyes and keep your head still.<b><br>Please wait.","Thank you for participating!<br><b>The experiment has now ended.<b><br>Please call the experimenter.","In this experiment, you will read a short story presented on the screen.<br><br>Please read each line carefully, as you will be asked a few questions about the story at the end of the experiment.<br><br>After each paragraph, you will see a pair of images.<br><br>Look at both images and count the total number of circles across the two pictures.<br><br>on the next screen you can see examples of a correct circle and an incorrect shape. Only count shapes that match the correct circle example..<br><br>Press any key to begin.","Experimenter: enter circle count (press 0-3)","Welcome!<br><br>Press any key to continue.","English","1536","-154","154","-154","154","-267","267","-267","267"
"6","5000","8","undefined","undefined","undefined","undefined","#1a1a1a","7","psycho","True","psycho","psycho","uniform","undefined","undefined","undefined","0","NA","0","0","47","47","0","0","0","NA","0","47","47","NA","47","47","0","47","0","0","NA","0","47","47","47","47","47","47","0","47","47","47","0","45.305898707872494","Tue Jul 21 15:15:07 2026","1000","The main experiment item","False","V7_AttentionalSpatialBias_.osexp","C:\Users\plcm\Desktop\2026-EyeTracking\group-bayes\Experiment","245.79479999374598","014.png","604.7232","551.4048","True","False","mono","False","18","no","white","no","yes","LTR","604.7232","551.4048","864","7","014.png","015.png","num_2","psycho","English","47","47","C:\Users\plcm\Desktop\2026-EyeTracking\group-bayes\Experiment\subject-60.csv","150","psycho","no","632105.5920999497","Neonatal Nightingale","4.1.14","5","5","no_prime_trial_48","48","LTR","","0","num_3","num_1","num_3","NA","NA","num_3","1288.3709999732673","10657.98159991391","NA","NA","1288.3709999732673","2","psycho","5, 1, 4, 2, 6, 3, 2, 5, 1, 3, 6, 4, 3, 1, 4, 5, 2, 6, 6, 5, 3, 4, 1, 2, 4, 1, 5, 6, 3, 2, 3, 4, 2, 1, 6, 5, 3, 6, 4, 2, 5, 1, 2, 6, 4, 1, 3, 5","False","1024","2","48000","-16","experiment","60","even","630.867954300018","614.0","922.0","699.0","165.0","98797.70490003284","NA","NA","5710.881400038488","630867.8075999487","630867.9297999479","NA","14432.68630001694","59568.896299926564","NA","5711.218899930827","638408.4240000229","630856.1511000153","NA","631090.3697999893","631095.6891999813","24544.047000003047","637111.2036999548","109456.38069999404","NA","NA","109999.59259992465","630856.1232000357","638408.3780000219","637119.263599976","630856.0589000117","632099.6895999415","632096.3899999624","109999.73029992543","630855.6772000156","632099.7363999486","632105.5691000074","14432.761800009757","Attentional Spatial Bias","0","0","0","48","We will now calibrate the eye tracker.<br><b>Please follow the moving dot with your eyes and keep your head still.<b><br>Please wait.","Thank you for participating!<br><b>The experiment has now ended.<b><br>Please call the experimenter.","In this experiment, you will read a short story presented on the screen.<br><br>Please read each line carefully, as you will be asked a few questions about the story at the end of the experiment.<br><br>After each paragraph, you will see a pair of images.<br><br>Look at both images and count the total number of circles across the two pictures.<br><br>on the next screen you can see examples of a correct circle and an incorrect shape. Only count shapes that match the correct circle example..<br><br>Press any key to begin.","Experimenter: enter circle count (press 0-3)","Welcome!<br><br>Press any key to continue.","English","1536","-154","154","-154","154","267","-267","267","-267"
