"BLOCK_SIZE","DEADLINE_MS","NUM_BLOCKS","acc","accuracy","average_response_time","avg_rt","background","block_index","canvas_backend","central_fixation","clock_backend","color_backend","coordinates","correct","correct_Circle","correct_response_prompt","count_Circle","count_calibration_note","count_epilogue","count_experiment","count_fixation","count_fixation_cross_inline_script","count_goodbye","count_init_experiment","count_instructions","count_iti","count_language_selection","count_log_trial","count_new_1_pygaze_log","count_new_1_sketchpad","count_new_2_pygaze_log","count_new_advanced_delay","count_new_pygaze_init","count_new_pygaze_log","count_new_pygaze_start_recording","count_new_pygaze_stop_recording","count_new_sketchpad","count_position_randomization_inline_script","count_prime_display","count_record_response","count_response_prompt","count_set_prime","count_stimulus_display","count_stimulus_positions_inline_script","count_trial_loop","count_trial_sequence","count_trigger_fixation","count_trigger_stimulus","count_welcome","d","datetime","delay_new_advanced_delay","description","disable_garbage_collection","experiment_file","experiment_path","first_fix_rt","first_fix_side","first_fix_x","first_fix_y","fixation_found","font_bold","font_family","font_italic","font_size","font_underline","foreground","form_clicks","fullscreen","group","gx","gy","height","idx","img_left","img_right","key","keyboard_backend","lang","live_row","live_row_trial_loop","logfile","margin","mouse_backend","mouse_simulation","onset","opensesame_codename","opensesame_version","pos","position","prime_condition","prime_index","prime_lang","prime_text","repeat_cycle","response","response_Circle","response_count","response_new_1_sketchpad","response_new_sketchpad","response_response_prompt","response_time","response_time_Circle","response_time_new_1_sketchpad","response_time_new_sketchpad","response_time_response_prompt","round_decimals","sampler_backend","seq","show_prime","sound_buf_size","sound_channels","sound_freq","sound_sample_size","start","subject_nr","subject_parity","t0","target_x_left","target_x_right","target_y_left","target_y_right","time_Circle","time_calibration_note","time_epilogue","time_experiment","time_fixation","time_fixation_cross_inline_script","time_goodbye","time_init_experiment","time_instructions","time_iti","time_language_selection","time_log_trial","time_new_1_pygaze_log","time_new_1_sketchpad","time_new_2_pygaze_log","time_new_advanced_delay","time_new_pygaze_init","time_new_pygaze_log","time_new_pygaze_start_recording","time_new_pygaze_stop_recording","time_new_sketchpad","time_position_randomization_inline_script","time_prime_display","time_record_response","time_response_prompt","time_set_prime","time_stimulus_display","time_stimulus_positions_inline_script","time_trial_loop","time_trial_sequence","time_trigger_fixation","time_trigger_stimulus","time_welcome","title","total_correct","total_response_time","total_responses","trial_nr","txt_calibration","txt_goodbye","txt_instructions","txt_response_prompt","txt_welcome","ui_language","width","xL","xR","x_left","x_right","yL","yR","y_left","y_right"
"6","5000","8","undefined","undefined","undefined","undefined","#1a1a1a","0","psycho","True","psycho","psycho","uniform","undefined","undefined","undefined","0","NA","0","0","0","0","0","0","0","NA","0","0","0","NA","0","0","0","0","0","0","NA","0","0","0","0","0","0","0","0","0","0","0","0","68.58090231511395","Thu Aug 20 17:22:52 2026","1000","The main experiment item","False","V7_AttentionalSpatialBias_.osexp","C:\Users\plcm\Desktop\2026-EyeTracking\group-bayes\Experiment","260.65149999340065","000.png","550.7942400000001","312.73344000000003","True","False","mono","False","18","no","white","no","yes","RTL","550.7942400000001","312.73344000000003","864","0","000.png","001.png","4","psycho","Farsi","0","0","C:\Users\plcm\Desktop\2026-EyeTracking\group-bayes\Experiment\subject-65.csv","150","psycho","no","138480.0988000061","Neonatal Nightingale","4.1.14","2","2","prime_1","1","RTL","تو یک مزرعه آفتابی، یک مادر اردک منتظر بود تا تخم‌هایش بشکنند. تخم‌ها یکی یکی شکستند و جوجه‌اردک‌های زرد و پفکی از آن‌ها بیرون آمدند. اما یک تخم که بزرگ‌تر بود شکستنش بیشتر طول کشید.","0","1","space","1","NA","NA","1","9080.211499996949","2194.198100012727","NA","NA","9080.211499996949","2","psycho","2,1,6,5,3,4,1,2,3,5,6,4,3,5,1,2,4,6,5,1,6,4,2,3,4,5,6,2,1,3,5,4,3,2,1,6,2,1,4,6,5,3,1,3,5,4,2,6","True","1024","2","48000","-16","experiment","65","odd","137.06685159998597","501.0","1035.0","278.0","586.0","119026.90689999145","NA","NA","5771.653799980413","137066.77969999146","137066.8336999952","NA","15574.168699997244","56654.52959999675","NA","5771.838399989065","152581.73819998046","137053.80460000015","NA","137457.88639999228","137468.39850000106","23326.16609998513","143483.97440000554","121221.70819999883","NA","NA","121763.4291999857","121868.96769999294","152581.7059999972","143500.9277999925","121868.91069999547","138471.84919999563","138468.87069998775","121763.60079998267","121868.37369998102","138471.90639999462","138480.05569999805","15574.248299992178","Attentional Spatial Bias","0","0","0","1","اکنون چشم‌پیما را کالیبره می‌کنیم.<br><br>لطفاً نقطه متحرک را با چشمان خود دنبال کنید و سرتان را ثابت نگه دارید.<br><br>لطفاً منتظر بمانید.","از شرکت شما سپاسگزاریم!<br><br>آزمایش اکنون به پایان رسیده است.<br><br>لطفاً با آزمایشگر تماس بگیرید.","در این آزمایش، شما یک داستان کوتاه را که روی صفحه نمایش داده می‌شود، خواهید خواند.<br><br>لطفاً هر خط را با دقت بخوانید، زیرا در پایان آزمایش چند سؤال در مورد داستان از شما پرسیده خواهد شد.<br><br>پس از هر پاراگراف، یک جفت تصویر خواهید دید. به هر دو تصویر نگاه کنید و تعداد کل دایره‌ها را در دو تصویر بشمارید.<br><br>در صفحه بعد می‌توانید نمونه‌هایی از یک دایره صحیح و یک شکل نادرست را ببینید. فقط شکل‌هایی را بشمارید که با نمونه دایره صحیح مطابقت دارند.<br><br>برای شروع هر کلیدی را فشار دهید.","دایره شمارش شده را وارد کنید (۰-۳ را فشار دهید)","خوش آمدید! برای ادامه هر کلیدی را فشار دهید.","Farsi","1536","-267","267","-267","267","-154","154","-154","154"
"6","5000","8","undefined","undefined","undefined","undefined","#1a1a1a","0","psycho","True","psycho","psycho","uniform","undefined","undefined","undefined","0","NA","0","0","1","1","0","0","0","NA","0","1","1","NA","1","1","0","1","0","0","NA","0","1","1","1","1","1","1","0","1","1","1","0","99.96753599482578","Thu Aug 20 17:22:52 2026","1000","The main experiment item","False","V7_AttentionalSpatialBias_.osexp","C:\Users\plcm\Desktop\2026-EyeTracking\group-bayes\Experiment","245.5463999940548","002.png","566.59968","401.25023999999996","True","False","mono","False","18","no","white","no","yes","RTL","566.59968","401.25023999999996","864","0","002.png","003.png","4","psycho","Farsi","1","1","C:\Users\plcm\Desktop\2026-EyeTracking\group-bayes\Experiment\subject-65.csv","150","psycho","no","153990.47769999015","Neonatal Nightingale","4.1.14","1","1","no_prime_trial_2","2","RTL","","0","2","space","2","NA","NA","2","1661.189500009641","2194.198100012727","NA","NA","1661.189500009641","2","psycho","2, 1, 6, 5, 3, 4, 1, 2, 3, 5, 6, 4, 3, 5, 1, 2, 4, 6, 5, 1, 6, 4, 2, 3, 4, 5, 6, 2, 1, 3, 5, 4, 3, 2, 1, 6, 2, 1, 4, 6, 5, 3, 1, 3, 5, 4, 2, 6","False","1024","2","48000","-16","experiment","65","odd","152.7038496999885","460.0","1076.0","432.0","432.0","119026.90689999145","NA","NA","5771.653799980413","152703.76050000777","152703.8287000032","NA","15574.168699997244","56654.52959999675","NA","5771.838399989065","160661.70870000497","152691.63349998416","NA","152970.6726000004","152976.08550000587","23326.16609998513","158991.66860000696","121221.70819999883","NA","NA","121763.4291999857","152691.61419998272","160661.68079999625","158999.96459999238","152691.56569999177","153979.85289999633","153976.2413999997","121763.60079998267","152690.98690000828","153979.91229998297","153990.38939998718","15574.248299992178","Attentional Spatial Bias","0","0","0","2","اکنون چشم‌پیما را کالیبره می‌کنیم.<br><br>لطفاً نقطه متحرک را با چشمان خود دنبال کنید و سرتان را ثابت نگه دارید.<br><br>لطفاً منتظر بمانید.","از شرکت شما سپاسگزاریم!<br><br>آزمایش اکنون به پایان رسیده است.<br><br>لطفاً با آزمایشگر تماس بگیرید.","در این آزمایش، شما یک داستان کوتاه را که روی صفحه نمایش داده می‌شود، خواهید خواند.<br><br>لطفاً هر خط را با دقت بخوانید، زیرا در پایان آزمایش چند سؤال در مورد داستان از شما پرسیده خواهد شد.<br><br>پس از هر پاراگراف، یک جفت تصویر خواهید دید. به هر دو تصویر نگاه کنید و تعداد کل دایره‌ها را در دو تصویر بشمارید.<br><br>در صفحه بعد می‌توانید نمونه‌هایی از یک دایره صحیح و یک شکل نادرست را ببینید. فقط شکل‌هایی را بشمارید که با نمونه دایره صحیح مطابقت دارند.<br><br>برای شروع هر کلیدی را فشار دهید.","دایره شمارش شده را وارد کنید (۰-۳ را فشار دهید)","خوش آمدید! برای ادامه هر کلیدی را فشار دهید.","Farsi","1536","-308","308","-308","308","0","0","0","0"
"6","5000","8","undefined","undefined","undefined","undefined","#1a1a1a","0","psycho","True","psycho","psycho","uniform","undefined","undefined","undefined","0","NA","0","0","2","2","0","0","0","NA","0","2","2","NA","2","2","0","2","0","0","NA","0","2","2","2","2","2","2","0","2","2","2","0","62.7479711669469","Thu Aug 20 17:22:52 2026","1000","The main experiment item","False","V7_AttentionalSpatialBias_.osexp","C:\Users\plcm\Desktop\2026-EyeTracking\group-bayes\Experiment","264.7741000109818","005.png","961.2595200000001","239.2848","True","False","mono","False","18","no","white","no","yes","RTL","961.2595200000001","239.2848","864","0","004.png","005.png","4","psycho","Farsi","2","2","C:\Users\plcm\Desktop\2026-EyeTracking\group-bayes\Experiment\subject-65.csv","150","psycho","no","162109.78269999032","Neonatal Nightingale","4.1.14","6","6","no_prime_trial_3","3","RTL","","0","2","space","2","NA","NA","2","962.539400003152","2194.198100012727","NA","NA","962.539400003152","2","psycho","2, 1, 6, 5, 3, 4, 1, 2, 3, 5, 6, 4, 3, 5, 1, 2, 4, 6, 5, 1, 6, 4, 2, 3, 4, 5, 6, 2, 1, 3, 5, 4, 3, 2, 1, 6, 2, 1, 4, 6, 5, 3, 1, 3, 5, 4, 2, 6","False","1024","2","48000","-16","experiment","65","odd","160.81179400000838","501.0","1035.0","586.0","278.0","119026.90689999145","NA","NA","5771.653799980413","160811.66390000726","160811.77030000254","NA","15574.168699997244","56654.52959999675","NA","5771.838399989065","168086.10630000476","160799.95309998048","NA","161090.338399983","161095.90369998477","23326.16609998513","167114.44609999307","121221.70819999883","NA","NA","121763.4291999857","160799.93449998437","168086.07910000137","167122.79709998984","160799.89339999156","162099.09820000757","162096.02249998716","121763.60079998267","160799.62659999728","162099.15619998355","162109.74799998803","15574.248299992178","Attentional Spatial Bias","0","0","0","3","اکنون چشم‌پیما را کالیبره می‌کنیم.<br><br>لطفاً نقطه متحرک را با چشمان خود دنبال کنید و سرتان را ثابت نگه دارید.<br><br>لطفاً منتظر بمانید.","از شرکت شما سپاسگزاریم!<br><br>آزمایش اکنون به پایان رسیده است.<br><br>لطفاً با آزمایشگر تماس بگیرید.","در این آزمایش، شما یک داستان کوتاه را که روی صفحه نمایش داده می‌شود، خواهید خواند.<br><br>لطفاً هر خط را با دقت بخوانید، زیرا در پایان آزمایش چند سؤال در مورد داستان از شما پرسیده خواهد شد.<br><br>پس از هر پاراگراف، یک جفت تصویر خواهید دید. به هر دو تصویر نگاه کنید و تعداد کل دایره‌ها را در دو تصویر بشمارید.<br><br>در صفحه بعد می‌توانید نمونه‌هایی از یک دایره صحیح و یک شکل نادرست را ببینید. فقط شکل‌هایی را بشمارید که با نمونه دایره صحیح مطابقت دارند.<br><br>برای شروع هر کلیدی را فشار دهید.","دایره شمارش شده را وارد کنید (۰-۳ را فشار دهید)","خوش آمدید! برای ادامه هر کلیدی را فشار دهید.","Farsi","1536","-267","267","-267","267","154","-154","154","-154"
"6","5000","8","undefined","undefined","undefined","undefined","#1a1a1a","0","psycho","True","psycho","psycho","uniform","undefined","undefined","undefined","0","NA","0","0","3","3","0","0","0","NA","0","3","3","NA","3","3","0","3","0","0","NA","0","3","3","3","3","3","3","0","3","3","3","0","36.29558594994158","Thu Aug 20 17:22:52 2026","1000","The main experiment item","False","V7_AttentionalSpatialBias_.osexp","C:\Users\plcm\Desktop\2026-EyeTracking\group-bayes\Experiment","234.38350000651553","007.png","881.34144","270.23328","True","False","mono","False","18","no","white","no","yes","RTL","881.34144","270.23328","864","0","006.png","007.png","4","psycho","Farsi","3","3","C:\Users\plcm\Desktop\2026-EyeTracking\group-bayes\Experiment\subject-65.csv","150","psycho","no","169250.47430000268","Neonatal Nightingale","4.1.14","5","5","no_prime_trial_4","4","RTL","","0","2","space","2","NA","NA","2","2054.75780001143","2194.198100012727","NA","NA","2054.75780001143","2","psycho","2, 1, 6, 5, 3, 4, 1, 2, 3, 5, 6, 4, 3, 5, 1, 2, 4, 6, 5, 1, 6, 4, 2, 3, 4, 5, 6, 2, 1, 3, 5, 4, 3, 2, 1, 6, 2, 1, 4, 6, 5, 3, 1, 3, 5, 4, 2, 6","False","1024","2","48000","-16","experiment","65","odd","168.2268846000079","614.0","922.0","699.0","165.0","119026.90689999145","NA","NA","5771.653799980413","168226.76009999122","168226.85710000223","NA","15574.168699997244","56654.52959999675","NA","5771.838399989065","176317.67519999994","168215.59350000462","NA","168232.51820000587","168238.2333999849","23326.16609998513","174254.28249998367","121221.70819999883","NA","NA","121763.4291999857","168215.56829998735","176317.6475999935","174262.430999981","168215.47999998438","169241.26809998415","169238.30939998152","121763.60079998267","168214.51990000787","169241.31630000193","169250.4398000019","15574.248299992178","Attentional Spatial Bias","0","0","0","4","اکنون چشم‌پیما را کالیبره می‌کنیم.<br><br>لطفاً نقطه متحرک را با چشمان خود دنبال کنید و سرتان را ثابت نگه دارید.<br><br>لطفاً منتظر بمانید.","از شرکت شما سپاسگزاریم!<br><br>آزمایش اکنون به پایان رسیده است.<br><br>لطفاً با آزمایشگر تماس بگیرید.","در این آزمایش، شما یک داستان کوتاه را که روی صفحه نمایش داده می‌شود، خواهید خواند.<br><br>لطفاً هر خط را با دقت بخوانید، زیرا در پایان آزمایش چند سؤال در مورد داستان از شما پرسیده خواهد شد.<br><br>پس از هر پاراگراف، یک جفت تصویر خواهید دید. به هر دو تصویر نگاه کنید و تعداد کل دایره‌ها را در دو تصویر بشمارید.<br><br>در صفحه بعد می‌توانید نمونه‌هایی از یک دایره صحیح و یک شکل نادرست را ببینید. فقط شکل‌هایی را بشمارید که با نمونه دایره صحیح مطابقت دارند.<br><br>برای شروع هر کلیدی را فشار دهید.","دایره شمارش شده را وارد کنید (۰-۳ را فشار دهید)","خوش آمدید! برای ادامه هر کلیدی را فشار دهید.","Farsi","1536","-154","154","-154","154","267","-267","267","-267"
"6","5000","8","undefined","undefined","undefined","undefined","#1a1a1a","0","psycho","True","psycho","psycho","uniform","undefined","undefined","undefined","0","NA","0","0","4","4","0","0","0","NA","0","4","4","NA","4","4","0","4","0","0","NA","0","4","4","4","4","4","4","0","4","4","4","0","83.97034584040254","Thu Aug 20 17:22:52 2026","1000","The main experiment item","False","V7_AttentionalSpatialBias_.osexp","C:\Users\plcm\Desktop\2026-EyeTracking\group-bayes\Experiment","283.1865999905858","008.png","637.48608","223.94879999999998","True","False","mono","False","18","no","white","no","yes","RTL","637.48608","223.94879999999998","864","0","008.png","009.png","4","psycho","Farsi","4","4","C:\Users\plcm\Desktop\2026-EyeTracking\group-bayes\Experiment\subject-65.csv","150","psycho","no","177541.0155999998","Neonatal Nightingale","4.1.14","3","3","no_prime_trial_5","5","RTL","","0","0","space","0","NA","NA","0","1874.9467000016011","2194.198100012727","NA","NA","1874.9467000016011","2","psycho","2, 1, 6, 5, 3, 4, 1, 2, 3, 5, 6, 4, 3, 5, 1, 2, 4, 6, 5, 1, 6, 4, 2, 3, 4, 5, 6, 2, 1, 3, 5, 4, 3, 2, 1, 6, 2, 1, 4, 6, 5, 3, 1, 3, 5, 4, 2, 6","False","1024","2","48000","-16","experiment","65","odd","176.46314929999062","614.0","922.0","165.0","699.0","119026.90689999145","NA","NA","5771.653799980413","176463.00379998866","176463.1187999912","NA","15574.168699997244","56654.52959999675","NA","5771.838399989065","184429.83660000027","176450.77850000234","NA","176523.02960000816","176528.71879999293","23326.16609998513","182546.37349999393","121221.70819999883","NA","NA","121763.4291999857","176450.75779999024","184429.80789998546","182554.22019999241","176450.70210000267","177531.44679998513","177528.8237000059","121763.60079998267","176450.3415999934","177531.5028000041","177540.9829999844","15574.248299992178","Attentional Spatial Bias","0","0","0","5","اکنون چشم‌پیما را کالیبره می‌کنیم.<br><br>لطفاً نقطه متحرک را با چشمان خود دنبال کنید و سرتان را ثابت نگه دارید.<br><br>لطفاً منتظر بمانید.","از شرکت شما سپاسگزاریم!<br><br>آزمایش اکنون به پایان رسیده است.<br><br>لطفاً با آزمایشگر تماس بگیرید.","در این آزمایش، شما یک داستان کوتاه را که روی صفحه نمایش داده می‌شود، خواهید خواند.<br><br>لطفاً هر خط را با دقت بخوانید، زیرا در پایان آزمایش چند سؤال در مورد داستان از شما پرسیده خواهد شد.<br><br>پس از هر پاراگراف، یک جفت تصویر خواهید دید. به هر دو تصویر نگاه کنید و تعداد کل دایره‌ها را در دو تصویر بشمارید.<br><br>در صفحه بعد می‌توانید نمونه‌هایی از یک دایره صحیح و یک شکل نادرست را ببینید. فقط شکل‌هایی را بشمارید که با نمونه دایره صحیح مطابقت دارند.<br><br>برای شروع هر کلیدی را فشار دهید.","دایره شمارش شده را وارد کنید (۰-۳ را فشار دهید)","خوش آمدید! برای ادامه هر کلیدی را فشار دهید.","Farsi","1536","-154","154","-154","154","-267","267","-267","267"
"6","5000","8","undefined","undefined","undefined","undefined","#1a1a1a","0","psycho","True","psycho","psycho","uniform","undefined","undefined","undefined","0","NA","0","0","5","5","0","0","0","NA","0","5","5","NA","5","5","0","5","0","0","NA","0","5","5","5","5","5","5","0","5","5","5","0","99.29721624056941","Thu Aug 20 17:22:52 2026","1000","The main experiment item","False","V7_AttentionalSpatialBias_.osexp","C:\Users\plcm\Desktop\2026-EyeTracking\group-bayes\Experiment","251.4759000041522","010.png","767.33952","231.06816","True","False","mono","False","18","no","white","no","yes","RTL","767.33952","231.06816","864","0","010.png","011.png","4","psycho","Farsi","5","5","C:\Users\plcm\Desktop\2026-EyeTracking\group-bayes\Experiment\subject-65.csv","150","psycho","no","185613.139699999","Neonatal Nightingale","4.1.14","4","4","no_prime_trial_6","6","RTL","","0","2","space","2","NA","NA","2","68.4851000260096","2194.198100012727","NA","NA","68.4851000260096","2","psycho","2, 1, 6, 5, 3, 4, 1, 2, 3, 5, 6, 4, 3, 5, 1, 2, 4, 6, 5, 1, 6, 4, 2, 3, 4, 5, 6, 2, 1, 3, 5, 4, 3, 2, 1, 6, 2, 1, 4, 6, 5, 3, 1, 3, 5, 4, 2, 6","False","1024","2","48000","-16","experiment","65","odd","184.5663222000003","768.0","768.0","124.0","740.0","119026.90689999145","NA","NA","5771.653799980413","184566.22809998225","184566.30000000587","NA","15574.168699997244","56654.52959999675","NA","5771.838399989065","190694.57580000744","184554.3472999998","NA","184593.54909998365","184599.06310000224","23326.16609998513","190616.9135000091","121221.70819999883","NA","NA","121763.4291999857","184554.3267999892","190694.54389999737","190624.8408999818","184554.27530000452","185602.47690000688","185599.4085999846","121763.60079998267","184553.3066999924","185602.55119999056","185613.0990999809","15574.248299992178","Attentional Spatial Bias","0","0","0","6","اکنون چشم‌پیما را کالیبره می‌کنیم.<br><br>لطفاً نقطه متحرک را با چشمان خود دنبال کنید و سرتان را ثابت نگه دارید.<br><br>لطفاً منتظر بمانید.","از شرکت شما سپاسگزاریم!<br><br>آزمایش اکنون به پایان رسیده است.<br><br>لطفاً با آزمایشگر تماس بگیرید.","در این آزمایش، شما یک داستان کوتاه را که روی صفحه نمایش داده می‌شود، خواهید خواند.<br><br>لطفاً هر خط را با دقت بخوانید، زیرا در پایان آزمایش چند سؤال در مورد داستان از شما پرسیده خواهد شد.<br><br>پس از هر پاراگراف، یک جفت تصویر خواهید دید. به هر دو تصویر نگاه کنید و تعداد کل دایره‌ها را در دو تصویر بشمارید.<br><br>در صفحه بعد می‌توانید نمونه‌هایی از یک دایره صحیح و یک شکل نادرست را ببینید. فقط شکل‌هایی را بشمارید که با نمونه دایره صحیح مطابقت دارند.<br><br>برای شروع هر کلیدی را فشار دهید.","دایره شمارش شده را وارد کنید (۰-۳ را فشار دهید)","خوش آمدید! برای ادامه هر کلیدی را فشار دهید.","Farsi","1536","0","0","0","0","-308","308","-308","308"
"6","5000","8","undefined","undefined","undefined","undefined","#1a1a1a","1","psycho","True","psycho","psycho","uniform","undefined","undefined","undefined","0","NA","0","0","6","6","0","0","0","NA","0","6","6","NA","6","6","0","6","0","0","NA","0","6","6","6","6","6","6","0","6","6","6","0","28.11440562137494","Thu Aug 20 17:22:52 2026","1000","The main experiment item","False","V7_AttentionalSpatialBias_.osexp","C:\Users\plcm\Desktop\2026-EyeTracking\group-bayes\Experiment","224.50899999239482","013.png","953.0419199999999","374.64768","True","False","mono","False","18","no","white","no","yes","RTL","953.0419199999999","374.64768","864","1","012.png","013.png","4","psycho","Farsi","6","6","C:\Users\plcm\Desktop\2026-EyeTracking\group-bayes\Experiment\subject-65.csv","150","psycho","no","205553.79289999837","Neonatal Nightingale","4.1.14","1","1","prime_2","7","RTL","از آخرین تخم، یک پرنده بزرگ خاکستری بیرون آمد. او از بقیه متفاوت به نظر می‌رسید. جوجه‌اردک‌‌ها به او خندیدند و او را جوجه‌اردک زشت صدا کردند. او که غمگین و تنها بود، از مزرعه فرار کرد.","0","1","space","1","NA","NA","1","2536.5690999897197","2194.198100012727","NA","NA","2536.5690999897197","2","psycho","2, 1, 6, 5, 3, 4, 1, 2, 3, 5, 6, 4, 3, 5, 1, 2, 4, 6, 5, 1, 6, 4, 2, 3, 4, 5, 6, 2, 1, 3, 5, 4, 3, 2, 1, 6, 2, 1, 4, 6, 5, 3, 1, 3, 5, 4, 2, 6","True","1024","2","48000","-16","experiment","65","odd","204.52720889999182","460.0","1076.0","432.0","432.0","119026.90689999145","NA","NA","5771.653799980413","204527.1310999815","204527.18939998886","NA","15574.168699997244","56654.52959999675","NA","5771.838399989065","213102.21459998866","204517.543199996","NA","204532.92699999292","204538.1267000048","23326.16609998513","210557.3172000004","121221.70819999883","NA","NA","121763.4291999857","190828.57099999092","213102.18670000904","210564.72359999316","190828.51120000123","205542.51199998544","205538.73400000157","121763.60079998267","190828.17459999933","205542.58779998054","205553.7107999844","15574.248299992178","Attentional Spatial Bias","0","0","0","7","اکنون چشم‌پیما را کالیبره می‌کنیم.<br><br>لطفاً نقطه متحرک را با چشمان خود دنبال کنید و سرتان را ثابت نگه دارید.<br><br>لطفاً منتظر بمانید.","از شرکت شما سپاسگزاریم!<br><br>آزمایش اکنون به پایان رسیده است.<br><br>لطفاً با آزمایشگر تماس بگیرید.","در این آزمایش، شما یک داستان کوتاه را که روی صفحه نمایش داده می‌شود، خواهید خواند.<br><br>لطفاً هر خط را با دقت بخوانید، زیرا در پایان آزمایش چند سؤال در مورد داستان از شما پرسیده خواهد شد.<br><br>پس از هر پاراگراف، یک جفت تصویر خواهید دید. به هر دو تصویر نگاه کنید و تعداد کل دایره‌ها را در دو تصویر بشمارید.<br><br>در صفحه بعد می‌توانید نمونه‌هایی از یک دایره صحیح و یک شکل نادرست را ببینید. فقط شکل‌هایی را بشمارید که با نمونه دایره صحیح مطابقت دارند.<br><br>برای شروع هر کلیدی را فشار دهید.","دایره شمارش شده را وارد کنید (۰-۳ را فشار دهید)","خوش آمدید! برای ادامه هر کلیدی را فشار دهید.","Farsi","1536","-308","308","-308","308","0","0","0","0"
"6","5000","8","undefined","undefined","undefined","undefined","#1a1a1a","1","psycho","True","psycho","psycho","uniform","undefined","undefined","undefined","0","NA","0","0","7","7","0","0","0","NA","0","7","7","NA","7","7","0","7","0","0","NA","0","7","7","7","7","7","7","0","7","7","7","0","69.65499372191489","Thu Aug 20 17:22:52 2026","1000","The main experiment item","False","V7_AttentionalSpatialBias_.osexp","C:\Users\plcm\Desktop\2026-EyeTracking\group-bayes\Experiment","347.93389998958446","014.png","560.62464","350.50752","True","False","mono","False","18","no","white","no","yes","RTL","560.62464","350.50752","864","1","014.png","015.png","4","psycho","Farsi","7","7","C:\Users\plcm\Desktop\2026-EyeTracking\group-bayes\Experiment\subject-65.csv","150","psycho","no","214552.53660000744","Neonatal Nightingale","4.1.14","2","2","no_prime_trial_8","8","RTL","","0","2","space","2","NA","NA","2","1027.4346999940462","2194.198100012727","NA","NA","1027.4346999940462","2","psycho","2, 1, 6, 5, 3, 4, 1, 2, 3, 5, 6, 4, 3, 5, 1, 2, 4, 6, 5, 1, 6, 4, 2, 3, 4, 5, 6, 2, 1, 3, 5, 4, 3, 2, 1, 6, 2, 1, 4, 6, 5, 3, 1, 3, 5, 4, 2, 6","False","1024","2","48000","-16","experiment","65","odd","213.2471113000065","501.0","1035.0","278.0","586.0","119026.90689999145","NA","NA","5771.653799980413","213246.96960000438","213247.07270000363","NA","15574.168699997244","56654.52959999675","NA","5771.838399989065","220589.97639999143","213234.24829999567","NA","213536.1644999939","213541.34080000222","23326.16609998513","219553.91119999695","121221.70819999883","NA","NA","121763.4291999857","213234.2295999988","220589.948000008","219561.84300000314","213234.18840000522","214544.58250000607","214541.75179998856","121763.60079998267","213233.96250000224","214544.63799999212","214552.49629999162","15574.248299992178","Attentional Spatial Bias","0","0","0","8","اکنون چشم‌پیما را کالیبره می‌کنیم.<br><br>لطفاً نقطه متحرک را با چشمان خود دنبال کنید و سرتان را ثابت نگه دارید.<br><br>لطفاً منتظر بمانید.","از شرکت شما سپاسگزاریم!<br><br>آزمایش اکنون به پایان رسیده است.<br><br>لطفاً با آزمایشگر تماس بگیرید.","در این آزمایش، شما یک داستان کوتاه را که روی صفحه نمایش داده می‌شود، خواهید خواند.<br><br>لطفاً هر خط را با دقت بخوانید، زیرا در پایان آزمایش چند سؤال در مورد داستان از شما پرسیده خواهد شد.<br><br>پس از هر پاراگراف، یک جفت تصویر خواهید دید. به هر دو تصویر نگاه کنید و تعداد کل دایره‌ها را در دو تصویر بشمارید.<br><br>در صفحه بعد می‌توانید نمونه‌هایی از یک دایره صحیح و یک شکل نادرست را ببینید. فقط شکل‌هایی را بشمارید که با نمونه دایره صحیح مطابقت دارند.<br><br>برای شروع هر کلیدی را فشار دهید.","دایره شمارش شده را وارد کنید (۰-۳ را فشار دهید)","خوش آمدید! برای ادامه هر کلیدی را فشار دهید.","Farsi","1536","-267","267","-267","267","-154","154","-154","154"
"6","5000","8","undefined","undefined","undefined","undefined","#1a1a1a","1","psycho","True","psycho","psycho","uniform","undefined","undefined","undefined","0","NA","0","0","8","8","0","0","0","NA","0","8","8","NA","8","8","0","8","0","0","NA","0","8","8","8","8","8","8","0","8","8","8","0","53.24339672410086","Thu Aug 20 17:22:52 2026","1000","The main experiment item","False","V7_AttentionalSpatialBias_.osexp","C:\Users\plcm\Desktop\2026-EyeTracking\group-bayes\Experiment","274.19140000711195","000.png","647.5008","212.68223999999998","True","False","mono","False","18","no","white","no","yes","RTL","647.5008","212.68223999999998","864","1","000.png","001.png","4","psycho","Farsi","8","8","C:\Users\plcm\Desktop\2026-EyeTracking\group-bayes\Experiment\subject-65.csv","150","psycho","no","221739.22779998975","Neonatal Nightingale","4.1.14","3","3","no_prime_trial_9","9","RTL","","0","1","space","1","NA","NA","1","1871.2129999767058","2194.198100012727","NA","NA","1871.2129999767058","2","psycho","2, 1, 6, 5, 3, 4, 1, 2, 3, 5, 6, 4, 3, 5, 1, 2, 4, 6, 5, 1, 6, 4, 2, 3, 4, 5, 6, 2, 1, 3, 5, 4, 3, 2, 1, 6, 2, 1, 4, 6, 5, 3, 1, 3, 5, 4, 2, 6","False","1024","2","48000","-16","experiment","65","odd","220.71821379999164","614.0","922.0","165.0","699.0","119026.90689999145","NA","NA","5771.653799980413","220718.12040000805","220718.19200000027","NA","15574.168699997244","56654.52959999675","NA","5771.838399989065","228621.9976999855","220705.02669998677","NA","220723.7097999896","220729.59329999867","23326.16609998513","226742.48290000833","121221.70819999883","NA","NA","121763.4291999857","220705.00590000302","228621.9679999922","226750.10810000822","220704.95300000766","221732.99069999484","221729.89709998365","121763.60079998267","220704.65959998546","221733.0541999836","221739.1895999899","15574.248299992178","Attentional Spatial Bias","0","0","0","9","اکنون چشم‌پیما را کالیبره می‌کنیم.<br><br>لطفاً نقطه متحرک را با چشمان خود دنبال کنید و سرتان را ثابت نگه دارید.<br><br>لطفاً منتظر بمانید.","از شرکت شما سپاسگزاریم!<br><br>آزمایش اکنون به پایان رسیده است.<br><br>لطفاً با آزمایشگر تماس بگیرید.","در این آزمایش، شما یک داستان کوتاه را که روی صفحه نمایش داده می‌شود، خواهید خواند.<br><br>لطفاً هر خط را با دقت بخوانید، زیرا در پایان آزمایش چند سؤال در مورد داستان از شما پرسیده خواهد شد.<br><br>پس از هر پاراگراف، یک جفت تصویر خواهید دید. به هر دو تصویر نگاه کنید و تعداد کل دایره‌ها را در دو تصویر بشمارید.<br><br>در صفحه بعد می‌توانید نمونه‌هایی از یک دایره صحیح و یک شکل نادرست را ببینید. فقط شکل‌هایی را بشمارید که با نمونه دایره صحیح مطابقت دارند.<br><br>برای شروع هر کلیدی را فشار دهید.","دایره شمارش شده را وارد کنید (۰-۳ را فشار دهید)","خوش آمدید! برای ادامه هر کلیدی را فشار دهید.","Farsi","1536","-154","154","-154","154","-267","267","-267","267"
"6","5000","8","undefined","undefined","undefined","undefined","#1a1a1a","1","psycho","True","psycho","psycho","uniform","undefined","undefined","undefined","0","NA","0","0","9","9","0","0","0","NA","0","9","9","NA","9","9","0","9","0","0","NA","0","9","9","9","9","9","9","0","9","9","9","0","95.5979996984372","Thu Aug 20 17:22:52 2026","1000","The main experiment item","False","V7_AttentionalSpatialBias_.osexp","C:\Users\plcm\Desktop\2026-EyeTracking\group-bayes\Experiment","234.7328999894671","003.png","798.6278399999999","289.53504000000004","True","False","mono","False","18","no","white","no","yes","RTL","798.6278399999999","289.53504000000004","864","1","002.png","003.png","4","psycho","Farsi","9","9","C:\Users\plcm\Desktop\2026-EyeTracking\group-bayes\Experiment\subject-65.csv","150","psycho","no","229776.60620000097","Neonatal Nightingale","4.1.14","5","5","no_prime_trial_10","10","RTL","","0","2","space","2","NA","NA","2","1519.950300018536","2194.198100012727","NA","NA","1519.950300018536","2","psycho","2, 1, 6, 5, 3, 4, 1, 2, 3, 5, 6, 4, 3, 5, 1, 2, 4, 6, 5, 1, 6, 4, 2, 3, 4, 5, 6, 2, 1, 3, 5, 4, 3, 2, 1, 6, 2, 1, 4, 6, 5, 3, 1, 3, 5, 4, 2, 6","False","1024","2","48000","-16","experiment","65","odd","228.75378070000443","614.0","922.0","699.0","165.0","119026.90689999145","NA","NA","5771.653799980413","228753.61089999205","228753.74549999833","NA","15574.168699997244","56654.52959999675","NA","5771.838399989065","236310.03239998245","228742.59789998177","NA","228759.22869998612","228764.98599999468","23326.16609998513","234779.386899987","121221.70819999883","NA","NA","121763.4291999857","228742.5779000041","236310.00319999293","234789.3628999882","228742.531099997","229768.59419999528","229765.121000004","121763.60079998267","228741.8456999876","229768.6823999975","229776.57419999014","15574.248299992178","Attentional Spatial Bias","0","0","0","10","اکنون چشم‌پیما را کالیبره می‌کنیم.<br><br>لطفاً نقطه متحرک را با چشمان خود دنبال کنید و سرتان را ثابت نگه دارید.<br><br>لطفاً منتظر بمانید.","از شرکت شما سپاسگزاریم!<br><br>آزمایش اکنون به پایان رسیده است.<br><br>لطفاً با آزمایشگر تماس بگیرید.","در این آزمایش، شما یک داستان کوتاه را که روی صفحه نمایش داده می‌شود، خواهید خواند.<br><br>لطفاً هر خط را با دقت بخوانید، زیرا در پایان آزمایش چند سؤال در مورد داستان از شما پرسیده خواهد شد.<br><br>پس از هر پاراگراف، یک جفت تصویر خواهید دید. به هر دو تصویر نگاه کنید و تعداد کل دایره‌ها را در دو تصویر بشمارید.<br><br>در صفحه بعد می‌توانید نمونه‌هایی از یک دایره صحیح و یک شکل نادرست را ببینید. فقط شکل‌هایی را بشمارید که با نمونه دایره صحیح مطابقت دارند.<br><br>برای شروع هر کلیدی را فشار دهید.","دایره شمارش شده را وارد کنید (۰-۳ را فشار دهید)","خوش آمدید! برای ادامه هر کلیدی را فشار دهید.","Farsi","1536","-154","154","-154","154","267","-267","267","-267"
"6","5000","8","undefined","undefined","undefined","undefined","#1a1a1a","1","psycho","True","psycho","psycho","uniform","undefined","undefined","undefined","0","NA","0","0","10","10","0","0","0","NA","0","10","10","NA","10","10","0","10","0","0","NA","0","10","10","10","10","10","10","0","10","10","10","0","34.74412949549899","Thu Aug 20 17:22:52 2026","1000","The main experiment item","False","V7_AttentionalSpatialBias_.osexp","C:\Users\plcm\Desktop\2026-EyeTracking\group-bayes\Experiment","300.0256000086665","004.png","629.05344","467.17344","True","False","mono","False","18","no","white","no","yes","RTL","629.05344","467.17344","864","1","004.png","005.png","4","psycho","Farsi","10","10","C:\Users\plcm\Desktop\2026-EyeTracking\group-bayes\Experiment\subject-65.csv","150","psycho","no","237471.19949999615","Neonatal Nightingale","4.1.14","6","6","no_prime_trial_11","11","RTL","","0","2","space","2","NA","NA","2","666.1465000070166","2194.198100012727","NA","NA","666.1465000070166","2","psycho","2, 1, 6, 5, 3, 4, 1, 2, 3, 5, 6, 4, 3, 5, 1, 2, 4, 6, 5, 1, 6, 4, 2, 3, 4, 5, 6, 2, 1, 3, 5, 4, 3, 2, 1, 6, 2, 1, 4, 6, 5, 3, 1, 3, 5, 4, 2, 6","False","1024","2","48000","-16","experiment","65","odd","236.4471848999965","501.0","1035.0","586.0","278.0","119026.90689999145","NA","NA","5771.653799980413","236447.0994999865","236447.16559999506","NA","15574.168699997244","56654.52959999675","NA","5771.838399989065","243149.96300000348","236436.2898999825","NA","236452.66249999986","236458.48179998575","23326.16609998513","242475.05479998654","121221.70819999883","NA","NA","121763.4291999857","236436.27099998412","243149.93429998867","242483.0740999896","236436.2281000067","237461.5000000049","237458.54130000225","121763.60079998267","236435.86659998982","237461.55419998104","237471.1566999904","15574.248299992178","Attentional Spatial Bias","0","0","0","11","اکنون چشم‌پیما را کالیبره می‌کنیم.<br><br>لطفاً نقطه متحرک را با چشمان خود دنبال کنید و سرتان را ثابت نگه دارید.<br><br>لطفاً منتظر بمانید.","از شرکت شما سپاسگزاریم!<br><br>آزمایش اکنون به پایان رسیده است.<br><br>لطفاً با آزمایشگر تماس بگیرید.","در این آزمایش، شما یک داستان کوتاه را که روی صفحه نمایش داده می‌شود، خواهید خواند.<br><br>لطفاً هر خط را با دقت بخوانید، زیرا در پایان آزمایش چند سؤال در مورد داستان از شما پرسیده خواهد شد.<br><br>پس از هر پاراگراف، یک جفت تصویر خواهید دید. به هر دو تصویر نگاه کنید و تعداد کل دایره‌ها را در دو تصویر بشمارید.<br><br>در صفحه بعد می‌توانید نمونه‌هایی از یک دایره صحیح و یک شکل نادرست را ببینید. فقط شکل‌هایی را بشمارید که با نمونه دایره صحیح مطابقت دارند.<br><br>برای شروع هر کلیدی را فشار دهید.","دایره شمارش شده را وارد کنید (۰-۳ را فشار دهید)","خوش آمدید! برای ادامه هر کلیدی را فشار دهید.","Farsi","1536","-267","267","-267","267","154","-154","154","-154"
"6","5000","8","undefined","undefined","undefined","undefined","#1a1a1a","1","psycho","True","psycho","psycho","uniform","undefined","undefined","undefined","0","NA","0","0","11","11","0","0","0","NA","0","11","11","NA","11","11","0","11","0","0","NA","0","11","11","11","11","11","11","0","11","11","11","0","27.132813822381088","Thu Aug 20 17:22:52 2026","1000","The main experiment item","False","V7_AttentionalSpatialBias_.osexp","C:\Users\plcm\Desktop\2026-EyeTracking\group-bayes\Experiment","267.0978000096511","006.png","742.62528","217.75392","True","False","mono","False","18","no","white","no","yes","RTL","742.62528","217.75392","864","1","006.png","007.png","4","psycho","Farsi","11","11","C:\Users\plcm\Desktop\2026-EyeTracking\group-bayes\Experiment\subject-65.csv","150","psycho","no","244313.96739999764","Neonatal Nightingale","4.1.14","4","4","no_prime_trial_12","12","RTL","","0","2","space","2","NA","NA","2","3456.076000002213","2194.198100012727","NA","NA","3456.076000002213","2","psycho","2, 1, 6, 5, 3, 4, 1, 2, 3, 5, 6, 4, 3, 5, 1, 2, 4, 6, 5, 1, 6, 4, 2, 3, 4, 5, 6, 2, 1, 3, 5, 4, 3, 2, 1, 6, 2, 1, 4, 6, 5, 3, 1, 3, 5, 4, 2, 6","False","1024","2","48000","-16","experiment","65","odd","243.29173510000692","768.0","768.0","124.0","740.0","119026.90689999145","NA","NA","5771.653799980413","243291.62279999582","243291.7092999851","NA","15574.168699997244","56654.52959999675","NA","5771.838399989065","252782.33699998236","243280.0031999941","NA","243297.03379998682","243302.66869999468","23326.16609998513","249317.39499999094","121221.70819999883","NA","NA","121763.4291999857","243279.98279998428","252782.31069998583","249325.33699998748","243279.9296999874","244306.1947999813","244303.15309998696","121763.60079998267","243279.06760000042","244306.25699998927","244313.93040000694","15574.248299992178","Attentional Spatial Bias","0","0","0","12","اکنون چشم‌پیما را کالیبره می‌کنیم.<br><br>لطفاً نقطه متحرک را با چشمان خود دنبال کنید و سرتان را ثابت نگه دارید.<br><br>لطفاً منتظر بمانید.","از شرکت شما سپاسگزاریم!<br><br>آزمایش اکنون به پایان رسیده است.<br><br>لطفاً با آزمایشگر تماس بگیرید.","در این آزمایش، شما یک داستان کوتاه را که روی صفحه نمایش داده می‌شود، خواهید خواند.<br><br>لطفاً هر خط را با دقت بخوانید، زیرا در پایان آزمایش چند سؤال در مورد داستان از شما پرسیده خواهد شد.<br><br>پس از هر پاراگراف، یک جفت تصویر خواهید دید. به هر دو تصویر نگاه کنید و تعداد کل دایره‌ها را در دو تصویر بشمارید.<br><br>در صفحه بعد می‌توانید نمونه‌هایی از یک دایره صحیح و یک شکل نادرست را ببینید. فقط شکل‌هایی را بشمارید که با نمونه دایره صحیح مطابقت دارند.<br><br>برای شروع هر کلیدی را فشار دهید.","دایره شمارش شده را وارد کنید (۰-۳ را فشار دهید)","خوش آمدید! برای ادامه هر کلیدی را فشار دهید.","Farsi","1536","0","0","0","0","-308","308","-308","308"
"6","5000","8","undefined","undefined","undefined","undefined","#1a1a1a","2","psycho","True","psycho","psycho","uniform","undefined","undefined","undefined","0","NA","0","0","12","12","0","0","0","NA","0","12","12","NA","12","12","0","12","0","0","NA","0","12","12","12","12","12","12","0","12","12","12","0","78.85672727025892","Thu Aug 20 17:22:52 2026","1000","The main experiment item","False","V7_AttentionalSpatialBias_.osexp","C:\Users\plcm\Desktop\2026-EyeTracking\group-bayes\Experiment","299.8582999862265","008.png","661.8931200000001","173.11968","True","False","mono","False","18","no","white","no","yes","RTL","661.8931200000001","173.11968","864","2","008.png","009.png","4","psycho","Farsi","12","12","C:\Users\plcm\Desktop\2026-EyeTracking\group-bayes\Experiment\subject-65.csv","150","psycho","no","267710.2534000005","Neonatal Nightingale","4.1.14","3","3","prime_3","13","RTL","او در میان زمین‌ها و باتلاق‌ها سرگردان بود و به دنبال جایی می‌گشت که به آن تعلق داشته باشد. اردک‌های وحشی گفتند او آنقدر زشت است که نمی‌تواند دوستشان باشد.","0","0","space","0","NA","NA","0","2030.3301000094507","2194.198100012727","NA","NA","2030.3301000094507","2","psycho","2, 1, 6, 5, 3, 4, 1, 2, 3, 5, 6, 4, 3, 5, 1, 2, 4, 6, 5, 1, 6, 4, 2, 3, 4, 5, 6, 2, 1, 3, 5, 4, 3, 2, 1, 6, 2, 1, 4, 6, 5, 3, 1, 3, 5, 4, 2, 6","True","1024","2","48000","-16","experiment","65","odd","266.68754179999814","614.0","922.0","165.0","699.0","119026.90689999145","NA","NA","5771.653799980413","266687.4698000029","266687.5236000051","NA","15574.168699997244","56654.52959999675","NA","5771.838399989065","274749.84279999626","266677.97799999244","NA","266693.1406999938","266699.1121000028","23326.16609998513","272711.0975999967","121221.70819999883","NA","NA","121763.4291999857","252899.77759998874","274749.808499997","272718.916599988","252899.7160999861","267702.6904000086","267699.7741999803","121763.60079998267","252899.34549998725","267702.75100000435","267710.20599998883","15574.248299992178","Attentional Spatial Bias","0","0","0","13","اکنون چشم‌پیما را کالیبره می‌کنیم.<br><br>لطفاً نقطه متحرک را با چشمان خود دنبال کنید و سرتان را ثابت نگه دارید.<br><br>لطفاً منتظر بمانید.","از شرکت شما سپاسگزاریم!<br><br>آزمایش اکنون به پایان رسیده است.<br><br>لطفاً با آزمایشگر تماس بگیرید.","در این آزمایش، شما یک داستان کوتاه را که روی صفحه نمایش داده می‌شود، خواهید خواند.<br><br>لطفاً هر خط را با دقت بخوانید، زیرا در پایان آزمایش چند سؤال در مورد داستان از شما پرسیده خواهد شد.<br><br>پس از هر پاراگراف، یک جفت تصویر خواهید دید. به هر دو تصویر نگاه کنید و تعداد کل دایره‌ها را در دو تصویر بشمارید.<br><br>در صفحه بعد می‌توانید نمونه‌هایی از یک دایره صحیح و یک شکل نادرست را ببینید. فقط شکل‌هایی را بشمارید که با نمونه دایره صحیح مطابقت دارند.<br><br>برای شروع هر کلیدی را فشار دهید.","دایره شمارش شده را وارد کنید (۰-۳ را فشار دهید)","خوش آمدید! برای ادامه هر کلیدی را فشار دهید.","Farsi","1536","-154","154","-154","154","-267","267","-267","267"
"6","5000","8","undefined","undefined","undefined","undefined","#1a1a1a","2","psycho","True","psycho","psycho","uniform","undefined","undefined","undefined","0","NA","0","0","13","13","0","0","0","NA","0","13","13","NA","13","13","0","13","0","0","NA","0","13","13","13","13","13","13","0","13","13","13","0","92.22820308812265","Thu Aug 20 17:22:52 2026","1000","The main experiment item","False","V7_AttentionalSpatialBias_.osexp","C:\Users\plcm\Desktop\2026-EyeTracking\group-bayes\Experiment","235.32199999317527","011.png","800.9932800000001","307.04832","True","False","mono","False","18","no","white","no","yes","RTL","800.9932800000001","307.04832","864","2","010.png","011.png","4","psycho","Farsi","13","13","C:\Users\plcm\Desktop\2026-EyeTracking\group-bayes\Experiment\subject-65.csv","150","psycho","no","276337.06409999286","Neonatal Nightingale","4.1.14","5","5","no_prime_trial_14","14","RTL","","0","1","space","1","NA","NA","1","2106.3010999932885","2194.198100012727","NA","NA","2106.3010999932885","2","psycho","2, 1, 6, 5, 3, 4, 1, 2, 3, 5, 6, 4, 3, 5, 1, 2, 4, 6, 5, 1, 6, 4, 2, 3, 4, 5, 6, 2, 1, 3, 5, 4, 3, 2, 1, 6, 2, 1, 4, 6, 5, 3, 1, 3, 5, 4, 2, 6","False","1024","2","48000","-16","experiment","65","odd","274.87802489998285","614.0","922.0","699.0","165.0","119026.90689999145","NA","NA","5771.653799980413","274877.9111999902","274878.0043000006","NA","15574.168699997244","56654.52959999675","NA","5771.838399989065","283453.7366000004","274865.89610000374","NA","275318.4429999965","275324.05689998996","23326.16609998513","281338.2089000079","121221.70819999883","NA","NA","121763.4291999857","274865.87720000534","283453.71010000235","281346.9245999877","274865.82310000085","276327.96289998805","276324.3777999887","121763.60079998267","274865.1564999891","276328.0160999857","276337.028799986","15574.248299992178","Attentional Spatial Bias","0","0","0","14","اکنون چشم‌پیما را کالیبره می‌کنیم.<br><br>لطفاً نقطه متحرک را با چشمان خود دنبال کنید و سرتان را ثابت نگه دارید.<br><br>لطفاً منتظر بمانید.","از شرکت شما سپاسگزاریم!<br><br>آزمایش اکنون به پایان رسیده است.<br><br>لطفاً با آزمایشگر تماس بگیرید.","در این آزمایش، شما یک داستان کوتاه را که روی صفحه نمایش داده می‌شود، خواهید خواند.<br><br>لطفاً هر خط را با دقت بخوانید، زیرا در پایان آزمایش چند سؤال در مورد داستان از شما پرسیده خواهد شد.<br><br>پس از هر پاراگراف، یک جفت تصویر خواهید دید. به هر دو تصویر نگاه کنید و تعداد کل دایره‌ها را در دو تصویر بشمارید.<br><br>در صفحه بعد می‌توانید نمونه‌هایی از یک دایره صحیح و یک شکل نادرست را ببینید. فقط شکل‌هایی را بشمارید که با نمونه دایره صحیح مطابقت دارند.<br><br>برای شروع هر کلیدی را فشار دهید.","دایره شمارش شده را وارد کنید (۰-۳ را فشار دهید)","خوش آمدید! برای ادامه هر کلیدی را فشار دهید.","Farsi","1536","-154","154","-154","154","267","-267","267","-267"
"6","5000","8","undefined","undefined","undefined","undefined","#1a1a1a","2","psycho","True","psycho","psycho","uniform","undefined","undefined","undefined","0","NA","0","0","14","14","0","0","0","NA","0","14","14","NA","14","14","0","14","0","0","NA","0","14","14","14","14","14","14","0","14","14","14","0","99.3560924912811","Thu Aug 20 17:22:52 2026","1000","The main experiment item","False","V7_AttentionalSpatialBias_.osexp","C:\Users\plcm\Desktop\2026-EyeTracking\group-bayes\Experiment","298.7928000220563","013.png","983.1168","424.94112","True","False","mono","False","18","no","white","no","yes","RTL","983.1168","424.94112","864","2","012.png","013.png","4","psycho","Farsi","14","14","C:\Users\plcm\Desktop\2026-EyeTracking\group-bayes\Experiment\subject-65.csv","150","psycho","no","284614.5481999847","Neonatal Nightingale","4.1.14","1","1","no_prime_trial_15","15","RTL","","0","1","space","1","NA","NA","1","579.0820000111125","2194.198100012727","NA","NA","579.0820000111125","2","psycho","2, 1, 6, 5, 3, 4, 1, 2, 3, 5, 6, 4, 3, 5, 1, 2, 4, 6, 5, 1, 6, 4, 2, 3, 4, 5, 6, 2, 1, 3, 5, 4, 3, 2, 1, 6, 2, 1, 4, 6, 5, 3, 1, 3, 5, 4, 2, 6","False","1024","2","48000","-16","experiment","65","odd","283.58864030000404","460.0","1076.0","432.0","432.0","119026.90689999145","NA","NA","5771.653799980413","283588.51329999743","283588.61229999457","NA","15574.168699997244","56654.52959999675","NA","5771.838399989065","290205.97139999154","283576.0158000048","NA","283593.89139999985","283599.5675000013","23326.16609998513","289617.5881999952","121221.70819999883","NA","NA","121763.4291999857","283575.99759998266","290205.9448999935","289626.22859998373","283575.95440000296","284603.2567000075","284600.1955999818","121763.60079998267","283575.6328999996","284603.3175000048","284614.50440000044","15574.248299992178","Attentional Spatial Bias","0","0","0","15","اکنون چشم‌پیما را کالیبره می‌کنیم.<br><br>لطفاً نقطه متحرک را با چشمان خود دنبال کنید و سرتان را ثابت نگه دارید.<br><br>لطفاً منتظر بمانید.","از شرکت شما سپاسگزاریم!<br><br>آزمایش اکنون به پایان رسیده است.<br><br>لطفاً با آزمایشگر تماس بگیرید.","در این آزمایش، شما یک داستان کوتاه را که روی صفحه نمایش داده می‌شود، خواهید خواند.<br><br>لطفاً هر خط را با دقت بخوانید، زیرا در پایان آزمایش چند سؤال در مورد داستان از شما پرسیده خواهد شد.<br><br>پس از هر پاراگراف، یک جفت تصویر خواهید دید. به هر دو تصویر نگاه کنید و تعداد کل دایره‌ها را در دو تصویر بشمارید.<br><br>در صفحه بعد می‌توانید نمونه‌هایی از یک دایره صحیح و یک شکل نادرست را ببینید. فقط شکل‌هایی را بشمارید که با نمونه دایره صحیح مطابقت دارند.<br><br>برای شروع هر کلیدی را فشار دهید.","دایره شمارش شده را وارد کنید (۰-۳ را فشار دهید)","خوش آمدید! برای ادامه هر کلیدی را فشار دهید.","Farsi","1536","-308","308","-308","308","0","0","0","0"
"6","5000","8","undefined","undefined","undefined","undefined","#1a1a1a","2","psycho","True","psycho","psycho","uniform","undefined","undefined","undefined","0","NA","0","0","15","15","0","0","0","NA","0","15","15","NA","15","15","0","15","0","0","NA","0","15","15","15","15","15","15","0","15","15","15","0","57.25526129734447","Thu Aug 20 17:22:52 2026","1000","The main experiment item","False","V7_AttentionalSpatialBias_.osexp","C:\Users\plcm\Desktop\2026-EyeTracking\group-bayes\Experiment","284.56300002289936","015.png","954.2553600000001","480.28896","True","False","mono","False","18","no","white","no","yes","RTL","954.2553600000001","480.28896","864","2","014.png","015.png","4","psycho","Farsi","15","15","C:\Users\plcm\Desktop\2026-EyeTracking\group-bayes\Experiment\subject-65.csv","150","psycho","no","291538.65129998303","Neonatal Nightingale","4.1.14","2","2","no_prime_trial_16","16","RTL","","0","1","space","1","NA","NA","1","709.9525000085123","2194.198100012727","NA","NA","709.9525000085123","2","psycho","2, 1, 6, 5, 3, 4, 1, 2, 3, 5, 6, 4, 3, 5, 1, 2, 4, 6, 5, 1, 6, 4, 2, 3, 4, 5, 6, 2, 1, 3, 5, 4, 3, 2, 1, 6, 2, 1, 4, 6, 5, 3, 1, 3, 5, 4, 2, 6","False","1024","2","48000","-16","experiment","65","odd","290.35812059999444","501.0","1035.0","278.0","586.0","119026.90689999145","NA","NA","5771.653799980413","290357.9536000034","290358.0883999821","NA","15574.168699997244","56654.52959999675","NA","5771.838399989065","297262.0949999837","290345.50219998346","NA","290521.7930999934","290527.50319999177","23326.16609998513","296540.78700000537","121221.70819999883","NA","NA","121763.4291999857","290345.48359998735","297262.0534999878","296551.34569999063","290345.4445999814","291530.9594999999","291527.8270999843","121763.60079998267","290345.26239999104","291531.01909998804","291538.6127999809","15574.248299992178","Attentional Spatial Bias","0","0","0","16","اکنون چشم‌پیما را کالیبره می‌کنیم.<br><br>لطفاً نقطه متحرک را با چشمان خود دنبال کنید و سرتان را ثابت نگه دارید.<br><br>لطفاً منتظر بمانید.","از شرکت شما سپاسگزاریم!<br><br>آزمایش اکنون به پایان رسیده است.<br><br>لطفاً با آزمایشگر تماس بگیرید.","در این آزمایش، شما یک داستان کوتاه را که روی صفحه نمایش داده می‌شود، خواهید خواند.<br><br>لطفاً هر خط را با دقت بخوانید، زیرا در پایان آزمایش چند سؤال در مورد داستان از شما پرسیده خواهد شد.<br><br>پس از هر پاراگراف، یک جفت تصویر خواهید دید. به هر دو تصویر نگاه کنید و تعداد کل دایره‌ها را در دو تصویر بشمارید.<br><br>در صفحه بعد می‌توانید نمونه‌هایی از یک دایره صحیح و یک شکل نادرست را ببینید. فقط شکل‌هایی را بشمارید که با نمونه دایره صحیح مطابقت دارند.<br><br>برای شروع هر کلیدی را فشار دهید.","دایره شمارش شده را وارد کنید (۰-۳ را فشار دهید)","خوش آمدید! برای ادامه هر کلیدی را فشار دهید.","Farsi","1536","-267","267","-267","267","-154","154","-154","154"
"6","5000","8","undefined","undefined","undefined","undefined","#1a1a1a","2","psycho","True","psycho","psycho","uniform","undefined","undefined","undefined","0","NA","0","0","16","16","0","0","0","NA","0","16","16","NA","16","16","0","16","0","0","NA","0","16","16","16","16","16","16","0","16","16","16","0","14.464460396212504","Thu Aug 20 17:22:52 2026","1000","The main experiment item","False","V7_AttentionalSpatialBias_.osexp","C:\Users\plcm\Desktop\2026-EyeTracking\group-bayes\Experiment","244.61160000646487","000.png","767.1552","218.96352","True","False","mono","False","18","no","white","no","yes","RTL","767.1552","218.96352","864","2","000.png","001.png","4","psycho","Farsi","16","16","C:\Users\plcm\Desktop\2026-EyeTracking\group-bayes\Experiment\subject-65.csv","150","psycho","no","298733.4464000014","Neonatal Nightingale","4.1.14","4","4","no_prime_trial_17","17","RTL","","0","2","space","2","NA","NA","2","2503.0378000228666","2194.198100012727","NA","NA","2503.0378000228666","2","psycho","2, 1, 6, 5, 3, 4, 1, 2, 3, 5, 6, 4, 3, 5, 1, 2, 4, 6, 5, 1, 6, 4, 2, 3, 4, 5, 6, 2, 1, 3, 5, 4, 3, 2, 1, 6, 2, 1, 4, 6, 5, 3, 1, 3, 5, 4, 2, 6","False","1024","2","48000","-16","experiment","65","odd","297.39196529999026","768.0","768.0","124.0","740.0","119026.90689999145","NA","NA","5771.653799980413","297391.8358999945","297391.9372999808","NA","15574.168699997244","56654.52959999675","NA","5771.838399989065","306246.0171999992","297379.2170000088","NA","297717.7905999997","297723.4000999888","23326.16609998513","303734.4626999984","121221.70819999883","NA","NA","121763.4291999857","297379.1980999813","306245.9845999838","303742.26189998444","297379.1591000045","298727.0190999843","298723.6867999891","121763.60079998267","297378.70589998784","298727.0721999812","298733.40389999794","15574.248299992178","Attentional Spatial Bias","0","0","0","17","اکنون چشم‌پیما را کالیبره می‌کنیم.<br><br>لطفاً نقطه متحرک را با چشمان خود دنبال کنید و سرتان را ثابت نگه دارید.<br><br>لطفاً منتظر بمانید.","از شرکت شما سپاسگزاریم!<br><br>آزمایش اکنون به پایان رسیده است.<br><br>لطفاً با آزمایشگر تماس بگیرید.","در این آزمایش، شما یک داستان کوتاه را که روی صفحه نمایش داده می‌شود، خواهید خواند.<br><br>لطفاً هر خط را با دقت بخوانید، زیرا در پایان آزمایش چند سؤال در مورد داستان از شما پرسیده خواهد شد.<br><br>پس از هر پاراگراف، یک جفت تصویر خواهید دید. به هر دو تصویر نگاه کنید و تعداد کل دایره‌ها را در دو تصویر بشمارید.<br><br>در صفحه بعد می‌توانید نمونه‌هایی از یک دایره صحیح و یک شکل نادرست را ببینید. فقط شکل‌هایی را بشمارید که با نمونه دایره صحیح مطابقت دارند.<br><br>برای شروع هر کلیدی را فشار دهید.","دایره شمارش شده را وارد کنید (۰-۳ را فشار دهید)","خوش آمدید! برای ادامه هر کلیدی را فشار دهید.","Farsi","1536","0","0","0","0","-308","308","-308","308"
"6","5000","8","undefined","undefined","undefined","undefined","#1a1a1a","2","psycho","True","psycho","psycho","uniform","undefined","undefined","undefined","0","NA","0","0","17","17","0","0","0","NA","0","17","17","NA","17","17","0","17","0","0","NA","0","17","17","17","17","17","17","0","17","17","17","0","99.78963807190404","Thu Aug 20 17:22:52 2026","1000","The main experiment item","False","V7_AttentionalSpatialBias_.osexp","C:\Users\plcm\Desktop\2026-EyeTracking\group-bayes\Experiment","234.29089999990538","003.png","898.60608","374.18976","True","False","mono","False","18","no","white","no","yes","RTL","898.60608","374.18976","864","2","002.png","003.png","4","psycho","Farsi","17","17","C:\Users\plcm\Desktop\2026-EyeTracking\group-bayes\Experiment\subject-65.csv","150","psycho","no","307390.47349998145","Neonatal Nightingale","4.1.14","6","6","no_prime_trial_18","18","RTL","","0","2","space","2","NA","NA","2","1665.5255999939982","2194.198100012727","NA","NA","1665.5255999939982","2","psycho","2, 1, 6, 5, 3, 4, 1, 2, 3, 5, 6, 4, 3, 5, 1, 2, 4, 6, 5, 1, 6, 4, 2, 3, 4, 5, 6, 2, 1, 3, 5, 4, 3, 2, 1, 6, 2, 1, 4, 6, 5, 3, 1, 3, 5, 4, 2, 6","False","1024","2","48000","-16","experiment","65","odd","306.3635482999962","501.0","1035.0","586.0","278.0","119026.90689999145","NA","NA","5771.653799980413","306363.3834999928","306363.52019998594","NA","15574.168699997244","56654.52959999675","NA","5771.838399989065","314070.0712999969","306351.087499992","NA","306368.7406999816","306373.90800000867","23326.16609998513","312395.4775999882","121221.70819999883","NA","NA","121763.4291999857","306351.0674999852","314070.04359998973","312403.78369999235","306351.0146999906","307377.72269998095","307374.50030000764","121763.60079998267","306350.6952000025","307377.81689999974","307390.4357999854","15574.248299992178","Attentional Spatial Bias","0","0","0","18","اکنون چشم‌پیما را کالیبره می‌کنیم.<br><br>لطفاً نقطه متحرک را با چشمان خود دنبال کنید و سرتان را ثابت نگه دارید.<br><br>لطفاً منتظر بمانید.","از شرکت شما سپاسگزاریم!<br><br>آزمایش اکنون به پایان رسیده است.<br><br>لطفاً با آزمایشگر تماس بگیرید.","در این آزمایش، شما یک داستان کوتاه را که روی صفحه نمایش داده می‌شود، خواهید خواند.<br><br>لطفاً هر خط را با دقت بخوانید، زیرا در پایان آزمایش چند سؤال در مورد داستان از شما پرسیده خواهد شد.<br><br>پس از هر پاراگراف، یک جفت تصویر خواهید دید. به هر دو تصویر نگاه کنید و تعداد کل دایره‌ها را در دو تصویر بشمارید.<br><br>در صفحه بعد می‌توانید نمونه‌هایی از یک دایره صحیح و یک شکل نادرست را ببینید. فقط شکل‌هایی را بشمارید که با نمونه دایره صحیح مطابقت دارند.<br><br>برای شروع هر کلیدی را فشار دهید.","دایره شمارش شده را وارد کنید (۰-۳ را فشار دهید)","خوش آمدید! برای ادامه هر کلیدی را فشار دهید.","Farsi","1536","-267","267","-267","267","154","-154","154","-154"
"6","5000","8","undefined","undefined","undefined","undefined","#1a1a1a","3","psycho","True","psycho","psycho","uniform","undefined","undefined","undefined","0","NA","0","0","18","18","0","0","0","NA","0","18","18","NA","18","18","0","18","0","0","NA","0","18","18","18","18","18","18","0","18","18","18","0","70.16840669178688","Thu Aug 20 17:22:52 2026","1000","The main experiment item","False","V7_AttentionalSpatialBias_.osexp","C:\Users\plcm\Desktop\2026-EyeTracking\group-bayes\Experiment","261.0086999775376","005.png","912.3379199999999","255.90816","True","False","mono","False","18","no","white","no","yes","RTL","912.3379199999999","255.90816","864","3","004.png","005.png","4","psycho","Farsi","18","18","C:\Users\plcm\Desktop\2026-EyeTracking\group-bayes\Experiment\subject-65.csv","150","psycho","no","323651.98120000423","Neonatal Nightingale","4.1.14","5","5","prime_4","19","RTL","یک شب، شکارچیان در نزدیکی آنجا شلیک کردند و جوجه‌اردک تا زمانی که همه چیز امن و امان شود در بین نی ها قایم شد.","0","2","space","2","NA","NA","2","1171.1652999802027","2194.198100012727","NA","NA","1171.1652999802027","2","psycho","2, 1, 6, 5, 3, 4, 1, 2, 3, 5, 6, 4, 3, 5, 1, 2, 4, 6, 5, 1, 6, 4, 2, 3, 4, 5, 6, 2, 1, 3, 5, 4, 3, 2, 1, 6, 2, 1, 4, 6, 5, 3, 1, 3, 5, 4, 2, 6","True","1024","2","48000","-16","experiment","65","odd","322.3113427000062","614.0","922.0","699.0","165.0","119026.90689999145","NA","NA","5771.653799980413","322311.22949998826","322311.31279998226","NA","15574.168699997244","56654.52959999675","NA","5771.838399989065","329838.0414999847","322301.6459000064","NA","322633.4867999831","322639.2945999978","23326.16609998513","328657.08350000205","121221.70819999883","NA","NA","121763.4291999857","314190.4328999808","329838.0097000045","328666.2192000076","314190.38929999806","323642.672099988","323639.4789000042","121763.60079998267","314190.11299998965","323642.72929998697","323651.9430000044","15574.248299992178","Attentional Spatial Bias","0","0","0","19","اکنون چشم‌پیما را کالیبره می‌کنیم.<br><br>لطفاً نقطه متحرک را با چشمان خود دنبال کنید و سرتان را ثابت نگه دارید.<br><br>لطفاً منتظر بمانید.","از شرکت شما سپاسگزاریم!<br><br>آزمایش اکنون به پایان رسیده است.<br><br>لطفاً با آزمایشگر تماس بگیرید.","در این آزمایش، شما یک داستان کوتاه را که روی صفحه نمایش داده می‌شود، خواهید خواند.<br><br>لطفاً هر خط را با دقت بخوانید، زیرا در پایان آزمایش چند سؤال در مورد داستان از شما پرسیده خواهد شد.<br><br>پس از هر پاراگراف، یک جفت تصویر خواهید دید. به هر دو تصویر نگاه کنید و تعداد کل دایره‌ها را در دو تصویر بشمارید.<br><br>در صفحه بعد می‌توانید نمونه‌هایی از یک دایره صحیح و یک شکل نادرست را ببینید. فقط شکل‌هایی را بشمارید که با نمونه دایره صحیح مطابقت دارند.<br><br>برای شروع هر کلیدی را فشار دهید.","دایره شمارش شده را وارد کنید (۰-۳ را فشار دهید)","خوش آمدید! برای ادامه هر کلیدی را فشار دهید.","Farsi","1536","-154","154","-154","154","267","-267","267","-267"
"6","5000","8","undefined","undefined","undefined","undefined","#1a1a1a","3","psycho","True","psycho","psycho","uniform","undefined","undefined","undefined","0","NA","0","0","19","19","0","0","0","NA","0","19","19","NA","19","19","0","19","0","0","NA","0","19","19","19","19","19","19","0","19","19","19","0","57.1521527335025","Thu Aug 20 17:22:52 2026","1000","The main experiment item","False","V7_AttentionalSpatialBias_.osexp","C:\Users\plcm\Desktop\2026-EyeTracking\group-bayes\Experiment","273.17200001562014","007.png","1056.33792","397.50912","True","False","mono","False","18","no","white","no","yes","RTL","1056.33792","397.50912","864","3","006.png","007.png","4","psycho","Farsi","19","19","C:\Users\plcm\Desktop\2026-EyeTracking\group-bayes\Experiment\subject-65.csv","150","psycho","no","331018.9744999807","Neonatal Nightingale","4.1.14","1","1","no_prime_trial_20","20","RTL","","0","2","space","2","NA","NA","2","646.6435999900568","2194.198100012727","NA","NA","646.6435999900568","2","psycho","2, 1, 6, 5, 3, 4, 1, 2, 3, 5, 6, 4, 3, 5, 1, 2, 4, 6, 5, 1, 6, 4, 2, 3, 4, 5, 6, 2, 1, 3, 5, 4, 3, 2, 1, 6, 2, 1, 4, 6, 5, 3, 1, 3, 5, 4, 2, 6","False","1024","2","48000","-16","experiment","65","odd","329.99489109998103","460.0","1076.0","432.0","432.0","119026.90689999145","NA","NA","5771.653799980413","329994.7737999901","329994.8606999824","NA","15574.168699997244","56654.52959999675","NA","5771.838399989065","336678.22579998756","329981.9954999839","NA","330000.42679999024","330006.5590000013","23326.16609998513","336022.7624999825","121221.70819999883","NA","NA","121763.4291999857","329981.97419999633","336678.19449998206","336030.6958000001","329981.9124999922","331009.34659998165","331006.61270000273","121763.60079998267","329981.22719998355","331009.40839998657","331018.9304999949","15574.248299992178","Attentional Spatial Bias","0","0","0","20","اکنون چشم‌پیما را کالیبره می‌کنیم.<br><br>لطفاً نقطه متحرک را با چشمان خود دنبال کنید و سرتان را ثابت نگه دارید.<br><br>لطفاً منتظر بمانید.","از شرکت شما سپاسگزاریم!<br><br>آزمایش اکنون به پایان رسیده است.<br><br>لطفاً با آزمایشگر تماس بگیرید.","در این آزمایش، شما یک داستان کوتاه را که روی صفحه نمایش داده می‌شود، خواهید خواند.<br><br>لطفاً هر خط را با دقت بخوانید، زیرا در پایان آزمایش چند سؤال در مورد داستان از شما پرسیده خواهد شد.<br><br>پس از هر پاراگراف، یک جفت تصویر خواهید دید. به هر دو تصویر نگاه کنید و تعداد کل دایره‌ها را در دو تصویر بشمارید.<br><br>در صفحه بعد می‌توانید نمونه‌هایی از یک دایره صحیح و یک شکل نادرست را ببینید. فقط شکل‌هایی را بشمارید که با نمونه دایره صحیح مطابقت دارند.<br><br>برای شروع هر کلیدی را فشار دهید.","دایره شمارش شده را وارد کنید (۰-۳ را فشار دهید)","خوش آمدید! برای ادامه هر کلیدی را فشار دهید.","Farsi","1536","-308","308","-308","308","0","0","0","0"
"6","5000","8","undefined","undefined","undefined","undefined","#1a1a1a","3","psycho","True","psycho","psycho","uniform","undefined","undefined","undefined","0","NA","0","0","20","20","0","0","0","NA","0","20","20","NA","20","20","0","20","0","0","NA","0","20","20","20","20","20","20","0","20","20","20","0","73.11608143688234","Thu Aug 20 17:22:52 2026","1000","The main experiment item","False","V7_AttentionalSpatialBias_.osexp","C:\Users\plcm\Desktop\2026-EyeTracking\group-bayes\Experiment","240.16459999256767","009.png","1005.0969600000001","355.20768","True","False","mono","False","18","no","white","no","yes","RTL","1005.0969600000001","355.20768","864","3","008.png","009.png","4","psycho","Farsi","20","20","C:\Users\plcm\Desktop\2026-EyeTracking\group-bayes\Experiment\subject-65.csv","150","psycho","no","338160.99750000285","Neonatal Nightingale","4.1.14","6","6","no_prime_trial_21","21","RTL","","0","0","space","0","NA","NA","0","1282.7464999863878","2194.198100012727","NA","NA","1282.7464999863878","2","psycho","2, 1, 6, 5, 3, 4, 1, 2, 3, 5, 6, 4, 3, 5, 1, 2, 4, 6, 5, 1, 6, 4, 2, 3, 4, 5, 6, 2, 1, 3, 5, 4, 3, 2, 1, 6, 2, 1, 4, 6, 5, 3, 1, 3, 5, 4, 2, 6","False","1024","2","48000","-16","experiment","65","odd","336.83030780000263","501.0","1035.0","586.0","278.0","119026.90689999145","NA","NA","5771.653799980413","336830.1988999883","336830.2822999831","NA","15574.168699997244","56654.52959999675","NA","5771.838399989065","344454.3924999889","336817.13730000774","NA","337140.27639999404","337145.86560000316","23326.16609998513","343162.3745999823","121221.70819999883","NA","NA","121763.4291999857","336817.1156999888","344454.3640000047","343170.5637999985","336817.0586999913","338149.5318999805","338146.41799998935","121763.60079998267","336816.63689998095","338149.5950999961","338160.95739998855","15574.248299992178","Attentional Spatial Bias","0","0","0","21","اکنون چشم‌پیما را کالیبره می‌کنیم.<br><br>لطفاً نقطه متحرک را با چشمان خود دنبال کنید و سرتان را ثابت نگه دارید.<br><br>لطفاً منتظر بمانید.","از شرکت شما سپاسگزاریم!<br><br>آزمایش اکنون به پایان رسیده است.<br><br>لطفاً با آزمایشگر تماس بگیرید.","در این آزمایش، شما یک داستان کوتاه را که روی صفحه نمایش داده می‌شود، خواهید خواند.<br><br>لطفاً هر خط را با دقت بخوانید، زیرا در پایان آزمایش چند سؤال در مورد داستان از شما پرسیده خواهد شد.<br><br>پس از هر پاراگراف، یک جفت تصویر خواهید دید. به هر دو تصویر نگاه کنید و تعداد کل دایره‌ها را در دو تصویر بشمارید.<br><br>در صفحه بعد می‌توانید نمونه‌هایی از یک دایره صحیح و یک شکل نادرست را ببینید. فقط شکل‌هایی را بشمارید که با نمونه دایره صحیح مطابقت دارند.<br><br>برای شروع هر کلیدی را فشار دهید.","دایره شمارش شده را وارد کنید (۰-۳ را فشار دهید)","خوش آمدید! برای ادامه هر کلیدی را فشار دهید.","Farsi","1536","-267","267","-267","267","154","-154","154","-154"
"6","5000","8","undefined","undefined","undefined","undefined","#1a1a1a","3","psycho","True","psycho","psycho","uniform","undefined","undefined","undefined","0","NA","0","0","21","21","0","0","0","NA","0","21","21","NA","21","21","0","21","0","0","NA","0","21","21","21","21","21","21","0","21","21","21","0","83.36392423776611","Thu Aug 20 17:22:52 2026","1000","The main experiment item","False","V7_AttentionalSpatialBias_.osexp","C:\Users\plcm\Desktop\2026-EyeTracking\group-bayes\Experiment","233.97539998404682","010.png","768.89088","247.18176","True","False","mono","False","18","no","white","no","yes","RTL","768.89088","247.18176","864","3","010.png","011.png","4","psycho","Farsi","21","21","C:\Users\plcm\Desktop\2026-EyeTracking\group-bayes\Experiment\subject-65.csv","150","psycho","no","345627.9046999989","Neonatal Nightingale","4.1.14","4","4","no_prime_trial_22","22","RTL","","0","2","space","2","NA","NA","2","1109.5103999832645","2194.198100012727","NA","NA","1109.5103999832645","2","psycho","2, 1, 6, 5, 3, 4, 1, 2, 3, 5, 6, 4, 3, 5, 1, 2, 4, 6, 5, 1, 6, 4, 2, 3, 4, 5, 6, 2, 1, 3, 5, 4, 3, 2, 1, 6, 2, 1, 4, 6, 5, 3, 1, 3, 5, 4, 2, 6","False","1024","2","48000","-16","experiment","65","odd","344.60723500000313","768.0","768.0","124.0","740.0","119026.90689999145","NA","NA","5771.653799980413","344607.07739999634","344607.21039999044","NA","15574.168699997244","56654.52959999675","NA","5771.838399989065","351750.2200999879","344596.06809998513","NA","344612.77350000455","344618.25020000106","23326.16609998513","350629.1635000089","121221.70819999883","NA","NA","121763.4291999857","344596.0480000067","351750.1900999923","350639.7852000082","344595.99349999917","345621.5535000083","345618.3586999832","121763.60079998267","344595.0756999955","345621.60049998784","345627.86189999315","15574.248299992178","Attentional Spatial Bias","0","0","0","22","اکنون چشم‌پیما را کالیبره می‌کنیم.<br><br>لطفاً نقطه متحرک را با چشمان خود دنبال کنید و سرتان را ثابت نگه دارید.<br><br>لطفاً منتظر بمانید.","از شرکت شما سپاسگزاریم!<br><br>آزمایش اکنون به پایان رسیده است.<br><br>لطفاً با آزمایشگر تماس بگیرید.","در این آزمایش، شما یک داستان کوتاه را که روی صفحه نمایش داده می‌شود، خواهید خواند.<br><br>لطفاً هر خط را با دقت بخوانید، زیرا در پایان آزمایش چند سؤال در مورد داستان از شما پرسیده خواهد شد.<br><br>پس از هر پاراگراف، یک جفت تصویر خواهید دید. به هر دو تصویر نگاه کنید و تعداد کل دایره‌ها را در دو تصویر بشمارید.<br><br>در صفحه بعد می‌توانید نمونه‌هایی از یک دایره صحیح و یک شکل نادرست را ببینید. فقط شکل‌هایی را بشمارید که با نمونه دایره صحیح مطابقت دارند.<br><br>برای شروع هر کلیدی را فشار دهید.","دایره شمارش شده را وارد کنید (۰-۳ را فشار دهید)","خوش آمدید! برای ادامه هر کلیدی را فشار دهید.","Farsi","1536","0","0","0","0","-308","308","-308","308"
"6","5000","8","undefined","undefined","undefined","undefined","#1a1a1a","3","psycho","True","psycho","psycho","uniform","undefined","undefined","undefined","0","NA","0","0","22","22","0","0","0","NA","0","22","22","NA","22","22","0","22","0","0","NA","0","22","22","22","22","22","22","0","22","22","22","0","20.179950471296955","Thu Aug 20 17:22:52 2026","1000","The main experiment item","False","V7_AttentionalSpatialBias_.osexp","C:\Users\plcm\Desktop\2026-EyeTracking\group-bayes\Experiment","304.9634000053629","012.png","612.4032","334.33344","True","False","mono","False","18","no","white","no","yes","RTL","612.4032","334.33344","864","3","012.png","013.png","4","psycho","Farsi","22","22","C:\Users\plcm\Desktop\2026-EyeTracking\group-bayes\Experiment\subject-65.csv","150","psycho","no","352908.16729998915","Neonatal Nightingale","4.1.14","2","2","no_prime_trial_23","23","RTL","","0","1","space","1","NA","NA","1","438.5957000195049","2194.198100012727","NA","NA","438.5957000195049","2","psycho","2, 1, 6, 5, 3, 4, 1, 2, 3, 5, 6, 4, 3, 5, 1, 2, 4, 6, 5, 1, 6, 4, 2, 3, 4, 5, 6, 2, 1, 3, 5, 4, 3, 2, 1, 6, 2, 1, 4, 6, 5, 3, 1, 3, 5, 4, 2, 6","False","1024","2","48000","-16","experiment","65","odd","351.8813940999971","501.0","1035.0","278.0","586.0","119026.90689999145","NA","NA","5771.653799980413","351881.26470000134","351881.3613000093","NA","15574.168699997244","56654.52959999675","NA","5771.838399989065","358357.94379998697","351868.5439999972","NA","351886.90959999803","351892.36759999767","23326.16609998513","357910.54419998545","121221.70819999883","NA","NA","121763.4291999857","351868.5220000043","358357.91279998375","357918.7115999812","351868.47089999355","352897.5492999889","352893.6606000061","121763.60079998267","351868.0736999959","352897.6418999955","352908.12489998643","15574.248299992178","Attentional Spatial Bias","0","0","0","23","اکنون چشم‌پیما را کالیبره می‌کنیم.<br><br>لطفاً نقطه متحرک را با چشمان خود دنبال کنید و سرتان را ثابت نگه دارید.<br><br>لطفاً منتظر بمانید.","از شرکت شما سپاسگزاریم!<br><br>آزمایش اکنون به پایان رسیده است.<br><br>لطفاً با آزمایشگر تماس بگیرید.","در این آزمایش، شما یک داستان کوتاه را که روی صفحه نمایش داده می‌شود، خواهید خواند.<br><br>لطفاً هر خط را با دقت بخوانید، زیرا در پایان آزمایش چند سؤال در مورد داستان از شما پرسیده خواهد شد.<br><br>پس از هر پاراگراف، یک جفت تصویر خواهید دید. به هر دو تصویر نگاه کنید و تعداد کل دایره‌ها را در دو تصویر بشمارید.<br><br>در صفحه بعد می‌توانید نمونه‌هایی از یک دایره صحیح و یک شکل نادرست را ببینید. فقط شکل‌هایی را بشمارید که با نمونه دایره صحیح مطابقت دارند.<br><br>برای شروع هر کلیدی را فشار دهید.","دایره شمارش شده را وارد کنید (۰-۳ را فشار دهید)","خوش آمدید! برای ادامه هر کلیدی را فشار دهید.","Farsi","1536","-267","267","-267","267","-154","154","-154","154"
"6","5000","8","undefined","undefined","undefined","undefined","#1a1a1a","3","psycho","True","psycho","psycho","uniform","undefined","undefined","undefined","0","NA","0","0","23","23","0","0","0","NA","0","23","23","NA","23","23","0","23","0","0","NA","0","23","23","23","23","23","23","0","23","23","23","0","85.70792225356998","Thu Aug 20 17:22:52 2026","1000","The main experiment item","False","V7_AttentionalSpatialBias_.osexp","C:\Users\plcm\Desktop\2026-EyeTracking\group-bayes\Experiment","240.04449998028576","014.png","690.87744","271.48608","True","False","mono","False","18","no","white","no","yes","RTL","690.87744","271.48608","864","3","014.png","015.png","4","psycho","Farsi","23","23","C:\Users\plcm\Desktop\2026-EyeTracking\group-bayes\Experiment\subject-65.csv","150","psycho","no","359628.94830000005","Neonatal Nightingale","4.1.14","3","3","no_prime_trial_24","24","RTL","","0","2","space","2","NA","NA","2","1727.4850999820046","2194.198100012727","NA","NA","1727.4850999820046","2","psycho","2, 1, 6, 5, 3, 4, 1, 2, 3, 5, 6, 4, 3, 5, 1, 2, 4, 6, 5, 1, 6, 4, 2, 3, 4, 5, 6, 2, 1, 3, 5, 4, 3, 2, 1, 6, 2, 1, 4, 6, 5, 3, 1, 3, 5, 4, 2, 6","False","1024","2","48000","-16","experiment","65","odd","358.4994798999978","614.0","922.0","165.0","699.0","119026.90689999145","NA","NA","5771.653799980413","358499.364599993","358499.45370000205","NA","15574.168699997244","56654.52959999675","NA","5771.838399989065","366366.03889998514","358487.95099998824","NA","358609.69049998675","358615.1239000028","23326.16609998513","364630.03929998376","121221.70819999883","NA","NA","121763.4291999857","358487.9297000007","366366.00939999335","364637.8504000022","358487.8724000009","359618.5253000003","359615.3712999949","121763.60079998267","358487.3842999805","359618.57849999797","359628.911399981","15574.248299992178","Attentional Spatial Bias","0","0","0","24","اکنون چشم‌پیما را کالیبره می‌کنیم.<br><br>لطفاً نقطه متحرک را با چشمان خود دنبال کنید و سرتان را ثابت نگه دارید.<br><br>لطفاً منتظر بمانید.","از شرکت شما سپاسگزاریم!<br><br>آزمایش اکنون به پایان رسیده است.<br><br>لطفاً با آزمایشگر تماس بگیرید.","در این آزمایش، شما یک داستان کوتاه را که روی صفحه نمایش داده می‌شود، خواهید خواند.<br><br>لطفاً هر خط را با دقت بخوانید، زیرا در پایان آزمایش چند سؤال در مورد داستان از شما پرسیده خواهد شد.<br><br>پس از هر پاراگراف، یک جفت تصویر خواهید دید. به هر دو تصویر نگاه کنید و تعداد کل دایره‌ها را در دو تصویر بشمارید.<br><br>در صفحه بعد می‌توانید نمونه‌هایی از یک دایره صحیح و یک شکل نادرست را ببینید. فقط شکل‌هایی را بشمارید که با نمونه دایره صحیح مطابقت دارند.<br><br>برای شروع هر کلیدی را فشار دهید.","دایره شمارش شده را وارد کنید (۰-۳ را فشار دهید)","خوش آمدید! برای ادامه هر کلیدی را فشار دهید.","Farsi","1536","-154","154","-154","154","-267","267","-267","267"
"6","5000","8","undefined","undefined","undefined","undefined","#1a1a1a","4","psycho","True","psycho","psycho","uniform","undefined","undefined","undefined","0","NA","0","0","24","24","0","0","0","NA","0","24","24","NA","24","24","0","24","0","0","NA","0","24","24","24","24","24","24","0","24","24","24","0","52.853960322201","Thu Aug 20 17:22:52 2026","1000","The main experiment item","False","V7_AttentionalSpatialBias_.osexp","C:\Users\plcm\Desktop\2026-EyeTracking\group-bayes\Experiment","325.5343000055291","000.png","774.35904","257.39424","True","False","mono","False","18","no","white","no","yes","RTL","774.35904","257.39424","864","4","000.png","001.png","4","psycho","Farsi","24","24","C:\Users\plcm\Desktop\2026-EyeTracking\group-bayes\Experiment\subject-65.csv","150","psycho","no","385926.0221000004","Neonatal Nightingale","4.1.14","4","4","prime_5","25","RTL","جوجه اردک خانه‌ای کوچک پیدا کرد  پیرزنی به همراه یک گربه و یک مرغ در آن زندگی میکرد. گربه و مرغ بدجنس بودند و او را بی‌فایده صدا می‌زدند. او که ناراحت بود، آنجا را ترک کرد و به تنهایی به سرگردانی ادامه داد.","0","2","space","2","NA","NA","2","1460.8570999989752","2194.198100012727","NA","NA","1460.8570999989752","2","psycho","2, 1, 6, 5, 3, 4, 1, 2, 3, 5, 6, 4, 3, 5, 1, 2, 4, 6, 5, 1, 6, 4, 2, 3, 4, 5, 6, 2, 1, 3, 5, 4, 3, 2, 1, 6, 2, 1, 4, 6, 5, 3, 1, 3, 5, 4, 2, 6","True","1024","2","48000","-16","experiment","65","odd","383.855710600008","768.0","768.0","124.0","740.0","119026.90689999145","NA","NA","5771.653799980413","383855.63909998746","383855.6924999866","NA","15574.168699997244","56654.52959999675","NA","5771.838399989065","392398.13600000343","383845.8042999846","NA","384907.8843999887","384913.7599999958","23326.16609998513","390927.57070000516","121221.70819999883","NA","NA","121763.4291999857","366465.43889999157","392398.1044999964","390936.5343999816","366465.39029999985","385917.15110000223","385913.9186999819","121763.60079998267","366464.9817000027","385917.2127000056","385925.98030000227","15574.248299992178","Attentional Spatial Bias","0","0","0","25","اکنون چشم‌پیما را کالیبره می‌کنیم.<br><br>لطفاً نقطه متحرک را با چشمان خود دنبال کنید و سرتان را ثابت نگه دارید.<br><br>لطفاً منتظر بمانید.","از شرکت شما سپاسگزاریم!<br><br>آزمایش اکنون به پایان رسیده است.<br><br>لطفاً با آزمایشگر تماس بگیرید.","در این آزمایش، شما یک داستان کوتاه را که روی صفحه نمایش داده می‌شود، خواهید خواند.<br><br>لطفاً هر خط را با دقت بخوانید، زیرا در پایان آزمایش چند سؤال در مورد داستان از شما پرسیده خواهد شد.<br><br>پس از هر پاراگراف، یک جفت تصویر خواهید دید. به هر دو تصویر نگاه کنید و تعداد کل دایره‌ها را در دو تصویر بشمارید.<br><br>در صفحه بعد می‌توانید نمونه‌هایی از یک دایره صحیح و یک شکل نادرست را ببینید. فقط شکل‌هایی را بشمارید که با نمونه دایره صحیح مطابقت دارند.<br><br>برای شروع هر کلیدی را فشار دهید.","دایره شمارش شده را وارد کنید (۰-۳ را فشار دهید)","خوش آمدید! برای ادامه هر کلیدی را فشار دهید.","Farsi","1536","0","0","0","0","-308","308","-308","308"
"6","5000","8","undefined","undefined","undefined","undefined","#1a1a1a","4","psycho","True","psycho","psycho","uniform","undefined","undefined","undefined","0","NA","0","0","25","25","0","0","0","NA","0","25","25","NA","25","25","0","25","0","0","NA","0","25","25","25","25","25","25","0","25","25","25","0","86.53266461272992","Thu Aug 20 17:22:52 2026","1000","The main experiment item","False","V7_AttentionalSpatialBias_.osexp","C:\Users\plcm\Desktop\2026-EyeTracking\group-bayes\Experiment","287.5322999898344","003.png","791.04","264.86784","True","False","mono","False","18","no","white","no","yes","RTL","791.04","264.86784","864","4","002.png","003.png","4","psycho","Farsi","25","25","C:\Users\plcm\Desktop\2026-EyeTracking\group-bayes\Experiment\subject-65.csv","150","psycho","no","393801.5790999925","Neonatal Nightingale","4.1.14","5","5","no_prime_trial_26","26","RTL","","0","2","space","2","NA","NA","2","586.1507999943569","2194.198100012727","NA","NA","586.1507999943569","2","psycho","2, 1, 6, 5, 3, 4, 1, 2, 3, 5, 6, 4, 3, 5, 1, 2, 4, 6, 5, 1, 6, 4, 2, 3, 4, 5, 6, 2, 1, 3, 5, 4, 3, 2, 1, 6, 2, 1, 4, 6, 5, 3, 1, 3, 5, 4, 2, 6","False","1024","2","48000","-16","experiment","65","odd","392.51766340000904","614.0","922.0","699.0","165.0","119026.90689999145","NA","NA","5771.653799980413","392517.531599995","392517.6349999965","NA","15574.168699997244","56654.52959999675","NA","5771.838399989065","399397.9174999986","392504.6878999856","NA","392784.4954000029","392790.30629998306","23326.16609998513","398803.2167000056","121221.70819999883","NA","NA","121763.4291999857","392504.666199995","399397.8872000007","398811.1610999913","392504.6037999855","393793.5896999843","393790.62559999875","121763.60079998267","392504.042799992","393793.643699988","393801.5430000087","15574.248299992178","Attentional Spatial Bias","0","0","0","26","اکنون چشم‌پیما را کالیبره می‌کنیم.<br><br>لطفاً نقطه متحرک را با چشمان خود دنبال کنید و سرتان را ثابت نگه دارید.<br><br>لطفاً منتظر بمانید.","از شرکت شما سپاسگزاریم!<br><br>آزمایش اکنون به پایان رسیده است.<br><br>لطفاً با آزمایشگر تماس بگیرید.","در این آزمایش، شما یک داستان کوتاه را که روی صفحه نمایش داده می‌شود، خواهید خواند.<br><br>لطفاً هر خط را با دقت بخوانید، زیرا در پایان آزمایش چند سؤال در مورد داستان از شما پرسیده خواهد شد.<br><br>پس از هر پاراگراف، یک جفت تصویر خواهید دید. به هر دو تصویر نگاه کنید و تعداد کل دایره‌ها را در دو تصویر بشمارید.<br><br>در صفحه بعد می‌توانید نمونه‌هایی از یک دایره صحیح و یک شکل نادرست را ببینید. فقط شکل‌هایی را بشمارید که با نمونه دایره صحیح مطابقت دارند.<br><br>برای شروع هر کلیدی را فشار دهید.","دایره شمارش شده را وارد کنید (۰-۳ را فشار دهید)","خوش آمدید! برای ادامه هر کلیدی را فشار دهید.","Farsi","1536","-154","154","-154","154","267","-267","267","-267"
"6","5000","8","undefined","undefined","undefined","undefined","#1a1a1a","4","psycho","True","psycho","psycho","uniform","undefined","undefined","undefined","0","NA","0","0","26","26","0","0","0","NA","0","26","26","NA","26","26","0","26","0","0","NA","0","26","26","26","26","26","26","0","26","26","26","0","40.40148348135743","Thu Aug 20 17:22:52 2026","1000","The main experiment item","False","V7_AttentionalSpatialBias_.osexp","C:\Users\plcm\Desktop\2026-EyeTracking\group-bayes\Experiment","264.4117999880109","005.png","894.35136","391.27968","True","False","mono","False","18","no","white","no","yes","RTL","894.35136","391.27968","864","4","004.png","005.png","4","psycho","Farsi","26","26","C:\Users\plcm\Desktop\2026-EyeTracking\group-bayes\Experiment\subject-65.csv","150","psycho","no","400861.83300000266","Neonatal Nightingale","4.1.14","6","6","no_prime_trial_27","27","RTL","","0","2","space","2","NA","NA","2","7251.1691999970935","2194.198100012727","NA","NA","7251.1691999970935","2","psycho","2, 1, 6, 5, 3, 4, 1, 2, 3, 5, 6, 4, 3, 5, 1, 2, 4, 6, 5, 1, 6, 4, 2, 3, 4, 5, 6, 2, 1, 3, 5, 4, 3, 2, 1, 6, 2, 1, 4, 6, 5, 3, 1, 3, 5, 4, 2, 6","False","1024","2","48000","-16","experiment","65","odd","399.5317900000082","501.0","1035.0","586.0","278.0","119026.90689999145","NA","NA","5771.653799980413","399531.64860000834","399531.7619999987","NA","15574.168699997244","56654.52959999675","NA","5771.838399989065","413126.14780000877","399520.5716000055","NA","399843.79260000424","399849.15130000445","23326.16609998513","405866.4005000028","121221.70819999883","NA","NA","121763.4291999857","399520.5505999911","413126.1135999812","405874.10109999473","399520.4928999883","400852.72689998965","400849.6613999887","121763.60079998267","399520.09279999766","400852.78640000615","400861.799300008","15574.248299992178","Attentional Spatial Bias","0","0","0","27","اکنون چشم‌پیما را کالیبره می‌کنیم.<br><br>لطفاً نقطه متحرک را با چشمان خود دنبال کنید و سرتان را ثابت نگه دارید.<br><br>لطفاً منتظر بمانید.","از شرکت شما سپاسگزاریم!<br><br>آزمایش اکنون به پایان رسیده است.<br><br>لطفاً با آزمایشگر تماس بگیرید.","در این آزمایش، شما یک داستان کوتاه را که روی صفحه نمایش داده می‌شود، خواهید خواند.<br><br>لطفاً هر خط را با دقت بخوانید، زیرا در پایان آزمایش چند سؤال در مورد داستان از شما پرسیده خواهد شد.<br><br>پس از هر پاراگراف، یک جفت تصویر خواهید دید. به هر دو تصویر نگاه کنید و تعداد کل دایره‌ها را در دو تصویر بشمارید.<br><br>در صفحه بعد می‌توانید نمونه‌هایی از یک دایره صحیح و یک شکل نادرست را ببینید. فقط شکل‌هایی را بشمارید که با نمونه دایره صحیح مطابقت دارند.<br><br>برای شروع هر کلیدی را فشار دهید.","دایره شمارش شده را وارد کنید (۰-۳ را فشار دهید)","خوش آمدید! برای ادامه هر کلیدی را فشار دهید.","Farsi","1536","-267","267","-267","267","154","-154","154","-154"
"6","5000","8","undefined","undefined","undefined","undefined","#1a1a1a","4","psycho","True","psycho","psycho","uniform","undefined","undefined","undefined","0","NA","0","0","27","27","0","0","0","NA","0","27","27","NA","27","27","0","27","0","0","NA","0","27","27","27","27","27","27","0","27","27","27","0","86.15184127165242","Thu Aug 20 17:22:52 2026","1000","The main experiment item","False","V7_AttentionalSpatialBias_.osexp","C:\Users\plcm\Desktop\2026-EyeTracking\group-bayes\Experiment","310.65769999986514","007.png","935.90016","510.99552","True","False","mono","False","18","no","white","no","yes","RTL","935.90016","510.99552","864","4","006.png","007.png","4","psycho","Farsi","27","27","C:\Users\plcm\Desktop\2026-EyeTracking\group-bayes\Experiment\subject-65.csv","150","psycho","no","414374.12229998154","Neonatal Nightingale","4.1.14","2","2","no_prime_trial_28","28","RTL","","0","2","space","2","NA","NA","2","797.0226000179537","2194.198100012727","NA","NA","797.0226000179537","2","psycho","2, 1, 6, 5, 3, 4, 1, 2, 3, 5, 6, 4, 3, 5, 1, 2, 4, 6, 5, 1, 6, 4, 2, 3, 4, 5, 6, 2, 1, 3, 5, 4, 3, 2, 1, 6, 2, 1, 4, 6, 5, 3, 1, 3, 5, 4, 2, 6","False","1024","2","48000","-16","experiment","65","odd","413.28286279999884","501.0","1035.0","278.0","586.0","119026.90689999145","NA","NA","5771.653799980413","413282.75409998605","413282.8359999985","NA","15574.168699997244","56654.52959999675","NA","5771.838399989065","420181.85580000863","413271.338999999","NA","413359.42920000525","413365.01899998984","23326.16609998513","419374.82729999465","121221.70819999883","NA","NA","121763.4291999857","413271.31219999865","420181.82939998223","419384.28559998283","413271.2299999839","414368.0141000077","414365.21849999554","121763.60079998267","413270.02890000585","414368.0750000058","414374.0786999988","15574.248299992178","Attentional Spatial Bias","0","0","0","28","اکنون چشم‌پیما را کالیبره می‌کنیم.<br><br>لطفاً نقطه متحرک را با چشمان خود دنبال کنید و سرتان را ثابت نگه دارید.<br><br>لطفاً منتظر بمانید.","از شرکت شما سپاسگزاریم!<br><br>آزمایش اکنون به پایان رسیده است.<br><br>لطفاً با آزمایشگر تماس بگیرید.","در این آزمایش، شما یک داستان کوتاه را که روی صفحه نمایش داده می‌شود، خواهید خواند.<br><br>لطفاً هر خط را با دقت بخوانید، زیرا در پایان آزمایش چند سؤال در مورد داستان از شما پرسیده خواهد شد.<br><br>پس از هر پاراگراف، یک جفت تصویر خواهید دید. به هر دو تصویر نگاه کنید و تعداد کل دایره‌ها را در دو تصویر بشمارید.<br><br>در صفحه بعد می‌توانید نمونه‌هایی از یک دایره صحیح و یک شکل نادرست را ببینید. فقط شکل‌هایی را بشمارید که با نمونه دایره صحیح مطابقت دارند.<br><br>برای شروع هر کلیدی را فشار دهید.","دایره شمارش شده را وارد کنید (۰-۳ را فشار دهید)","خوش آمدید! برای ادامه هر کلیدی را فشار دهید.","Farsi","1536","-267","267","-267","267","-154","154","-154","154"
"6","5000","8","undefined","undefined","undefined","undefined","#1a1a1a","4","psycho","True","psycho","psycho","uniform","undefined","undefined","undefined","0","NA","0","0","28","28","0","0","0","NA","0","28","28","NA","28","28","0","28","0","0","NA","0","28","28","28","28","28","28","0","28","28","28","0","81.3966626067678","Thu Aug 20 17:22:52 2026","1000","The main experiment item","False","V7_AttentionalSpatialBias_.osexp","C:\Users\plcm\Desktop\2026-EyeTracking\group-bayes\Experiment","283.2877000037115","009.png","1010.39616","425.14848","True","False","mono","False","18","no","white","no","yes","RTL","1010.39616","425.14848","864","4","008.png","009.png","4","psycho","Farsi","28","28","C:\Users\plcm\Desktop\2026-EyeTracking\group-bayes\Experiment\subject-65.csv","150","psycho","no","421753.09759998345","Neonatal Nightingale","4.1.14","1","1","no_prime_trial_29","29","RTL","","0","0","space","0","NA","NA","0","962.2660999884829","2194.198100012727","NA","NA","962.2660999884829","2","psycho","2, 1, 6, 5, 3, 4, 1, 2, 3, 5, 6, 4, 3, 5, 1, 2, 4, 6, 5, 1, 6, 4, 2, 3, 4, 5, 6, 2, 1, 3, 5, 4, 3, 2, 1, 6, 2, 1, 4, 6, 5, 3, 1, 3, 5, 4, 2, 6","False","1024","2","48000","-16","experiment","65","odd","420.3146587999945","460.0","1076.0","432.0","432.0","119026.90689999145","NA","NA","5771.653799980413","420314.564100001","420314.63690000237","NA","15574.168699997244","56654.52959999675","NA","5771.838399989065","427726.02679999545","420302.3227000085","NA","420736.61049999646","420741.94340000395","23326.16609998513","426754.80669998797","121221.70819999883","NA","NA","121763.4291999857","420302.3017999949","427726.00150000653","426763.1212999986","420302.2484999965","421745.52679999033","421742.32859999756","121763.60079998267","420301.98260000907","421745.59579999186","421753.0468000041","15574.248299992178","Attentional Spatial Bias","0","0","0","29","اکنون چشم‌پیما را کالیبره می‌کنیم.<br><br>لطفاً نقطه متحرک را با چشمان خود دنبال کنید و سرتان را ثابت نگه دارید.<br><br>لطفاً منتظر بمانید.","از شرکت شما سپاسگزاریم!<br><br>آزمایش اکنون به پایان رسیده است.<br><br>لطفاً با آزمایشگر تماس بگیرید.","در این آزمایش، شما یک داستان کوتاه را که روی صفحه نمایش داده می‌شود، خواهید خواند.<br><br>لطفاً هر خط را با دقت بخوانید، زیرا در پایان آزمایش چند سؤال در مورد داستان از شما پرسیده خواهد شد.<br><br>پس از هر پاراگراف، یک جفت تصویر خواهید دید. به هر دو تصویر نگاه کنید و تعداد کل دایره‌ها را در دو تصویر بشمارید.<br><br>در صفحه بعد می‌توانید نمونه‌هایی از یک دایره صحیح و یک شکل نادرست را ببینید. فقط شکل‌هایی را بشمارید که با نمونه دایره صحیح مطابقت دارند.<br><br>برای شروع هر کلیدی را فشار دهید.","دایره شمارش شده را وارد کنید (۰-۳ را فشار دهید)","خوش آمدید! برای ادامه هر کلیدی را فشار دهید.","Farsi","1536","-308","308","-308","308","0","0","0","0"
"6","5000","8","undefined","undefined","undefined","undefined","#1a1a1a","4","psycho","True","psycho","psycho","uniform","undefined","undefined","undefined","0","NA","0","0","29","29","0","0","0","NA","0","29","29","NA","29","29","0","29","0","0","NA","0","29","29","29","29","29","29","0","29","29","29","0","88.8588354261567","Thu Aug 20 17:22:52 2026","1000","The main experiment item","False","V7_AttentionalSpatialBias_.osexp","C:\Users\plcm\Desktop\2026-EyeTracking\group-bayes\Experiment","443.0166000092868","010.png","664.30464","188.99136","True","False","mono","False","18","no","white","no","yes","RTL","664.30464","188.99136","864","4","010.png","011.png","4","psycho","Farsi","29","29","C:\Users\plcm\Desktop\2026-EyeTracking\group-bayes\Experiment\subject-65.csv","150","psycho","no","428893.00979999825","Neonatal Nightingale","4.1.14","3","3","no_prime_trial_30","30","RTL","","0","2","space","2","NA","NA","2","2710.339199984446","2194.198100012727","NA","NA","2710.339199984446","2","psycho","2, 1, 6, 5, 3, 4, 1, 2, 3, 5, 6, 4, 3, 5, 1, 2, 4, 6, 5, 1, 6, 4, 2, 3, 4, 5, 6, 2, 1, 3, 5, 4, 3, 2, 1, 6, 2, 1, 4, 6, 5, 3, 1, 3, 5, 4, 2, 6","False","1024","2","48000","-16","experiment","65","odd","427.86135590000777","614.0","922.0","165.0","699.0","119026.90689999145","NA","NA","5771.653799980413","427861.244300002","427861.33319998044","NA","15574.168699997244","56654.52959999675","NA","5771.838399989065","436614.11910000606","427849.11949999514","NA","427872.16319999425","427877.9905999836","23326.16609998513","433894.9580999906","121221.70819999883","NA","NA","121763.4291999857","427849.0981000068","436614.0876999998","433903.0861000065","427849.0507999959","428881.99709999026","428878.1817999843","121763.60079998267","427848.44939998584","428882.06030000583","428892.9685000039","15574.248299992178","Attentional Spatial Bias","0","0","0","30","اکنون چشم‌پیما را کالیبره می‌کنیم.<br><br>لطفاً نقطه متحرک را با چشمان خود دنبال کنید و سرتان را ثابت نگه دارید.<br><br>لطفاً منتظر بمانید.","از شرکت شما سپاسگزاریم!<br><br>آزمایش اکنون به پایان رسیده است.<br><br>لطفاً با آزمایشگر تماس بگیرید.","در این آزمایش، شما یک داستان کوتاه را که روی صفحه نمایش داده می‌شود، خواهید خواند.<br><br>لطفاً هر خط را با دقت بخوانید، زیرا در پایان آزمایش چند سؤال در مورد داستان از شما پرسیده خواهد شد.<br><br>پس از هر پاراگراف، یک جفت تصویر خواهید دید. به هر دو تصویر نگاه کنید و تعداد کل دایره‌ها را در دو تصویر بشمارید.<br><br>در صفحه بعد می‌توانید نمونه‌هایی از یک دایره صحیح و یک شکل نادرست را ببینید. فقط شکل‌هایی را بشمارید که با نمونه دایره صحیح مطابقت دارند.<br><br>برای شروع هر کلیدی را فشار دهید.","دایره شمارش شده را وارد کنید (۰-۳ را فشار دهید)","خوش آمدید! برای ادامه هر کلیدی را فشار دهید.","Farsi","1536","-154","154","-154","154","-267","267","-267","267"
"6","5000","8","undefined","undefined","undefined","undefined","#1a1a1a","5","psycho","True","psycho","psycho","uniform","undefined","undefined","undefined","0","NA","0","0","30","30","0","0","0","NA","0","30","30","NA","30","30","0","30","0","0","NA","0","30","30","30","30","30","30","0","30","30","30","0","84.30041055786138","Thu Aug 20 17:22:52 2026","1000","The main experiment item","False","V7_AttentionalSpatialBias_.osexp","C:\Users\plcm\Desktop\2026-EyeTracking\group-bayes\Experiment","224.62419999646954","013.png","820.8076799999999","303.25536","True","False","mono","False","18","no","white","no","yes","RTL","820.8076799999999","303.25536","864","5","012.png","013.png","4","psycho","Farsi","30","30","C:\Users\plcm\Desktop\2026-EyeTracking\group-bayes\Experiment\subject-65.csv","150","psycho","no","448225.58130000834","Neonatal Nightingale","4.1.14","5","5","prime_6","31","RTL","زمستان آمد و هوا خیلی سرد بود. او در یک دریاچه نزدیک بود یخ بزند، اما یک کشاورز او را پیدا کرد و به خانه خود برد.","0","1","space","1","NA","NA","1","2039.7948000172619","2194.198100012727","NA","NA","2039.7948000172619","2","psycho","2, 1, 6, 5, 3, 4, 1, 2, 3, 5, 6, 4, 3, 5, 1, 2, 4, 6, 5, 1, 6, 4, 2, 3, 4, 5, 6, 2, 1, 3, 5, 4, 3, 2, 1, 6, 2, 1, 4, 6, 5, 3, 1, 3, 5, 4, 2, 6","True","1024","2","48000","-16","experiment","65","odd","446.63998549999087","614.0","922.0","699.0","165.0","119026.90689999145","NA","NA","5771.653799980413","446639.9037000083","446639.9651999818","NA","15574.168699997244","56654.52959999675","NA","5771.838399989065","455278.2779999834","446629.7688999912","NA","447206.8930999958","447212.37490000203","23326.16609998513","453229.5099000039","121221.70819999883","NA","NA","121763.4291999857","436733.65769998054","455278.2515999861","453237.64929999015","436733.59150000033","448216.03889999096","448212.89329999126","121763.60079998267","436733.0280999886","448216.1430999986","448225.5560999911","15574.248299992178","Attentional Spatial Bias","0","0","0","31","اکنون چشم‌پیما را کالیبره می‌کنیم.<br><br>لطفاً نقطه متحرک را با چشمان خود دنبال کنید و سرتان را ثابت نگه دارید.<br><br>لطفاً منتظر بمانید.","از شرکت شما سپاسگزاریم!<br><br>آزمایش اکنون به پایان رسیده است.<br><br>لطفاً با آزمایشگر تماس بگیرید.","در این آزمایش، شما یک داستان کوتاه را که روی صفحه نمایش داده می‌شود، خواهید خواند.<br><br>لطفاً هر خط را با دقت بخوانید، زیرا در پایان آزمایش چند سؤال در مورد داستان از شما پرسیده خواهد شد.<br><br>پس از هر پاراگراف، یک جفت تصویر خواهید دید. به هر دو تصویر نگاه کنید و تعداد کل دایره‌ها را در دو تصویر بشمارید.<br><br>در صفحه بعد می‌توانید نمونه‌هایی از یک دایره صحیح و یک شکل نادرست را ببینید. فقط شکل‌هایی را بشمارید که با نمونه دایره صحیح مطابقت دارند.<br><br>برای شروع هر کلیدی را فشار دهید.","دایره شمارش شده را وارد کنید (۰-۳ را فشار دهید)","خوش آمدید! برای ادامه هر کلیدی را فشار دهید.","Farsi","1536","-154","154","-154","154","267","-267","267","-267"
"6","5000","8","undefined","undefined","undefined","undefined","#1a1a1a","5","psycho","True","psycho","psycho","uniform","undefined","undefined","undefined","0","NA","0","0","31","31","0","0","0","NA","0","31","31","NA","31","31","0","31","0","0","NA","0","31","31","31","31","31","31","0","31","31","31","0","97.44156937455392","Thu Aug 20 17:22:52 2026","1000","The main experiment item","False","V7_AttentionalSpatialBias_.osexp","C:\Users\plcm\Desktop\2026-EyeTracking\group-bayes\Experiment","392.88120000856","014.png","796.01664","243.51839999999999","True","False","mono","False","18","no","white","no","yes","RTL","796.01664","243.51839999999999","864","5","014.png","015.png","4","psycho","Farsi","31","31","C:\Users\plcm\Desktop\2026-EyeTracking\group-bayes\Experiment\subject-65.csv","150","psycho","no","456618.7498999934","Neonatal Nightingale","4.1.14","4","4","no_prime_trial_32","32","RTL","","0","2","space","2","NA","NA","2","942.3699000035413","2194.198100012727","NA","NA","942.3699000035413","2","psycho","2, 1, 6, 5, 3, 4, 1, 2, 3, 5, 6, 4, 3, 5, 1, 2, 4, 6, 5, 1, 6, 4, 2, 3, 4, 5, 6, 2, 1, 3, 5, 4, 3, 2, 1, 6, 2, 1, 4, 6, 5, 3, 1, 3, 5, 4, 2, 6","False","1024","2","48000","-16","experiment","65","odd","455.4240829999908","768.0","768.0","124.0","740.0","119026.90689999145","NA","NA","5771.653799980413","455423.9551000064","455424.06029999256","NA","15574.168699997244","56654.52959999675","NA","5771.838399989065","462574.0632999805","455411.12400000566","NA","455599.521199998","455605.39439998684","23326.16609998513","461623.3176999958","121221.70819999883","NA","NA","121763.4291999857","455411.1018999829","462574.03719998547","461631.0561999853","455411.04350000387","456609.6065999882","456605.5769000086","121763.60079998267","455410.71369999554","456609.6775000042","456618.7032999878","15574.248299992178","Attentional Spatial Bias","0","0","0","32","اکنون چشم‌پیما را کالیبره می‌کنیم.<br><br>لطفاً نقطه متحرک را با چشمان خود دنبال کنید و سرتان را ثابت نگه دارید.<br><br>لطفاً منتظر بمانید.","از شرکت شما سپاسگزاریم!<br><br>آزمایش اکنون به پایان رسیده است.<br><br>لطفاً با آزمایشگر تماس بگیرید.","در این آزمایش، شما یک داستان کوتاه را که روی صفحه نمایش داده می‌شود، خواهید خواند.<br><br>لطفاً هر خط را با دقت بخوانید، زیرا در پایان آزمایش چند سؤال در مورد داستان از شما پرسیده خواهد شد.<br><br>پس از هر پاراگراف، یک جفت تصویر خواهید دید. به هر دو تصویر نگاه کنید و تعداد کل دایره‌ها را در دو تصویر بشمارید.<br><br>در صفحه بعد می‌توانید نمونه‌هایی از یک دایره صحیح و یک شکل نادرست را ببینید. فقط شکل‌هایی را بشمارید که با نمونه دایره صحیح مطابقت دارند.<br><br>برای شروع هر کلیدی را فشار دهید.","دایره شمارش شده را وارد کنید (۰-۳ را فشار دهید)","خوش آمدید! برای ادامه هر کلیدی را فشار دهید.","Farsi","1536","0","0","0","0","-308","308","-308","308"
"6","5000","8","undefined","undefined","undefined","undefined","#1a1a1a","5","psycho","True","psycho","psycho","uniform","undefined","undefined","undefined","0","NA","0","0","32","32","0","0","0","NA","0","32","32","NA","32","32","0","32","0","0","NA","0","32","32","32","32","32","32","0","32","32","32","0","44.317572269103394","Thu Aug 20 17:22:52 2026","1000","The main experiment item","False","V7_AttentionalSpatialBias_.osexp","C:\Users\plcm\Desktop\2026-EyeTracking\group-bayes\Experiment","244.1026000014972","000.png","729.03168","252.50400000000002","True","False","mono","False","18","no","white","no","yes","RTL","729.03168","252.50400000000002","864","5","000.png","001.png","4","psycho","Farsi","32","32","C:\Users\plcm\Desktop\2026-EyeTracking\group-bayes\Experiment\subject-65.csv","150","psycho","no","464034.0129999968","Neonatal Nightingale","4.1.14","3","3","no_prime_trial_33","33","RTL","","0","2","space","2","NA","NA","2","2184.3664000043646","2194.198100012727","NA","NA","2184.3664000043646","2","psycho","2, 1, 6, 5, 3, 4, 1, 2, 3, 5, 6, 4, 3, 5, 1, 2, 4, 6, 5, 1, 6, 4, 2, 3, 4, 5, 6, 2, 1, 3, 5, 4, 3, 2, 1, 6, 2, 1, 4, 6, 5, 3, 1, 3, 5, 4, 2, 6","False","1024","2","48000","-16","experiment","65","odd","462.7035394999839","614.0","922.0","165.0","699.0","119026.90689999145","NA","NA","5771.653799980413","462703.4163000062","462703.5133999889","NA","15574.168699997244","56654.52959999675","NA","5771.838399989065","471230.086800002","462690.72069998947","NA","463013.82029999513","463019.400899997","23326.16609998513","469036.99520000373","121221.70819999883","NA","NA","121763.4291999857","462690.70079998346","471230.0600000017","469045.0041999866","462690.6476999866","464023.30259999144","464019.50059999945","121763.60079998267","462689.96889999835","464023.3956000011","464033.97399999085","15574.248299992178","Attentional Spatial Bias","0","0","0","33","اکنون چشم‌پیما را کالیبره می‌کنیم.<br><br>لطفاً نقطه متحرک را با چشمان خود دنبال کنید و سرتان را ثابت نگه دارید.<br><br>لطفاً منتظر بمانید.","از شرکت شما سپاسگزاریم!<br><br>آزمایش اکنون به پایان رسیده است.<br><br>لطفاً با آزمایشگر تماس بگیرید.","در این آزمایش، شما یک داستان کوتاه را که روی صفحه نمایش داده می‌شود، خواهید خواند.<br><br>لطفاً هر خط را با دقت بخوانید، زیرا در پایان آزمایش چند سؤال در مورد داستان از شما پرسیده خواهد شد.<br><br>پس از هر پاراگراف، یک جفت تصویر خواهید دید. به هر دو تصویر نگاه کنید و تعداد کل دایره‌ها را در دو تصویر بشمارید.<br><br>در صفحه بعد می‌توانید نمونه‌هایی از یک دایره صحیح و یک شکل نادرست را ببینید. فقط شکل‌هایی را بشمارید که با نمونه دایره صحیح مطابقت دارند.<br><br>برای شروع هر کلیدی را فشار دهید.","دایره شمارش شده را وارد کنید (۰-۳ را فشار دهید)","خوش آمدید! برای ادامه هر کلیدی را فشار دهید.","Farsi","1536","-154","154","-154","154","-267","267","-267","267"
"6","5000","8","undefined","undefined","undefined","undefined","#1a1a1a","5","psycho","True","psycho","psycho","uniform","undefined","undefined","undefined","0","NA","0","0","33","33","0","0","0","NA","0","33","33","NA","33","33","0","33","0","0","NA","0","33","33","33","33","33","33","0","33","33","33","0","96.60732066114241","Thu Aug 20 17:22:52 2026","1000","The main experiment item","False","V7_AttentionalSpatialBias_.osexp","C:\Users\plcm\Desktop\2026-EyeTracking\group-bayes\Experiment","298.734100011643","002.png","641.5872","359.67456","True","False","mono","False","18","no","white","no","yes","RTL","641.5872","359.67456","864","5","002.png","003.png","4","psycho","Farsi","33","33","C:\Users\plcm\Desktop\2026-EyeTracking\group-bayes\Experiment\subject-65.csv","150","psycho","no","472420.4330999928","Neonatal Nightingale","4.1.14","2","2","no_prime_trial_34","34","RTL","","0","2","space","2","NA","NA","2","675.6287000025623","2194.198100012727","NA","NA","675.6287000025623","2","psycho","2, 1, 6, 5, 3, 4, 1, 2, 3, 5, 6, 4, 3, 5, 1, 2, 4, 6, 5, 1, 6, 4, 2, 3, 4, 5, 6, 2, 1, 3, 5, 4, 3, 2, 1, 6, 2, 1, 4, 6, 5, 3, 1, 3, 5, 4, 2, 6","False","1024","2","48000","-16","experiment","65","odd","471.3637971999997","501.0","1035.0","278.0","586.0","119026.90689999145","NA","NA","5771.653799980413","471363.6811999895","471363.77349999384","NA","15574.168699997244","56654.52959999675","NA","5771.838399989065","478110.72359999525","471352.82939998433","NA","471401.9222999923","471407.80169999925","23326.16609998513","477423.68599999463","121221.70819999883","NA","NA","121763.4291999857","471352.80759999296","478110.69390000193","477433.9220999973","471352.7539999923","472411.3970999897","472408.22340000886","121763.60079998267","471351.9445999991","472411.46089998074","472420.395299996","15574.248299992178","Attentional Spatial Bias","0","0","0","34","اکنون چشم‌پیما را کالیبره می‌کنیم.<br><br>لطفاً نقطه متحرک را با چشمان خود دنبال کنید و سرتان را ثابت نگه دارید.<br><br>لطفاً منتظر بمانید.","از شرکت شما سپاسگزاریم!<br><br>آزمایش اکنون به پایان رسیده است.<br><br>لطفاً با آزمایشگر تماس بگیرید.","در این آزمایش، شما یک داستان کوتاه را که روی صفحه نمایش داده می‌شود، خواهید خواند.<br><br>لطفاً هر خط را با دقت بخوانید، زیرا در پایان آزمایش چند سؤال در مورد داستان از شما پرسیده خواهد شد.<br><br>پس از هر پاراگراف، یک جفت تصویر خواهید دید. به هر دو تصویر نگاه کنید و تعداد کل دایره‌ها را در دو تصویر بشمارید.<br><br>در صفحه بعد می‌توانید نمونه‌هایی از یک دایره صحیح و یک شکل نادرست را ببینید. فقط شکل‌هایی را بشمارید که با نمونه دایره صحیح مطابقت دارند.<br><br>برای شروع هر کلیدی را فشار دهید.","دایره شمارش شده را وارد کنید (۰-۳ را فشار دهید)","خوش آمدید! برای ادامه هر کلیدی را فشار دهید.","Farsi","1536","-267","267","-267","267","-154","154","-154","154"
"6","5000","8","undefined","undefined","undefined","undefined","#1a1a1a","5","psycho","True","psycho","psycho","uniform","undefined","undefined","undefined","0","NA","0","0","34","34","0","0","0","NA","0","34","34","NA","34","34","0","34","0","0","NA","0","34","34","34","34","34","34","0","34","34","34","0","7.471681973531864","Thu Aug 20 17:22:52 2026","1000","The main experiment item","False","V7_AttentionalSpatialBias_.osexp","C:\Users\plcm\Desktop\2026-EyeTracking\group-bayes\Experiment","415.5484999937471","004.png","449.44895999999994","384.6096","True","False","mono","False","18","no","white","no","yes","RTL","449.44895999999994","384.6096","864","5","004.png","005.png","4","psycho","Farsi","34","34","C:\Users\plcm\Desktop\2026-EyeTracking\group-bayes\Experiment\subject-65.csv","150","psycho","no","479312.85950000165","Neonatal Nightingale","4.1.14","1","1","no_prime_trial_35","35","RTL","","0","2","space","2","NA","NA","2","1250.5999999993946","2194.198100012727","NA","NA","1250.5999999993946","2","psycho","2, 1, 6, 5, 3, 4, 1, 2, 3, 5, 6, 4, 3, 5, 1, 2, 4, 6, 5, 1, 6, 4, 2, 3, 4, 5, 6, 2, 1, 3, 5, 4, 3, 2, 1, 6, 2, 1, 4, 6, 5, 3, 1, 3, 5, 4, 2, 6","False","1024","2","48000","-16","experiment","65","odd","478.2477011999872","460.0","1076.0","432.0","432.0","119026.90689999145","NA","NA","5771.653799980413","478247.5650999986","478247.67909999355","NA","15574.168699997244","56654.52959999675","NA","5771.838399989065","485574.00979998056","478234.30859998916","NA","478296.54079998727","478302.04370000865","23326.16609998513","484314.855500008","121221.70819999883","NA","NA","121763.4291999857","478234.28919998696","485573.98139999714","484322.81839998905","478234.2495000048","479305.3418000054","479302.1276000072","121763.60079998267","478234.0256999887","479305.3906999994","479312.8169999982","15574.248299992178","Attentional Spatial Bias","0","0","0","35","اکنون چشم‌پیما را کالیبره می‌کنیم.<br><br>لطفاً نقطه متحرک را با چشمان خود دنبال کنید و سرتان را ثابت نگه دارید.<br><br>لطفاً منتظر بمانید.","از شرکت شما سپاسگزاریم!<br><br>آزمایش اکنون به پایان رسیده است.<br><br>لطفاً با آزمایشگر تماس بگیرید.","در این آزمایش، شما یک داستان کوتاه را که روی صفحه نمایش داده می‌شود، خواهید خواند.<br><br>لطفاً هر خط را با دقت بخوانید، زیرا در پایان آزمایش چند سؤال در مورد داستان از شما پرسیده خواهد شد.<br><br>پس از هر پاراگراف، یک جفت تصویر خواهید دید. به هر دو تصویر نگاه کنید و تعداد کل دایره‌ها را در دو تصویر بشمارید.<br><br>در صفحه بعد می‌توانید نمونه‌هایی از یک دایره صحیح و یک شکل نادرست را ببینید. فقط شکل‌هایی را بشمارید که با نمونه دایره صحیح مطابقت دارند.<br><br>برای شروع هر کلیدی را فشار دهید.","دایره شمارش شده را وارد کنید (۰-۳ را فشار دهید)","خوش آمدید! برای ادامه هر کلیدی را فشار دهید.","Farsi","1536","-308","308","-308","308","0","0","0","0"
"6","5000","8","undefined","undefined","undefined","undefined","#1a1a1a","5","psycho","True","psycho","psycho","uniform","undefined","undefined","undefined","0","NA","0","0","35","35","0","0","0","NA","0","35","35","NA","35","35","0","35","0","0","NA","0","35","35","35","35","35","35","0","35","35","35","0","67.12463213804007","Thu Aug 20 17:22:52 2026","1000","The main experiment item","False","V7_AttentionalSpatialBias_.osexp","C:\Users\plcm\Desktop\2026-EyeTracking\group-bayes\Experiment","233.83000001194887","007.png","938.0505599999999","360.33119999999997","True","False","mono","False","18","no","white","no","yes","RTL","938.0505599999999","360.33119999999997","864","5","006.png","007.png","4","psycho","Farsi","35","35","C:\Users\plcm\Desktop\2026-EyeTracking\group-bayes\Experiment\subject-65.csv","150","psycho","no","486753.10509998235","Neonatal Nightingale","4.1.14","6","6","no_prime_trial_36","36","RTL","","0","2","space","2","NA","NA","2","623.6505000269972","2194.198100012727","NA","NA","623.6505000269972","2","psycho","2, 1, 6, 5, 3, 4, 1, 2, 3, 5, 6, 4, 3, 5, 1, 2, 4, 6, 5, 1, 6, 4, 2, 3, 4, 5, 6, 2, 1, 3, 5, 4, 3, 2, 1, 6, 2, 1, 4, 6, 5, 3, 1, 3, 5, 4, 2, 6","False","1024","2","48000","-16","experiment","65","odd","485.73017699999036","501.0","1035.0","586.0","278.0","119026.90689999145","NA","NA","5771.653799980413","485730.0545999897","485730.1471999963","NA","15574.168699997244","56654.52959999675","NA","5771.838399989065","492389.9383999815","485716.7412999843","NA","485735.5835000053","485741.38580000727","23326.16609998513","491758.0869999947","121221.70819999883","NA","NA","121763.4291999857","485716.7218999821","492389.91279999027","491765.74489998166","485716.66869998444","486745.3089999908","486741.80650000926","121763.60079998267","485715.89849999873","486745.3705999942","486753.0536999984","15574.248299992178","Attentional Spatial Bias","0","0","0","36","اکنون چشم‌پیما را کالیبره می‌کنیم.<br><br>لطفاً نقطه متحرک را با چشمان خود دنبال کنید و سرتان را ثابت نگه دارید.<br><br>لطفاً منتظر بمانید.","از شرکت شما سپاسگزاریم!<br><br>آزمایش اکنون به پایان رسیده است.<br><br>لطفاً با آزمایشگر تماس بگیرید.","در این آزمایش، شما یک داستان کوتاه را که روی صفحه نمایش داده می‌شود، خواهید خواند.<br><br>لطفاً هر خط را با دقت بخوانید، زیرا در پایان آزمایش چند سؤال در مورد داستان از شما پرسیده خواهد شد.<br><br>پس از هر پاراگراف، یک جفت تصویر خواهید دید. به هر دو تصویر نگاه کنید و تعداد کل دایره‌ها را در دو تصویر بشمارید.<br><br>در صفحه بعد می‌توانید نمونه‌هایی از یک دایره صحیح و یک شکل نادرست را ببینید. فقط شکل‌هایی را بشمارید که با نمونه دایره صحیح مطابقت دارند.<br><br>برای شروع هر کلیدی را فشار دهید.","دایره شمارش شده را وارد کنید (۰-۳ را فشار دهید)","خوش آمدید! برای ادامه هر کلیدی را فشار دهید.","Farsi","1536","-267","267","-267","267","154","-154","154","-154"
"6","5000","8","undefined","undefined","undefined","undefined","#1a1a1a","6","psycho","True","psycho","psycho","uniform","undefined","undefined","undefined","0","NA","0","0","36","36","0","0","0","NA","0","36","36","NA","36","36","0","36","0","0","NA","0","36","36","36","36","36","36","0","36","36","36","0","42.82194939114291","Thu Aug 20 17:22:52 2026","1000","The main experiment item","False","V7_AttentionalSpatialBias_.osexp","C:\Users\plcm\Desktop\2026-EyeTracking\group-bayes\Experiment","251.51199998799711","009.png","914.6265599999999","473.7744","True","False","mono","False","18","no","white","no","yes","RTL","914.6265599999999","473.7744","864","6","008.png","009.png","4","psycho","Farsi","36","36","C:\Users\plcm\Desktop\2026-EyeTracking\group-bayes\Experiment\subject-65.csv","150","psycho","no","498717.3140000086","Neonatal Nightingale","4.1.14","2","2","prime_7","37","RTL","بچه‌های کشاورز او را ترساندند، بنابراین او دوباره در سرمای سوزان فرار کرد.","0","0","space","0","NA","NA","0","3077.6677999820095","2194.198100012727","NA","NA","3077.6677999820095","2","psycho","2, 1, 6, 5, 3, 4, 1, 2, 3, 5, 6, 4, 3, 5, 1, 2, 4, 6, 5, 1, 6, 4, 2, 3, 4, 5, 6, 2, 1, 3, 5, 4, 3, 2, 1, 6, 2, 1, 4, 6, 5, 3, 1, 3, 5, 4, 2, 6","True","1024","2","48000","-16","experiment","65","odd","497.3905517999956","501.0","1035.0","278.0","586.0","119026.90689999145","NA","NA","5771.653799980413","497390.4627999873","497390.5322999926","NA","15574.168699997244","56654.52959999675","NA","5771.838399989065","506806.1585999967","497381.8507999822","NA","497697.4603999988","497702.3665999877","23326.16609998513","503720.0271000038","121221.70819999883","NA","NA","121763.4291999857","492524.93690000847","506806.1319999979","503727.8813000012","492524.8634000018","498706.4199000015","498702.6581999962","121763.60079998267","492524.46549999877","498706.47509998525","498717.2726999852","15574.248299992178","Attentional Spatial Bias","0","0","0","37","اکنون چشم‌پیما را کالیبره می‌کنیم.<br><br>لطفاً نقطه متحرک را با چشمان خود دنبال کنید و سرتان را ثابت نگه دارید.<br><br>لطفاً منتظر بمانید.","از شرکت شما سپاسگزاریم!<br><br>آزمایش اکنون به پایان رسیده است.<br><br>لطفاً با آزمایشگر تماس بگیرید.","در این آزمایش، شما یک داستان کوتاه را که روی صفحه نمایش داده می‌شود، خواهید خواند.<br><br>لطفاً هر خط را با دقت بخوانید، زیرا در پایان آزمایش چند سؤال در مورد داستان از شما پرسیده خواهد شد.<br><br>پس از هر پاراگراف، یک جفت تصویر خواهید دید. به هر دو تصویر نگاه کنید و تعداد کل دایره‌ها را در دو تصویر بشمارید.<br><br>در صفحه بعد می‌توانید نمونه‌هایی از یک دایره صحیح و یک شکل نادرست را ببینید. فقط شکل‌هایی را بشمارید که با نمونه دایره صحیح مطابقت دارند.<br><br>برای شروع هر کلیدی را فشار دهید.","دایره شمارش شده را وارد کنید (۰-۳ را فشار دهید)","خوش آمدید! برای ادامه هر کلیدی را فشار دهید.","Farsi","1536","-267","267","-267","267","-154","154","-154","154"
"6","5000","8","undefined","undefined","undefined","undefined","#1a1a1a","6","psycho","True","psycho","psycho","uniform","undefined","undefined","undefined","0","NA","0","0","37","37","0","0","0","NA","0","37","37","NA","37","37","0","37","0","0","NA","0","37","37","37","37","37","37","0","37","37","37","0","81.33298366316097","Thu Aug 20 17:22:52 2026","1000","The main experiment item","False","V7_AttentionalSpatialBias_.osexp","C:\Users\plcm\Desktop\2026-EyeTracking\group-bayes\Experiment","243.91009999089874","011.png","952.0435200000001","403.99776","True","False","mono","False","18","no","white","no","yes","RTL","952.0435200000001","403.99776","864","6","010.png","011.png","4","psycho","Farsi","37","37","C:\Users\plcm\Desktop\2026-EyeTracking\group-bayes\Experiment\subject-65.csv","150","psycho","no","508311.84740000754","Neonatal Nightingale","4.1.14","1","1","no_prime_trial_38","38","RTL","","0","2","space","2","NA","NA","2","954.8748999950476","2194.198100012727","NA","NA","954.8748999950476","2","psycho","2, 1, 6, 5, 3, 4, 1, 2, 3, 5, 6, 4, 3, 5, 1, 2, 4, 6, 5, 1, 6, 4, 2, 3, 4, 5, 6, 2, 1, 3, 5, 4, 3, 2, 1, 6, 2, 1, 4, 6, 5, 3, 1, 3, 5, 4, 2, 6","False","1024","2","48000","-16","experiment","65","odd","506.9507464999915","460.0","1076.0","432.0","432.0","119026.90689999145","NA","NA","5771.653799980413","506950.63619999564","506950.7190999866","NA","15574.168699997244","56654.52959999675","NA","5771.838399989065","514278.18679998745","506938.1069999945","NA","507294.5794999832","507300.1954999927","23326.16609998513","513314.5647000056","121221.70819999883","NA","NA","121763.4291999857","506938.08459999855","514278.1585000048","513322.5530000054","506938.02299999516","508304.0806000063","508300.4882999812","121763.60079998267","506937.2064000054","508304.1329999978","508311.804500001","15574.248299992178","Attentional Spatial Bias","0","0","0","38","اکنون چشم‌پیما را کالیبره می‌کنیم.<br><br>لطفاً نقطه متحرک را با چشمان خود دنبال کنید و سرتان را ثابت نگه دارید.<br><br>لطفاً منتظر بمانید.","از شرکت شما سپاسگزاریم!<br><br>آزمایش اکنون به پایان رسیده است.<br><br>لطفاً با آزمایشگر تماس بگیرید.","در این آزمایش، شما یک داستان کوتاه را که روی صفحه نمایش داده می‌شود، خواهید خواند.<br><br>لطفاً هر خط را با دقت بخوانید، زیرا در پایان آزمایش چند سؤال در مورد داستان از شما پرسیده خواهد شد.<br><br>پس از هر پاراگراف، یک جفت تصویر خواهید دید. به هر دو تصویر نگاه کنید و تعداد کل دایره‌ها را در دو تصویر بشمارید.<br><br>در صفحه بعد می‌توانید نمونه‌هایی از یک دایره صحیح و یک شکل نادرست را ببینید. فقط شکل‌هایی را بشمارید که با نمونه دایره صحیح مطابقت دارند.<br><br>برای شروع هر کلیدی را فشار دهید.","دایره شمارش شده را وارد کنید (۰-۳ را فشار دهید)","خوش آمدید! برای ادامه هر کلیدی را فشار دهید.","Farsi","1536","-308","308","-308","308","0","0","0","0"
"6","5000","8","undefined","undefined","undefined","undefined","#1a1a1a","6","psycho","True","psycho","psycho","uniform","undefined","undefined","undefined","0","NA","0","0","38","38","0","0","0","NA","0","38","38","NA","38","38","0","38","0","0","NA","0","38","38","38","38","38","38","0","38","38","38","0","73.49614539626405","Thu Aug 20 17:22:52 2026","1000","The main experiment item","False","V7_AttentionalSpatialBias_.osexp","C:\Users\plcm\Desktop\2026-EyeTracking\group-bayes\Experiment","297.53020001226105","012.png","765.4809600000001","228.32064","True","False","mono","False","18","no","white","no","yes","RTL","765.4809600000001","228.32064","864","6","012.png","013.png","4","psycho","Farsi","38","38","C:\Users\plcm\Desktop\2026-EyeTracking\group-bayes\Experiment\subject-65.csv","150","psycho","no","515443.49969999166","Neonatal Nightingale","4.1.14","4","4","no_prime_trial_39","39","RTL","","0","1","space","1","NA","NA","1","3319.808100000955","2194.198100012727","NA","NA","3319.808100000955","2","psycho","2, 1, 6, 5, 3, 4, 1, 2, 3, 5, 6, 4, 3, 5, 1, 2, 4, 6, 5, 1, 6, 4, 2, 3, 4, 5, 6, 2, 1, 3, 5, 4, 3, 2, 1, 6, 2, 1, 4, 6, 5, 3, 1, 3, 5, 4, 2, 6","False","1024","2","48000","-16","experiment","65","odd","514.4194888999918","768.0","768.0","124.0","740.0","119026.90689999145","NA","NA","5771.653799980413","514419.3878000078","514419.4693999889","NA","15574.168699997244","56654.52959999675","NA","5771.838399989065","523774.1161999875","514407.8949999821","NA","514424.76429999806","514430.4581999895","23326.16609998513","520446.28390000435","121221.70819999883","NA","NA","121763.4291999857","514407.87649998674","523774.08810000634","520453.63219999126","514407.8324000002","515434.4016999821","515431.15749998833","121763.60079998267","514407.43200000725","515434.4708999852","515443.4653999924","15574.248299992178","Attentional Spatial Bias","0","0","0","39","اکنون چشم‌پیما را کالیبره می‌کنیم.<br><br>لطفاً نقطه متحرک را با چشمان خود دنبال کنید و سرتان را ثابت نگه دارید.<br><br>لطفاً منتظر بمانید.","از شرکت شما سپاسگزاریم!<br><br>آزمایش اکنون به پایان رسیده است.<br><br>لطفاً با آزمایشگر تماس بگیرید.","در این آزمایش، شما یک داستان کوتاه را که روی صفحه نمایش داده می‌شود، خواهید خواند.<br><br>لطفاً هر خط را با دقت بخوانید، زیرا در پایان آزمایش چند سؤال در مورد داستان از شما پرسیده خواهد شد.<br><br>پس از هر پاراگراف، یک جفت تصویر خواهید دید. به هر دو تصویر نگاه کنید و تعداد کل دایره‌ها را در دو تصویر بشمارید.<br><br>در صفحه بعد می‌توانید نمونه‌هایی از یک دایره صحیح و یک شکل نادرست را ببینید. فقط شکل‌هایی را بشمارید که با نمونه دایره صحیح مطابقت دارند.<br><br>برای شروع هر کلیدی را فشار دهید.","دایره شمارش شده را وارد کنید (۰-۳ را فشار دهید)","خوش آمدید! برای ادامه هر کلیدی را فشار دهید.","Farsi","1536","0","0","0","0","-308","308","-308","308"
"6","5000","8","undefined","undefined","undefined","undefined","#1a1a1a","6","psycho","True","psycho","psycho","uniform","undefined","undefined","undefined","0","NA","0","0","39","39","0","0","0","NA","0","39","39","NA","39","39","0","39","0","0","NA","0","39","39","39","39","39","39","0","39","39","39","0","88.35797620237351","Thu Aug 20 17:22:52 2026","1000","The main experiment item","False","V7_AttentionalSpatialBias_.osexp","C:\Users\plcm\Desktop\2026-EyeTracking\group-bayes\Experiment","261.23780000489205","015.png","989.568","296.34336","True","False","mono","False","18","no","white","no","yes","RTL","989.568","296.34336","864","6","014.png","015.png","4","psycho","Farsi","39","39","C:\Users\plcm\Desktop\2026-EyeTracking\group-bayes\Experiment\subject-65.csv","150","psycho","no","525249.0687999816","Neonatal Nightingale","4.1.14","6","6","no_prime_trial_40","40","RTL","","0","2","space","2","NA","NA","2","594.2818000039551","2194.198100012727","NA","NA","594.2818000039551","2","psycho","2, 1, 6, 5, 3, 4, 1, 2, 3, 5, 6, 4, 3, 5, 1, 2, 4, 6, 5, 1, 6, 4, 2, 3, 4, 5, 6, 2, 1, 3, 5, 4, 3, 2, 1, 6, 2, 1, 4, 6, 5, 3, 1, 3, 5, 4, 2, 6","False","1024","2","48000","-16","experiment","65","odd","523.9421819999989","501.0","1035.0","586.0","278.0","119026.90689999145","NA","NA","5771.653799980413","523942.06850000774","523942.15769998846","NA","15574.168699997244","56654.52959999675","NA","5771.838399989065","530854.3391999847","523929.74819999654","NA","524231.40600000625","524236.77709998447","23326.16609998513","530249.3820999807","121221.70819999883","NA","NA","121763.4291999857","523929.7288999951","530854.310900002","530259.1377999925","523929.68319999636","525241.3013000041","525237.4530999805","121763.60079998267","523929.29460000596","525241.4221999934","525249.0241999913","15574.248299992178","Attentional Spatial Bias","0","0","0","40","اکنون چشم‌پیما را کالیبره می‌کنیم.<br><br>لطفاً نقطه متحرک را با چشمان خود دنبال کنید و سرتان را ثابت نگه دارید.<br><br>لطفاً منتظر بمانید.","از شرکت شما سپاسگزاریم!<br><br>آزمایش اکنون به پایان رسیده است.<br><br>لطفاً با آزمایشگر تماس بگیرید.","در این آزمایش، شما یک داستان کوتاه را که روی صفحه نمایش داده می‌شود، خواهید خواند.<br><br>لطفاً هر خط را با دقت بخوانید، زیرا در پایان آزمایش چند سؤال در مورد داستان از شما پرسیده خواهد شد.<br><br>پس از هر پاراگراف، یک جفت تصویر خواهید دید. به هر دو تصویر نگاه کنید و تعداد کل دایره‌ها را در دو تصویر بشمارید.<br><br>در صفحه بعد می‌توانید نمونه‌هایی از یک دایره صحیح و یک شکل نادرست را ببینید. فقط شکل‌هایی را بشمارید که با نمونه دایره صحیح مطابقت دارند.<br><br>برای شروع هر کلیدی را فشار دهید.","دایره شمارش شده را وارد کنید (۰-۳ را فشار دهید)","خوش آمدید! برای ادامه هر کلیدی را فشار دهید.","Farsi","1536","-267","267","-267","267","154","-154","154","-154"
"6","5000","8","undefined","undefined","undefined","undefined","#1a1a1a","6","psycho","True","psycho","psycho","uniform","undefined","undefined","undefined","0","NA","0","0","40","40","0","0","0","NA","0","40","40","NA","40","40","0","40","0","0","NA","0","40","40","40","40","40","40","0","40","40","40","0","93.68178533485796","Thu Aug 20 17:22:52 2026","1000","The main experiment item","False","V7_AttentionalSpatialBias_.osexp","C:\Users\plcm\Desktop\2026-EyeTracking\group-bayes\Experiment","256.0171000077389","001.png","915.3024","219.64608","True","False","mono","False","18","no","white","no","yes","RTL","915.3024","219.64608","864","6","000.png","001.png","4","psycho","Farsi","40","40","C:\Users\plcm\Desktop\2026-EyeTracking\group-bayes\Experiment\subject-65.csv","150","psycho","no","532004.4987000001","Neonatal Nightingale","4.1.14","5","5","no_prime_trial_41","41","RTL","","0","2","space","2","NA","NA","2","548.7147999810986","2194.198100012727","NA","NA","548.7147999810986","2","psycho","2, 1, 6, 5, 3, 4, 1, 2, 3, 5, 6, 4, 3, 5, 1, 2, 4, 6, 5, 1, 6, 4, 2, 3, 4, 5, 6, 2, 1, 3, 5, 4, 3, 2, 1, 6, 2, 1, 4, 6, 5, 3, 1, 3, 5, 4, 2, 6","False","1024","2","48000","-16","experiment","65","odd","530.9690480999998","614.0","922.0","699.0","165.0","119026.90689999145","NA","NA","5771.653799980413","530968.9496000065","530969.0274999884","NA","15574.168699997244","56654.52959999675","NA","5771.838399989065","537565.9603999811","530957.5360000017","NA","530985.6330000039","530990.7778000052","23326.16609998513","537008.4351999976","121221.70819999883","NA","NA","121763.4291999857","530957.5159999949","537565.9336999815","537016.7220000003","530957.4583999929","531995.4716000066","531991.340699984","121763.60079998267","530957.0596999838","531995.5356999999","532004.4512999884","15574.248299992178","Attentional Spatial Bias","0","0","0","41","اکنون چشم‌پیما را کالیبره می‌کنیم.<br><br>لطفاً نقطه متحرک را با چشمان خود دنبال کنید و سرتان را ثابت نگه دارید.<br><br>لطفاً منتظر بمانید.","از شرکت شما سپاسگزاریم!<br><br>آزمایش اکنون به پایان رسیده است.<br><br>لطفاً با آزمایشگر تماس بگیرید.","در این آزمایش، شما یک داستان کوتاه را که روی صفحه نمایش داده می‌شود، خواهید خواند.<br><br>لطفاً هر خط را با دقت بخوانید، زیرا در پایان آزمایش چند سؤال در مورد داستان از شما پرسیده خواهد شد.<br><br>پس از هر پاراگراف، یک جفت تصویر خواهید دید. به هر دو تصویر نگاه کنید و تعداد کل دایره‌ها را در دو تصویر بشمارید.<br><br>در صفحه بعد می‌توانید نمونه‌هایی از یک دایره صحیح و یک شکل نادرست را ببینید. فقط شکل‌هایی را بشمارید که با نمونه دایره صحیح مطابقت دارند.<br><br>برای شروع هر کلیدی را فشار دهید.","دایره شمارش شده را وارد کنید (۰-۳ را فشار دهید)","خوش آمدید! برای ادامه هر کلیدی را فشار دهید.","Farsi","1536","-154","154","-154","154","267","-267","267","-267"
"6","5000","8","undefined","undefined","undefined","undefined","#1a1a1a","6","psycho","True","psycho","psycho","uniform","undefined","undefined","undefined","0","NA","0","0","41","41","0","0","0","NA","0","41","41","NA","41","41","0","41","0","0","NA","0","41","41","41","41","41","41","0","41","41","41","0","66.8391120371897","Thu Aug 20 17:22:52 2026","1000","The main experiment item","False","V7_AttentionalSpatialBias_.osexp","C:\Users\plcm\Desktop\2026-EyeTracking\group-bayes\Experiment","323.27140000415966","002.png","687.19104","245.82528","True","False","mono","False","18","no","white","no","yes","RTL","687.19104","245.82528","864","6","002.png","003.png","4","psycho","Farsi","41","41","C:\Users\plcm\Desktop\2026-EyeTracking\group-bayes\Experiment\subject-65.csv","150","psycho","no","539173.0697999883","Neonatal Nightingale","4.1.14","3","3","no_prime_trial_42","42","RTL","","0","2","space","2","NA","NA","2","1069.9716999952216","2194.198100012727","NA","NA","1069.9716999952216","2","psycho","2, 1, 6, 5, 3, 4, 1, 2, 3, 5, 6, 4, 3, 5, 1, 2, 4, 6, 5, 1, 6, 4, 2, 3, 4, 5, 6, 2, 1, 3, 5, 4, 3, 2, 1, 6, 2, 1, 4, 6, 5, 3, 1, 3, 5, 4, 2, 6","False","1024","2","48000","-16","experiment","65","odd","537.6866500999895","614.0","922.0","165.0","699.0","119026.90689999145","NA","NA","5771.653799980413","537686.5207999945","537686.6222999815","NA","15574.168699997244","56654.52959999675","NA","5771.838399989065","545254.2488999898","537674.1850999824","NA","538154.032099992","538159.6645999816","23326.16609998513","544175.2219999908","121221.70819999883","NA","NA","121763.4291999857","537674.1651000048","545254.2211999826","544183.5443000018","537674.1094999888","539163.7405999936","539160.4178999842","121763.60079998267","537673.6648000078","539163.8146000041","539173.0274999863","15574.248299992178","Attentional Spatial Bias","0","0","0","42","اکنون چشم‌پیما را کالیبره می‌کنیم.<br><br>لطفاً نقطه متحرک را با چشمان خود دنبال کنید و سرتان را ثابت نگه دارید.<br><br>لطفاً منتظر بمانید.","از شرکت شما سپاسگزاریم!<br><br>آزمایش اکنون به پایان رسیده است.<br><br>لطفاً با آزمایشگر تماس بگیرید.","در این آزمایش، شما یک داستان کوتاه را که روی صفحه نمایش داده می‌شود، خواهید خواند.<br><br>لطفاً هر خط را با دقت بخوانید، زیرا در پایان آزمایش چند سؤال در مورد داستان از شما پرسیده خواهد شد.<br><br>پس از هر پاراگراف، یک جفت تصویر خواهید دید. به هر دو تصویر نگاه کنید و تعداد کل دایره‌ها را در دو تصویر بشمارید.<br><br>در صفحه بعد می‌توانید نمونه‌هایی از یک دایره صحیح و یک شکل نادرست را ببینید. فقط شکل‌هایی را بشمارید که با نمونه دایره صحیح مطابقت دارند.<br><br>برای شروع هر کلیدی را فشار دهید.","دایره شمارش شده را وارد کنید (۰-۳ را فشار دهید)","خوش آمدید! برای ادامه هر کلیدی را فشار دهید.","Farsi","1536","-154","154","-154","154","-267","267","-267","267"
"6","5000","8","undefined","undefined","undefined","undefined","#1a1a1a","7","psycho","True","psycho","psycho","uniform","undefined","undefined","undefined","0","NA","0","0","42","42","0","0","0","NA","0","42","42","NA","42","42","0","42","0","0","NA","0","42","42","42","42","42","42","0","42","42","42","0","93.65678996451678","Thu Aug 20 17:22:52 2026","1000","The main experiment item","False","V7_AttentionalSpatialBias_.osexp","C:\Users\plcm\Desktop\2026-EyeTracking\group-bayes\Experiment","228.96969999419525","005.png","1083.21792","414.44352","True","False","mono","False","18","no","white","no","yes","RTL","1083.21792","414.44352","864","7","004.png","005.png","4","psycho","Farsi","42","42","C:\Users\plcm\Desktop\2026-EyeTracking\group-bayes\Experiment\subject-65.csv","150","psycho","no","558533.2300000009","Neonatal Nightingale","4.1.14","1","1","prime_8","43","RTL","او زمستان را تنها گذراند و فکر می‌کرد زشت‌ترین موجود جهان است. سپس بهار آمد و سرما از بین رفت. یک روز قوهای سفید زیبایی را روی دریاچه دید و به سمتشان شنا کرد، در حالی که می‌ترسید آن‌ها هم او را فراری دهند.","0","2","space","2","NA","NA","2","1711.0250999976415","2194.198100012727","NA","NA","1711.0250999976415","2","psycho","2, 1, 6, 5, 3, 4, 1, 2, 3, 5, 6, 4, 3, 5, 1, 2, 4, 6, 5, 1, 6, 4, 2, 3, 4, 5, 6, 2, 1, 3, 5, 4, 3, 2, 1, 6, 2, 1, 4, 6, 5, 3, 1, 3, 5, 4, 2, 6","True","1024","2","48000","-16","experiment","65","odd","556.9919107999885","460.0","1076.0","432.0","432.0","119026.90689999145","NA","NA","5771.653799980413","556991.7965999921","556991.8836999859","NA","15574.168699997244","56654.52959999675","NA","5771.838399989065","565254.1511000018","556981.819299981","NA","557515.5904999992","557521.273499995","23326.16609998513","563534.6858999983","121221.70819999883","NA","NA","121763.4291999857","545389.2819999892","565254.1232999938","563542.5006999867","545389.2100999947","558525.2722000005","558521.6216999979","121763.60079998267","545388.8181000075","558525.3268000088","558533.1903999904","15574.248299992178","Attentional Spatial Bias","0","0","0","43","اکنون چشم‌پیما را کالیبره می‌کنیم.<br><br>لطفاً نقطه متحرک را با چشمان خود دنبال کنید و سرتان را ثابت نگه دارید.<br><br>لطفاً منتظر بمانید.","از شرکت شما سپاسگزاریم!<br><br>آزمایش اکنون به پایان رسیده است.<br><br>لطفاً با آزمایشگر تماس بگیرید.","در این آزمایش، شما یک داستان کوتاه را که روی صفحه نمایش داده می‌شود، خواهید خواند.<br><br>لطفاً هر خط را با دقت بخوانید، زیرا در پایان آزمایش چند سؤال در مورد داستان از شما پرسیده خواهد شد.<br><br>پس از هر پاراگراف، یک جفت تصویر خواهید دید. به هر دو تصویر نگاه کنید و تعداد کل دایره‌ها را در دو تصویر بشمارید.<br><br>در صفحه بعد می‌توانید نمونه‌هایی از یک دایره صحیح و یک شکل نادرست را ببینید. فقط شکل‌هایی را بشمارید که با نمونه دایره صحیح مطابقت دارند.<br><br>برای شروع هر کلیدی را فشار دهید.","دایره شمارش شده را وارد کنید (۰-۳ را فشار دهید)","خوش آمدید! برای ادامه هر کلیدی را فشار دهید.","Farsi","1536","-308","308","-308","308","0","0","0","0"
"6","5000","8","undefined","undefined","undefined","undefined","#1a1a1a","7","psycho","True","psycho","psycho","uniform","undefined","undefined","undefined","0","NA","0","0","43","43","0","0","0","NA","0","43","43","NA","43","43","0","43","0","0","NA","0","43","43","43","43","43","43","0","43","43","43","0","56.10928931005991","Thu Aug 20 17:22:52 2026","1000","The main experiment item","False","V7_AttentionalSpatialBias_.osexp","C:\Users\plcm\Desktop\2026-EyeTracking\group-bayes\Experiment","237.94920000364073","006.png","683.0131200000001","258.53472","True","False","mono","False","18","no","white","no","yes","RTL","683.0131200000001","258.53472","864","7","006.png","007.png","4","psycho","Farsi","43","43","C:\Users\plcm\Desktop\2026-EyeTracking\group-bayes\Experiment\subject-65.csv","150","psycho","no","566418.0720000004","Neonatal Nightingale","4.1.14","3","3","no_prime_trial_44","44","RTL","","0","2","space","2","NA","NA","2","609.9867000011727","2194.198100012727","NA","NA","609.9867000011727","2","psycho","2, 1, 6, 5, 3, 4, 1, 2, 3, 5, 6, 4, 3, 5, 1, 2, 4, 6, 5, 1, 6, 4, 2, 3, 4, 5, 6, 2, 1, 3, 5, 4, 3, 2, 1, 6, 2, 1, 4, 6, 5, 3, 1, 3, 5, 4, 2, 6","False","1024","2","48000","-16","experiment","65","odd","565.3935719000001","614.0","922.0","165.0","699.0","119026.90689999145","NA","NA","5771.653799980413","565393.4703999839","565393.5498000064","NA","15574.168699997244","56654.52959999675","NA","5771.838399989065","572038.4672000073","565381.9551999914","NA","565398.8608999935","565404.8428999959","23326.16609998513","571419.6422999958","121221.70819999883","NA","NA","121763.4291999857","565381.9331999985","572038.4380999894","571427.6200000022","565381.8602999963","566408.4311999904","566405.0358999812","121763.60079998267","565381.5737999976","566408.4891999955","566418.0302000022","15574.248299992178","Attentional Spatial Bias","0","0","0","44","اکنون چشم‌پیما را کالیبره می‌کنیم.<br><br>لطفاً نقطه متحرک را با چشمان خود دنبال کنید و سرتان را ثابت نگه دارید.<br><br>لطفاً منتظر بمانید.","از شرکت شما سپاسگزاریم!<br><br>آزمایش اکنون به پایان رسیده است.<br><br>لطفاً با آزمایشگر تماس بگیرید.","در این آزمایش، شما یک داستان کوتاه را که روی صفحه نمایش داده می‌شود، خواهید خواند.<br><br>لطفاً هر خط را با دقت بخوانید، زیرا در پایان آزمایش چند سؤال در مورد داستان از شما پرسیده خواهد شد.<br><br>پس از هر پاراگراف، یک جفت تصویر خواهید دید. به هر دو تصویر نگاه کنید و تعداد کل دایره‌ها را در دو تصویر بشمارید.<br><br>در صفحه بعد می‌توانید نمونه‌هایی از یک دایره صحیح و یک شکل نادرست را ببینید. فقط شکل‌هایی را بشمارید که با نمونه دایره صحیح مطابقت دارند.<br><br>برای شروع هر کلیدی را فشار دهید.","دایره شمارش شده را وارد کنید (۰-۳ را فشار دهید)","خوش آمدید! برای ادامه هر کلیدی را فشار دهید.","Farsi","1536","-154","154","-154","154","-267","267","-267","267"
"6","5000","8","undefined","undefined","undefined","undefined","#1a1a1a","7","psycho","True","psycho","psycho","uniform","undefined","undefined","undefined","0","NA","0","0","44","44","0","0","0","NA","0","44","44","NA","44","44","0","44","0","0","NA","0","44","44","44","44","44","44","0","44","44","44","0","71.45183418936156","Thu Aug 20 17:22:52 2026","1000","The main experiment item","False","V7_AttentionalSpatialBias_.osexp","C:\Users\plcm\Desktop\2026-EyeTracking\group-bayes\Experiment","243.15340002067387","009.png","881.00352","291.53088","True","False","mono","False","18","no","white","no","yes","RTL","881.00352","291.53088","864","7","008.png","009.png","4","psycho","Farsi","44","44","C:\Users\plcm\Desktop\2026-EyeTracking\group-bayes\Experiment\subject-65.csv","150","psycho","no","573328.0882999825","Neonatal Nightingale","4.1.14","5","5","no_prime_trial_45","45","RTL","","0","0","space","0","NA","NA","0","4660.445299989078","2194.198100012727","NA","NA","4660.445299989078","2","psycho","2, 1, 6, 5, 3, 4, 1, 2, 3, 5, 6, 4, 3, 5, 1, 2, 4, 6, 5, 1, 6, 4, 2, 3, 4, 5, 6, 2, 1, 3, 5, 4, 3, 2, 1, 6, 2, 1, 4, 6, 5, 3, 1, 3, 5, 4, 2, 6","False","1024","2","48000","-16","experiment","65","odd","572.1738488999836","614.0","922.0","699.0","165.0","119026.90689999145","NA","NA","5771.653799980413","572173.7157999887","572173.8246000023","NA","15574.168699997244","56654.52959999675","NA","5771.838399989065","582998.1955999974","572161.1397999804","NA","572309.9224999896","572315.4071999888","23326.16609998513","578329.3943000026","121221.70819999883","NA","NA","121763.4291999857","572161.119299999","582998.1626000081","578337.0460000006","572161.0595000093","573318.6164000072","573315.8112999809","121763.60079998267","572160.1237999857","573318.7111000007","573328.052900004","15574.248299992178","Attentional Spatial Bias","0","0","0","45","اکنون چشم‌پیما را کالیبره می‌کنیم.<br><br>لطفاً نقطه متحرک را با چشمان خود دنبال کنید و سرتان را ثابت نگه دارید.<br><br>لطفاً منتظر بمانید.","از شرکت شما سپاسگزاریم!<br><br>آزمایش اکنون به پایان رسیده است.<br><br>لطفاً با آزمایشگر تماس بگیرید.","در این آزمایش، شما یک داستان کوتاه را که روی صفحه نمایش داده می‌شود، خواهید خواند.<br><br>لطفاً هر خط را با دقت بخوانید، زیرا در پایان آزمایش چند سؤال در مورد داستان از شما پرسیده خواهد شد.<br><br>پس از هر پاراگراف، یک جفت تصویر خواهید دید. به هر دو تصویر نگاه کنید و تعداد کل دایره‌ها را در دو تصویر بشمارید.<br><br>در صفحه بعد می‌توانید نمونه‌هایی از یک دایره صحیح و یک شکل نادرست را ببینید. فقط شکل‌هایی را بشمارید که با نمونه دایره صحیح مطابقت دارند.<br><br>برای شروع هر کلیدی را فشار دهید.","دایره شمارش شده را وارد کنید (۰-۳ را فشار دهید)","خوش آمدید! برای ادامه هر کلیدی را فشار دهید.","Farsi","1536","-154","154","-154","154","267","-267","267","-267"
"6","5000","8","undefined","undefined","undefined","undefined","#1a1a1a","7","psycho","True","psycho","psycho","uniform","undefined","undefined","undefined","0","NA","0","0","45","45","0","0","0","NA","0","45","45","NA","45","45","0","45","0","0","NA","0","45","45","45","45","45","45","0","45","45","45","0","51.455399924859165","Thu Aug 20 17:22:52 2026","1000","The main experiment item","False","V7_AttentionalSpatialBias_.osexp","C:\Users\plcm\Desktop\2026-EyeTracking\group-bayes\Experiment","250.37480000173673","010.png","775.9872","212.50944","True","False","mono","False","18","no","white","no","yes","RTL","775.9872","212.50944","864","7","010.png","011.png","4","psycho","Farsi","45","45","C:\Users\plcm\Desktop\2026-EyeTracking\group-bayes\Experiment\subject-65.csv","150","psycho","no","584153.750700003","Neonatal Nightingale","4.1.14","4","4","no_prime_trial_46","46","RTL","","0","2","space","2","NA","NA","2","472.7949999796692","2194.198100012727","NA","NA","472.7949999796692","2","psycho","2, 1, 6, 5, 3, 4, 1, 2, 3, 5, 6, 4, 3, 5, 1, 2, 4, 6, 5, 1, 6, 4, 2, 3, 4, 5, 6, 2, 1, 3, 5, 4, 3, 2, 1, 6, 2, 1, 4, 6, 5, 3, 1, 3, 5, 4, 2, 6","False","1024","2","48000","-16","experiment","65","odd","583.1304727999959","768.0","768.0","124.0","740.0","119026.90689999145","NA","NA","5771.653799980413","583130.3457999893","583130.4402999813","NA","15574.168699997244","56654.52959999675","NA","5771.838399989065","589638.3450999856","583117.1061999921","NA","583136.0371999908","583141.0790999944","23326.16609998513","589154.4410999923","121221.70819999883","NA","NA","121763.4291999857","583117.0851000061","589638.3099000086","589164.7318000032","583117.0311000024","584144.38469999","584141.2905000034","121763.60079998267","583116.7360999971","584144.4459999911","584153.7152999954","15574.248299992178","Attentional Spatial Bias","0","0","0","46","اکنون چشم‌پیما را کالیبره می‌کنیم.<br><br>لطفاً نقطه متحرک را با چشمان خود دنبال کنید و سرتان را ثابت نگه دارید.<br><br>لطفاً منتظر بمانید.","از شرکت شما سپاسگزاریم!<br><br>آزمایش اکنون به پایان رسیده است.<br><br>لطفاً با آزمایشگر تماس بگیرید.","در این آزمایش، شما یک داستان کوتاه را که روی صفحه نمایش داده می‌شود، خواهید خواند.<br><br>لطفاً هر خط را با دقت بخوانید، زیرا در پایان آزمایش چند سؤال در مورد داستان از شما پرسیده خواهد شد.<br><br>پس از هر پاراگراف، یک جفت تصویر خواهید دید. به هر دو تصویر نگاه کنید و تعداد کل دایره‌ها را در دو تصویر بشمارید.<br><br>در صفحه بعد می‌توانید نمونه‌هایی از یک دایره صحیح و یک شکل نادرست را ببینید. فقط شکل‌هایی را بشمارید که با نمونه دایره صحیح مطابقت دارند.<br><br>برای شروع هر کلیدی را فشار دهید.","دایره شمارش شده را وارد کنید (۰-۳ را فشار دهید)","خوش آمدید! برای ادامه هر کلیدی را فشار دهید.","Farsi","1536","0","0","0","0","-308","308","-308","308"
"6","5000","8","undefined","undefined","undefined","undefined","#1a1a1a","7","psycho","True","psycho","psycho","uniform","undefined","undefined","undefined","0","NA","0","0","46","46","0","0","0","NA","0","46","46","NA","46","46","0","46","0","0","NA","0","46","46","46","46","46","46","0","46","46","46","0","33.60451533088956","Thu Aug 20 17:22:52 2026","1000","The main experiment item","False","V7_AttentionalSpatialBias_.osexp","C:\Users\plcm\Desktop\2026-EyeTracking\group-bayes\Experiment","271.1763000115752","012.png","599.48544","336.32063999999997","True","False","mono","False","18","no","white","no","yes","RTL","599.48544","336.32063999999997","864","7","012.png","013.png","4","psycho","Farsi","46","46","C:\Users\plcm\Desktop\2026-EyeTracking\group-bayes\Experiment\subject-65.csv","150","psycho","no","591265.7309999922","Neonatal Nightingale","4.1.14","2","2","no_prime_trial_47","47","RTL","","0","1","space","1","NA","NA","1","578.4670000139158","2194.198100012727","NA","NA","578.4670000139158","2","psycho","2, 1, 6, 5, 3, 4, 1, 2, 3, 5, 6, 4, 3, 5, 1, 2, 4, 6, 5, 1, 6, 4, 2, 3, 4, 5, 6, 2, 1, 3, 5, 4, 3, 2, 1, 6, 2, 1, 4, 6, 5, 3, 1, 3, 5, 4, 2, 6","False","1024","2","48000","-16","experiment","65","odd","589.7737674000091","501.0","1035.0","278.0","586.0","119026.90689999145","NA","NA","5771.653799980413","589773.6559000041","589773.7411999842","NA","15574.168699997244","56654.52959999675","NA","5771.838399989065","596854.5059000026","589762.1078999946","NA","590247.4230999942","590253.2405999955","23326.16609998513","596267.1210999833","121221.70819999883","NA","NA","121763.4291999857","589762.0857000002","596854.4762000092","596275.0911999901","589762.0293000073","591256.5608999867","591253.8241999864","121763.60079998267","589761.1561999947","591256.6196999978","591265.688799991","15574.248299992178","Attentional Spatial Bias","0","0","0","47","اکنون چشم‌پیما را کالیبره می‌کنیم.<br><br>لطفاً نقطه متحرک را با چشمان خود دنبال کنید و سرتان را ثابت نگه دارید.<br><br>لطفاً منتظر بمانید.","از شرکت شما سپاسگزاریم!<br><br>آزمایش اکنون به پایان رسیده است.<br><br>لطفاً با آزمایشگر تماس بگیرید.","در این آزمایش، شما یک داستان کوتاه را که روی صفحه نمایش داده می‌شود، خواهید خواند.<br><br>لطفاً هر خط را با دقت بخوانید، زیرا در پایان آزمایش چند سؤال در مورد داستان از شما پرسیده خواهد شد.<br><br>پس از هر پاراگراف، یک جفت تصویر خواهید دید. به هر دو تصویر نگاه کنید و تعداد کل دایره‌ها را در دو تصویر بشمارید.<br><br>در صفحه بعد می‌توانید نمونه‌هایی از یک دایره صحیح و یک شکل نادرست را ببینید. فقط شکل‌هایی را بشمارید که با نمونه دایره صحیح مطابقت دارند.<br><br>برای شروع هر کلیدی را فشار دهید.","دایره شمارش شده را وارد کنید (۰-۳ را فشار دهید)","خوش آمدید! برای ادامه هر کلیدی را فشار دهید.","Farsi","1536","-267","267","-267","267","-154","154","-154","154"
"6","5000","8","undefined","undefined","undefined","undefined","#1a1a1a","7","psycho","True","psycho","psycho","uniform","undefined","undefined","undefined","0","NA","0","0","47","47","0","0","0","NA","0","47","47","NA","47","47","0","47","0","0","NA","0","47","47","47","47","47","47","0","47","47","47","0","32.70324295170736","Thu Aug 20 17:22:52 2026","1000","The main experiment item","False","V7_AttentionalSpatialBias_.osexp","C:\Users\plcm\Desktop\2026-EyeTracking\group-bayes\Experiment","246.83760001789778","015.png","936.33024","326.01312","True","False","mono","False","18","no","white","no","yes","RTL","936.33024","326.01312","864","7","014.png","015.png","4","psycho","Farsi","47","47","C:\Users\plcm\Desktop\2026-EyeTracking\group-bayes\Experiment\subject-65.csv","150","psycho","no","598018.8800999895","Neonatal Nightingale","4.1.14","6","6","no_prime_trial_48","48","RTL","","0","1","space","1","NA","NA","1","729.4196999864653","2194.198100012727","NA","NA","729.4196999864653","2","psycho","2, 1, 6, 5, 3, 4, 1, 2, 3, 5, 6, 4, 3, 5, 1, 2, 4, 6, 5, 1, 6, 4, 2, 3, 4, 5, 6, 2, 1, 3, 5, 4, 3, 2, 1, 6, 2, 1, 4, 6, 5, 3, 1, 3, 5, 4, 2, 6","False","1024","2","48000","-16","experiment","65","odd","596.9965238999866","501.0","1035.0","586.0","278.0","119026.90689999145","NA","NA","5771.653799980413","596996.4027999958","596996.4998000069","NA","15574.168699997244","56654.52959999675","NA","5771.838399989065","603758.3407000056","596983.7546999916","NA","597002.1253000014","597007.8441000078","23326.16609998513","603019.1825999937","121221.70819999883","NA","NA","121763.4291999857","596983.7355999916","603758.3102000062","603028.0593000061","596983.6921999813","598010.8145999839","598008.0568999983","121763.60079998267","596983.4030999918","598010.870500002","598018.8358000014","15574.248299992178","Attentional Spatial Bias","0","0","0","48","اکنون چشم‌پیما را کالیبره می‌کنیم.<br><br>لطفاً نقطه متحرک را با چشمان خود دنبال کنید و سرتان را ثابت نگه دارید.<br><br>لطفاً منتظر بمانید.","از شرکت شما سپاسگزاریم!<br><br>آزمایش اکنون به پایان رسیده است.<br><br>لطفاً با آزمایشگر تماس بگیرید.","در این آزمایش، شما یک داستان کوتاه را که روی صفحه نمایش داده می‌شود، خواهید خواند.<br><br>لطفاً هر خط را با دقت بخوانید، زیرا در پایان آزمایش چند سؤال در مورد داستان از شما پرسیده خواهد شد.<br><br>پس از هر پاراگراف، یک جفت تصویر خواهید دید. به هر دو تصویر نگاه کنید و تعداد کل دایره‌ها را در دو تصویر بشمارید.<br><br>در صفحه بعد می‌توانید نمونه‌هایی از یک دایره صحیح و یک شکل نادرست را ببینید. فقط شکل‌هایی را بشمارید که با نمونه دایره صحیح مطابقت دارند.<br><br>برای شروع هر کلیدی را فشار دهید.","دایره شمارش شده را وارد کنید (۰-۳ را فشار دهید)","خوش آمدید! برای ادامه هر کلیدی را فشار دهید.","Farsi","1536","-267","267","-267","267","154","-154","154","-154"
