"BLOCK_SIZE","DEADLINE_MS","NUM_BLOCKS","acc","accuracy","average_response_time","avg_rt","background","block_index","canvas_backend","central_fixation","clock_backend","color_backend","coordinates","correct","correct_Circle","correct_response_prompt","count_Circle","count_calibration_note","count_epilogue","count_experiment","count_fixation","count_fixation_cross_inline_script","count_goodbye","count_init_experiment","count_instructions","count_iti","count_language_selection","count_log_trial","count_new_1_pygaze_log","count_new_1_sketchpad","count_new_2_pygaze_log","count_new_advanced_delay","count_new_pygaze_init","count_new_pygaze_log","count_new_pygaze_start_recording","count_new_pygaze_stop_recording","count_new_sketchpad","count_position_randomization_inline_script","count_prime_display","count_record_response","count_response_prompt","count_set_prime","count_stimulus_display","count_stimulus_positions_inline_script","count_trial_loop","count_trial_sequence","count_trigger_fixation","count_trigger_stimulus","count_welcome","d","datetime","delay_new_advanced_delay","description","disable_garbage_collection","experiment_file","experiment_path","first_fix_rt","first_fix_side","first_fix_x","first_fix_y","fixation_found","font_bold","font_family","font_italic","font_size","font_underline","foreground","form_clicks","fullscreen","group","gx","gy","height","idx","img_left","img_right","key","keyboard_backend","lang","live_row","live_row_trial_loop","logfile","margin","mouse_backend","mouse_simulation","onset","opensesame_codename","opensesame_version","pos","position","prime_condition","prime_index","prime_lang","prime_text","repeat_cycle","response","response_Circle","response_count","response_new_1_sketchpad","response_new_sketchpad","response_response_prompt","response_time","response_time_Circle","response_time_new_1_sketchpad","response_time_new_sketchpad","response_time_response_prompt","round_decimals","sampler_backend","seq","show_prime","sound_buf_size","sound_channels","sound_freq","sound_sample_size","start","subject_nr","subject_parity","t0","target_x_left","target_x_right","target_y_left","target_y_right","time_Circle","time_calibration_note","time_epilogue","time_experiment","time_fixation","time_fixation_cross_inline_script","time_goodbye","time_init_experiment","time_instructions","time_iti","time_language_selection","time_log_trial","time_new_1_pygaze_log","time_new_1_sketchpad","time_new_2_pygaze_log","time_new_advanced_delay","time_new_pygaze_init","time_new_pygaze_log","time_new_pygaze_start_recording","time_new_pygaze_stop_recording","time_new_sketchpad","time_position_randomization_inline_script","time_prime_display","time_record_response","time_response_prompt","time_set_prime","time_stimulus_display","time_stimulus_positions_inline_script","time_trial_loop","time_trial_sequence","time_trigger_fixation","time_trigger_stimulus","time_welcome","title","total_correct","total_response_time","total_responses","trial_nr","txt_calibration","txt_goodbye","txt_instructions","txt_response_prompt","txt_welcome","ui_language","width","xL","xR","x_left","x_right","yL","yR","y_left","y_right"
"6","5000","8","undefined","undefined","undefined","undefined","#1a1a1a","0","psycho","True","psycho","psycho","uniform","undefined","undefined","undefined","0","NA","0","0","0","0","0","0","0","NA","0","0","0","NA","0","0","0","0","0","0","NA","0","0","0","0","0","0","0","0","0","0","0","0","82.166380018224","Tue Aug 25 14:45:56 2026","1000","The main experiment item","False","V7_AttentionalSpatialBias_.osexp","C:\Users\plcm\Desktop\2026-EyeTracking\group-bayes\Experiment","358.73680002987385","001.png","886.4102399999999","238.87008","True","False","mono","False","18","no","white","no","yes","RTL","886.4102399999999","238.87008","864","0","000.png","001.png","num_4","psycho","Farsi","0","0","C:\Users\plcm\Desktop\2026-EyeTracking\group-bayes\Experiment\subject-66.csv","150","psycho","no","87591.29280003253","Neonatal Nightingale","4.1.14","5","5","prime_1","1","RTL","تو یک مزرعه آفتابی، یک مادر اردک منتظر بود تا تخم‌هایش بشکنند. تخم‌ها یکی یکی شکستند و جوجه‌اردک‌های زرد و پفکی از آن‌ها بیرون آمدند. اما یک تخم که بزرگ‌تر بود شکستنش بیشتر طول کشید.","0","num_1","space","num_1","NA","NA","num_1","3291.2536999210715","2906.9206999847665","NA","NA","3291.2536999210715","2","psycho","5,2,6,4,3,1,4,2,5,1,6,3,5,1,3,6,4,2,1,5,4,2,3,6,2,4,3,1,5,6,5,6,1,3,2,4,5,1,3,4,2,6,5,1,2,4,3,6","True","1024","2","48000","-16","experiment","66","even","86.5630339999916","614.0","922.0","699.0","165.0","74680.97900005523","NA","NA","5651.95730002597","86562.92850000318","86563.01000004169","NA","15737.772800028324","51749.291800078936","NA","5652.241999981925","95900.85880004335","86548.65900008008","NA","86568.429499981","86580.69980004802","17740.368700004183","92592.84940001089","77588.63400004338","NA","NA","78118.28910000622","78223.39170007035","95900.81420005299","92608.6943000555","78223.33060007077","87583.80130003206","87580.7547000004","78118.426800007","78222.69389999565","87583.85679998901","87591.25360008329","15737.852100050077","Attentional Spatial Bias","0","0","0","1","اکنون چشم‌پیما را کالیبره می‌کنیم.<br><br>لطفاً نقطه متحرک را با چشمان خود دنبال کنید و سرتان را ثابت نگه دارید.<br><br>لطفاً منتظر بمانید.","از شرکت شما سپاسگزاریم!<br><br>آزمایش اکنون به پایان رسیده است.<br><br>لطفاً با آزمایشگر تماس بگیرید.","در این آزمایش، شما یک داستان کوتاه را که روی صفحه نمایش داده می‌شود، خواهید خواند.<br><br>لطفاً هر خط را با دقت بخوانید، زیرا در پایان آزمایش چند سؤال در مورد داستان از شما پرسیده خواهد شد.<br><br>پس از هر پاراگراف، یک جفت تصویر خواهید دید. به هر دو تصویر نگاه کنید و تعداد کل دایره‌ها را در دو تصویر بشمارید.<br><br>در صفحه بعد می‌توانید نمونه‌هایی از یک دایره صحیح و یک شکل نادرست را ببینید. فقط شکل‌هایی را بشمارید که با نمونه دایره صحیح مطابقت دارند.<br><br>برای شروع هر کلیدی را فشار دهید.","دایره شمارش شده را وارد کنید (۰-۳ را فشار دهید)","خوش آمدید! برای ادامه هر کلیدی را فشار دهید.","Farsi","1536","-154","154","-154","154","267","-267","267","-267"
"6","5000","8","undefined","undefined","undefined","undefined","#1a1a1a","0","psycho","True","psycho","psycho","uniform","undefined","undefined","undefined","0","NA","0","0","1","1","0","0","0","NA","0","1","1","NA","1","1","0","1","0","0","NA","0","1","1","1","1","1","1","0","1","1","1","0","73.44919675748675","Tue Aug 25 14:45:56 2026","1000","The main experiment item","False","V7_AttentionalSpatialBias_.osexp","C:\Users\plcm\Desktop\2026-EyeTracking\group-bayes\Experiment","250.65419997554272","002.png","626.42688","338.76576","True","False","mono","False","18","no","white","no","yes","RTL","626.42688","338.76576","864","0","002.png","003.png","num_4","psycho","Farsi","1","1","C:\Users\plcm\Desktop\2026-EyeTracking\group-bayes\Experiment\subject-66.csv","150","psycho","no","97291.25830007251","Neonatal Nightingale","4.1.14","2","2","no_prime_trial_2","2","RTL","","0","num_2","space","num_2","NA","NA","num_2","2403.2639000797644","2906.9206999847665","NA","NA","2403.2639000797644","2","psycho","5, 2, 6, 4, 3, 1, 4, 2, 5, 1, 6, 3, 5, 1, 3, 6, 4, 2, 1, 5, 4, 2, 3, 6, 2, 4, 3, 1, 5, 6, 5, 6, 1, 3, 2, 4, 5, 1, 3, 4, 2, 6, 5, 1, 2, 4, 3, 6","False","1024","2","48000","-16","experiment","66","even","96.02270229998976","501.0","1035.0","278.0","586.0","74680.97900005523","NA","NA","5651.95730002597","96022.52900006715","96022.66380004585","NA","15737.772800028324","51749.291800078936","NA","5652.241999981925","104708.5667999927","96010.80050005112","NA","96271.77190000657","96277.32240001205","17740.368700004183","102296.2233000435","77588.63400004338","NA","NA","78118.28910000622","96010.78050001524","104708.53240008","102304.65479998384","96010.72620006744","97281.49690001737","97277.83839998301","78118.426800007","96010.12130000163","97281.58200008329","97291.2182","15737.852100050077","Attentional Spatial Bias","0","0","0","2","اکنون چشم‌پیما را کالیبره می‌کنیم.<br><br>لطفاً نقطه متحرک را با چشمان خود دنبال کنید و سرتان را ثابت نگه دارید.<br><br>لطفاً منتظر بمانید.","از شرکت شما سپاسگزاریم!<br><br>آزمایش اکنون به پایان رسیده است.<br><br>لطفاً با آزمایشگر تماس بگیرید.","در این آزمایش، شما یک داستان کوتاه را که روی صفحه نمایش داده می‌شود، خواهید خواند.<br><br>لطفاً هر خط را با دقت بخوانید، زیرا در پایان آزمایش چند سؤال در مورد داستان از شما پرسیده خواهد شد.<br><br>پس از هر پاراگراف، یک جفت تصویر خواهید دید. به هر دو تصویر نگاه کنید و تعداد کل دایره‌ها را در دو تصویر بشمارید.<br><br>در صفحه بعد می‌توانید نمونه‌هایی از یک دایره صحیح و یک شکل نادرست را ببینید. فقط شکل‌هایی را بشمارید که با نمونه دایره صحیح مطابقت دارند.<br><br>برای شروع هر کلیدی را فشار دهید.","دایره شمارش شده را وارد کنید (۰-۳ را فشار دهید)","خوش آمدید! برای ادامه هر کلیدی را فشار دهید.","Farsi","1536","-267","267","-267","267","-154","154","-154","154"
"6","5000","8","undefined","undefined","undefined","undefined","#1a1a1a","0","psycho","True","psycho","psycho","uniform","undefined","undefined","undefined","0","NA","0","0","2","2","0","0","0","NA","0","2","2","NA","2","2","0","2","0","0","NA","0","2","2","2","2","2","2","0","2","2","2","0","36.22190893187157","Tue Aug 25 14:45:56 2026","1000","The main experiment item","False","V7_AttentionalSpatialBias_.osexp","C:\Users\plcm\Desktop\2026-EyeTracking\group-bayes\Experiment","222.71439991891384","005.png","896.1024","383.4432","True","False","mono","False","18","no","white","no","yes","RTL","896.1024","383.4432","864","0","004.png","005.png","num_4","psycho","Farsi","2","2","C:\Users\plcm\Desktop\2026-EyeTracking\group-bayes\Experiment\subject-66.csv","150","psycho","no","105873.83050005883","Neonatal Nightingale","4.1.14","6","6","no_prime_trial_3","3","RTL","","0","num_1","space","num_1","NA","NA","num_1","4790.498499991372","2906.9206999847665","NA","NA","4790.498499991372","2","psycho","5, 2, 6, 4, 3, 1, 4, 2, 5, 1, 6, 3, 5, 1, 3, 6, 4, 2, 1, 5, 4, 2, 3, 6, 2, 4, 3, 1, 5, 6, 5, 6, 1, 3, 2, 4, 5, 1, 3, 4, 2, 6, 5, 1, 2, 4, 3, 6","False","1024","2","48000","-16","experiment","66","even","104.84733949997462","501.0","1035.0","586.0","278.0","74680.97900005523","NA","NA","5651.95730002597","104847.19530004077","104847.30790008325","NA","15737.772800028324","51749.291800078936","NA","5652.241999981925","115677.04159999266","104833.7646999862","NA","104852.58040006738","104858.08410006575","17740.368700004183","110877.4817000376","77588.63400004338","NA","NA","78118.28910000622","104833.74150004238","115676.99740000535","110885.67690004129","104833.68420007173","105861.94360000081","105858.54030004703","78118.426800007","104833.19410006516","105862.0215000119","105873.79009998403","15737.852100050077","Attentional Spatial Bias","0","0","0","3","اکنون چشم‌پیما را کالیبره می‌کنیم.<br><br>لطفاً نقطه متحرک را با چشمان خود دنبال کنید و سرتان را ثابت نگه دارید.<br><br>لطفاً منتظر بمانید.","از شرکت شما سپاسگزاریم!<br><br>آزمایش اکنون به پایان رسیده است.<br><br>لطفاً با آزمایشگر تماس بگیرید.","در این آزمایش، شما یک داستان کوتاه را که روی صفحه نمایش داده می‌شود، خواهید خواند.<br><br>لطفاً هر خط را با دقت بخوانید، زیرا در پایان آزمایش چند سؤال در مورد داستان از شما پرسیده خواهد شد.<br><br>پس از هر پاراگراف، یک جفت تصویر خواهید دید. به هر دو تصویر نگاه کنید و تعداد کل دایره‌ها را در دو تصویر بشمارید.<br><br>در صفحه بعد می‌توانید نمونه‌هایی از یک دایره صحیح و یک شکل نادرست را ببینید. فقط شکل‌هایی را بشمارید که با نمونه دایره صحیح مطابقت دارند.<br><br>برای شروع هر کلیدی را فشار دهید.","دایره شمارش شده را وارد کنید (۰-۳ را فشار دهید)","خوش آمدید! برای ادامه هر کلیدی را فشار دهید.","Farsi","1536","-267","267","-267","267","154","-154","154","-154"
"6","5000","8","undefined","undefined","undefined","undefined","#1a1a1a","0","psycho","True","psycho","psycho","uniform","undefined","undefined","undefined","0","NA","0","0","3","3","0","0","0","NA","0","3","3","NA","3","3","0","3","0","0","NA","0","3","3","3","3","3","3","0","3","3","3","0","88.27901005509291","Tue Aug 25 14:45:56 2026","1000","The main experiment item","False","V7_AttentionalSpatialBias_.osexp","C:\Users\plcm\Desktop\2026-EyeTracking\group-bayes\Experiment","10.512800072319806","007.png","776.0025600000001","608.13504","True","False","mono","False","18","no","white","no","yes","RTL","776.0025600000001","608.13504","864","0","006.png","007.png","num_4","psycho","Farsi","3","3","C:\Users\plcm\Desktop\2026-EyeTracking\group-bayes\Experiment\subject-66.csv","150","psycho","no","116848.54769997764","Neonatal Nightingale","4.1.14","4","4","no_prime_trial_4","4","RTL","","0","num_1","space","num_1","NA","NA","num_1","775.7932000095025","2906.9206999847665","NA","NA","775.7932000095025","2","psycho","5, 2, 6, 4, 3, 1, 4, 2, 5, 1, 6, 3, 5, 1, 3, 6, 4, 2, 1, 5, 4, 2, 3, 6, 2, 4, 3, 1, 5, 6, 5, 6, 1, 3, 2, 4, 5, 1, 3, 4, 2, 6, 5, 1, 2, 4, 3, 6","False","1024","2","48000","-16","experiment","66","even","115.82039410003927","768.0","768.0","124.0","740.0","74680.97900005523","NA","NA","5651.95730002597","115820.21260005422","115820.34700002987","NA","15737.772800028324","51749.291800078936","NA","5652.241999981925","122636.54169999063","115808.09319997206","NA","115825.9631000692","115831.73039997928","17740.368700004183","121852.48220001813","77588.63400004338","NA","NA","78118.28910000622","115808.07340005413","122636.50939997751","121860.1366999792","115808.02230001427","116836.26190002542","116832.36980007496","78118.426800007","115807.68720002379","116836.3124000607","116848.48360007163","15737.852100050077","Attentional Spatial Bias","0","0","0","4","اکنون چشم‌پیما را کالیبره می‌کنیم.<br><br>لطفاً نقطه متحرک را با چشمان خود دنبال کنید و سرتان را ثابت نگه دارید.<br><br>لطفاً منتظر بمانید.","از شرکت شما سپاسگزاریم!<br><br>آزمایش اکنون به پایان رسیده است.<br><br>لطفاً با آزمایشگر تماس بگیرید.","در این آزمایش، شما یک داستان کوتاه را که روی صفحه نمایش داده می‌شود، خواهید خواند.<br><br>لطفاً هر خط را با دقت بخوانید، زیرا در پایان آزمایش چند سؤال در مورد داستان از شما پرسیده خواهد شد.<br><br>پس از هر پاراگراف، یک جفت تصویر خواهید دید. به هر دو تصویر نگاه کنید و تعداد کل دایره‌ها را در دو تصویر بشمارید.<br><br>در صفحه بعد می‌توانید نمونه‌هایی از یک دایره صحیح و یک شکل نادرست را ببینید. فقط شکل‌هایی را بشمارید که با نمونه دایره صحیح مطابقت دارند.<br><br>برای شروع هر کلیدی را فشار دهید.","دایره شمارش شده را وارد کنید (۰-۳ را فشار دهید)","خوش آمدید! برای ادامه هر کلیدی را فشار دهید.","Farsi","1536","0","0","0","0","-308","308","-308","308"
"6","5000","8","undefined","undefined","undefined","undefined","#1a1a1a","0","psycho","True","psycho","psycho","uniform","undefined","undefined","undefined","0","NA","0","0","4","4","0","0","0","NA","0","4","4","NA","4","4","0","4","0","0","NA","0","4","4","4","4","4","4","0","4","4","4","0","33.773682653616554","Tue Aug 25 14:45:56 2026","1000","The main experiment item","False","V7_AttentionalSpatialBias_.osexp","C:\Users\plcm\Desktop\2026-EyeTracking\group-bayes\Experiment","338.20959995500743","009.png","977.34144","562.40352","True","False","mono","False","18","no","white","no","yes","RTL","977.34144","562.40352","864","0","008.png","009.png","num_4","psycho","Farsi","4","4","C:\Users\plcm\Desktop\2026-EyeTracking\group-bayes\Experiment\subject-66.csv","150","psycho","no","123803.7155000493","Neonatal Nightingale","4.1.14","3","3","no_prime_trial_5","5","RTL","","0","num_0","space","num_0","NA","NA","num_0","1915.3978000395","2906.9206999847665","NA","NA","1915.3978000395","2","psycho","5, 2, 6, 4, 3, 1, 4, 2, 5, 1, 6, 3, 5, 1, 3, 6, 4, 2, 1, 5, 4, 2, 3, 6, 2, 4, 3, 1, 5, 6, 5, 6, 1, 3, 2, 4, 5, 1, 3, 4, 2, 6, 5, 1, 2, 4, 3, 6","False","1024","2","48000","-16","experiment","66","even","122.78301170002669","614.0","922.0","165.0","699.0","74680.97900005523","NA","NA","5651.95730002597","122782.84340002574","122782.97549998388","NA","15737.772800028324","51749.291800078936","NA","5652.241999981925","130733.14380005468","122770.70340001956","NA","122788.36780006532","122793.61829999834","17740.368700004183","128808.470100048","77588.63400004338","NA","NA","78118.28910000622","122770.68269997835","130733.10890002176","128817.04320001882","122770.6319000572","123797.24600003101","123794.04579999391","78118.426800007","122770.35010000691","123797.33049997594","123803.64489997737","15737.852100050077","Attentional Spatial Bias","0","0","0","5","اکنون چشم‌پیما را کالیبره می‌کنیم.<br><br>لطفاً نقطه متحرک را با چشمان خود دنبال کنید و سرتان را ثابت نگه دارید.<br><br>لطفاً منتظر بمانید.","از شرکت شما سپاسگزاریم!<br><br>آزمایش اکنون به پایان رسیده است.<br><br>لطفاً با آزمایشگر تماس بگیرید.","در این آزمایش، شما یک داستان کوتاه را که روی صفحه نمایش داده می‌شود، خواهید خواند.<br><br>لطفاً هر خط را با دقت بخوانید، زیرا در پایان آزمایش چند سؤال در مورد داستان از شما پرسیده خواهد شد.<br><br>پس از هر پاراگراف، یک جفت تصویر خواهید دید. به هر دو تصویر نگاه کنید و تعداد کل دایره‌ها را در دو تصویر بشمارید.<br><br>در صفحه بعد می‌توانید نمونه‌هایی از یک دایره صحیح و یک شکل نادرست را ببینید. فقط شکل‌هایی را بشمارید که با نمونه دایره صحیح مطابقت دارند.<br><br>برای شروع هر کلیدی را فشار دهید.","دایره شمارش شده را وارد کنید (۰-۳ را فشار دهید)","خوش آمدید! برای ادامه هر کلیدی را فشار دهید.","Farsi","1536","-154","154","-154","154","-267","267","-267","267"
"6","5000","8","undefined","undefined","undefined","undefined","#1a1a1a","0","psycho","True","psycho","psycho","uniform","undefined","undefined","undefined","0","NA","0","0","5","5","0","0","0","NA","0","5","5","NA","5","5","0","5","0","0","NA","0","5","5","5","5","5","5","0","5","5","5","0","64.44061879479429","Tue Aug 25 14:45:56 2026","1000","The main experiment item","False","V7_AttentionalSpatialBias_.osexp","C:\Users\plcm\Desktop\2026-EyeTracking\group-bayes\Experiment","238.8940000673756","011.png","1052.52864","343.30176","True","False","mono","False","18","no","white","no","yes","RTL","1052.52864","343.30176","864","0","010.png","011.png","num_4","psycho","Farsi","5","5","C:\Users\plcm\Desktop\2026-EyeTracking\group-bayes\Experiment\subject-66.csv","150","psycho","no","131897.74809998926","Neonatal Nightingale","4.1.14","1","1","no_prime_trial_6","6","RTL","","0","num_1","space","num_1","NA","NA","num_1","815.1926000136882","2906.9206999847665","NA","NA","815.1926000136882","2","psycho","5, 2, 6, 4, 3, 1, 4, 2, 5, 1, 6, 3, 5, 1, 3, 6, 4, 2, 1, 5, 4, 2, 3, 6, 2, 4, 3, 1, 5, 6, 5, 6, 1, 3, 2, 4, 5, 1, 3, 4, 2, 6, 5, 1, 2, 4, 3, 6","False","1024","2","48000","-16","experiment","66","even","130.87464850000106","460.0","1076.0","432.0","432.0","74680.97900005523","NA","NA","5651.95730002597","130874.53769997228","130874.62530005723","NA","15737.772800028324","51749.291800078936","NA","5652.241999981925","137724.67730008066","130862.09589999635","NA","130880.09570003487","130885.81460004207","17740.368700004183","136900.7684000535","77588.63400004338","NA","NA","78118.28910000622","130862.0743000647","137724.63559999596","136908.76410005149","130862.01530008111","131889.58820002154","131885.9914999921","78118.426800007","130860.94679997768","131889.64120007586","131897.71420008037","15737.852100050077","Attentional Spatial Bias","0","0","0","6","اکنون چشم‌پیما را کالیبره می‌کنیم.<br><br>لطفاً نقطه متحرک را با چشمان خود دنبال کنید و سرتان را ثابت نگه دارید.<br><br>لطفاً منتظر بمانید.","از شرکت شما سپاسگزاریم!<br><br>آزمایش اکنون به پایان رسیده است.<br><br>لطفاً با آزمایشگر تماس بگیرید.","در این آزمایش، شما یک داستان کوتاه را که روی صفحه نمایش داده می‌شود، خواهید خواند.<br><br>لطفاً هر خط را با دقت بخوانید، زیرا در پایان آزمایش چند سؤال در مورد داستان از شما پرسیده خواهد شد.<br><br>پس از هر پاراگراف، یک جفت تصویر خواهید دید. به هر دو تصویر نگاه کنید و تعداد کل دایره‌ها را در دو تصویر بشمارید.<br><br>در صفحه بعد می‌توانید نمونه‌هایی از یک دایره صحیح و یک شکل نادرست را ببینید. فقط شکل‌هایی را بشمارید که با نمونه دایره صحیح مطابقت دارند.<br><br>برای شروع هر کلیدی را فشار دهید.","دایره شمارش شده را وارد کنید (۰-۳ را فشار دهید)","خوش آمدید! برای ادامه هر کلیدی را فشار دهید.","Farsi","1536","-308","308","-308","308","0","0","0","0"
"6","5000","8","undefined","undefined","undefined","undefined","#1a1a1a","1","psycho","True","psycho","psycho","uniform","undefined","undefined","undefined","0","NA","0","0","6","6","0","0","0","NA","0","6","6","NA","6","6","0","6","0","0","NA","0","6","6","6","6","6","6","0","6","6","6","0","64.36076061303191","Tue Aug 25 14:45:56 2026","1000","The main experiment item","False","V7_AttentionalSpatialBias_.osexp","C:\Users\plcm\Desktop\2026-EyeTracking\group-bayes\Experiment","337.72259997203946","012.png","779.0591999999999","273.44736","True","False","mono","False","18","no","white","no","yes","RTL","779.0591999999999","273.44736","864","1","012.png","013.png","num_4","psycho","Farsi","6","6","C:\Users\plcm\Desktop\2026-EyeTracking\group-bayes\Experiment\subject-66.csv","150","psycho","no","146087.935400079","Neonatal Nightingale","4.1.14","4","4","prime_2","7","RTL","از آخرین تخم، یک پرنده بزرگ خاکستری بیرون آمد. او از بقیه متفاوت به نظر می‌رسید. جوجه‌اردک‌‌ها به او خندیدند و او را جوجه‌اردک زشت صدا کردند. او که غمگین و تنها بود، از مزرعه فرار کرد.","0","num_0","space","num_0","NA","NA","num_0","1065.7331999391317","2906.9206999847665","NA","NA","1065.7331999391317","2","psycho","5, 2, 6, 4, 3, 1, 4, 2, 5, 1, 6, 3, 5, 1, 3, 6, 4, 2, 1, 5, 4, 2, 3, 6, 2, 4, 3, 1, 5, 6, 5, 6, 1, 3, 2, 4, 5, 1, 3, 4, 2, 6, 5, 1, 2, 4, 3, 6","True","1024","2","48000","-16","experiment","66","even","145.0620686999755","768.0","768.0","124.0","740.0","74680.97900005523","NA","NA","5651.95730002597","145061.92890007515","145062.03440006357","NA","15737.772800028324","51749.291800078936","NA","5652.241999981925","152164.99840002507","145052.3869000608","NA","145067.59940006305","145073.25520005543","17740.368700004183","151090.4223000398","77588.63400004338","NA","NA","78118.28910000622","137847.57980005816","152164.96540000662","151098.23590004817","137847.53530006856","146077.18590006698","146073.68949998636","78118.426800007","137846.7525000451","146077.24910008255","146087.8992000362","15737.852100050077","Attentional Spatial Bias","0","0","0","7","اکنون چشم‌پیما را کالیبره می‌کنیم.<br><br>لطفاً نقطه متحرک را با چشمان خود دنبال کنید و سرتان را ثابت نگه دارید.<br><br>لطفاً منتظر بمانید.","از شرکت شما سپاسگزاریم!<br><br>آزمایش اکنون به پایان رسیده است.<br><br>لطفاً با آزمایشگر تماس بگیرید.","در این آزمایش، شما یک داستان کوتاه را که روی صفحه نمایش داده می‌شود، خواهید خواند.<br><br>لطفاً هر خط را با دقت بخوانید، زیرا در پایان آزمایش چند سؤال در مورد داستان از شما پرسیده خواهد شد.<br><br>پس از هر پاراگراف، یک جفت تصویر خواهید دید. به هر دو تصویر نگاه کنید و تعداد کل دایره‌ها را در دو تصویر بشمارید.<br><br>در صفحه بعد می‌توانید نمونه‌هایی از یک دایره صحیح و یک شکل نادرست را ببینید. فقط شکل‌هایی را بشمارید که با نمونه دایره صحیح مطابقت دارند.<br><br>برای شروع هر کلیدی را فشار دهید.","دایره شمارش شده را وارد کنید (۰-۳ را فشار دهید)","خوش آمدید! برای ادامه هر کلیدی را فشار دهید.","Farsi","1536","0","0","0","0","-308","308","-308","308"
"6","5000","8","undefined","undefined","undefined","undefined","#1a1a1a","1","psycho","True","psycho","psycho","uniform","undefined","undefined","undefined","0","NA","0","0","7","7","0","0","0","NA","0","7","7","NA","7","7","0","7","0","0","NA","0","7","7","7","7","7","7","0","7","7","7","0","86.48137820918447","Tue Aug 25 14:45:56 2026","1000","The main experiment item","False","V7_AttentionalSpatialBias_.osexp","C:\Users\plcm\Desktop\2026-EyeTracking\group-bayes\Experiment","359.3370000598952","015.png","1035.8169599999999","492.0912","True","False","mono","False","18","no","white","no","yes","RTL","1035.8169599999999","492.0912","864","1","014.png","015.png","num_4","psycho","Farsi","7","7","C:\Users\plcm\Desktop\2026-EyeTracking\group-bayes\Experiment\subject-66.csv","150","psycho","no","153339.14709999226","Neonatal Nightingale","4.1.14","2","2","no_prime_trial_8","8","RTL","","0","num_2","space","num_2","NA","NA","num_2","2555.8686000294983","2906.9206999847665","NA","NA","2555.8686000294983","2","psycho","5, 2, 6, 4, 3, 1, 4, 2, 5, 1, 6, 3, 5, 1, 3, 6, 4, 2, 1, 5, 4, 2, 3, 6, 2, 4, 3, 1, 5, 6, 5, 6, 1, 3, 2, 4, 5, 1, 3, 4, 2, 6, 5, 1, 2, 4, 3, 6","False","1024","2","48000","-16","experiment","66","even","152.31491920002736","501.0","1035.0","278.0","586.0","74680.97900005523","NA","NA","5651.95730002597","152314.70810004976","152314.87960007507","NA","15737.772800028324","51749.291800078936","NA","5652.241999981925","160908.57560001314","152302.1025999915","NA","152320.41719998233","152326.04080007877","17740.368700004183","158341.3992000278","77588.63400004338","NA","NA","78118.28910000622","152302.08120006137","160908.54470001068","158352.09559998475","152302.01730004046","153329.77730000857","153326.35620003566","78118.426800007","152301.32410000078","153329.8380000051","153339.0980999684","15737.852100050077","Attentional Spatial Bias","0","0","0","8","اکنون چشم‌پیما را کالیبره می‌کنیم.<br><br>لطفاً نقطه متحرک را با چشمان خود دنبال کنید و سرتان را ثابت نگه دارید.<br><br>لطفاً منتظر بمانید.","از شرکت شما سپاسگزاریم!<br><br>آزمایش اکنون به پایان رسیده است.<br><br>لطفاً با آزمایشگر تماس بگیرید.","در این آزمایش، شما یک داستان کوتاه را که روی صفحه نمایش داده می‌شود، خواهید خواند.<br><br>لطفاً هر خط را با دقت بخوانید، زیرا در پایان آزمایش چند سؤال در مورد داستان از شما پرسیده خواهد شد.<br><br>پس از هر پاراگراف، یک جفت تصویر خواهید دید. به هر دو تصویر نگاه کنید و تعداد کل دایره‌ها را در دو تصویر بشمارید.<br><br>در صفحه بعد می‌توانید نمونه‌هایی از یک دایره صحیح و یک شکل نادرست را ببینید. فقط شکل‌هایی را بشمارید که با نمونه دایره صحیح مطابقت دارند.<br><br>برای شروع هر کلیدی را فشار دهید.","دایره شمارش شده را وارد کنید (۰-۳ را فشار دهید)","خوش آمدید! برای ادامه هر کلیدی را فشار دهید.","Farsi","1536","-267","267","-267","267","-154","154","-154","154"
"6","5000","8","undefined","undefined","undefined","undefined","#1a1a1a","1","psycho","True","psycho","psycho","uniform","undefined","undefined","undefined","0","NA","0","0","8","8","0","0","0","NA","0","8","8","NA","8","8","0","8","0","0","NA","0","8","8","8","8","8","8","0","8","8","8","0","87.54928804220856","Tue Aug 25 14:45:56 2026","1000","The main experiment item","False","V7_AttentionalSpatialBias_.osexp","C:\Users\plcm\Desktop\2026-EyeTracking\group-bayes\Experiment","223.3540000161156","001.png","902.90688","266.33664","True","False","mono","False","18","no","white","no","yes","RTL","902.90688","266.33664","864","1","000.png","001.png","num_4","psycho","Farsi","8","8","C:\Users\plcm\Desktop\2026-EyeTracking\group-bayes\Experiment\subject-66.csv","150","psycho","no","162057.45259998366","Neonatal Nightingale","4.1.14","5","5","no_prime_trial_9","9","RTL","","0","num_1","space","num_1","NA","NA","num_1","656.3534999731928","2906.9206999847665","NA","NA","656.3534999731928","2","psycho","5, 2, 6, 4, 3, 1, 4, 2, 5, 1, 6, 3, 5, 1, 3, 6, 4, 2, 1, 5, 4, 2, 3, 6, 2, 4, 3, 1, 5, 6, 5, 6, 1, 3, 2, 4, 5, 1, 3, 4, 2, 6, 5, 1, 2, 4, 3, 6","False","1024","2","48000","-16","experiment","66","even","161.033853800036","614.0","922.0","699.0","165.0","74680.97900005523","NA","NA","5651.95730002597","161033.71410002","161033.81779999472","NA","15737.772800028324","51749.291800078936","NA","5652.241999981925","167724.84050004277","161022.54020003602","NA","161039.14080001414","161044.09750003833","17740.368700004183","167060.22310000844","77588.63400004338","NA","NA","78118.28910000622","161022.51210005488","167724.80840003118","167067.6106000319","161022.42340007797","162047.9089000728","162044.63590006344","78118.426800007","161021.39910007827","162048.0018000817","162057.41120001767","15737.852100050077","Attentional Spatial Bias","0","0","0","9","اکنون چشم‌پیما را کالیبره می‌کنیم.<br><br>لطفاً نقطه متحرک را با چشمان خود دنبال کنید و سرتان را ثابت نگه دارید.<br><br>لطفاً منتظر بمانید.","از شرکت شما سپاسگزاریم!<br><br>آزمایش اکنون به پایان رسیده است.<br><br>لطفاً با آزمایشگر تماس بگیرید.","در این آزمایش، شما یک داستان کوتاه را که روی صفحه نمایش داده می‌شود، خواهید خواند.<br><br>لطفاً هر خط را با دقت بخوانید، زیرا در پایان آزمایش چند سؤال در مورد داستان از شما پرسیده خواهد شد.<br><br>پس از هر پاراگراف، یک جفت تصویر خواهید دید. به هر دو تصویر نگاه کنید و تعداد کل دایره‌ها را در دو تصویر بشمارید.<br><br>در صفحه بعد می‌توانید نمونه‌هایی از یک دایره صحیح و یک شکل نادرست را ببینید. فقط شکل‌هایی را بشمارید که با نمونه دایره صحیح مطابقت دارند.<br><br>برای شروع هر کلیدی را فشار دهید.","دایره شمارش شده را وارد کنید (۰-۳ را فشار دهید)","خوش آمدید! برای ادامه هر کلیدی را فشار دهید.","Farsi","1536","-154","154","-154","154","267","-267","267","-267"
"6","5000","8","undefined","undefined","undefined","undefined","#1a1a1a","1","psycho","True","psycho","psycho","uniform","undefined","undefined","undefined","0","NA","0","0","9","9","0","0","0","NA","0","9","9","NA","9","9","0","9","0","0","NA","0","9","9","9","9","9","9","0","9","9","9","0","67.93980041447281","Tue Aug 25 14:45:56 2026","1000","The main experiment item","False","V7_AttentionalSpatialBias_.osexp","C:\Users\plcm\Desktop\2026-EyeTracking\group-bayes\Experiment","228.65210007876158","003.png","948.38784","372.79872","True","False","mono","False","18","no","white","no","yes","RTL","948.38784","372.79872","864","1","002.png","003.png","num_4","psycho","Farsi","9","9","C:\Users\plcm\Desktop\2026-EyeTracking\group-bayes\Experiment\subject-66.csv","150","psycho","no","168904.24559998792","Neonatal Nightingale","4.1.14","1","1","no_prime_trial_10","10","RTL","","0","num_2","space","num_2","NA","NA","num_2","3360.031699994579","2906.9206999847665","NA","NA","3360.031699994579","2","psycho","5, 2, 6, 4, 3, 1, 4, 2, 5, 1, 6, 3, 5, 1, 3, 6, 4, 2, 1, 5, 4, 2, 3, 6, 2, 4, 3, 1, 5, 6, 5, 6, 1, 3, 2, 4, 5, 1, 3, 4, 2, 6, 5, 1, 2, 4, 3, 6","False","1024","2","48000","-16","experiment","66","even","167.8796796000097","460.0","1076.0","432.0","432.0","74680.97900005523","NA","NA","5651.95730002597","167879.55810001586","167879.65260003693","NA","15737.772800028324","51749.291800078936","NA","5652.241999981925","177277.23160001915","167866.2679999834","NA","167885.2466000244","167890.94509999268","17740.368700004183","173907.64590003528","77588.63400004338","NA","NA","78118.28910000622","167866.2349000806","177277.19559997786","173916.04110004846","167866.14910000935","168894.67369997874","168891.31380000617","78118.426800007","167864.83450001106","168894.74170003086","168904.2115000775","15737.852100050077","Attentional Spatial Bias","0","0","0","10","اکنون چشم‌پیما را کالیبره می‌کنیم.<br><br>لطفاً نقطه متحرک را با چشمان خود دنبال کنید و سرتان را ثابت نگه دارید.<br><br>لطفاً منتظر بمانید.","از شرکت شما سپاسگزاریم!<br><br>آزمایش اکنون به پایان رسیده است.<br><br>لطفاً با آزمایشگر تماس بگیرید.","در این آزمایش، شما یک داستان کوتاه را که روی صفحه نمایش داده می‌شود، خواهید خواند.<br><br>لطفاً هر خط را با دقت بخوانید، زیرا در پایان آزمایش چند سؤال در مورد داستان از شما پرسیده خواهد شد.<br><br>پس از هر پاراگراف، یک جفت تصویر خواهید دید. به هر دو تصویر نگاه کنید و تعداد کل دایره‌ها را در دو تصویر بشمارید.<br><br>در صفحه بعد می‌توانید نمونه‌هایی از یک دایره صحیح و یک شکل نادرست را ببینید. فقط شکل‌هایی را بشمارید که با نمونه دایره صحیح مطابقت دارند.<br><br>برای شروع هر کلیدی را فشار دهید.","دایره شمارش شده را وارد کنید (۰-۳ را فشار دهید)","خوش آمدید! برای ادامه هر کلیدی را فشار دهید.","Farsi","1536","-308","308","-308","308","0","0","0","0"
"6","5000","8","undefined","undefined","undefined","undefined","#1a1a1a","1","psycho","True","psycho","psycho","uniform","undefined","undefined","undefined","0","NA","0","0","10","10","0","0","0","NA","0","10","10","NA","10","10","0","10","0","0","NA","0","10","10","10","10","10","10","0","10","10","10","0","98.78200687901817","Tue Aug 25 14:45:56 2026","1000","The main experiment item","False","V7_AttentionalSpatialBias_.osexp","C:\Users\plcm\Desktop\2026-EyeTracking\group-bayes\Experiment","223.59539999160916","005.png","971.2588799999999","372.45312","True","False","mono","False","18","no","white","no","yes","RTL","971.2588799999999","372.45312","864","1","004.png","005.png","num_4","psycho","Farsi","10","10","C:\Users\plcm\Desktop\2026-EyeTracking\group-bayes\Experiment\subject-66.csv","150","psycho","no","178738.2978000678","Neonatal Nightingale","4.1.14","6","6","no_prime_trial_11","11","RTL","","0","num_1","space","num_1","NA","NA","num_1","701.8770000431687","2906.9206999847665","NA","NA","701.8770000431687","2","psycho","5, 2, 6, 4, 3, 1, 4, 2, 5, 1, 6, 3, 5, 1, 3, 6, 4, 2, 1, 5, 4, 2, 3, 6, 2, 4, 3, 1, 5, 6, 5, 6, 1, 3, 2, 4, 5, 1, 3, 4, 2, 6, 5, 1, 2, 4, 3, 6","False","1024","2","48000","-16","experiment","66","even","177.41983969998546","501.0","1035.0","586.0","278.0","74680.97900005523","NA","NA","5651.95730002597","177419.66510005295","177419.80220004916","NA","15737.772800028324","51749.291800078936","NA","5652.241999981925","184452.65430002473","177405.8802999789","NA","177721.7823000392","177727.33240004163","17740.368700004183","183741.53510003816","77588.63400004338","NA","NA","78118.28910000622","177405.8596000541","184452.61829998344","183750.11120003182","177405.80539999064","178730.51140003372","178727.45180001948","78118.426800007","177405.17540008295","178730.58690002654","178738.25609998312","15737.852100050077","Attentional Spatial Bias","0","0","0","11","اکنون چشم‌پیما را کالیبره می‌کنیم.<br><br>لطفاً نقطه متحرک را با چشمان خود دنبال کنید و سرتان را ثابت نگه دارید.<br><br>لطفاً منتظر بمانید.","از شرکت شما سپاسگزاریم!<br><br>آزمایش اکنون به پایان رسیده است.<br><br>لطفاً با آزمایشگر تماس بگیرید.","در این آزمایش، شما یک داستان کوتاه را که روی صفحه نمایش داده می‌شود، خواهید خواند.<br><br>لطفاً هر خط را با دقت بخوانید، زیرا در پایان آزمایش چند سؤال در مورد داستان از شما پرسیده خواهد شد.<br><br>پس از هر پاراگراف، یک جفت تصویر خواهید دید. به هر دو تصویر نگاه کنید و تعداد کل دایره‌ها را در دو تصویر بشمارید.<br><br>در صفحه بعد می‌توانید نمونه‌هایی از یک دایره صحیح و یک شکل نادرست را ببینید. فقط شکل‌هایی را بشمارید که با نمونه دایره صحیح مطابقت دارند.<br><br>برای شروع هر کلیدی را فشار دهید.","دایره شمارش شده را وارد کنید (۰-۳ را فشار دهید)","خوش آمدید! برای ادامه هر کلیدی را فشار دهید.","Farsi","1536","-267","267","-267","267","154","-154","154","-154"
"6","5000","8","undefined","undefined","undefined","undefined","#1a1a1a","1","psycho","True","psycho","psycho","uniform","undefined","undefined","undefined","0","NA","0","0","11","11","0","0","0","NA","0","11","11","NA","11","11","0","11","0","0","NA","0","11","11","11","11","11","11","0","11","11","11","0","57.938946616037086","Tue Aug 25 14:45:56 2026","1000","The main experiment item","False","V7_AttentionalSpatialBias_.osexp","C:\Users\plcm\Desktop\2026-EyeTracking\group-bayes\Experiment","434.2144000111148","007.png","978.5856","586.19808","True","False","mono","False","18","no","white","no","yes","RTL","978.5856","586.19808","864","1","006.png","007.png","num_4","psycho","Farsi","11","11","C:\Users\plcm\Desktop\2026-EyeTracking\group-bayes\Experiment\subject-66.csv","150","psycho","no","185628.04139999207","Neonatal Nightingale","4.1.14","3","3","no_prime_trial_12","12","RTL","","0","num_1","space","num_1","NA","NA","num_1","464.01780005544424","2906.9206999847665","NA","NA","464.01780005544424","2","psycho","5, 2, 6, 4, 3, 1, 4, 2, 5, 1, 6, 3, 5, 1, 3, 6, 4, 2, 1, 5, 4, 2, 3, 6, 2, 4, 3, 1, 5, 6, 5, 6, 1, 3, 2, 4, 5, 1, 3, 4, 2, 6, 5, 1, 2, 4, 3, 6","False","1024","2","48000","-16","experiment","66","even","184.60321900004055","614.0","922.0","165.0","699.0","74680.97900005523","NA","NA","5651.95730002597","184603.03320002276","184603.17660006694","NA","15737.772800028324","51749.291800078936","NA","5652.241999981925","191100.59500008356","184591.39700001106","NA","184608.75979997218","184613.9617000008","17740.368700004183","190628.31190007273","77588.63400004338","NA","NA","78118.28910000622","184591.377499979","191100.5505999783","190635.97419997677","184591.32950007915","185618.5425000731","185614.17169997003","78118.426800007","184590.66139999777","185618.6381999869","185627.9997000238","15737.852100050077","Attentional Spatial Bias","0","0","0","12","اکنون چشم‌پیما را کالیبره می‌کنیم.<br><br>لطفاً نقطه متحرک را با چشمان خود دنبال کنید و سرتان را ثابت نگه دارید.<br><br>لطفاً منتظر بمانید.","از شرکت شما سپاسگزاریم!<br><br>آزمایش اکنون به پایان رسیده است.<br><br>لطفاً با آزمایشگر تماس بگیرید.","در این آزمایش، شما یک داستان کوتاه را که روی صفحه نمایش داده می‌شود، خواهید خواند.<br><br>لطفاً هر خط را با دقت بخوانید، زیرا در پایان آزمایش چند سؤال در مورد داستان از شما پرسیده خواهد شد.<br><br>پس از هر پاراگراف، یک جفت تصویر خواهید دید. به هر دو تصویر نگاه کنید و تعداد کل دایره‌ها را در دو تصویر بشمارید.<br><br>در صفحه بعد می‌توانید نمونه‌هایی از یک دایره صحیح و یک شکل نادرست را ببینید. فقط شکل‌هایی را بشمارید که با نمونه دایره صحیح مطابقت دارند.<br><br>برای شروع هر کلیدی را فشار دهید.","دایره شمارش شده را وارد کنید (۰-۳ را فشار دهید)","خوش آمدید! برای ادامه هر کلیدی را فشار دهید.","Farsi","1536","-154","154","-154","154","-267","267","-267","267"
"6","5000","8","undefined","undefined","undefined","undefined","#1a1a1a","2","psycho","True","psycho","psycho","uniform","undefined","undefined","undefined","0","NA","0","0","12","12","0","0","0","NA","0","12","12","NA","12","12","0","12","0","0","NA","0","12","12","12","12","12","12","0","12","12","12","0","56.370442981292925","Tue Aug 25 14:45:56 2026","1000","The main experiment item","False","V7_AttentionalSpatialBias_.osexp","C:\Users\plcm\Desktop\2026-EyeTracking\group-bayes\Experiment","245.47319998964667","009.png","889.4975999999999","246.77568","True","False","mono","False","18","no","white","no","yes","RTL","889.4975999999999","246.77568","864","2","008.png","009.png","num_4","psycho","Farsi","12","12","C:\Users\plcm\Desktop\2026-EyeTracking\group-bayes\Experiment\subject-66.csv","150","psycho","no","200058.12980001792","Neonatal Nightingale","4.1.14","5","5","prime_3","13","RTL","او در میان زمین‌ها و باتلاق‌ها سرگردان بود و به دنبال جایی می‌گشت که به آن تعلق داشته باشد. اردک‌های وحشی گفتند او آنقدر زشت است که نمی‌تواند دوستشان باشد.","0","num_0","space","num_0","NA","NA","num_0","660.4137000394985","2906.9206999847665","NA","NA","660.4137000394985","2","psycho","5, 2, 6, 4, 3, 1, 4, 2, 5, 1, 6, 3, 5, 1, 3, 6, 4, 2, 1, 5, 4, 2, 3, 6, 2, 4, 3, 1, 5, 6, 5, 6, 1, 3, 2, 4, 5, 1, 3, 4, 2, 6, 5, 1, 2, 4, 3, 6","True","1024","2","48000","-16","experiment","66","even","198.71819450007752","614.0","922.0","699.0","165.0","74680.97900005523","NA","NA","5651.95730002597","198718.12730003148","198718.17630005535","NA","15737.772800028324","51749.291800078936","NA","5652.241999981925","205732.8445999883","198708.54750007857","NA","199037.48180007096","199043.17050008103","17740.368700004183","205063.56609996874","77588.63400004338","NA","NA","78118.28910000622","191222.58970001712","205732.81090008095","205071.56930002384","191222.53010002896","200046.92250001244","200043.66069997195","78118.426800007","191221.83230007067","200046.98890005238","200058.08730004355","15737.852100050077","Attentional Spatial Bias","0","0","0","13","اکنون چشم‌پیما را کالیبره می‌کنیم.<br><br>لطفاً نقطه متحرک را با چشمان خود دنبال کنید و سرتان را ثابت نگه دارید.<br><br>لطفاً منتظر بمانید.","از شرکت شما سپاسگزاریم!<br><br>آزمایش اکنون به پایان رسیده است.<br><br>لطفاً با آزمایشگر تماس بگیرید.","در این آزمایش، شما یک داستان کوتاه را که روی صفحه نمایش داده می‌شود، خواهید خواند.<br><br>لطفاً هر خط را با دقت بخوانید، زیرا در پایان آزمایش چند سؤال در مورد داستان از شما پرسیده خواهد شد.<br><br>پس از هر پاراگراف، یک جفت تصویر خواهید دید. به هر دو تصویر نگاه کنید و تعداد کل دایره‌ها را در دو تصویر بشمارید.<br><br>در صفحه بعد می‌توانید نمونه‌هایی از یک دایره صحیح و یک شکل نادرست را ببینید. فقط شکل‌هایی را بشمارید که با نمونه دایره صحیح مطابقت دارند.<br><br>برای شروع هر کلیدی را فشار دهید.","دایره شمارش شده را وارد کنید (۰-۳ را فشار دهید)","خوش آمدید! برای ادامه هر کلیدی را فشار دهید.","Farsi","1536","-154","154","-154","154","267","-267","267","-267"
"6","5000","8","undefined","undefined","undefined","undefined","#1a1a1a","2","psycho","True","psycho","psycho","uniform","undefined","undefined","undefined","0","NA","0","0","13","13","0","0","0","NA","0","13","13","NA","13","13","0","13","0","0","NA","0","13","13","13","13","13","13","0","13","13","13","0","38.21230549008004","Tue Aug 25 14:45:56 2026","1000","The main experiment item","False","V7_AttentionalSpatialBias_.osexp","C:\Users\plcm\Desktop\2026-EyeTracking\group-bayes\Experiment","229.1024000151083","011.png","940.17024","383.34815999999995","True","False","mono","False","18","no","white","no","yes","RTL","940.17024","383.34815999999995","864","2","010.png","011.png","num_4","psycho","Farsi","13","13","C:\Users\plcm\Desktop\2026-EyeTracking\group-bayes\Experiment\subject-66.csv","150","psycho","no","206889.72970005125","Neonatal Nightingale","4.1.14","1","1","no_prime_trial_14","14","RTL","","0","num_1","space","num_1","NA","NA","num_1","1861.040799994953","2906.9206999847665","NA","NA","1861.040799994953","2","psycho","5, 2, 6, 4, 3, 1, 4, 2, 5, 1, 6, 3, 5, 1, 3, 6, 4, 2, 1, 5, 4, 2, 3, 6, 2, 4, 3, 1, 5, 6, 5, 6, 1, 3, 2, 4, 5, 1, 3, 4, 2, 6, 5, 1, 2, 4, 3, 6","False","1024","2","48000","-16","experiment","66","even","205.86403739999514","460.0","1076.0","432.0","432.0","74680.97900005523","NA","NA","5651.95730002597","205863.93320001662","205864.01560006198","NA","15737.772800028324","51749.291800078936","NA","5652.241999981925","213764.66049999","205852.60590002872","NA","205869.64960000478","205875.12300000526","17740.368700004183","211892.53299997654","77588.63400004338","NA","NA","78118.28910000622","205852.58710000198","213764.6227000514","211902.97619998455","205852.53909998573","206878.2710999949","206875.3547000233","78118.426800007","205851.93390003406","206878.33790003788","206889.68060002662","15737.852100050077","Attentional Spatial Bias","0","0","0","14","اکنون چشم‌پیما را کالیبره می‌کنیم.<br><br>لطفاً نقطه متحرک را با چشمان خود دنبال کنید و سرتان را ثابت نگه دارید.<br><br>لطفاً منتظر بمانید.","از شرکت شما سپاسگزاریم!<br><br>آزمایش اکنون به پایان رسیده است.<br><br>لطفاً با آزمایشگر تماس بگیرید.","در این آزمایش، شما یک داستان کوتاه را که روی صفحه نمایش داده می‌شود، خواهید خواند.<br><br>لطفاً هر خط را با دقت بخوانید، زیرا در پایان آزمایش چند سؤال در مورد داستان از شما پرسیده خواهد شد.<br><br>پس از هر پاراگراف، یک جفت تصویر خواهید دید. به هر دو تصویر نگاه کنید و تعداد کل دایره‌ها را در دو تصویر بشمارید.<br><br>در صفحه بعد می‌توانید نمونه‌هایی از یک دایره صحیح و یک شکل نادرست را ببینید. فقط شکل‌هایی را بشمارید که با نمونه دایره صحیح مطابقت دارند.<br><br>برای شروع هر کلیدی را فشار دهید.","دایره شمارش شده را وارد کنید (۰-۳ را فشار دهید)","خوش آمدید! برای ادامه هر کلیدی را فشار دهید.","Farsi","1536","-308","308","-308","308","0","0","0","0"
"6","5000","8","undefined","undefined","undefined","undefined","#1a1a1a","2","psycho","True","psycho","psycho","uniform","undefined","undefined","undefined","0","NA","0","0","14","14","0","0","0","NA","0","14","14","NA","14","14","0","14","0","0","NA","0","14","14","14","14","14","14","0","14","14","14","0","45.32013983498282","Tue Aug 25 14:45:56 2026","1000","The main experiment item","False","V7_AttentionalSpatialBias_.osexp","C:\Users\plcm\Desktop\2026-EyeTracking\group-bayes\Experiment","501.90010003279895","013.png","791.2089599999999","741.41568","True","False","mono","False","18","no","white","no","yes","RTL","791.2089599999999","741.41568","864","2","012.png","013.png","num_4","psycho","Farsi","14","14","C:\Users\plcm\Desktop\2026-EyeTracking\group-bayes\Experiment\subject-66.csv","150","psycho","no","214940.84980001207","Neonatal Nightingale","4.1.14","3","3","no_prime_trial_15","15","RTL","","0","num_1","space","num_1","NA","NA","num_1","722.5371999666095","2906.9206999847665","NA","NA","722.5371999666095","2","psycho","5, 2, 6, 4, 3, 1, 4, 2, 5, 1, 6, 3, 5, 1, 3, 6, 4, 2, 1, 5, 4, 2, 3, 6, 2, 4, 3, 1, 5, 6, 5, 6, 1, 3, 2, 4, 5, 1, 3, 4, 2, 6, 5, 1, 2, 4, 3, 6","False","1024","2","48000","-16","experiment","66","even","213.91768349998165","614.0","922.0","165.0","699.0","74680.97900005523","NA","NA","5651.95730002597","213917.58140001912","213917.66230005305","NA","15737.772800028324","51749.291800078936","NA","5652.241999981925","220676.65839998517","213906.975000049","NA","213923.35820000153","213929.25579997245","17740.368700004183","219945.12230006512","77588.63400004338","NA","NA","78118.28910000622","213906.95590001997","220676.62809998728","219953.49530002568","213906.9129000418","214932.62269999832","214929.3217000086","78118.426800007","213906.65959997568","214932.69090005197","214940.79690007493","15737.852100050077","Attentional Spatial Bias","0","0","0","15","اکنون چشم‌پیما را کالیبره می‌کنیم.<br><br>لطفاً نقطه متحرک را با چشمان خود دنبال کنید و سرتان را ثابت نگه دارید.<br><br>لطفاً منتظر بمانید.","از شرکت شما سپاسگزاریم!<br><br>آزمایش اکنون به پایان رسیده است.<br><br>لطفاً با آزمایشگر تماس بگیرید.","در این آزمایش، شما یک داستان کوتاه را که روی صفحه نمایش داده می‌شود، خواهید خواند.<br><br>لطفاً هر خط را با دقت بخوانید، زیرا در پایان آزمایش چند سؤال در مورد داستان از شما پرسیده خواهد شد.<br><br>پس از هر پاراگراف، یک جفت تصویر خواهید دید. به هر دو تصویر نگاه کنید و تعداد کل دایره‌ها را در دو تصویر بشمارید.<br><br>در صفحه بعد می‌توانید نمونه‌هایی از یک دایره صحیح و یک شکل نادرست را ببینید. فقط شکل‌هایی را بشمارید که با نمونه دایره صحیح مطابقت دارند.<br><br>برای شروع هر کلیدی را فشار دهید.","دایره شمارش شده را وارد کنید (۰-۳ را فشار دهید)","خوش آمدید! برای ادامه هر کلیدی را فشار دهید.","Farsi","1536","-154","154","-154","154","-267","267","-267","267"
"6","5000","8","undefined","undefined","undefined","undefined","#1a1a1a","2","psycho","True","psycho","psycho","uniform","undefined","undefined","undefined","0","NA","0","0","15","15","0","0","0","NA","0","15","15","NA","15","15","0","15","0","0","NA","0","15","15","15","15","15","15","0","15","15","15","0","83.75012591426956","Tue Aug 25 14:45:56 2026","1000","The main experiment item","False","V7_AttentionalSpatialBias_.osexp","C:\Users\plcm\Desktop\2026-EyeTracking\group-bayes\Experiment","246.4252000208944","015.png","989.9980800000001","357.18624","True","False","mono","False","18","no","white","no","yes","RTL","989.9980800000001","357.18624","864","2","014.png","015.png","num_4","psycho","Farsi","15","15","C:\Users\plcm\Desktop\2026-EyeTracking\group-bayes\Experiment\subject-66.csv","150","psycho","no","221855.4570999695","Neonatal Nightingale","4.1.14","6","6","no_prime_trial_16","16","RTL","","0","num_1","space","num_1","NA","NA","num_1","711.1811999930069","2906.9206999847665","NA","NA","711.1811999930069","2","psycho","5, 2, 6, 4, 3, 1, 4, 2, 5, 1, 6, 3, 5, 1, 3, 6, 4, 2, 1, 5, 4, 2, 3, 6, 2, 4, 3, 1, 5, 6, 5, 6, 1, 3, 2, 4, 5, 1, 3, 4, 2, 6, 5, 1, 2, 4, 3, 6","False","1024","2","48000","-16","experiment","66","even","220.83116850000806","501.0","1035.0","586.0","278.0","74680.97900005523","NA","NA","5651.95730002597","220831.02879999205","220831.13669999875","NA","15737.772800028324","51749.291800078936","NA","5652.241999981925","227580.66410000902","220818.62969999202","NA","220836.60789998248","220843.0856000632","17740.368700004183","226860.02660007216","77588.63400004338","NA","NA","78118.28910000622","220818.60600004438","227580.63209999818","226868.84070001543","220818.54220002424","221847.99540007953","221844.04890006408","78118.426800007","220818.07150004897","221848.04499999154","221855.41820002254","15737.852100050077","Attentional Spatial Bias","0","0","0","16","اکنون چشم‌پیما را کالیبره می‌کنیم.<br><br>لطفاً نقطه متحرک را با چشمان خود دنبال کنید و سرتان را ثابت نگه دارید.<br><br>لطفاً منتظر بمانید.","از شرکت شما سپاسگزاریم!<br><br>آزمایش اکنون به پایان رسیده است.<br><br>لطفاً با آزمایشگر تماس بگیرید.","در این آزمایش، شما یک داستان کوتاه را که روی صفحه نمایش داده می‌شود، خواهید خواند.<br><br>لطفاً هر خط را با دقت بخوانید، زیرا در پایان آزمایش چند سؤال در مورد داستان از شما پرسیده خواهد شد.<br><br>پس از هر پاراگراف، یک جفت تصویر خواهید دید. به هر دو تصویر نگاه کنید و تعداد کل دایره‌ها را در دو تصویر بشمارید.<br><br>در صفحه بعد می‌توانید نمونه‌هایی از یک دایره صحیح و یک شکل نادرست را ببینید. فقط شکل‌هایی را بشمارید که با نمونه دایره صحیح مطابقت دارند.<br><br>برای شروع هر کلیدی را فشار دهید.","دایره شمارش شده را وارد کنید (۰-۳ را فشار دهید)","خوش آمدید! برای ادامه هر کلیدی را فشار دهید.","Farsi","1536","-267","267","-267","267","154","-154","154","-154"
"6","5000","8","undefined","undefined","undefined","undefined","#1a1a1a","2","psycho","True","psycho","psycho","uniform","undefined","undefined","undefined","0","NA","0","0","16","16","0","0","0","NA","0","16","16","NA","16","16","0","16","0","0","NA","0","16","16","16","16","16","16","0","16","16","16","0","78.14565873620367","Tue Aug 25 14:45:56 2026","1000","The main experiment item","False","V7_AttentionalSpatialBias_.osexp","C:\Users\plcm\Desktop\2026-EyeTracking\group-bayes\Experiment","218.8062999630347","000.png","819.19488","230.5152","True","False","mono","False","18","no","white","no","yes","RTL","819.19488","230.5152","864","2","000.png","001.png","num_4","psycho","Farsi","16","16","C:\Users\plcm\Desktop\2026-EyeTracking\group-bayes\Experiment\subject-66.csv","150","psycho","no","228843.5702000279","Neonatal Nightingale","4.1.14","4","4","no_prime_trial_17","17","RTL","","0","num_1","space","num_1","NA","NA","num_1","1047.9135001078248","2906.9206999847665","NA","NA","1047.9135001078248","2","psycho","5, 2, 6, 4, 3, 1, 4, 2, 5, 1, 6, 3, 5, 1, 3, 6, 4, 2, 1, 5, 4, 2, 3, 6, 2, 4, 3, 1, 5, 6, 5, 6, 1, 3, 2, 4, 5, 1, 3, 4, 2, 6, 5, 1, 2, 4, 3, 6","False","1024","2","48000","-16","experiment","66","even","227.711920700036","768.0","768.0","124.0","740.0","74680.97900005523","NA","NA","5651.95730002597","227711.76500001457","227711.88509999774","NA","15737.772800028324","51749.291800078936","NA","5652.241999981925","234900.9582999861","227698.57520004734","NA","227826.93129999097","227832.41440006532","17740.368700004183","233843.87900005095","77588.63400004338","NA","NA","78118.28910000622","227698.5458000563","234900.9244000772","233852.093399968","227698.47740000114","228835.74250002857","228832.78409997","78118.426800007","227697.93280004524","228835.80750005785","228843.53389998432","15737.852100050077","Attentional Spatial Bias","0","0","0","17","اکنون چشم‌پیما را کالیبره می‌کنیم.<br><br>لطفاً نقطه متحرک را با چشمان خود دنبال کنید و سرتان را ثابت نگه دارید.<br><br>لطفاً منتظر بمانید.","از شرکت شما سپاسگزاریم!<br><br>آزمایش اکنون به پایان رسیده است.<br><br>لطفاً با آزمایشگر تماس بگیرید.","در این آزمایش، شما یک داستان کوتاه را که روی صفحه نمایش داده می‌شود، خواهید خواند.<br><br>لطفاً هر خط را با دقت بخوانید، زیرا در پایان آزمایش چند سؤال در مورد داستان از شما پرسیده خواهد شد.<br><br>پس از هر پاراگراف، یک جفت تصویر خواهید دید. به هر دو تصویر نگاه کنید و تعداد کل دایره‌ها را در دو تصویر بشمارید.<br><br>در صفحه بعد می‌توانید نمونه‌هایی از یک دایره صحیح و یک شکل نادرست را ببینید. فقط شکل‌هایی را بشمارید که با نمونه دایره صحیح مطابقت دارند.<br><br>برای شروع هر کلیدی را فشار دهید.","دایره شمارش شده را وارد کنید (۰-۳ را فشار دهید)","خوش آمدید! برای ادامه هر کلیدی را فشار دهید.","Farsi","1536","0","0","0","0","-308","308","-308","308"
"6","5000","8","undefined","undefined","undefined","undefined","#1a1a1a","2","psycho","True","psycho","psycho","uniform","undefined","undefined","undefined","0","NA","0","0","17","17","0","0","0","NA","0","17","17","NA","17","17","0","17","0","0","NA","0","17","17","17","17","17","17","0","17","17","17","0","92.82090491876927","Tue Aug 25 14:45:56 2026","1000","The main experiment item","False","V7_AttentionalSpatialBias_.osexp","C:\Users\plcm\Desktop\2026-EyeTracking\group-bayes\Experiment","309.91010006982833","003.png","939.4022399999999","456.71904","True","False","mono","False","18","no","white","no","yes","RTL","939.4022399999999","456.71904","864","2","002.png","003.png","num_4","psycho","Farsi","17","17","C:\Users\plcm\Desktop\2026-EyeTracking\group-bayes\Experiment\subject-66.csv","150","psycho","no","236058.7380999932","Neonatal Nightingale","4.1.14","2","2","no_prime_trial_18","18","RTL","","0","num_2","space","num_2","NA","NA","num_2","975.9850999107584","2906.9206999847665","NA","NA","975.9850999107584","2","psycho","5, 2, 6, 4, 3, 1, 4, 2, 5, 1, 6, 3, 5, 1, 3, 6, 4, 2, 1, 5, 4, 2, 3, 6, 2, 4, 3, 1, 5, 6, 5, 6, 1, 3, 2, 4, 5, 1, 3, 4, 2, 6, 5, 1, 2, 4, 3, 6","False","1024","2","48000","-16","experiment","66","even","235.01894570002332","501.0","1035.0","278.0","586.0","74680.97900005523","NA","NA","5651.95730002597","235018.81839998532","235018.9147000201","NA","15737.772800028324","51749.291800078936","NA","5652.241999981925","242044.8526000837","235007.51720007975","NA","235040.9357000608","235046.08650004957","17740.368700004183","241060.02850004006","77588.63400004338","NA","NA","78118.28910000622","235007.49770004768","242044.81700004544","241068.0603000801","235007.45020003524","236049.3975999998","236046.3881000178","78118.426800007","235006.8868000526","236049.44800003432","236058.70539997704","15737.852100050077","Attentional Spatial Bias","0","0","0","18","اکنون چشم‌پیما را کالیبره می‌کنیم.<br><br>لطفاً نقطه متحرک را با چشمان خود دنبال کنید و سرتان را ثابت نگه دارید.<br><br>لطفاً منتظر بمانید.","از شرکت شما سپاسگزاریم!<br><br>آزمایش اکنون به پایان رسیده است.<br><br>لطفاً با آزمایشگر تماس بگیرید.","در این آزمایش، شما یک داستان کوتاه را که روی صفحه نمایش داده می‌شود، خواهید خواند.<br><br>لطفاً هر خط را با دقت بخوانید، زیرا در پایان آزمایش چند سؤال در مورد داستان از شما پرسیده خواهد شد.<br><br>پس از هر پاراگراف، یک جفت تصویر خواهید دید. به هر دو تصویر نگاه کنید و تعداد کل دایره‌ها را در دو تصویر بشمارید.<br><br>در صفحه بعد می‌توانید نمونه‌هایی از یک دایره صحیح و یک شکل نادرست را ببینید. فقط شکل‌هایی را بشمارید که با نمونه دایره صحیح مطابقت دارند.<br><br>برای شروع هر کلیدی را فشار دهید.","دایره شمارش شده را وارد کنید (۰-۳ را فشار دهید)","خوش آمدید! برای ادامه هر کلیدی را فشار دهید.","Farsi","1536","-267","267","-267","267","-154","154","-154","154"
"6","5000","8","undefined","undefined","undefined","undefined","#1a1a1a","3","psycho","True","psycho","psycho","uniform","undefined","undefined","undefined","0","NA","0","0","18","18","0","0","0","NA","0","18","18","NA","18","18","0","18","0","0","NA","0","18","18","18","18","18","18","0","18","18","18","0","53.497776810331175","Tue Aug 25 14:45:56 2026","1000","The main experiment item","False","V7_AttentionalSpatialBias_.osexp","C:\Users\plcm\Desktop\2026-EyeTracking\group-bayes\Experiment","267.7086000330746","005.png","1025.18784","396.42912","True","False","mono","False","18","no","white","no","yes","RTL","1025.18784","396.42912","864","3","004.png","005.png","num_4","psycho","Farsi","18","18","C:\Users\plcm\Desktop\2026-EyeTracking\group-bayes\Experiment\subject-66.csv","150","psycho","no","249103.3497999888","Neonatal Nightingale","4.1.14","1","1","prime_4","19","RTL","یک شب، شکارچیان در نزدیکی آنجا شلیک کردند و جوجه‌اردک تا زمانی که همه چیز امن و امان شود در بین نی ها قایم شد.","0","num_2","space","num_2","NA","NA","num_2","1449.2090999847278","2906.9206999847665","NA","NA","1449.2090999847278","2","psycho","5, 2, 6, 4, 3, 1, 4, 2, 5, 1, 6, 3, 5, 1, 3, 6, 4, 2, 1, 5, 4, 2, 3, 6, 2, 4, 3, 1, 5, 6, 5, 6, 1, 3, 2, 4, 5, 1, 3, 4, 2, 6, 5, 1, 2, 4, 3, 6","True","1024","2","48000","-16","experiment","66","even","248.0782355000265","460.0","1076.0","432.0","432.0","74680.97900005523","NA","NA","5651.95730002597","248078.14920006786","248078.2152999891","NA","15737.772800028324","51749.291800078936","NA","5652.241999981925","255564.70450002234","248068.5643000761","NA","248083.88729998842","248089.54070007894","17740.368700004183","254106.72619997058","77588.63400004338","NA","NA","78118.28910000622","242178.56090003625","255564.67430002522","254114.79760007933","242178.50889998954","249092.92610001285","249089.72639997955","78118.426800007","242178.09419997502","249092.98580000177","249103.31420006696","15737.852100050077","Attentional Spatial Bias","0","0","0","19","اکنون چشم‌پیما را کالیبره می‌کنیم.<br><br>لطفاً نقطه متحرک را با چشمان خود دنبال کنید و سرتان را ثابت نگه دارید.<br><br>لطفاً منتظر بمانید.","از شرکت شما سپاسگزاریم!<br><br>آزمایش اکنون به پایان رسیده است.<br><br>لطفاً با آزمایشگر تماس بگیرید.","در این آزمایش، شما یک داستان کوتاه را که روی صفحه نمایش داده می‌شود، خواهید خواند.<br><br>لطفاً هر خط را با دقت بخوانید، زیرا در پایان آزمایش چند سؤال در مورد داستان از شما پرسیده خواهد شد.<br><br>پس از هر پاراگراف، یک جفت تصویر خواهید دید. به هر دو تصویر نگاه کنید و تعداد کل دایره‌ها را در دو تصویر بشمارید.<br><br>در صفحه بعد می‌توانید نمونه‌هایی از یک دایره صحیح و یک شکل نادرست را ببینید. فقط شکل‌هایی را بشمارید که با نمونه دایره صحیح مطابقت دارند.<br><br>برای شروع هر کلیدی را فشار دهید.","دایره شمارش شده را وارد کنید (۰-۳ را فشار دهید)","خوش آمدید! برای ادامه هر کلیدی را فشار دهید.","Farsi","1536","-308","308","-308","308","0","0","0","0"
"6","5000","8","undefined","undefined","undefined","undefined","#1a1a1a","3","psycho","True","psycho","psycho","uniform","undefined","undefined","undefined","0","NA","0","0","19","19","0","0","0","NA","0","19","19","NA","19","19","0","19","0","0","NA","0","19","19","19","19","19","19","0","19","19","19","0","31.538528570775146","Tue Aug 25 14:45:56 2026","1000","The main experiment item","False","V7_AttentionalSpatialBias_.osexp","C:\Users\plcm\Desktop\2026-EyeTracking\group-bayes\Experiment","266.90040004905313","007.png","847.81056","251.70911999999998","True","False","mono","False","18","no","white","no","yes","RTL","847.81056","251.70911999999998","864","3","006.png","007.png","num_4","psycho","Farsi","19","19","C:\Users\plcm\Desktop\2026-EyeTracking\group-bayes\Experiment\subject-66.csv","150","psycho","no","256738.78260003403","Neonatal Nightingale","4.1.14","5","5","no_prime_trial_20","20","RTL","","0","num_2","space","num_2","NA","NA","num_2","668.3150999015197","2906.9206999847665","NA","NA","668.3150999015197","2","psycho","5, 2, 6, 4, 3, 1, 4, 2, 5, 1, 6, 3, 5, 1, 3, 6, 4, 2, 1, 5, 4, 2, 3, 6, 2, 4, 3, 1, 5, 6, 5, 6, 1, 3, 2, 4, 5, 1, 3, 4, 2, 6, 5, 1, 2, 4, 3, 6","False","1024","2","48000","-16","experiment","66","even","255.7138277000049","614.0","922.0","699.0","165.0","74680.97900005523","NA","NA","5651.95730002597","255713.68410007562","255713.79660000093","NA","15737.772800028324","51749.291800078936","NA","5652.241999981925","262420.7412999822","255700.7816999685","NA","255719.40110006835","255724.99600006267","17740.368700004183","261742.1474000439","77588.63400004338","NA","NA","78118.28910000622","255700.75940003153","262420.70670006797","261751.7211000668","255700.70450007915","256727.9715000186","256725.0492000021","78118.426800007","255700.24659996852","256728.06610004045","256738.74449997675","15737.852100050077","Attentional Spatial Bias","0","0","0","20","اکنون چشم‌پیما را کالیبره می‌کنیم.<br><br>لطفاً نقطه متحرک را با چشمان خود دنبال کنید و سرتان را ثابت نگه دارید.<br><br>لطفاً منتظر بمانید.","از شرکت شما سپاسگزاریم!<br><br>آزمایش اکنون به پایان رسیده است.<br><br>لطفاً با آزمایشگر تماس بگیرید.","در این آزمایش، شما یک داستان کوتاه را که روی صفحه نمایش داده می‌شود، خواهید خواند.<br><br>لطفاً هر خط را با دقت بخوانید، زیرا در پایان آزمایش چند سؤال در مورد داستان از شما پرسیده خواهد شد.<br><br>پس از هر پاراگراف، یک جفت تصویر خواهید دید. به هر دو تصویر نگاه کنید و تعداد کل دایره‌ها را در دو تصویر بشمارید.<br><br>در صفحه بعد می‌توانید نمونه‌هایی از یک دایره صحیح و یک شکل نادرست را ببینید. فقط شکل‌هایی را بشمارید که با نمونه دایره صحیح مطابقت دارند.<br><br>برای شروع هر کلیدی را فشار دهید.","دایره شمارش شده را وارد کنید (۰-۳ را فشار دهید)","خوش آمدید! برای ادامه هر کلیدی را فشار دهید.","Farsi","1536","-154","154","-154","154","267","-267","267","-267"
"6","5000","8","undefined","undefined","undefined","undefined","#1a1a1a","3","psycho","True","psycho","psycho","uniform","undefined","undefined","undefined","0","NA","0","0","20","20","0","0","0","NA","0","20","20","NA","20","20","0","20","0","0","NA","0","20","20","20","20","20","20","0","20","20","20","0","50.71384068595085","Tue Aug 25 14:45:56 2026","1000","The main experiment item","False","V7_AttentionalSpatialBias_.osexp","C:\Users\plcm\Desktop\2026-EyeTracking\group-bayes\Experiment","220.9640999790281","008.png","794.4038400000001","191.2464","True","False","mono","False","18","no","white","no","yes","RTL","794.4038400000001","191.2464","864","3","008.png","009.png","num_4","psycho","Farsi","20","20","C:\Users\plcm\Desktop\2026-EyeTracking\group-bayes\Experiment\subject-66.csv","150","psycho","no","263578.6199000431","Neonatal Nightingale","4.1.14","4","4","no_prime_trial_21","21","RTL","","0","num_0","space","num_0","NA","NA","num_0","632.5924000702798","2906.9206999847665","NA","NA","632.5924000702798","2","psycho","5, 2, 6, 4, 3, 1, 4, 2, 5, 1, 6, 3, 5, 1, 3, 6, 4, 2, 1, 5, 4, 2, 3, 6, 2, 4, 3, 1, 5, 6, 5, 6, 1, 3, 2, 4, 5, 1, 3, 4, 2, 6, 5, 1, 2, 4, 3, 6","False","1024","2","48000","-16","experiment","66","even","262.5548712000018","768.0","768.0","124.0","740.0","74680.97900005523","NA","NA","5651.95730002597","262554.76029997226","262554.84490003437","NA","15737.772800028324","51749.291800078936","NA","5652.241999981925","269220.90379998554","262540.7883999869","NA","262560.3264999809","262566.2562000798","17740.368700004183","268579.36259999406","77588.63400004338","NA","NA","78118.28910000622","262540.76660005376","269220.8525000606","268587.55539997946","262540.7133999979","263570.0579000404","263566.60999997985","78118.426800007","262540.1897999691","263570.1129999943","263578.5778000718","15737.852100050077","Attentional Spatial Bias","0","0","0","21","اکنون چشم‌پیما را کالیبره می‌کنیم.<br><br>لطفاً نقطه متحرک را با چشمان خود دنبال کنید و سرتان را ثابت نگه دارید.<br><br>لطفاً منتظر بمانید.","از شرکت شما سپاسگزاریم!<br><br>آزمایش اکنون به پایان رسیده است.<br><br>لطفاً با آزمایشگر تماس بگیرید.","در این آزمایش، شما یک داستان کوتاه را که روی صفحه نمایش داده می‌شود، خواهید خواند.<br><br>لطفاً هر خط را با دقت بخوانید، زیرا در پایان آزمایش چند سؤال در مورد داستان از شما پرسیده خواهد شد.<br><br>پس از هر پاراگراف، یک جفت تصویر خواهید دید. به هر دو تصویر نگاه کنید و تعداد کل دایره‌ها را در دو تصویر بشمارید.<br><br>در صفحه بعد می‌توانید نمونه‌هایی از یک دایره صحیح و یک شکل نادرست را ببینید. فقط شکل‌هایی را بشمارید که با نمونه دایره صحیح مطابقت دارند.<br><br>برای شروع هر کلیدی را فشار دهید.","دایره شمارش شده را وارد کنید (۰-۳ را فشار دهید)","خوش آمدید! برای ادامه هر کلیدی را فشار دهید.","Farsi","1536","0","0","0","0","-308","308","-308","308"
"6","5000","8","undefined","undefined","undefined","undefined","#1a1a1a","3","psycho","True","psycho","psycho","uniform","undefined","undefined","undefined","0","NA","0","0","21","21","0","0","0","NA","0","21","21","NA","21","21","0","21","0","0","NA","0","21","21","21","21","21","21","0","21","21","21","0","61.69944858826535","Tue Aug 25 14:45:56 2026","1000","The main experiment item","False","V7_AttentionalSpatialBias_.osexp","C:\Users\plcm\Desktop\2026-EyeTracking\group-bayes\Experiment","279.38180009368807","010.png","590.02368","325.34784","True","False","mono","False","18","no","white","no","yes","RTL","590.02368","325.34784","864","3","010.png","011.png","num_4","psycho","Farsi","21","21","C:\Users\plcm\Desktop\2026-EyeTracking\group-bayes\Experiment\subject-66.csv","150","psycho","no","270372.1529999748","Neonatal Nightingale","4.1.14","2","2","no_prime_trial_22","22","RTL","","0","num_2","space","num_2","NA","NA","num_2","682.2066999739036","2906.9206999847665","NA","NA","682.2066999739036","2","psycho","5, 2, 6, 4, 3, 1, 4, 2, 5, 1, 6, 3, 5, 1, 3, 6, 4, 2, 1, 5, 4, 2, 3, 6, 2, 4, 3, 1, 5, 6, 5, 6, 1, 3, 2, 4, 5, 1, 3, 4, 2, 6, 5, 1, 2, 4, 3, 6","False","1024","2","48000","-16","experiment","66","even","269.34744729998056","501.0","1035.0","278.0","586.0","74680.97900005523","NA","NA","5651.95730002597","269347.3362000659","269347.41829999257","NA","15737.772800028324","51749.291800078936","NA","5652.241999981925","276068.6109000817","269334.944000002","NA","269352.8650000226","269358.6436000187","17740.368700004183","275377.23220000044","77588.63400004338","NA","NA","78118.28910000622","269334.91390000563","276068.58069996815","275385.8254000079","269334.8423000425","270362.96519997995","270359.3047000468","78118.426800007","269334.082400077","270363.0518000573","270372.11640004534","15737.852100050077","Attentional Spatial Bias","0","0","0","22","اکنون چشم‌پیما را کالیبره می‌کنیم.<br><br>لطفاً نقطه متحرک را با چشمان خود دنبال کنید و سرتان را ثابت نگه دارید.<br><br>لطفاً منتظر بمانید.","از شرکت شما سپاسگزاریم!<br><br>آزمایش اکنون به پایان رسیده است.<br><br>لطفاً با آزمایشگر تماس بگیرید.","در این آزمایش، شما یک داستان کوتاه را که روی صفحه نمایش داده می‌شود، خواهید خواند.<br><br>لطفاً هر خط را با دقت بخوانید، زیرا در پایان آزمایش چند سؤال در مورد داستان از شما پرسیده خواهد شد.<br><br>پس از هر پاراگراف، یک جفت تصویر خواهید دید. به هر دو تصویر نگاه کنید و تعداد کل دایره‌ها را در دو تصویر بشمارید.<br><br>در صفحه بعد می‌توانید نمونه‌هایی از یک دایره صحیح و یک شکل نادرست را ببینید. فقط شکل‌هایی را بشمارید که با نمونه دایره صحیح مطابقت دارند.<br><br>برای شروع هر کلیدی را فشار دهید.","دایره شمارش شده را وارد کنید (۰-۳ را فشار دهید)","خوش آمدید! برای ادامه هر کلیدی را فشار دهید.","Farsi","1536","-267","267","-267","267","-154","154","-154","154"
"6","5000","8","undefined","undefined","undefined","undefined","#1a1a1a","3","psycho","True","psycho","psycho","uniform","undefined","undefined","undefined","0","NA","0","0","22","22","0","0","0","NA","0","22","22","NA","22","22","0","22","0","0","NA","0","22","22","22","22","22","22","0","22","22","22","0","64.26301666868744","Tue Aug 25 14:45:56 2026","1000","The main experiment item","False","V7_AttentionalSpatialBias_.osexp","C:\Users\plcm\Desktop\2026-EyeTracking\group-bayes\Experiment","259.7933999495581","012.png","610.8211200000001","278.84736000000004","True","False","mono","False","18","no","white","no","yes","RTL","610.8211200000001","278.84736000000004","864","3","012.png","013.png","num_4","psycho","Farsi","22","22","C:\Users\plcm\Desktop\2026-EyeTracking\group-bayes\Experiment\subject-66.csv","150","psycho","no","277223.5880000517","Neonatal Nightingale","4.1.14","3","3","no_prime_trial_23","23","RTL","","0","num_1","space","num_1","NA","NA","num_1","664.5248999120668","2906.9206999847665","NA","NA","664.5248999120668","2","psycho","5, 2, 6, 4, 3, 1, 4, 2, 5, 1, 6, 3, 5, 1, 3, 6, 4, 2, 1, 5, 4, 2, 3, 6, 2, 4, 3, 1, 5, 6, 5, 6, 1, 3, 2, 4, 5, 1, 3, 4, 2, 6, 5, 1, 2, 4, 3, 6","False","1024","2","48000","-16","experiment","66","even","276.20081910002045","614.0","922.0","165.0","699.0","74680.97900005523","NA","NA","5651.95730002597","276200.6845000433","276200.78860002104","NA","15737.772800028324","51749.291800078936","NA","5652.241999981925","282900.5668000318","276188.9943999704","NA","276206.24750002753","276211.9438999798","17740.368700004183","282227.5190000655","77588.63400004338","NA","NA","78118.28910000622","276188.9747000532","282900.53730004","282235.5153000681","276188.93170007505","277216.10520000104","277212.4694000231","78118.426800007","276188.6534000514","277216.1557000363","277223.5461000819","15737.852100050077","Attentional Spatial Bias","0","0","0","23","اکنون چشم‌پیما را کالیبره می‌کنیم.<br><br>لطفاً نقطه متحرک را با چشمان خود دنبال کنید و سرتان را ثابت نگه دارید.<br><br>لطفاً منتظر بمانید.","از شرکت شما سپاسگزاریم!<br><br>آزمایش اکنون به پایان رسیده است.<br><br>لطفاً با آزمایشگر تماس بگیرید.","در این آزمایش، شما یک داستان کوتاه را که روی صفحه نمایش داده می‌شود، خواهید خواند.<br><br>لطفاً هر خط را با دقت بخوانید، زیرا در پایان آزمایش چند سؤال در مورد داستان از شما پرسیده خواهد شد.<br><br>پس از هر پاراگراف، یک جفت تصویر خواهید دید. به هر دو تصویر نگاه کنید و تعداد کل دایره‌ها را در دو تصویر بشمارید.<br><br>در صفحه بعد می‌توانید نمونه‌هایی از یک دایره صحیح و یک شکل نادرست را ببینید. فقط شکل‌هایی را بشمارید که با نمونه دایره صحیح مطابقت دارند.<br><br>برای شروع هر کلیدی را فشار دهید.","دایره شمارش شده را وارد کنید (۰-۳ را فشار دهید)","خوش آمدید! برای ادامه هر کلیدی را فشار دهید.","Farsi","1536","-154","154","-154","154","-267","267","-267","267"
"6","5000","8","undefined","undefined","undefined","undefined","#1a1a1a","3","psycho","True","psycho","psycho","uniform","undefined","undefined","undefined","0","NA","0","0","23","23","0","0","0","NA","0","23","23","NA","23","23","0","23","0","0","NA","0","23","23","23","23","23","23","0","23","23","23","0","8.09940940069088","Tue Aug 25 14:45:56 2026","1000","The main experiment item","False","V7_AttentionalSpatialBias_.osexp","C:\Users\plcm\Desktop\2026-EyeTracking\group-bayes\Experiment","316.9413999421522","015.png","962.35008","379.94399999999996","True","False","mono","False","18","no","white","no","yes","RTL","962.35008","379.94399999999996","864","3","014.png","015.png","num_4","psycho","Farsi","23","23","C:\Users\plcm\Desktop\2026-EyeTracking\group-bayes\Experiment\subject-66.csv","150","psycho","no","284100.8213000605","Neonatal Nightingale","4.1.14","6","6","no_prime_trial_24","24","RTL","","0","num_1","space","num_1","NA","NA","num_1","380.079900030978","2906.9206999847665","NA","NA","380.079900030978","2","psycho","5, 2, 6, 4, 3, 1, 4, 2, 5, 1, 6, 3, 5, 1, 3, 6, 4, 2, 1, 5, 4, 2, 3, 6, 2, 4, 3, 1, 5, 6, 5, 6, 1, 3, 2, 4, 5, 1, 3, 4, 2, 6, 5, 1, 2, 4, 3, 6","False","1024","2","48000","-16","experiment","66","even","283.0490903999889","501.0","1035.0","586.0","278.0","74680.97900005523","NA","NA","5651.95730002597","283048.90459997114","283049.05570007395","NA","15737.772800028324","51749.291800078936","NA","5652.241999981925","289492.78970004525","283037.91309997905","NA","283081.5860000439","283087.235199986","17740.368700004183","289104.1345000267","77588.63400004338","NA","NA","78118.28910000622","283037.89190005045","289492.7588000428","289112.01979999896","283037.8300000448","284091.5979000274","284087.87649997976","78118.426800007","283037.3679000186","284091.65880002547","284100.78209999483","15737.852100050077","Attentional Spatial Bias","0","0","0","24","اکنون چشم‌پیما را کالیبره می‌کنیم.<br><br>لطفاً نقطه متحرک را با چشمان خود دنبال کنید و سرتان را ثابت نگه دارید.<br><br>لطفاً منتظر بمانید.","از شرکت شما سپاسگزاریم!<br><br>آزمایش اکنون به پایان رسیده است.<br><br>لطفاً با آزمایشگر تماس بگیرید.","در این آزمایش، شما یک داستان کوتاه را که روی صفحه نمایش داده می‌شود، خواهید خواند.<br><br>لطفاً هر خط را با دقت بخوانید، زیرا در پایان آزمایش چند سؤال در مورد داستان از شما پرسیده خواهد شد.<br><br>پس از هر پاراگراف، یک جفت تصویر خواهید دید. به هر دو تصویر نگاه کنید و تعداد کل دایره‌ها را در دو تصویر بشمارید.<br><br>در صفحه بعد می‌توانید نمونه‌هایی از یک دایره صحیح و یک شکل نادرست را ببینید. فقط شکل‌هایی را بشمارید که با نمونه دایره صحیح مطابقت دارند.<br><br>برای شروع هر کلیدی را فشار دهید.","دایره شمارش شده را وارد کنید (۰-۳ را فشار دهید)","خوش آمدید! برای ادامه هر کلیدی را فشار دهید.","Farsi","1536","-267","267","-267","267","154","-154","154","-154"
"6","5000","8","undefined","undefined","undefined","undefined","#1a1a1a","4","psycho","True","psycho","psycho","uniform","undefined","undefined","undefined","0","NA","0","0","24","24","0","0","0","NA","0","24","24","NA","24","24","0","24","0","0","NA","0","24","24","24","24","24","24","0","24","24","24","0","89.34145559700714","Tue Aug 25 14:45:56 2026","1000","The main experiment item","False","V7_AttentionalSpatialBias_.osexp","C:\Users\plcm\Desktop\2026-EyeTracking\group-bayes\Experiment","257.2437999770045","000.png","602.6496","371.5632","True","False","mono","False","18","no","white","no","yes","RTL","602.6496","371.5632","864","4","000.png","001.png","num_4","psycho","Farsi","24","24","C:\Users\plcm\Desktop\2026-EyeTracking\group-bayes\Experiment\subject-66.csv","150","psycho","no","298750.90880005155","Neonatal Nightingale","4.1.14","2","2","prime_5","25","RTL","جوجه اردک خانه‌ای کوچک پیدا کرد  پیرزنی به همراه یک گربه و یک مرغ در آن زندگی میکرد. گربه و مرغ بدجنس بودند و او را بی‌فایده صدا می‌زدند. او که ناراحت بود، آنجا را ترک کرد و به تنهایی به سرگردانی ادامه داد.","0","num_2","space","num_2","NA","NA","num_2","409.92630005348474","2906.9206999847665","NA","NA","409.92630005348474","2","psycho","5, 2, 6, 4, 3, 1, 4, 2, 5, 1, 6, 3, 5, 1, 3, 6, 4, 2, 1, 5, 4, 2, 3, 6, 2, 4, 3, 1, 5, 6, 5, 6, 1, 3, 2, 4, 5, 1, 3, 4, 2, 6, 5, 1, 2, 4, 3, 6","True","1024","2","48000","-16","experiment","66","even","297.461795500014","501.0","1035.0","278.0","586.0","74680.97900005523","NA","NA","5651.95730002597","297461.72570006456","297461.77669998724","NA","15737.772800028324","51749.291800078936","NA","5652.241999981925","304173.07380004786","297452.7491000481","NA","297734.2004000675","297739.82310004067","17740.368700004183","303753.9094000822","77588.63400004338","NA","NA","78118.28910000622","289608.09310001787","304173.0427000439","303762.18479999807","289608.0247000791","298743.11619997025","298740.1143000461","78118.426800007","289607.5393999927","298743.1697000284","298750.872900011","15737.852100050077","Attentional Spatial Bias","0","0","0","25","اکنون چشم‌پیما را کالیبره می‌کنیم.<br><br>لطفاً نقطه متحرک را با چشمان خود دنبال کنید و سرتان را ثابت نگه دارید.<br><br>لطفاً منتظر بمانید.","از شرکت شما سپاسگزاریم!<br><br>آزمایش اکنون به پایان رسیده است.<br><br>لطفاً با آزمایشگر تماس بگیرید.","در این آزمایش، شما یک داستان کوتاه را که روی صفحه نمایش داده می‌شود، خواهید خواند.<br><br>لطفاً هر خط را با دقت بخوانید، زیرا در پایان آزمایش چند سؤال در مورد داستان از شما پرسیده خواهد شد.<br><br>پس از هر پاراگراف، یک جفت تصویر خواهید دید. به هر دو تصویر نگاه کنید و تعداد کل دایره‌ها را در دو تصویر بشمارید.<br><br>در صفحه بعد می‌توانید نمونه‌هایی از یک دایره صحیح و یک شکل نادرست را ببینید. فقط شکل‌هایی را بشمارید که با نمونه دایره صحیح مطابقت دارند.<br><br>برای شروع هر کلیدی را فشار دهید.","دایره شمارش شده را وارد کنید (۰-۳ را فشار دهید)","خوش آمدید! برای ادامه هر کلیدی را فشار دهید.","Farsi","1536","-267","267","-267","267","-154","154","-154","154"
"6","5000","8","undefined","undefined","undefined","undefined","#1a1a1a","4","psycho","True","psycho","psycho","uniform","undefined","undefined","undefined","0","NA","0","0","25","25","0","0","0","NA","0","25","25","NA","25","25","0","25","0","0","NA","0","25","25","25","25","25","25","0","25","25","25","0","41.50819185246211","Tue Aug 25 14:45:56 2026","1000","The main experiment item","False","V7_AttentionalSpatialBias_.osexp","C:\Users\plcm\Desktop\2026-EyeTracking\group-bayes\Experiment","262.2789000160992","002.png","767.90784","271.82304","True","False","mono","False","18","no","white","no","yes","RTL","767.90784","271.82304","864","4","002.png","003.png","num_4","psycho","Farsi","25","25","C:\Users\plcm\Desktop\2026-EyeTracking\group-bayes\Experiment\subject-66.csv","150","psycho","no","305315.7709999941","Neonatal Nightingale","4.1.14","4","4","no_prime_trial_26","26","RTL","","0","num_2","space","num_2","NA","NA","num_2","477.99549996852875","2906.9206999847665","NA","NA","477.99549996852875","2","psycho","5, 2, 6, 4, 3, 1, 4, 2, 5, 1, 6, 3, 5, 1, 3, 6, 4, 2, 1, 5, 4, 2, 3, 6, 2, 4, 3, 1, 5, 6, 5, 6, 1, 3, 2, 4, 5, 1, 3, 4, 2, 6, 5, 1, 2, 4, 3, 6","False","1024","2","48000","-16","experiment","66","even","304.29498230002355","768.0","768.0","124.0","740.0","74680.97900005523","NA","NA","5651.95730002597","304294.83560007066","304294.9442000827","NA","15737.772800028324","51749.291800078936","NA","5652.241999981925","310804.86929998733","304283.4006000776","NA","304300.5981000606","304306.382699986","17740.368700004183","310316.0037000198","77588.63400004338","NA","NA","78118.28910000622","304283.38050004095","310804.8337000655","310326.1541000102","304283.3282999927","305309.3407000415","305306.476800004","78118.426800007","304282.7314999886","305309.41139999777","305315.73680008296","15737.852100050077","Attentional Spatial Bias","0","0","0","26","اکنون چشم‌پیما را کالیبره می‌کنیم.<br><br>لطفاً نقطه متحرک را با چشمان خود دنبال کنید و سرتان را ثابت نگه دارید.<br><br>لطفاً منتظر بمانید.","از شرکت شما سپاسگزاریم!<br><br>آزمایش اکنون به پایان رسیده است.<br><br>لطفاً با آزمایشگر تماس بگیرید.","در این آزمایش، شما یک داستان کوتاه را که روی صفحه نمایش داده می‌شود، خواهید خواند.<br><br>لطفاً هر خط را با دقت بخوانید، زیرا در پایان آزمایش چند سؤال در مورد داستان از شما پرسیده خواهد شد.<br><br>پس از هر پاراگراف، یک جفت تصویر خواهید دید. به هر دو تصویر نگاه کنید و تعداد کل دایره‌ها را در دو تصویر بشمارید.<br><br>در صفحه بعد می‌توانید نمونه‌هایی از یک دایره صحیح و یک شکل نادرست را ببینید. فقط شکل‌هایی را بشمارید که با نمونه دایره صحیح مطابقت دارند.<br><br>برای شروع هر کلیدی را فشار دهید.","دایره شمارش شده را وارد کنید (۰-۳ را فشار دهید)","خوش آمدید! برای ادامه هر کلیدی را فشار دهید.","Farsi","1536","0","0","0","0","-308","308","-308","308"
"6","5000","8","undefined","undefined","undefined","undefined","#1a1a1a","4","psycho","True","psycho","psycho","uniform","undefined","undefined","undefined","0","NA","0","0","26","26","0","0","0","NA","0","26","26","NA","26","26","0","26","0","0","NA","0","26","26","26","26","26","26","0","26","26","26","0","28.647180600624505","Tue Aug 25 14:45:56 2026","1000","The main experiment item","False","V7_AttentionalSpatialBias_.osexp","C:\Users\plcm\Desktop\2026-EyeTracking\group-bayes\Experiment","316.8707999866456","004.png","641.6179199999999","220.00895999999997","True","False","mono","False","18","no","white","no","yes","RTL","641.6179199999999","220.00895999999997","864","4","004.png","005.png","num_4","psycho","Farsi","26","26","C:\Users\plcm\Desktop\2026-EyeTracking\group-bayes\Experiment\subject-66.csv","150","psycho","no","311978.68619998917","Neonatal Nightingale","4.1.14","3","3","no_prime_trial_27","27","RTL","","0","num_2","space","num_2","NA","NA","num_2","409.1655000811443","2906.9206999847665","NA","NA","409.1655000811443","2","psycho","5, 2, 6, 4, 3, 1, 4, 2, 5, 1, 6, 3, 5, 1, 3, 6, 4, 2, 1, 5, 4, 2, 3, 6, 2, 4, 3, 1, 5, 6, 5, 6, 1, 3, 2, 4, 5, 1, 3, 4, 2, 6, 5, 1, 2, 4, 3, 6","False","1024","2","48000","-16","experiment","66","even","310.9534360000398","614.0","922.0","165.0","699.0","74680.97900005523","NA","NA","5651.95730002597","310953.29640002456","310953.40720005333","NA","15737.772800028324","51749.291800078936","NA","5652.241999981925","317396.95490000304","310941.3915000623","NA","310958.9234000305","310964.0405999962","17740.368700004183","316979.2302000569","77588.63400004338","NA","NA","78118.28910000622","310941.3692000089","317396.91950008273","316987.12489998434","310941.31010002457","311968.0936000077","311964.2687999876","78118.426800007","310940.4773999704","311968.1457000552","311978.64510002546","15737.852100050077","Attentional Spatial Bias","0","0","0","27","اکنون چشم‌پیما را کالیبره می‌کنیم.<br><br>لطفاً نقطه متحرک را با چشمان خود دنبال کنید و سرتان را ثابت نگه دارید.<br><br>لطفاً منتظر بمانید.","از شرکت شما سپاسگزاریم!<br><br>آزمایش اکنون به پایان رسیده است.<br><br>لطفاً با آزمایشگر تماس بگیرید.","در این آزمایش، شما یک داستان کوتاه را که روی صفحه نمایش داده می‌شود، خواهید خواند.<br><br>لطفاً هر خط را با دقت بخوانید، زیرا در پایان آزمایش چند سؤال در مورد داستان از شما پرسیده خواهد شد.<br><br>پس از هر پاراگراف، یک جفت تصویر خواهید دید. به هر دو تصویر نگاه کنید و تعداد کل دایره‌ها را در دو تصویر بشمارید.<br><br>در صفحه بعد می‌توانید نمونه‌هایی از یک دایره صحیح و یک شکل نادرست را ببینید. فقط شکل‌هایی را بشمارید که با نمونه دایره صحیح مطابقت دارند.<br><br>برای شروع هر کلیدی را فشار دهید.","دایره شمارش شده را وارد کنید (۰-۳ را فشار دهید)","خوش آمدید! برای ادامه هر کلیدی را فشار دهید.","Farsi","1536","-154","154","-154","154","-267","267","-267","267"
"6","5000","8","undefined","undefined","undefined","undefined","#1a1a1a","4","psycho","True","psycho","psycho","uniform","undefined","undefined","undefined","0","NA","0","0","27","27","0","0","0","NA","0","27","27","NA","27","27","0","27","0","0","NA","0","27","27","27","27","27","27","0","27","27","27","0","59.709310835909015","Tue Aug 25 14:45:56 2026","1000","The main experiment item","False","V7_AttentionalSpatialBias_.osexp","C:\Users\plcm\Desktop\2026-EyeTracking\group-bayes\Experiment","240.8778000390157","007.png","1064.15616","374.35392","True","False","mono","False","18","no","white","no","yes","RTL","1064.15616","374.35392","864","4","006.png","007.png","num_4","psycho","Farsi","27","27","C:\Users\plcm\Desktop\2026-EyeTracking\group-bayes\Experiment\subject-66.csv","150","psycho","no","318565.05350000225","Neonatal Nightingale","4.1.14","1","1","no_prime_trial_28","28","RTL","","0","num_2","space","num_2","NA","NA","num_2","717.8672000300139","2906.9206999847665","NA","NA","717.8672000300139","2","psycho","5, 2, 6, 4, 3, 1, 4, 2, 5, 1, 6, 3, 5, 1, 3, 6, 4, 2, 1, 5, 4, 2, 3, 6, 2, 4, 3, 1, 5, 6, 5, 6, 1, 3, 2, 4, 5, 1, 3, 4, 2, 6, 5, 1, 2, 4, 3, 6","False","1024","2","48000","-16","experiment","66","even","317.54085039999336","460.0","1076.0","432.0","432.0","74680.97900005523","NA","NA","5651.95730002597","317540.6676999992","317540.80930002965","NA","15737.772800028324","51749.291800078936","NA","5652.241999981925","324292.73890005425","317528.34359998815","NA","317546.55980004463","317552.3722000653","17740.368700004183","323566.28250004724","77588.63400004338","NA","NA","78118.28910000622","317528.322200058","324292.7083000541","323574.2004000349","317528.269500006","318555.99360005","318552.732000011","78118.426800007","317527.7869000565","318556.0459999833","318565.0127000408","15737.852100050077","Attentional Spatial Bias","0","0","0","28","اکنون چشم‌پیما را کالیبره می‌کنیم.<br><br>لطفاً نقطه متحرک را با چشمان خود دنبال کنید و سرتان را ثابت نگه دارید.<br><br>لطفاً منتظر بمانید.","از شرکت شما سپاسگزاریم!<br><br>آزمایش اکنون به پایان رسیده است.<br><br>لطفاً با آزمایشگر تماس بگیرید.","در این آزمایش، شما یک داستان کوتاه را که روی صفحه نمایش داده می‌شود، خواهید خواند.<br><br>لطفاً هر خط را با دقت بخوانید، زیرا در پایان آزمایش چند سؤال در مورد داستان از شما پرسیده خواهد شد.<br><br>پس از هر پاراگراف، یک جفت تصویر خواهید دید. به هر دو تصویر نگاه کنید و تعداد کل دایره‌ها را در دو تصویر بشمارید.<br><br>در صفحه بعد می‌توانید نمونه‌هایی از یک دایره صحیح و یک شکل نادرست را ببینید. فقط شکل‌هایی را بشمارید که با نمونه دایره صحیح مطابقت دارند.<br><br>برای شروع هر کلیدی را فشار دهید.","دایره شمارش شده را وارد کنید (۰-۳ را فشار دهید)","خوش آمدید! برای ادامه هر کلیدی را فشار دهید.","Farsi","1536","-308","308","-308","308","0","0","0","0"
"6","5000","8","undefined","undefined","undefined","undefined","#1a1a1a","4","psycho","True","psycho","psycho","uniform","undefined","undefined","undefined","0","NA","0","0","28","28","0","0","0","NA","0","28","28","NA","28","28","0","28","0","0","NA","0","28","28","28","28","28","28","0","28","28","28","0","31.413035579618843","Tue Aug 25 14:45:56 2026","1000","The main experiment item","False","V7_AttentionalSpatialBias_.osexp","C:\Users\plcm\Desktop\2026-EyeTracking\group-bayes\Experiment","217.69149997271597","009.png","923.904","213.5376","True","False","mono","False","18","no","white","no","yes","RTL","923.904","213.5376","864","4","008.png","009.png","num_4","psycho","Farsi","28","28","C:\Users\plcm\Desktop\2026-EyeTracking\group-bayes\Experiment\subject-66.csv","150","psycho","no","325452.9639000539","Neonatal Nightingale","4.1.14","5","5","no_prime_trial_29","29","RTL","","0","num_0","space","num_0","NA","NA","num_0","480.5770000675693","2906.9206999847665","NA","NA","480.5770000675693","2","psycho","5, 2, 6, 4, 3, 1, 4, 2, 5, 1, 6, 3, 5, 1, 3, 6, 4, 2, 1, 5, 4, 2, 3, 6, 2, 4, 3, 1, 5, 6, 5, 6, 1, 3, 2, 4, 5, 1, 3, 4, 2, 6, 5, 1, 2, 4, 3, 6","False","1024","2","48000","-16","experiment","66","even","324.430533100036","614.0","922.0","699.0","165.0","74680.97900005523","NA","NA","5651.95730002597","324430.37740001455","324430.49820000306","NA","15737.772800028324","51749.291800078936","NA","5652.241999981925","330948.90970003325","324415.47550004907","NA","324435.8761999756","324441.75280001946","17740.368700004183","330458.2982000429","77588.63400004338","NA","NA","78118.28910000622","324415.4533999972","330948.8773000194","330467.58870000485","324415.3954000212","325445.2508999966","325442.02680001035","78118.426800007","324414.8516000714","325445.31910005026","325452.9349000659","15737.852100050077","Attentional Spatial Bias","0","0","0","29","اکنون چشم‌پیما را کالیبره می‌کنیم.<br><br>لطفاً نقطه متحرک را با چشمان خود دنبال کنید و سرتان را ثابت نگه دارید.<br><br>لطفاً منتظر بمانید.","از شرکت شما سپاسگزاریم!<br><br>آزمایش اکنون به پایان رسیده است.<br><br>لطفاً با آزمایشگر تماس بگیرید.","در این آزمایش، شما یک داستان کوتاه را که روی صفحه نمایش داده می‌شود، خواهید خواند.<br><br>لطفاً هر خط را با دقت بخوانید، زیرا در پایان آزمایش چند سؤال در مورد داستان از شما پرسیده خواهد شد.<br><br>پس از هر پاراگراف، یک جفت تصویر خواهید دید. به هر دو تصویر نگاه کنید و تعداد کل دایره‌ها را در دو تصویر بشمارید.<br><br>در صفحه بعد می‌توانید نمونه‌هایی از یک دایره صحیح و یک شکل نادرست را ببینید. فقط شکل‌هایی را بشمارید که با نمونه دایره صحیح مطابقت دارند.<br><br>برای شروع هر کلیدی را فشار دهید.","دایره شمارش شده را وارد کنید (۰-۳ را فشار دهید)","خوش آمدید! برای ادامه هر کلیدی را فشار دهید.","Farsi","1536","-154","154","-154","154","267","-267","267","-267"
"6","5000","8","undefined","undefined","undefined","undefined","#1a1a1a","4","psycho","True","psycho","psycho","uniform","undefined","undefined","undefined","0","NA","0","0","29","29","0","0","0","NA","0","29","29","NA","29","29","0","29","0","0","NA","0","29","29","29","29","29","29","0","29","29","29","0","31.981901986217107","Tue Aug 25 14:45:56 2026","1000","The main experiment item","False","V7_AttentionalSpatialBias_.osexp","C:\Users\plcm\Desktop\2026-EyeTracking\group-bayes\Experiment","288.9976999722421","011.png","1011.9321600000001","264.7728","True","False","mono","False","18","no","white","no","yes","RTL","1011.9321600000001","264.7728","864","4","010.png","011.png","num_4","psycho","Farsi","29","29","C:\Users\plcm\Desktop\2026-EyeTracking\group-bayes\Experiment\subject-66.csv","150","psycho","no","332095.46420001425","Neonatal Nightingale","4.1.14","6","6","no_prime_trial_30","30","RTL","","0","num_1","space","num_1","NA","NA","num_1","691.6474000317976","2906.9206999847665","NA","NA","691.6474000317976","2","psycho","5, 2, 6, 4, 3, 1, 4, 2, 5, 1, 6, 3, 5, 1, 3, 6, 4, 2, 1, 5, 4, 2, 3, 6, 2, 4, 3, 1, 5, 6, 5, 6, 1, 3, 2, 4, 5, 1, 3, 4, 2, 6, 5, 1, 2, 4, 3, 6","False","1024","2","48000","-16","experiment","66","even","331.074040699983","501.0","1035.0","586.0","278.0","74680.97900005523","NA","NA","5651.95730002597","331073.83990008384","331073.998900014","NA","15737.772800028324","51749.291800078936","NA","5652.241999981925","337796.6554000741","331060.452900012","NA","331079.46150004864","331085.20520001184","17740.368700004183","337095.67950002383","77588.63400004338","NA","NA","78118.28910000622","331060.43259997386","337796.6225000564","337104.4393000193","331060.37490000017","332089.58650007844","332085.962900077","78118.426800007","331059.96129999403","332089.6402000217","332095.4369000392","15737.852100050077","Attentional Spatial Bias","0","0","0","30","اکنون چشم‌پیما را کالیبره می‌کنیم.<br><br>لطفاً نقطه متحرک را با چشمان خود دنبال کنید و سرتان را ثابت نگه دارید.<br><br>لطفاً منتظر بمانید.","از شرکت شما سپاسگزاریم!<br><br>آزمایش اکنون به پایان رسیده است.<br><br>لطفاً با آزمایشگر تماس بگیرید.","در این آزمایش، شما یک داستان کوتاه را که روی صفحه نمایش داده می‌شود، خواهید خواند.<br><br>لطفاً هر خط را با دقت بخوانید، زیرا در پایان آزمایش چند سؤال در مورد داستان از شما پرسیده خواهد شد.<br><br>پس از هر پاراگراف، یک جفت تصویر خواهید دید. به هر دو تصویر نگاه کنید و تعداد کل دایره‌ها را در دو تصویر بشمارید.<br><br>در صفحه بعد می‌توانید نمونه‌هایی از یک دایره صحیح و یک شکل نادرست را ببینید. فقط شکل‌هایی را بشمارید که با نمونه دایره صحیح مطابقت دارند.<br><br>برای شروع هر کلیدی را فشار دهید.","دایره شمارش شده را وارد کنید (۰-۳ را فشار دهید)","خوش آمدید! برای ادامه هر کلیدی را فشار دهید.","Farsi","1536","-267","267","-267","267","154","-154","154","-154"
"6","5000","8","undefined","undefined","undefined","undefined","#1a1a1a","5","psycho","True","psycho","psycho","uniform","undefined","undefined","undefined","0","NA","0","0","30","30","0","0","0","NA","0","30","30","NA","30","30","0","30","0","0","NA","0","30","30","30","30","30","30","0","30","30","30","0","97.53847658430601","Tue Aug 25 14:45:56 2026","1000","The main experiment item","False","V7_AttentionalSpatialBias_.osexp","C:\Users\plcm\Desktop\2026-EyeTracking\group-bayes\Experiment","245.46620005276054","013.png","892.1548799999999","268.8336","True","False","mono","False","18","no","white","no","yes","RTL","892.1548799999999","268.8336","864","5","012.png","013.png","num_4","psycho","Farsi","30","30","C:\Users\plcm\Desktop\2026-EyeTracking\group-bayes\Experiment\subject-66.csv","150","psycho","no","344740.7545000315","Neonatal Nightingale","4.1.14","5","5","prime_6","31","RTL","زمستان آمد و هوا خیلی سرد بود. او در یک دریاچه نزدیک بود یخ بزند، اما یک کشاورز او را پیدا کرد و به خانه خود برد.","0","num_1","space","num_1","NA","NA","num_1","662.8838999895379","2906.9206999847665","NA","NA","662.8838999895379","2","psycho","5, 2, 6, 4, 3, 1, 4, 2, 5, 1, 6, 3, 5, 1, 3, 6, 4, 2, 1, 5, 4, 2, 3, 6, 2, 4, 3, 1, 5, 6, 5, 6, 1, 3, 2, 4, 5, 1, 3, 4, 2, 6, 5, 1, 2, 4, 3, 6","True","1024","2","48000","-16","experiment","66","even","343.4700579000637","614.0","922.0","699.0","165.0","74680.97900005523","NA","NA","5651.95730002597","343469.98320007697","343470.0388000347","NA","15737.772800028324","51749.291800078936","NA","5652.241999981925","350412.72790008225","343460.57800005656","NA","343722.53140003886","343728.0734999804","17740.368700004183","349740.93700002413","77588.63400004338","NA","NA","78118.28910000622","337922.2933000419","350412.6956000691","349749.25500003155","337922.2389999777","344731.47410003","344728.57709997334","78118.426800007","337921.9438000582","344731.5319000045","344740.72840006556","15737.852100050077","Attentional Spatial Bias","0","0","0","31","اکنون چشم‌پیما را کالیبره می‌کنیم.<br><br>لطفاً نقطه متحرک را با چشمان خود دنبال کنید و سرتان را ثابت نگه دارید.<br><br>لطفاً منتظر بمانید.","از شرکت شما سپاسگزاریم!<br><br>آزمایش اکنون به پایان رسیده است.<br><br>لطفاً با آزمایشگر تماس بگیرید.","در این آزمایش، شما یک داستان کوتاه را که روی صفحه نمایش داده می‌شود، خواهید خواند.<br><br>لطفاً هر خط را با دقت بخوانید، زیرا در پایان آزمایش چند سؤال در مورد داستان از شما پرسیده خواهد شد.<br><br>پس از هر پاراگراف، یک جفت تصویر خواهید دید. به هر دو تصویر نگاه کنید و تعداد کل دایره‌ها را در دو تصویر بشمارید.<br><br>در صفحه بعد می‌توانید نمونه‌هایی از یک دایره صحیح و یک شکل نادرست را ببینید. فقط شکل‌هایی را بشمارید که با نمونه دایره صحیح مطابقت دارند.<br><br>برای شروع هر کلیدی را فشار دهید.","دایره شمارش شده را وارد کنید (۰-۳ را فشار دهید)","خوش آمدید! برای ادامه هر کلیدی را فشار دهید.","Farsi","1536","-154","154","-154","154","267","-267","267","-267"
"6","5000","8","undefined","undefined","undefined","undefined","#1a1a1a","5","psycho","True","psycho","psycho","uniform","undefined","undefined","undefined","0","NA","0","0","31","31","0","0","0","NA","0","31","31","NA","31","31","0","31","0","0","NA","0","31","31","31","31","31","31","0","31","31","31","0","69.2105231297785","Tue Aug 25 14:45:56 2026","1000","The main experiment item","False","V7_AttentionalSpatialBias_.osexp","C:\Users\plcm\Desktop\2026-EyeTracking\group-bayes\Experiment","256.0265999054536","015.png","946.20672","306.31392","True","False","mono","False","18","no","white","no","yes","RTL","946.20672","306.31392","864","5","014.png","015.png","num_4","psycho","Farsi","31","31","C:\Users\plcm\Desktop\2026-EyeTracking\group-bayes\Experiment\subject-66.csv","150","psycho","no","351581.7731000716","Neonatal Nightingale","4.1.14","6","6","no_prime_trial_32","32","RTL","","0","num_1","space","num_1","NA","NA","num_1","1214.6200999850407","2906.9206999847665","NA","NA","1214.6200999850407","2","psycho","5, 2, 6, 4, 3, 1, 4, 2, 5, 1, 6, 3, 5, 1, 3, 6, 4, 2, 1, 5, 4, 2, 3, 6, 2, 4, 3, 1, 5, 6, 5, 6, 1, 3, 2, 4, 5, 1, 3, 4, 2, 6, 5, 1, 2, 4, 3, 6","False","1024","2","48000","-16","experiment","66","even","350.5578443000559","501.0","1035.0","586.0","278.0","74680.97900005523","NA","NA","5651.95730002597","350557.7099000802","350557.8213999979","NA","15737.772800028324","51749.291800078936","NA","5652.241999981925","357813.1654000608","350545.406499994","NA","350562.9994000774","350568.7892000424","17740.368700004183","356587.32649998274","77588.63400004338","NA","NA","78118.28910000622","350545.38000002503","357813.12700000126","356597.52700000536","350545.31810001936","351572.3265999695","351569.42750001326","78118.426800007","350544.9116000673","351572.3868000787","351581.7288000835","15737.852100050077","Attentional Spatial Bias","0","0","0","32","اکنون چشم‌پیما را کالیبره می‌کنیم.<br><br>لطفاً نقطه متحرک را با چشمان خود دنبال کنید و سرتان را ثابت نگه دارید.<br><br>لطفاً منتظر بمانید.","از شرکت شما سپاسگزاریم!<br><br>آزمایش اکنون به پایان رسیده است.<br><br>لطفاً با آزمایشگر تماس بگیرید.","در این آزمایش، شما یک داستان کوتاه را که روی صفحه نمایش داده می‌شود، خواهید خواند.<br><br>لطفاً هر خط را با دقت بخوانید، زیرا در پایان آزمایش چند سؤال در مورد داستان از شما پرسیده خواهد شد.<br><br>پس از هر پاراگراف، یک جفت تصویر خواهید دید. به هر دو تصویر نگاه کنید و تعداد کل دایره‌ها را در دو تصویر بشمارید.<br><br>در صفحه بعد می‌توانید نمونه‌هایی از یک دایره صحیح و یک شکل نادرست را ببینید. فقط شکل‌هایی را بشمارید که با نمونه دایره صحیح مطابقت دارند.<br><br>برای شروع هر کلیدی را فشار دهید.","دایره شمارش شده را وارد کنید (۰-۳ را فشار دهید)","خوش آمدید! برای ادامه هر کلیدی را فشار دهید.","Farsi","1536","-267","267","-267","267","154","-154","154","-154"
"6","5000","8","undefined","undefined","undefined","undefined","#1a1a1a","5","psycho","True","psycho","psycho","uniform","undefined","undefined","undefined","0","NA","0","0","32","32","0","0","0","NA","0","32","32","NA","32","32","0","32","0","0","NA","0","32","32","32","32","32","32","0","32","32","32","0","20.381750934009585","Tue Aug 25 14:45:56 2026","1000","The main experiment item","False","V7_AttentionalSpatialBias_.osexp","C:\Users\plcm\Desktop\2026-EyeTracking\group-bayes\Experiment","230.20770004950464","001.png","1018.30656","368.41824","True","False","mono","False","18","no","white","no","yes","RTL","1018.30656","368.41824","864","5","000.png","001.png","num_4","psycho","Farsi","32","32","C:\Users\plcm\Desktop\2026-EyeTracking\group-bayes\Experiment\subject-66.csv","150","psycho","no","358962.8490000032","Neonatal Nightingale","4.1.14","1","1","no_prime_trial_33","33","RTL","","0","num_2","space","num_2","NA","NA","num_2","3999.522399972193","2906.9206999847665","NA","NA","3999.522399972193","2","psycho","5, 2, 6, 4, 3, 1, 4, 2, 5, 1, 6, 3, 5, 1, 3, 6, 4, 2, 1, 5, 4, 2, 3, 6, 2, 4, 3, 1, 5, 6, 5, 6, 1, 3, 2, 4, 5, 1, 3, 4, 2, 6, 5, 1, 2, 4, 3, 6","False","1024","2","48000","-16","experiment","66","even","357.94073340005707","460.0","1076.0","432.0","432.0","74680.97900005523","NA","NA","5651.95730002597","357940.63620001543","357940.70959999226","NA","15737.772800028324","51749.291800078936","NA","5652.241999981925","367972.90529997554","357929.71950001083","NA","357946.37600006536","357951.99420000426","17740.368700004183","363964.4707000116","77588.63400004338","NA","NA","78118.28910000622","357929.6987999696","367972.8740999708","363972.6265000645","357929.64230000507","358956.4380000811","358952.68630003557","78118.426800007","357928.89800004195","358956.505500013","358962.81779999845","15737.852100050077","Attentional Spatial Bias","0","0","0","33","اکنون چشم‌پیما را کالیبره می‌کنیم.<br><br>لطفاً نقطه متحرک را با چشمان خود دنبال کنید و سرتان را ثابت نگه دارید.<br><br>لطفاً منتظر بمانید.","از شرکت شما سپاسگزاریم!<br><br>آزمایش اکنون به پایان رسیده است.<br><br>لطفاً با آزمایشگر تماس بگیرید.","در این آزمایش، شما یک داستان کوتاه را که روی صفحه نمایش داده می‌شود، خواهید خواند.<br><br>لطفاً هر خط را با دقت بخوانید، زیرا در پایان آزمایش چند سؤال در مورد داستان از شما پرسیده خواهد شد.<br><br>پس از هر پاراگراف، یک جفت تصویر خواهید دید. به هر دو تصویر نگاه کنید و تعداد کل دایره‌ها را در دو تصویر بشمارید.<br><br>در صفحه بعد می‌توانید نمونه‌هایی از یک دایره صحیح و یک شکل نادرست را ببینید. فقط شکل‌هایی را بشمارید که با نمونه دایره صحیح مطابقت دارند.<br><br>برای شروع هر کلیدی را فشار دهید.","دایره شمارش شده را وارد کنید (۰-۳ را فشار دهید)","خوش آمدید! برای ادامه هر کلیدی را فشار دهید.","Farsi","1536","-308","308","-308","308","0","0","0","0"
"6","5000","8","undefined","undefined","undefined","undefined","#1a1a1a","5","psycho","True","psycho","psycho","uniform","undefined","undefined","undefined","0","NA","0","0","33","33","0","0","0","NA","0","33","33","NA","33","33","0","33","0","0","NA","0","33","33","33","33","33","33","0","33","33","33","0","32.59925454460579","Tue Aug 25 14:45:56 2026","1000","The main experiment item","False","V7_AttentionalSpatialBias_.osexp","C:\Users\plcm\Desktop\2026-EyeTracking\group-bayes\Experiment","244.9803000781685","003.png","830.30016","564.0192000000001","True","False","mono","False","18","no","white","no","yes","RTL","830.30016","564.0192000000001","864","5","002.png","003.png","num_4","psycho","Farsi","33","33","C:\Users\plcm\Desktop\2026-EyeTracking\group-bayes\Experiment\subject-66.csv","150","psycho","no","369119.0486999694","Neonatal Nightingale","4.1.14","3","3","no_prime_trial_34","34","RTL","","0","num_2","space","num_2","NA","NA","num_2","743.7258999561891","2906.9206999847665","NA","NA","743.7258999561891","2","psycho","5, 2, 6, 4, 3, 1, 4, 2, 5, 1, 6, 3, 5, 1, 3, 6, 4, 2, 1, 5, 4, 2, 3, 6, 2, 4, 3, 1, 5, 6, 5, 6, 1, 3, 2, 4, 5, 1, 3, 4, 2, 6, 5, 1, 2, 4, 3, 6","False","1024","2","48000","-16","experiment","66","even","368.0921157000121","614.0","922.0","165.0","699.0","74680.97900005523","NA","NA","5651.95730002597","368091.9627000112","368092.0750000514","NA","15737.772800028324","51749.291800078936","NA","5652.241999981925","374877.4133999832","368079.4345000759","NA","368097.3797000479","368102.7533999877","17740.368700004183","374124.3159000296","77588.63400004338","NA","NA","78118.28910000622","368079.4130000286","374877.3809999693","374132.57050001994","368079.36129998416","369105.81580002327","369102.8099000687","78118.426800007","368078.7550000241","369105.9078000253","369119.00409997907","15737.852100050077","Attentional Spatial Bias","0","0","0","34","اکنون چشم‌پیما را کالیبره می‌کنیم.<br><br>لطفاً نقطه متحرک را با چشمان خود دنبال کنید و سرتان را ثابت نگه دارید.<br><br>لطفاً منتظر بمانید.","از شرکت شما سپاسگزاریم!<br><br>آزمایش اکنون به پایان رسیده است.<br><br>لطفاً با آزمایشگر تماس بگیرید.","در این آزمایش، شما یک داستان کوتاه را که روی صفحه نمایش داده می‌شود، خواهید خواند.<br><br>لطفاً هر خط را با دقت بخوانید، زیرا در پایان آزمایش چند سؤال در مورد داستان از شما پرسیده خواهد شد.<br><br>پس از هر پاراگراف، یک جفت تصویر خواهید دید. به هر دو تصویر نگاه کنید و تعداد کل دایره‌ها را در دو تصویر بشمارید.<br><br>در صفحه بعد می‌توانید نمونه‌هایی از یک دایره صحیح و یک شکل نادرست را ببینید. فقط شکل‌هایی را بشمارید که با نمونه دایره صحیح مطابقت دارند.<br><br>برای شروع هر کلیدی را فشار دهید.","دایره شمارش شده را وارد کنید (۰-۳ را فشار دهید)","خوش آمدید! برای ادامه هر کلیدی را فشار دهید.","Farsi","1536","-154","154","-154","154","-267","267","-267","267"
"6","5000","8","undefined","undefined","undefined","undefined","#1a1a1a","5","psycho","True","psycho","psycho","uniform","undefined","undefined","undefined","0","NA","0","0","34","34","0","0","0","NA","0","34","34","NA","34","34","0","34","0","0","NA","0","34","34","34","34","34","34","0","34","34","34","0","38.63208640454201","Tue Aug 25 14:45:56 2026","1000","The main experiment item","False","V7_AttentionalSpatialBias_.osexp","C:\Users\plcm\Desktop\2026-EyeTracking\group-bayes\Experiment","241.96090002078563","005.png","960.41472","499.62528","True","False","mono","False","18","no","white","no","yes","RTL","960.41472","499.62528","864","5","004.png","005.png","num_4","psycho","Farsi","34","34","C:\Users\plcm\Desktop\2026-EyeTracking\group-bayes\Experiment\subject-66.csv","150","psycho","no","376047.29510005563","Neonatal Nightingale","4.1.14","2","2","no_prime_trial_35","35","RTL","","0","num_2","space","num_2","NA","NA","num_2","400.72119992692024","2906.9206999847665","NA","NA","400.72119992692024","2","psycho","5, 2, 6, 4, 3, 1, 4, 2, 5, 1, 6, 3, 5, 1, 3, 6, 4, 2, 1, 5, 4, 2, 3, 6, 2, 4, 3, 1, 5, 6, 5, 6, 1, 3, 2, 4, 5, 1, 3, 4, 2, 6, 5, 1, 2, 4, 3, 6","False","1024","2","48000","-16","experiment","66","even","375.02171710005496","501.0","1035.0","278.0","586.0","74680.97900005523","NA","NA","5651.95730002597","375021.57530002296","375021.68350003194","NA","15737.772800028324","51749.291800078936","NA","5652.241999981925","381460.8861000743","375006.73480005935","NA","375027.00310002547","375032.46919997036","17740.368700004183","381050.75940000825","77588.63400004338","NA","NA","78118.28910000622","375006.7145000212","381460.85560007486","381059.4977000728","375006.66309997905","376036.3968000747","376032.6935000485","78118.426800007","375006.3758000033","376036.4677000325","376047.25309996866","15737.852100050077","Attentional Spatial Bias","0","0","0","35","اکنون چشم‌پیما را کالیبره می‌کنیم.<br><br>لطفاً نقطه متحرک را با چشمان خود دنبال کنید و سرتان را ثابت نگه دارید.<br><br>لطفاً منتظر بمانید.","از شرکت شما سپاسگزاریم!<br><br>آزمایش اکنون به پایان رسیده است.<br><br>لطفاً با آزمایشگر تماس بگیرید.","در این آزمایش، شما یک داستان کوتاه را که روی صفحه نمایش داده می‌شود، خواهید خواند.<br><br>لطفاً هر خط را با دقت بخوانید، زیرا در پایان آزمایش چند سؤال در مورد داستان از شما پرسیده خواهد شد.<br><br>پس از هر پاراگراف، یک جفت تصویر خواهید دید. به هر دو تصویر نگاه کنید و تعداد کل دایره‌ها را در دو تصویر بشمارید.<br><br>در صفحه بعد می‌توانید نمونه‌هایی از یک دایره صحیح و یک شکل نادرست را ببینید. فقط شکل‌هایی را بشمارید که با نمونه دایره صحیح مطابقت دارند.<br><br>برای شروع هر کلیدی را فشار دهید.","دایره شمارش شده را وارد کنید (۰-۳ را فشار دهید)","خوش آمدید! برای ادامه هر کلیدی را فشار دهید.","Farsi","1536","-267","267","-267","267","-154","154","-154","154"
"6","5000","8","undefined","undefined","undefined","undefined","#1a1a1a","5","psycho","True","psycho","psycho","uniform","undefined","undefined","undefined","0","NA","0","0","35","35","0","0","0","NA","0","35","35","NA","35","35","0","35","0","0","NA","0","35","35","35","35","35","35","0","35","35","35","0","96.18107607432962","Tue Aug 25 14:45:56 2026","1000","The main experiment item","False","V7_AttentionalSpatialBias_.osexp","C:\Users\plcm\Desktop\2026-EyeTracking\group-bayes\Experiment","261.0337999649346","006.png","793.0060799999999","265.4208","True","False","mono","False","18","no","white","no","yes","RTL","793.0060799999999","265.4208","864","5","006.png","007.png","num_4","psycho","Farsi","35","35","C:\Users\plcm\Desktop\2026-EyeTracking\group-bayes\Experiment\subject-66.csv","150","psycho","no","382640.3753000777","Neonatal Nightingale","4.1.14","4","4","no_prime_trial_36","36","RTL","","0","num_2","space","num_2","NA","NA","num_2","528.5085999639705","2906.9206999847665","NA","NA","528.5085999639705","2","psycho","5, 2, 6, 4, 3, 1, 4, 2, 5, 1, 6, 3, 5, 1, 3, 6, 4, 2, 1, 5, 4, 2, 3, 6, 2, 4, 3, 1, 5, 6, 5, 6, 1, 3, 2, 4, 5, 1, 3, 4, 2, 6, 5, 1, 2, 4, 3, 6","False","1024","2","48000","-16","experiment","66","even","381.61712730000727","768.0","768.0","124.0","740.0","74680.97900005523","NA","NA","5651.95730002597","381617.02780006453","381617.102600052","NA","15737.772800028324","51749.291800078936","NA","5652.241999981925","388180.88090000674","381606.2356000766","NA","381622.5216999883","381628.0217000749","17740.368700004183","387643.313699984","77588.63400004338","NA","NA","78118.28910000622","381606.215900043","388180.8513000142","387651.682900032","381606.16800002754","382631.3431999879","382628.39129997883","78118.426800007","381605.68080004305","382631.3971000491","382640.32760006376","15737.852100050077","Attentional Spatial Bias","0","0","0","36","اکنون چشم‌پیما را کالیبره می‌کنیم.<br><br>لطفاً نقطه متحرک را با چشمان خود دنبال کنید و سرتان را ثابت نگه دارید.<br><br>لطفاً منتظر بمانید.","از شرکت شما سپاسگزاریم!<br><br>آزمایش اکنون به پایان رسیده است.<br><br>لطفاً با آزمایشگر تماس بگیرید.","در این آزمایش، شما یک داستان کوتاه را که روی صفحه نمایش داده می‌شود، خواهید خواند.<br><br>لطفاً هر خط را با دقت بخوانید، زیرا در پایان آزمایش چند سؤال در مورد داستان از شما پرسیده خواهد شد.<br><br>پس از هر پاراگراف، یک جفت تصویر خواهید دید. به هر دو تصویر نگاه کنید و تعداد کل دایره‌ها را در دو تصویر بشمارید.<br><br>در صفحه بعد می‌توانید نمونه‌هایی از یک دایره صحیح و یک شکل نادرست را ببینید. فقط شکل‌هایی را بشمارید که با نمونه دایره صحیح مطابقت دارند.<br><br>برای شروع هر کلیدی را فشار دهید.","دایره شمارش شده را وارد کنید (۰-۳ را فشار دهید)","خوش آمدید! برای ادامه هر کلیدی را فشار دهید.","Farsi","1536","0","0","0","0","-308","308","-308","308"
"6","5000","8","undefined","undefined","undefined","undefined","#1a1a1a","6","psycho","True","psycho","psycho","uniform","undefined","undefined","undefined","0","NA","0","0","36","36","0","0","0","NA","0","36","36","NA","36","36","0","36","0","0","NA","0","36","36","36","36","36","36","0","36","36","36","0","85.34143515785986","Tue Aug 25 14:45:56 2026","1000","The main experiment item","False","V7_AttentionalSpatialBias_.osexp","C:\Users\plcm\Desktop\2026-EyeTracking\group-bayes\Experiment","267.20860006753355","009.png","915.71712","252.57312","True","False","mono","False","18","no","white","no","yes","RTL","915.71712","252.57312","864","6","008.png","009.png","num_4","psycho","Farsi","36","36","C:\Users\plcm\Desktop\2026-EyeTracking\group-bayes\Experiment\subject-66.csv","150","psycho","no","392508.5133999819","Neonatal Nightingale","4.1.14","5","5","prime_7","37","RTL","بچه‌های کشاورز او را ترساندند، بنابراین او دوباره در سرمای سوزان فرار کرد.","0","num_0","space","num_0","NA","NA","num_0","754.6302999835461","2906.9206999847665","NA","NA","754.6302999835461","2","psycho","5, 2, 6, 4, 3, 1, 4, 2, 5, 1, 6, 3, 5, 1, 3, 6, 4, 2, 1, 5, 4, 2, 3, 6, 2, 4, 3, 1, 5, 6, 5, 6, 1, 3, 2, 4, 5, 1, 3, 4, 2, 6, 5, 1, 2, 4, 3, 6","True","1024","2","48000","-16","experiment","66","even","391.47085540008266","614.0","922.0","699.0","165.0","74680.97900005523","NA","NA","5651.95730002597","391470.7824999932","391470.8359000506","NA","15737.772800028324","51749.291800078936","NA","5652.241999981925","398276.80700004566","391461.06050000526","NA","391492.4662000267","391498.6720000161","17740.368700004183","397513.5221000528","77588.63400004338","NA","NA","78118.28910000622","388299.41219999455","398276.77210001275","397521.52880001813","388299.3534000125","392502.10669997614","392499.29250008427","78118.426800007","388298.7172000576","392502.1565000061","392508.47840006463","15737.852100050077","Attentional Spatial Bias","0","0","0","37","اکنون چشم‌پیما را کالیبره می‌کنیم.<br><br>لطفاً نقطه متحرک را با چشمان خود دنبال کنید و سرتان را ثابت نگه دارید.<br><br>لطفاً منتظر بمانید.","از شرکت شما سپاسگزاریم!<br><br>آزمایش اکنون به پایان رسیده است.<br><br>لطفاً با آزمایشگر تماس بگیرید.","در این آزمایش، شما یک داستان کوتاه را که روی صفحه نمایش داده می‌شود، خواهید خواند.<br><br>لطفاً هر خط را با دقت بخوانید، زیرا در پایان آزمایش چند سؤال در مورد داستان از شما پرسیده خواهد شد.<br><br>پس از هر پاراگراف، یک جفت تصویر خواهید دید. به هر دو تصویر نگاه کنید و تعداد کل دایره‌ها را در دو تصویر بشمارید.<br><br>در صفحه بعد می‌توانید نمونه‌هایی از یک دایره صحیح و یک شکل نادرست را ببینید. فقط شکل‌هایی را بشمارید که با نمونه دایره صحیح مطابقت دارند.<br><br>برای شروع هر کلیدی را فشار دهید.","دایره شمارش شده را وارد کنید (۰-۳ را فشار دهید)","خوش آمدید! برای ادامه هر کلیدی را فشار دهید.","Farsi","1536","-154","154","-154","154","267","-267","267","-267"
"6","5000","8","undefined","undefined","undefined","undefined","#1a1a1a","6","psycho","True","psycho","psycho","uniform","undefined","undefined","undefined","0","NA","0","0","37","37","0","0","0","NA","0","37","37","NA","37","37","0","37","0","0","NA","0","37","37","37","37","37","37","0","37","37","37","0","35.00472941797432","Tue Aug 25 14:45:56 2026","1000","The main experiment item","False","V7_AttentionalSpatialBias_.osexp","C:\Users\plcm\Desktop\2026-EyeTracking\group-bayes\Experiment","343.8074999721721","011.png","968.6016000000001","426.44448","True","False","mono","False","18","no","white","no","yes","RTL","968.6016000000001","426.44448","864","6","010.png","011.png","num_4","psycho","Farsi","37","37","C:\Users\plcm\Desktop\2026-EyeTracking\group-bayes\Experiment\subject-66.csv","150","psycho","no","399440.466","Neonatal Nightingale","4.1.14","1","1","no_prime_trial_38","38","RTL","","0","num_2","space","num_2","NA","NA","num_2","712.7416000002995","2906.9206999847665","NA","NA","712.7416000002995","2","psycho","5, 2, 6, 4, 3, 1, 4, 2, 5, 1, 6, 3, 5, 1, 3, 6, 4, 2, 1, 5, 4, 2, 3, 6, 2, 4, 3, 1, 5, 6, 5, 6, 1, 3, 2, 4, 5, 1, 3, 4, 2, 6, 5, 1, 2, 4, 3, 6","False","1024","2","48000","-16","experiment","66","even","398.41729440004565","460.0","1076.0","432.0","432.0","74680.97900005523","NA","NA","5651.95730002597","398417.1747000655","398417.2669000691","NA","15737.772800028324","51749.291800078936","NA","5652.241999981925","405165.18080001697","398405.6035000831","NA","398422.7469000034","398428.0224000104","17740.368700004183","404441.7921999702","77588.63400004338","NA","NA","78118.28910000622","398405.58180003427","405165.1481000008","404451.6272000037","398405.5248000659","399431.36420007795","399428.3491000533","78118.426800007","398405.14360007364","399431.4155000029","399440.42060000356","15737.852100050077","Attentional Spatial Bias","0","0","0","38","اکنون چشم‌پیما را کالیبره می‌کنیم.<br><br>لطفاً نقطه متحرک را با چشمان خود دنبال کنید و سرتان را ثابت نگه دارید.<br><br>لطفاً منتظر بمانید.","از شرکت شما سپاسگزاریم!<br><br>آزمایش اکنون به پایان رسیده است.<br><br>لطفاً با آزمایشگر تماس بگیرید.","در این آزمایش، شما یک داستان کوتاه را که روی صفحه نمایش داده می‌شود، خواهید خواند.<br><br>لطفاً هر خط را با دقت بخوانید، زیرا در پایان آزمایش چند سؤال در مورد داستان از شما پرسیده خواهد شد.<br><br>پس از هر پاراگراف، یک جفت تصویر خواهید دید. به هر دو تصویر نگاه کنید و تعداد کل دایره‌ها را در دو تصویر بشمارید.<br><br>در صفحه بعد می‌توانید نمونه‌هایی از یک دایره صحیح و یک شکل نادرست را ببینید. فقط شکل‌هایی را بشمارید که با نمونه دایره صحیح مطابقت دارند.<br><br>برای شروع هر کلیدی را فشار دهید.","دایره شمارش شده را وارد کنید (۰-۳ را فشار دهید)","خوش آمدید! برای ادامه هر کلیدی را فشار دهید.","Farsi","1536","-308","308","-308","308","0","0","0","0"
"6","5000","8","undefined","undefined","undefined","undefined","#1a1a1a","6","psycho","True","psycho","psycho","uniform","undefined","undefined","undefined","0","NA","0","0","38","38","0","0","0","NA","0","38","38","NA","38","38","0","38","0","0","NA","0","38","38","38","38","38","38","0","38","38","38","0","68.91721207166755","Tue Aug 25 14:45:56 2026","1000","The main experiment item","False","V7_AttentionalSpatialBias_.osexp","C:\Users\plcm\Desktop\2026-EyeTracking\group-bayes\Experiment","324.34250006917864","013.png","906.3168","584.6256","True","False","mono","False","18","no","white","no","yes","RTL","906.3168","584.6256","864","6","012.png","013.png","num_4","psycho","Farsi","38","38","C:\Users\plcm\Desktop\2026-EyeTracking\group-bayes\Experiment\subject-66.csv","150","psycho","no","406331.86709997244","Neonatal Nightingale","4.1.14","3","3","no_prime_trial_39","39","RTL","","0","num_1","space","num_1","NA","NA","num_1","999.74330002442","2906.9206999847665","NA","NA","999.74330002442","2","psycho","5, 2, 6, 4, 3, 1, 4, 2, 5, 1, 6, 3, 5, 1, 3, 6, 4, 2, 1, 5, 4, 2, 3, 6, 2, 4, 3, 1, 5, 6, 5, 6, 1, 3, 2, 4, 5, 1, 3, 4, 2, 6, 5, 1, 2, 4, 3, 6","False","1024","2","48000","-16","experiment","66","even","405.3084972000215","614.0","922.0","165.0","699.0","74680.97900005523","NA","NA","5651.95730002597","405308.3859999897","405308.4737000754","NA","15737.772800028324","51749.291800078936","NA","5652.241999981925","412340.8504000399","405295.3424999723","NA","405313.7600000482","405319.4734000135","17740.368700004183","411332.68830005545","77588.63400004338","NA","NA","78118.28910000622","405295.31399998814","412340.8169000177","411340.46920004766","405295.2407000121","406322.6467000786","406319.5784999989","78118.426800007","405294.3765000673","406322.7023000363","406331.8218999775","15737.852100050077","Attentional Spatial Bias","0","0","0","39","اکنون چشم‌پیما را کالیبره می‌کنیم.<br><br>لطفاً نقطه متحرک را با چشمان خود دنبال کنید و سرتان را ثابت نگه دارید.<br><br>لطفاً منتظر بمانید.","از شرکت شما سپاسگزاریم!<br><br>آزمایش اکنون به پایان رسیده است.<br><br>لطفاً با آزمایشگر تماس بگیرید.","در این آزمایش، شما یک داستان کوتاه را که روی صفحه نمایش داده می‌شود، خواهید خواند.<br><br>لطفاً هر خط را با دقت بخوانید، زیرا در پایان آزمایش چند سؤال در مورد داستان از شما پرسیده خواهد شد.<br><br>پس از هر پاراگراف، یک جفت تصویر خواهید دید. به هر دو تصویر نگاه کنید و تعداد کل دایره‌ها را در دو تصویر بشمارید.<br><br>در صفحه بعد می‌توانید نمونه‌هایی از یک دایره صحیح و یک شکل نادرست را ببینید. فقط شکل‌هایی را بشمارید که با نمونه دایره صحیح مطابقت دارند.<br><br>برای شروع هر کلیدی را فشار دهید.","دایره شمارش شده را وارد کنید (۰-۳ را فشار دهید)","خوش آمدید! برای ادامه هر کلیدی را فشار دهید.","Farsi","1536","-154","154","-154","154","-267","267","-267","267"
"6","5000","8","undefined","undefined","undefined","undefined","#1a1a1a","6","psycho","True","psycho","psycho","uniform","undefined","undefined","undefined","0","NA","0","0","39","39","0","0","0","NA","0","39","39","NA","39","39","0","39","0","0","NA","0","39","39","39","39","39","39","0","39","39","39","0","74.38625668988051","Tue Aug 25 14:45:56 2026","1000","The main experiment item","False","V7_AttentionalSpatialBias_.osexp","C:\Users\plcm\Desktop\2026-EyeTracking\group-bayes\Experiment","364.1982999397442","015.png","767.20128","683.4672","True","False","mono","False","18","no","white","no","yes","RTL","767.20128","683.4672","864","6","014.png","015.png","num_4","psycho","Farsi","39","39","C:\Users\plcm\Desktop\2026-EyeTracking\group-bayes\Experiment\subject-66.csv","150","psycho","no","413521.6252000537","Neonatal Nightingale","4.1.14","4","4","no_prime_trial_40","40","RTL","","0","num_1","space","num_1","NA","NA","num_1","994.138199952431","2906.9206999847665","NA","NA","994.138199952431","2","psycho","5, 2, 6, 4, 3, 1, 4, 2, 5, 1, 6, 3, 5, 1, 3, 6, 4, 2, 1, 5, 4, 2, 3, 6, 2, 4, 3, 1, 5, 6, 5, 6, 1, 3, 2, 4, 5, 1, 3, 4, 2, 6, 5, 1, 2, 4, 3, 6","False","1024","2","48000","-16","experiment","66","even","412.4979162000818","768.0","768.0","124.0","740.0","74680.97900005523","NA","NA","5651.95730002597","412497.80230002943","412497.8894999949","NA","15737.772800028324","51749.291800078936","NA","5652.241999981925","419525.06919996813","412484.8958000075","NA","412503.46759997774","412509.4694000436","17740.368700004183","418522.01050007716","77588.63400004338","NA","NA","78118.28910000622","412484.87500008196","419525.0341000501","418530.0312000327","412484.82100002","413513.62830004655","413509.8841000581","78118.426800007","412484.42580003757","413513.6897000484","413521.55900001526","15737.852100050077","Attentional Spatial Bias","0","0","0","40","اکنون چشم‌پیما را کالیبره می‌کنیم.<br><br>لطفاً نقطه متحرک را با چشمان خود دنبال کنید و سرتان را ثابت نگه دارید.<br><br>لطفاً منتظر بمانید.","از شرکت شما سپاسگزاریم!<br><br>آزمایش اکنون به پایان رسیده است.<br><br>لطفاً با آزمایشگر تماس بگیرید.","در این آزمایش، شما یک داستان کوتاه را که روی صفحه نمایش داده می‌شود، خواهید خواند.<br><br>لطفاً هر خط را با دقت بخوانید، زیرا در پایان آزمایش چند سؤال در مورد داستان از شما پرسیده خواهد شد.<br><br>پس از هر پاراگراف، یک جفت تصویر خواهید دید. به هر دو تصویر نگاه کنید و تعداد کل دایره‌ها را در دو تصویر بشمارید.<br><br>در صفحه بعد می‌توانید نمونه‌هایی از یک دایره صحیح و یک شکل نادرست را ببینید. فقط شکل‌هایی را بشمارید که با نمونه دایره صحیح مطابقت دارند.<br><br>برای شروع هر کلیدی را فشار دهید.","دایره شمارش شده را وارد کنید (۰-۳ را فشار دهید)","خوش آمدید! برای ادامه هر کلیدی را فشار دهید.","Farsi","1536","0","0","0","0","-308","308","-308","308"
"6","5000","8","undefined","undefined","undefined","undefined","#1a1a1a","6","psycho","True","psycho","psycho","uniform","undefined","undefined","undefined","0","NA","0","0","40","40","0","0","0","NA","0","40","40","NA","40","40","0","40","0","0","NA","0","40","40","40","40","40","40","0","40","40","40","0","35.91155112038466","Tue Aug 25 14:45:56 2026","1000","The main experiment item","False","V7_AttentionalSpatialBias_.osexp","C:\Users\plcm\Desktop\2026-EyeTracking\group-bayes\Experiment","240.11840007733554","001.png","944.8704","522.8150400000001","True","False","mono","False","18","no","white","no","yes","RTL","944.8704","522.8150400000001","864","6","000.png","001.png","num_4","psycho","Farsi","40","40","C:\Users\plcm\Desktop\2026-EyeTracking\group-bayes\Experiment\subject-66.csv","150","psycho","no","420665.2228999883","Neonatal Nightingale","4.1.14","2","2","no_prime_trial_41","41","RTL","","0","num_2","space","num_2","NA","NA","num_2","566.878299927339","2906.9206999847665","NA","NA","566.878299927339","2","psycho","5, 2, 6, 4, 3, 1, 4, 2, 5, 1, 6, 3, 5, 1, 3, 6, 4, 2, 1, 5, 4, 2, 3, 6, 2, 4, 3, 1, 5, 6, 5, 6, 1, 3, 2, 4, 5, 1, 3, 4, 2, 6, 5, 1, 2, 4, 3, 6","False","1024","2","48000","-16","experiment","66","even","419.64101530006155","501.0","1035.0","278.0","586.0","74680.97900005523","NA","NA","5651.95730002597","419640.88750001974","419640.9854000667","NA","15737.772800028324","51749.291800078936","NA","5652.241999981925","426245.1434000395","419629.8791000154","NA","419646.56210003886","419652.1485999692","17740.368700004183","425669.2734999815","77588.63400004338","NA","NA","78118.28910000622","419629.857400083","426245.11000001803","425677.38730006386","419629.8012000043","420655.84240003955","420652.4028000422","78118.426800007","419629.26700001117","420655.9352000477","420665.1810000185","15737.852100050077","Attentional Spatial Bias","0","0","0","41","اکنون چشم‌پیما را کالیبره می‌کنیم.<br><br>لطفاً نقطه متحرک را با چشمان خود دنبال کنید و سرتان را ثابت نگه دارید.<br><br>لطفاً منتظر بمانید.","از شرکت شما سپاسگزاریم!<br><br>آزمایش اکنون به پایان رسیده است.<br><br>لطفاً با آزمایشگر تماس بگیرید.","در این آزمایش، شما یک داستان کوتاه را که روی صفحه نمایش داده می‌شود، خواهید خواند.<br><br>لطفاً هر خط را با دقت بخوانید، زیرا در پایان آزمایش چند سؤال در مورد داستان از شما پرسیده خواهد شد.<br><br>پس از هر پاراگراف، یک جفت تصویر خواهید دید. به هر دو تصویر نگاه کنید و تعداد کل دایره‌ها را در دو تصویر بشمارید.<br><br>در صفحه بعد می‌توانید نمونه‌هایی از یک دایره صحیح و یک شکل نادرست را ببینید. فقط شکل‌هایی را بشمارید که با نمونه دایره صحیح مطابقت دارند.<br><br>برای شروع هر کلیدی را فشار دهید.","دایره شمارش شده را وارد کنید (۰-۳ را فشار دهید)","خوش آمدید! برای ادامه هر کلیدی را فشار دهید.","Farsi","1536","-267","267","-267","267","-154","154","-154","154"
"6","5000","8","undefined","undefined","undefined","undefined","#1a1a1a","6","psycho","True","psycho","psycho","uniform","undefined","undefined","undefined","0","NA","0","0","41","41","0","0","0","NA","0","41","41","NA","41","41","0","41","0","0","NA","0","41","41","41","41","41","41","0","41","41","41","0","17.249121878171","Tue Aug 25 14:45:56 2026","1000","The main experiment item","False","V7_AttentionalSpatialBias_.osexp","C:\Users\plcm\Desktop\2026-EyeTracking\group-bayes\Experiment","229.8702000407502","003.png","918.40512","391.72032","True","False","mono","False","18","no","white","no","yes","RTL","918.40512","391.72032","864","6","002.png","003.png","num_4","psycho","Farsi","41","41","C:\Users\plcm\Desktop\2026-EyeTracking\group-bayes\Experiment\subject-66.csv","150","psycho","no","427383.7781000184","Neonatal Nightingale","4.1.14","6","6","no_prime_trial_42","42","RTL","","0","num_2","space","num_2","NA","NA","num_2","673.7791000632569","2906.9206999847665","NA","NA","673.7791000632569","2","psycho","5, 2, 6, 4, 3, 1, 4, 2, 5, 1, 6, 3, 5, 1, 3, 6, 4, 2, 1, 5, 4, 2, 3, 6, 2, 4, 3, 1, 5, 6, 5, 6, 1, 3, 2, 4, 5, 1, 3, 4, 2, 6, 5, 1, 2, 4, 3, 6","False","1024","2","48000","-16","experiment","66","even","426.3607164999703","501.0","1035.0","586.0","278.0","74680.97900005523","NA","NA","5651.95730002597","426360.6108999811","426360.69310002495","NA","15737.772800028324","51749.291800078936","NA","5652.241999981925","433069.1436000634","426348.6275000032","NA","426366.3321000058","426372.4147999892","17740.368700004183","432386.3757000072","77588.63400004338","NA","NA","78118.28910000622","426348.60490006395","433069.11420007236","432394.5043999702","426348.54919998907","427375.8244999917","427372.8399000829","78118.426800007","426348.23490004055","427375.8795000613","427383.7525000563","15737.852100050077","Attentional Spatial Bias","0","0","0","42","اکنون چشم‌پیما را کالیبره می‌کنیم.<br><br>لطفاً نقطه متحرک را با چشمان خود دنبال کنید و سرتان را ثابت نگه دارید.<br><br>لطفاً منتظر بمانید.","از شرکت شما سپاسگزاریم!<br><br>آزمایش اکنون به پایان رسیده است.<br><br>لطفاً با آزمایشگر تماس بگیرید.","در این آزمایش، شما یک داستان کوتاه را که روی صفحه نمایش داده می‌شود، خواهید خواند.<br><br>لطفاً هر خط را با دقت بخوانید، زیرا در پایان آزمایش چند سؤال در مورد داستان از شما پرسیده خواهد شد.<br><br>پس از هر پاراگراف، یک جفت تصویر خواهید دید. به هر دو تصویر نگاه کنید و تعداد کل دایره‌ها را در دو تصویر بشمارید.<br><br>در صفحه بعد می‌توانید نمونه‌هایی از یک دایره صحیح و یک شکل نادرست را ببینید. فقط شکل‌هایی را بشمارید که با نمونه دایره صحیح مطابقت دارند.<br><br>برای شروع هر کلیدی را فشار دهید.","دایره شمارش شده را وارد کنید (۰-۳ را فشار دهید)","خوش آمدید! برای ادامه هر کلیدی را فشار دهید.","Farsi","1536","-267","267","-267","267","154","-154","154","-154"
"6","5000","8","undefined","undefined","undefined","undefined","#1a1a1a","7","psycho","True","psycho","psycho","uniform","undefined","undefined","undefined","0","NA","0","0","42","42","0","0","0","NA","0","42","42","NA","42","42","0","42","0","0","NA","0","42","42","42","42","42","42","0","42","42","42","0","18.477474329225803","Tue Aug 25 14:45:56 2026","1000","The main experiment item","False","V7_AttentionalSpatialBias_.osexp","C:\Users\plcm\Desktop\2026-EyeTracking\group-bayes\Experiment","338.9796999981627","005.png","937.5744000000001","306.64224","True","False","mono","False","18","no","white","no","yes","RTL","937.5744000000001","306.64224","864","7","004.png","005.png","num_4","psycho","Farsi","42","42","C:\Users\plcm\Desktop\2026-EyeTracking\group-bayes\Experiment\subject-66.csv","150","psycho","no","441558.66780004","Neonatal Nightingale","4.1.14","5","5","prime_8","43","RTL","او زمستان را تنها گذراند و فکر می‌کرد زشت‌ترین موجود جهان است. سپس بهار آمد و سرما از بین رفت. یک روز قوهای سفید زیبایی را روی دریاچه دید و به سمتشان شنا کرد، در حالی که می‌ترسید آن‌ها هم او را فراری دهند.","0","num_2","space","num_2","NA","NA","num_2","538.5557999834418","2906.9206999847665","NA","NA","538.5557999834418","2","psycho","5, 2, 6, 4, 3, 1, 4, 2, 5, 1, 6, 3, 5, 1, 3, 6, 4, 2, 1, 5, 4, 2, 3, 6, 2, 4, 3, 1, 5, 6, 5, 6, 1, 3, 2, 4, 5, 1, 3, 4, 2, 6, 5, 1, 2, 4, 3, 6","True","1024","2","48000","-16","experiment","66","even","440.27002070005983","614.0","922.0","699.0","165.0","74680.97900005523","NA","NA","5651.95730002597","440269.9445000617","440270.0001000194","NA","15737.772800028324","51749.291800078936","NA","5652.241999981925","447108.8203000836","440260.86639997084","NA","440542.14869998395","440547.4618000444","17740.368700004183","446561.1934000626","77588.63400004338","NA","NA","78118.28910000622","433193.37810005527","447108.7904999731","446569.6339000715","433193.3085999917","441551.0843000375","441548.1754000066","78118.426800007","433192.94550002087","441551.1344000697","441558.6334000109","15737.852100050077","Attentional Spatial Bias","0","0","0","43","اکنون چشم‌پیما را کالیبره می‌کنیم.<br><br>لطفاً نقطه متحرک را با چشمان خود دنبال کنید و سرتان را ثابت نگه دارید.<br><br>لطفاً منتظر بمانید.","از شرکت شما سپاسگزاریم!<br><br>آزمایش اکنون به پایان رسیده است.<br><br>لطفاً با آزمایشگر تماس بگیرید.","در این آزمایش، شما یک داستان کوتاه را که روی صفحه نمایش داده می‌شود، خواهید خواند.<br><br>لطفاً هر خط را با دقت بخوانید، زیرا در پایان آزمایش چند سؤال در مورد داستان از شما پرسیده خواهد شد.<br><br>پس از هر پاراگراف، یک جفت تصویر خواهید دید. به هر دو تصویر نگاه کنید و تعداد کل دایره‌ها را در دو تصویر بشمارید.<br><br>در صفحه بعد می‌توانید نمونه‌هایی از یک دایره صحیح و یک شکل نادرست را ببینید. فقط شکل‌هایی را بشمارید که با نمونه دایره صحیح مطابقت دارند.<br><br>برای شروع هر کلیدی را فشار دهید.","دایره شمارش شده را وارد کنید (۰-۳ را فشار دهید)","خوش آمدید! برای ادامه هر کلیدی را فشار دهید.","Farsi","1536","-154","154","-154","154","267","-267","267","-267"
"6","5000","8","undefined","undefined","undefined","undefined","#1a1a1a","7","psycho","True","psycho","psycho","uniform","undefined","undefined","undefined","0","NA","0","0","43","43","0","0","0","NA","0","43","43","NA","43","43","0","43","0","0","NA","0","43","43","43","43","43","43","0","43","43","43","0","34.8353247559772","Tue Aug 25 14:45:56 2026","1000","The main experiment item","False","V7_AttentionalSpatialBias_.osexp","C:\Users\plcm\Desktop\2026-EyeTracking\group-bayes\Experiment","257.3909000493586","007.png","930.2016000000001","438.06528000000003","True","False","mono","False","18","no","white","no","yes","RTL","930.2016000000001","438.06528000000003","864","7","006.png","007.png","num_4","psycho","Farsi","43","43","C:\Users\plcm\Desktop\2026-EyeTracking\group-bayes\Experiment\subject-66.csv","150","psycho","no","448275.16900002956","Neonatal Nightingale","4.1.14","1","1","no_prime_trial_44","44","RTL","","0","num_1","space","num_1","NA","NA","num_1","741.7258999776095","2906.9206999847665","NA","NA","741.7258999776095","2","psycho","5, 2, 6, 4, 3, 1, 4, 2, 5, 1, 6, 3, 5, 1, 3, 6, 4, 2, 1, 5, 4, 2, 3, 6, 2, 4, 3, 1, 5, 6, 5, 6, 1, 3, 2, 4, 5, 1, 3, 4, 2, 6, 5, 1, 2, 4, 3, 6","False","1024","2","48000","-16","experiment","66","even","447.25360489997547","460.0","1076.0","432.0","432.0","74680.97900005523","NA","NA","5651.95730002597","447253.42640001327","447253.56590002775","NA","15737.772800028324","51749.291800078936","NA","5652.241999981925","454029.0479999967","447241.51570000686","NA","447258.8662999915","447264.46680002846","17740.368700004183","453276.5948000597","77588.63400004338","NA","NA","78118.28910000622","447241.494600079","454029.01759999804","453286.508899997","447241.44170002546","448268.0712000001","448264.8160000099","78118.426800007","447240.89090002235","448268.1334000081","448275.1280000666","15737.852100050077","Attentional Spatial Bias","0","0","0","44","اکنون چشم‌پیما را کالیبره می‌کنیم.<br><br>لطفاً نقطه متحرک را با چشمان خود دنبال کنید و سرتان را ثابت نگه دارید.<br><br>لطفاً منتظر بمانید.","از شرکت شما سپاسگزاریم!<br><br>آزمایش اکنون به پایان رسیده است.<br><br>لطفاً با آزمایشگر تماس بگیرید.","در این آزمایش، شما یک داستان کوتاه را که روی صفحه نمایش داده می‌شود، خواهید خواند.<br><br>لطفاً هر خط را با دقت بخوانید، زیرا در پایان آزمایش چند سؤال در مورد داستان از شما پرسیده خواهد شد.<br><br>پس از هر پاراگراف، یک جفت تصویر خواهید دید. به هر دو تصویر نگاه کنید و تعداد کل دایره‌ها را در دو تصویر بشمارید.<br><br>در صفحه بعد می‌توانید نمونه‌هایی از یک دایره صحیح و یک شکل نادرست را ببینید. فقط شکل‌هایی را بشمارید که با نمونه دایره صحیح مطابقت دارند.<br><br>برای شروع هر کلیدی را فشار دهید.","دایره شمارش شده را وارد کنید (۰-۳ را فشار دهید)","خوش آمدید! برای ادامه هر کلیدی را فشار دهید.","Farsi","1536","-308","308","-308","308","0","0","0","0"
"6","5000","8","undefined","undefined","undefined","undefined","#1a1a1a","7","psycho","True","psycho","psycho","uniform","undefined","undefined","undefined","0","NA","0","0","44","44","0","0","0","NA","0","44","44","NA","44","44","0","44","0","0","NA","0","44","44","44","44","44","44","0","44","44","44","0","93.97186078089554","Tue Aug 25 14:45:56 2026","1000","The main experiment item","False","V7_AttentionalSpatialBias_.osexp","C:\Users\plcm\Desktop\2026-EyeTracking\group-bayes\Experiment","215.6837999355048","009.png","1005.7267199999999","483.4512","True","False","mono","False","18","no","white","no","yes","RTL","1005.7267199999999","483.4512","864","7","008.png","009.png","num_4","psycho","Farsi","44","44","C:\Users\plcm\Desktop\2026-EyeTracking\group-bayes\Experiment\subject-66.csv","150","psycho","no","455210.1489000488","Neonatal Nightingale","4.1.14","2","2","no_prime_trial_45","45","RTL","","0","num_0","space","num_0","NA","NA","num_0","2231.251399964094","2906.9206999847665","NA","NA","2231.251399964094","2","psycho","5, 2, 6, 4, 3, 1, 4, 2, 5, 1, 6, 3, 5, 1, 3, 6, 4, 2, 1, 5, 4, 2, 3, 6, 2, 4, 3, 1, 5, 6, 5, 6, 1, 3, 2, 4, 5, 1, 3, 4, 2, 6, 5, 1, 2, 4, 3, 6","False","1024","2","48000","-16","experiment","66","even","454.1648788000457","501.0","1035.0","278.0","586.0","74680.97900005523","NA","NA","5651.95730002597","454164.70950003713","454164.8511000676","NA","15737.772800028324","51749.291800078936","NA","5652.241999981925","462452.7613000246","454151.54340001754","NA","454192.61130003724","454197.97750003636","17740.368700004183","460212.51069998834","77588.63400004338","NA","NA","78118.28910000622","454151.52239997406","462452.71580002736","460220.9407000337","454151.4677000232","455201.7311999807","455198.6063000513","78118.426800007","454150.78090003226","455201.7822000198","455210.10839997325","15737.852100050077","Attentional Spatial Bias","0","0","0","45","اکنون چشم‌پیما را کالیبره می‌کنیم.<br><br>لطفاً نقطه متحرک را با چشمان خود دنبال کنید و سرتان را ثابت نگه دارید.<br><br>لطفاً منتظر بمانید.","از شرکت شما سپاسگزاریم!<br><br>آزمایش اکنون به پایان رسیده است.<br><br>لطفاً با آزمایشگر تماس بگیرید.","در این آزمایش، شما یک داستان کوتاه را که روی صفحه نمایش داده می‌شود، خواهید خواند.<br><br>لطفاً هر خط را با دقت بخوانید، زیرا در پایان آزمایش چند سؤال در مورد داستان از شما پرسیده خواهد شد.<br><br>پس از هر پاراگراف، یک جفت تصویر خواهید دید. به هر دو تصویر نگاه کنید و تعداد کل دایره‌ها را در دو تصویر بشمارید.<br><br>در صفحه بعد می‌توانید نمونه‌هایی از یک دایره صحیح و یک شکل نادرست را ببینید. فقط شکل‌هایی را بشمارید که با نمونه دایره صحیح مطابقت دارند.<br><br>برای شروع هر کلیدی را فشار دهید.","دایره شمارش شده را وارد کنید (۰-۳ را فشار دهید)","خوش آمدید! برای ادامه هر کلیدی را فشار دهید.","Farsi","1536","-267","267","-267","267","-154","154","-154","154"
"6","5000","8","undefined","undefined","undefined","undefined","#1a1a1a","7","psycho","True","psycho","psycho","uniform","undefined","undefined","undefined","0","NA","0","0","45","45","0","0","0","NA","0","45","45","NA","45","45","0","45","0","0","NA","0","45","45","45","45","45","45","0","45","45","45","0","66.97459712548931","Tue Aug 25 14:45:56 2026","1000","The main experiment item","False","V7_AttentionalSpatialBias_.osexp","C:\Users\plcm\Desktop\2026-EyeTracking\group-bayes\Experiment","447.43619998916984","011.png","811.36128","632.39616","True","False","mono","False","18","no","white","no","yes","RTL","811.36128","632.39616","864","7","010.png","011.png","num_4","psycho","Farsi","45","45","C:\Users\plcm\Desktop\2026-EyeTracking\group-bayes\Experiment\subject-66.csv","150","psycho","no","463600.2725000726","Neonatal Nightingale","4.1.14","4","4","no_prime_trial_46","46","RTL","","0","num_2","space","num_2","NA","NA","num_2","888.007799978368","2906.9206999847665","NA","NA","888.007799978368","2","psycho","5, 2, 6, 4, 3, 1, 4, 2, 5, 1, 6, 3, 5, 1, 3, 6, 4, 2, 1, 5, 4, 2, 3, 6, 2, 4, 3, 1, 5, 6, 5, 6, 1, 3, 2, 4, 5, 1, 3, 4, 2, 6, 5, 1, 2, 4, 3, 6","False","1024","2","48000","-16","experiment","66","even","462.5758210000349","768.0","768.0","124.0","740.0","74680.97900005523","NA","NA","5651.95730002597","462575.72259998415","462575.7990999846","NA","15737.772800028324","51749.291800078936","NA","5652.241999981925","469501.28650001716","462563.96529998165","NA","462581.1376000056","462586.71870001126","17740.368700004183","468604.0574000217","77588.63400004338","NA","NA","78118.28910000622","462563.93890001345","469501.2263000244","468612.35980002675","462563.8764000032","463590.3198000742","463587.18130004127","78118.426800007","462563.1484000478","463590.3788000578","463600.23740003817","15737.852100050077","Attentional Spatial Bias","0","0","0","46","اکنون چشم‌پیما را کالیبره می‌کنیم.<br><br>لطفاً نقطه متحرک را با چشمان خود دنبال کنید و سرتان را ثابت نگه دارید.<br><br>لطفاً منتظر بمانید.","از شرکت شما سپاسگزاریم!<br><br>آزمایش اکنون به پایان رسیده است.<br><br>لطفاً با آزمایشگر تماس بگیرید.","در این آزمایش، شما یک داستان کوتاه را که روی صفحه نمایش داده می‌شود، خواهید خواند.<br><br>لطفاً هر خط را با دقت بخوانید، زیرا در پایان آزمایش چند سؤال در مورد داستان از شما پرسیده خواهد شد.<br><br>پس از هر پاراگراف، یک جفت تصویر خواهید دید. به هر دو تصویر نگاه کنید و تعداد کل دایره‌ها را در دو تصویر بشمارید.<br><br>در صفحه بعد می‌توانید نمونه‌هایی از یک دایره صحیح و یک شکل نادرست را ببینید. فقط شکل‌هایی را بشمارید که با نمونه دایره صحیح مطابقت دارند.<br><br>برای شروع هر کلیدی را فشار دهید.","دایره شمارش شده را وارد کنید (۰-۳ را فشار دهید)","خوش آمدید! برای ادامه هر کلیدی را فشار دهید.","Farsi","1536","0","0","0","0","-308","308","-308","308"
"6","5000","8","undefined","undefined","undefined","undefined","#1a1a1a","7","psycho","True","psycho","psycho","uniform","undefined","undefined","undefined","0","NA","0","0","46","46","0","0","0","NA","0","46","46","NA","46","46","0","46","0","0","NA","0","46","46","46","46","46","46","0","46","46","46","0","17.783687278222075","Tue Aug 25 14:45:56 2026","1000","The main experiment item","False","V7_AttentionalSpatialBias_.osexp","C:\Users\plcm\Desktop\2026-EyeTracking\group-bayes\Experiment","337.48470002319664","013.png","907.59168","556.6752","True","False","mono","False","18","no","white","no","yes","RTL","907.59168","556.6752","864","7","012.png","013.png","num_4","psycho","Farsi","46","46","C:\Users\plcm\Desktop\2026-EyeTracking\group-bayes\Experiment\subject-66.csv","150","psycho","no","470662.73430001456","Neonatal Nightingale","4.1.14","3","3","no_prime_trial_47","47","RTL","","0","num_1","space","num_1","NA","NA","num_1","443.16519994754344","2906.9206999847665","NA","NA","443.16519994754344","2","psycho","5, 2, 6, 4, 3, 1, 4, 2, 5, 1, 6, 3, 5, 1, 3, 6, 4, 2, 1, 5, 4, 2, 3, 6, 2, 4, 3, 1, 5, 6, 5, 6, 1, 3, 2, 4, 5, 1, 3, 4, 2, 6, 5, 1, 2, 4, 3, 6","False","1024","2","48000","-16","experiment","66","even","469.63888109999243","614.0","922.0","165.0","699.0","74680.97900005523","NA","NA","5651.95730002597","469638.73570004944","469638.85079999454","NA","15737.772800028324","51749.291800078936","NA","5652.241999981925","476116.9938000385","469627.2427000804","NA","469644.484700053","469650.1936999848","17740.368700004183","475664.49760005344","77588.63400004338","NA","NA","78118.28910000622","469627.2194000194","476116.96050001774","475673.0864000274","469627.166600083","470653.5984000657","470650.7767000003","78118.426800007","469626.9024000503","470653.6489999853","470662.69550006837","15737.852100050077","Attentional Spatial Bias","0","0","0","47","اکنون چشم‌پیما را کالیبره می‌کنیم.<br><br>لطفاً نقطه متحرک را با چشمان خود دنبال کنید و سرتان را ثابت نگه دارید.<br><br>لطفاً منتظر بمانید.","از شرکت شما سپاسگزاریم!<br><br>آزمایش اکنون به پایان رسیده است.<br><br>لطفاً با آزمایشگر تماس بگیرید.","در این آزمایش، شما یک داستان کوتاه را که روی صفحه نمایش داده می‌شود، خواهید خواند.<br><br>لطفاً هر خط را با دقت بخوانید، زیرا در پایان آزمایش چند سؤال در مورد داستان از شما پرسیده خواهد شد.<br><br>پس از هر پاراگراف، یک جفت تصویر خواهید دید. به هر دو تصویر نگاه کنید و تعداد کل دایره‌ها را در دو تصویر بشمارید.<br><br>در صفحه بعد می‌توانید نمونه‌هایی از یک دایره صحیح و یک شکل نادرست را ببینید. فقط شکل‌هایی را بشمارید که با نمونه دایره صحیح مطابقت دارند.<br><br>برای شروع هر کلیدی را فشار دهید.","دایره شمارش شده را وارد کنید (۰-۳ را فشار دهید)","خوش آمدید! برای ادامه هر کلیدی را فشار دهید.","Farsi","1536","-154","154","-154","154","-267","267","-267","267"
"6","5000","8","undefined","undefined","undefined","undefined","#1a1a1a","7","psycho","True","psycho","psycho","uniform","undefined","undefined","undefined","0","NA","0","0","47","47","0","0","0","NA","0","47","47","NA","47","47","0","47","0","0","NA","0","47","47","47","47","47","47","0","47","47","47","0","58.415807652600385","Tue Aug 25 14:45:56 2026","1000","The main experiment item","False","V7_AttentionalSpatialBias_.osexp","C:\Users\plcm\Desktop\2026-EyeTracking\group-bayes\Experiment","342.20029995776713","015.png","930.2323200000001","341.41824","True","False","mono","False","18","no","white","no","yes","RTL","930.2323200000001","341.41824","864","7","014.png","015.png","num_4","psycho","Farsi","47","47","C:\Users\plcm\Desktop\2026-EyeTracking\group-bayes\Experiment\subject-66.csv","150","psycho","no","477286.9867000263","Neonatal Nightingale","4.1.14","6","6","no_prime_trial_48","48","RTL","","0","num_1","space","num_1","NA","NA","num_1","1251.0440000332892","2906.9206999847665","NA","NA","1251.0440000332892","2","psycho","5, 2, 6, 4, 3, 1, 4, 2, 5, 1, 6, 3, 5, 1, 3, 6, 4, 2, 1, 5, 4, 2, 3, 6, 2, 4, 3, 1, 5, 6, 5, 6, 1, 3, 2, 4, 5, 1, 3, 4, 2, 6, 5, 1, 2, 4, 3, 6","False","1024","2","48000","-16","experiment","66","even","476.2624357000459","501.0","1035.0","586.0","278.0","74680.97900005523","NA","NA","5651.95730002597","476262.3091000132","476262.4104999704","NA","15737.772800028324","51749.291800078936","NA","5652.241999981925","483549.08130003605","476250.12410001364","NA","476267.8353000665","476274.0227000322","17740.368700004183","482288.877199986","77588.63400004338","NA","NA","78118.28910000622","476250.1031999709","483549.03970006853","482297.2898000153","476250.0466000056","477277.43470005225","477274.12840002216","78118.426800007","476249.529200024","477277.4979000678","477286.952800001","15737.852100050077","Attentional Spatial Bias","0","0","0","48","اکنون چشم‌پیما را کالیبره می‌کنیم.<br><br>لطفاً نقطه متحرک را با چشمان خود دنبال کنید و سرتان را ثابت نگه دارید.<br><br>لطفاً منتظر بمانید.","از شرکت شما سپاسگزاریم!<br><br>آزمایش اکنون به پایان رسیده است.<br><br>لطفاً با آزمایشگر تماس بگیرید.","در این آزمایش، شما یک داستان کوتاه را که روی صفحه نمایش داده می‌شود، خواهید خواند.<br><br>لطفاً هر خط را با دقت بخوانید، زیرا در پایان آزمایش چند سؤال در مورد داستان از شما پرسیده خواهد شد.<br><br>پس از هر پاراگراف، یک جفت تصویر خواهید دید. به هر دو تصویر نگاه کنید و تعداد کل دایره‌ها را در دو تصویر بشمارید.<br><br>در صفحه بعد می‌توانید نمونه‌هایی از یک دایره صحیح و یک شکل نادرست را ببینید. فقط شکل‌هایی را بشمارید که با نمونه دایره صحیح مطابقت دارند.<br><br>برای شروع هر کلیدی را فشار دهید.","دایره شمارش شده را وارد کنید (۰-۳ را فشار دهید)","خوش آمدید! برای ادامه هر کلیدی را فشار دهید.","Farsi","1536","-267","267","-267","267","154","-154","154","-154"
