"BLOCK_SIZE","DEADLINE_MS","NUM_BLOCKS","acc","accuracy","average_response_time","avg_rt","background","block_index","canvas_backend","central_fixation","clock_backend","color_backend","coordinates","correct","correct_Circle","correct_response_prompt","count_Circle","count_calibration_note","count_epilogue","count_experiment","count_fixation","count_fixation_cross_inline_script","count_goodbye","count_init_experiment","count_instructions","count_iti","count_language_selection","count_log_trial","count_new_1_pygaze_log","count_new_1_sketchpad","count_new_2_pygaze_log","count_new_advanced_delay","count_new_pygaze_init","count_new_pygaze_log","count_new_pygaze_start_recording","count_new_pygaze_stop_recording","count_new_sketchpad","count_position_randomization_inline_script","count_prime_display","count_record_response","count_response_prompt","count_set_prime","count_stimulus_display","count_stimulus_positions_inline_script","count_trial_loop","count_trial_sequence","count_trigger_fixation","count_trigger_stimulus","count_welcome","d","datetime","delay_new_advanced_delay","description","disable_garbage_collection","experiment_file","experiment_path","first_fix_rt","first_fix_side","first_fix_x","first_fix_y","fixation_found","font_bold","font_family","font_italic","font_size","font_underline","foreground","form_clicks","fullscreen","group","gx","gy","height","idx","img_left","img_right","key","keyboard_backend","lang","live_row","live_row_trial_loop","logfile","margin","mouse_backend","mouse_simulation","onset","opensesame_codename","opensesame_version","pos","position","prime_condition","prime_index","prime_lang","prime_text","repeat_cycle","response","response_Circle","response_count","response_new_1_sketchpad","response_new_sketchpad","response_response_prompt","response_time","response_time_Circle","response_time_new_1_sketchpad","response_time_new_sketchpad","response_time_response_prompt","round_decimals","sampler_backend","seq","show_prime","sound_buf_size","sound_channels","sound_freq","sound_sample_size","start","subject_nr","subject_parity","t0","target_x_left","target_x_right","target_y_left","target_y_right","time_Circle","time_calibration_note","time_epilogue","time_experiment","time_fixation","time_fixation_cross_inline_script","time_goodbye","time_init_experiment","time_instructions","time_iti","time_language_selection","time_log_trial","time_new_1_pygaze_log","time_new_1_sketchpad","time_new_2_pygaze_log","time_new_advanced_delay","time_new_pygaze_init","time_new_pygaze_log","time_new_pygaze_start_recording","time_new_pygaze_stop_recording","time_new_sketchpad","time_position_randomization_inline_script","time_prime_display","time_record_response","time_response_prompt","time_set_prime","time_stimulus_display","time_stimulus_positions_inline_script","time_trial_loop","time_trial_sequence","time_trigger_fixation","time_trigger_stimulus","time_welcome","title","total_correct","total_response_time","total_responses","trial_nr","txt_calibration","txt_goodbye","txt_instructions","txt_response_prompt","txt_welcome","ui_language","width","xL","xR","x_left","x_right","yL","yR","y_left","y_right"
"6","5000","8","undefined","undefined","undefined","undefined","#1a1a1a","0","psycho","True","psycho","psycho","uniform","undefined","undefined","undefined","0","NA","0","0","0","0","0","0","0","NA","0","0","0","NA","0","0","0","0","0","0","NA","0","0","0","0","0","0","0","0","0","0","0","0","69.59424148315718","Wed Aug 26 16:07:00 2026","1000","The main experiment item","False","V7_AttentionalSpatialBias_ (1).osexp","C:\Users\plcm\Downloads","356.29380005411804","001.png","857.41056","272.61791999999997","True","False","mono","False","18","no","white","no","yes","RTL","857.41056","272.61791999999997","864","0","000.png","001.png","num_4","psycho","Farsi","0","0","C:\Users\plcm\Downloads\subject-111.csv","150","psycho","no","196504.18029993307","Neonatal Nightingale","4.1.14","5","5","prime_1","1","RTL","تو یک مزرعه آفتابی، یک مادر اردک منتظر بود تا تخم‌هایش بشکنند. تخم‌ها یکی یکی شکستند و جوجه‌اردک‌های زرد و پفکی از آن‌ها بیرون آمدند. اما یک تخم که بزرگ‌تر بود شکستنش بیشتر طول کشید.","0","num_2","space","num_2","NA","NA","num_2","9275.076400022954","28778.31470000092","NA","NA","9275.076400022954","2","psycho","5,6,1,4,3,2,6,1,3,2,5,4,3,5,1,2,4,6,5,1,2,3,6,4,5,2,1,4,3,6,3,1,5,4,2,6,3,6,2,1,5,4,6,1,5,2,4,3","True","1024","2","48000","-16","experiment","111","odd","195.19603209989145","614.0","922.0","699.0","165.0","130350.08989996277","NA","NA","4474.118399899453","195195.94879995566","195196.01139996666","NA","6393.3858999516815","104449.57439997233","NA","4474.325599963777","210809.18769992422","195177.11149994284","NA","195480.5954999756","195493.78969997633","8304.935299907811","201509.64949990157","159129.24609996844","NA","NA","159671.24299996067","159779.4357999228","210809.1289999429","201533.26039994135","159779.2903999798","196496.77849991713","196493.957699975","159671.42499994952","159778.4176999703","196496.82789994404","196504.148399923","6393.456699908711","Attentional Spatial Bias","0","0","0","1","اکنون چشم‌پیما را کالیبره می‌کنیم.<br><br>لطفاً نقطه متحرک را با چشمان خود دنبال کنید و سرتان را ثابت نگه دارید.<br><br>لطفاً منتظر بمانید.","از شرکت شما سپاسگزاریم!<br><br>آزمایش اکنون به پایان رسیده است.<br><br>لطفاً با آزمایشگر تماس بگیرید.","در این آزمایش، شما یک داستان کوتاه را که روی صفحه نمایش داده می‌شود، خواهید خواند.<br><br>لطفاً هر خط را با دقت بخوانید، زیرا در پایان آزمایش چند سؤال در مورد داستان از شما پرسیده خواهد شد.<br><br>پس از هر پاراگراف، یک جفت تصویر خواهید دید. به هر دو تصویر نگاه کنید و تعداد کل دایره‌ها را در دو تصویر بشمارید.<br><br>در صفحه بعد می‌توانید نمونه‌هایی از یک دایره صحیح و یک شکل نادرست را ببینید. فقط شکل‌هایی را بشمارید که با نمونه دایره صحیح مطابقت دارند.<br><br>برای شروع هر کلیدی را فشار دهید.","دایره شمارش شده را وارد کنید (۰-۳ را فشار دهید)","خوش آمدید! برای ادامه هر کلیدی را فشار دهید.","Farsi","1536","-154","154","-154","154","267","-267","267","-267"
"6","5000","8","undefined","undefined","undefined","undefined","#1a1a1a","0","psycho","True","psycho","psycho","uniform","undefined","undefined","undefined","0","NA","0","0","1","1","0","0","0","NA","0","1","1","NA","1","1","0","1","0","0","NA","0","1","1","1","1","1","1","0","1","1","1","0","59.40808042396927","Wed Aug 26 16:07:00 2026","1000","The main experiment item","False","V7_AttentionalSpatialBias_ (1).osexp","C:\Users\plcm\Downloads","305.7221000781283","003.png","930.57024","308.45664","True","False","mono","False","18","no","white","no","yes","RTL","930.57024","308.45664","864","0","002.png","003.png","num_4","psycho","Farsi","1","1","C:\Users\plcm\Downloads\subject-111.csv","150","psycho","no","211963.90719991177","Neonatal Nightingale","4.1.14","6","6","no_prime_trial_2","2","RTL","","0","num_0","space","num_0","NA","NA","num_0","10406.797599978745","28778.31470000092","NA","NA","10406.797599978745","2","psycho","5, 6, 1, 4, 3, 2, 6, 1, 3, 2, 5, 4, 3, 5, 1, 2, 4, 6, 5, 1, 2, 3, 6, 4, 5, 2, 1, 4, 3, 6, 3, 1, 5, 4, 2, 6, 3, 6, 2, 1, 5, 4, 6, 1, 5, 2, 4, 3","False","1024","2","48000","-16","experiment","111","odd","210.93868659995496","501.0","1035.0","586.0","278.0","130350.08989996277","NA","NA","4474.118399899453","210938.5371999815","210938.6587999761","NA","6393.3858999516815","104449.57439997233","NA","4474.325599963777","227384.83949995134","210925.5903000012","NA","210944.0635999199","210949.70949995331","8304.935299907811","216967.58099994622","159129.24609996844","NA","NA","159671.24299996067","210925.56849995162","227384.79529996403","216977.50879998785","210925.5146998912","211952.74819992483","211949.76739992853","159671.42499994952","210924.66449993663","211952.8090999229","211963.87360000517","6393.456699908711","Attentional Spatial Bias","0","0","0","2","اکنون چشم‌پیما را کالیبره می‌کنیم.<br><br>لطفاً نقطه متحرک را با چشمان خود دنبال کنید و سرتان را ثابت نگه دارید.<br><br>لطفاً منتظر بمانید.","از شرکت شما سپاسگزاریم!<br><br>آزمایش اکنون به پایان رسیده است.<br><br>لطفاً با آزمایشگر تماس بگیرید.","در این آزمایش، شما یک داستان کوتاه را که روی صفحه نمایش داده می‌شود، خواهید خواند.<br><br>لطفاً هر خط را با دقت بخوانید، زیرا در پایان آزمایش چند سؤال در مورد داستان از شما پرسیده خواهد شد.<br><br>پس از هر پاراگراف، یک جفت تصویر خواهید دید. به هر دو تصویر نگاه کنید و تعداد کل دایره‌ها را در دو تصویر بشمارید.<br><br>در صفحه بعد می‌توانید نمونه‌هایی از یک دایره صحیح و یک شکل نادرست را ببینید. فقط شکل‌هایی را بشمارید که با نمونه دایره صحیح مطابقت دارند.<br><br>برای شروع هر کلیدی را فشار دهید.","دایره شمارش شده را وارد کنید (۰-۳ را فشار دهید)","خوش آمدید! برای ادامه هر کلیدی را فشار دهید.","Farsi","1536","-267","267","-267","267","154","-154","154","-154"
"6","5000","8","undefined","undefined","undefined","undefined","#1a1a1a","0","psycho","True","psycho","psycho","uniform","undefined","undefined","undefined","0","NA","0","0","2","2","0","0","0","NA","0","2","2","NA","2","2","0","2","0","0","NA","0","2","2","2","2","2","2","0","2","2","2","0","18.76987011449997","Wed Aug 26 16:07:00 2026","1000","The main experiment item","False","V7_AttentionalSpatialBias_ (1).osexp","C:\Users\plcm\Downloads","240.17169990111142","005.png","947.1129599999999","369.02304","True","False","mono","False","18","no","white","no","yes","RTL","947.1129599999999","369.02304","864","0","004.png","005.png","num_4","psycho","Farsi","2","2","C:\Users\plcm\Downloads\subject-111.csv","150","psycho","no","228549.7944999952","Neonatal Nightingale","4.1.14","1","1","no_prime_trial_3","3","RTL","","0","num_2","space","num_2","NA","NA","num_2","2049.3850000202656","28778.31470000092","NA","NA","2049.3850000202656","2","psycho","5, 6, 1, 4, 3, 2, 6, 1, 3, 2, 5, 4, 3, 5, 1, 2, 4, 6, 5, 1, 2, 3, 6, 4, 5, 2, 1, 4, 3, 6, 3, 1, 5, 4, 2, 6, 3, 6, 2, 1, 5, 4, 6, 1, 5, 2, 4, 3","False","1024","2","48000","-16","experiment","111","odd","227.52606889989693","460.0","1076.0","432.0","432.0","130350.08989996277","NA","NA","4474.118399899453","227525.8987999987","227526.03389997967","NA","6393.3858999516815","104449.57439997233","NA","4474.325599963777","235609.2556999065","227514.50359995943","NA","227531.73659997992","227536.93099995144","8304.935299907811","233551.80479993578","159129.24609996844","NA","NA","159671.24299996067","227514.48159990832","235609.22449990176","233558.9395998977","227514.4244999392","228540.60209996533","228537.09339990746","159671.42499994952","227514.09749989398","228540.6688998919","228549.75449992344","6393.456699908711","Attentional Spatial Bias","0","0","0","3","اکنون چشم‌پیما را کالیبره می‌کنیم.<br><br>لطفاً نقطه متحرک را با چشمان خود دنبال کنید و سرتان را ثابت نگه دارید.<br><br>لطفاً منتظر بمانید.","از شرکت شما سپاسگزاریم!<br><br>آزمایش اکنون به پایان رسیده است.<br><br>لطفاً با آزمایشگر تماس بگیرید.","در این آزمایش، شما یک داستان کوتاه را که روی صفحه نمایش داده می‌شود، خواهید خواند.<br><br>لطفاً هر خط را با دقت بخوانید، زیرا در پایان آزمایش چند سؤال در مورد داستان از شما پرسیده خواهد شد.<br><br>پس از هر پاراگراف، یک جفت تصویر خواهید دید. به هر دو تصویر نگاه کنید و تعداد کل دایره‌ها را در دو تصویر بشمارید.<br><br>در صفحه بعد می‌توانید نمونه‌هایی از یک دایره صحیح و یک شکل نادرست را ببینید. فقط شکل‌هایی را بشمارید که با نمونه دایره صحیح مطابقت دارند.<br><br>برای شروع هر کلیدی را فشار دهید.","دایره شمارش شده را وارد کنید (۰-۳ را فشار دهید)","خوش آمدید! برای ادامه هر کلیدی را فشار دهید.","Farsi","1536","-308","308","-308","308","0","0","0","0"
"6","5000","8","undefined","undefined","undefined","undefined","#1a1a1a","0","psycho","True","psycho","psycho","uniform","undefined","undefined","undefined","0","NA","0","0","3","3","0","0","0","NA","0","3","3","NA","3","3","0","3","0","0","NA","0","3","3","3","3","3","3","0","3","3","3","0","23.975818858174627","Wed Aug 26 16:07:00 2026","1000","The main experiment item","False","V7_AttentionalSpatialBias_ (1).osexp","C:\Users\plcm\Downloads","208.44600000418723","006.png","743.97696","200.07648","True","False","mono","False","18","no","white","no","yes","RTL","743.97696","200.07648","864","0","006.png","007.png","num_4","psycho","Farsi","3","3","C:\Users\plcm\Downloads\subject-111.csv","150","psycho","no","237086.39239997137","Neonatal Nightingale","4.1.14","4","4","no_prime_trial_4","4","RTL","","0","num_2","space","num_2","NA","NA","num_2","1862.6192000228912","28778.31470000092","NA","NA","1862.6192000228912","2","psycho","5, 6, 1, 4, 3, 2, 6, 1, 3, 2, 5, 4, 3, 5, 1, 2, 4, 6, 5, 1, 2, 3, 6, 4, 5, 2, 1, 4, 3, 6, 3, 1, 5, 4, 2, 6, 3, 6, 2, 1, 5, 4, 6, 1, 5, 2, 4, 3","False","1024","2","48000","-16","experiment","111","odd","235.78104029991664","768.0","768.0","124.0","740.0","130350.08989996277","NA","NA","4474.118399899453","235780.94859991688","235781.0170999728","NA","6393.3858999516815","104449.57439997233","NA","4474.325599963777","243961.2838999601","235768.04309990257","NA","236070.52939990535","236075.98289998714","8304.935299907811","242089.92830000352","159129.24609996844","NA","NA","159671.24299996067","235768.0207999656","243961.2541999668","242097.79069991782","235767.97179994173","237079.1132999584","237076.1161999544","159671.42499994952","235767.49899995048","237079.16589989327","237086.36349998415","6393.456699908711","Attentional Spatial Bias","0","0","0","4","اکنون چشم‌پیما را کالیبره می‌کنیم.<br><br>لطفاً نقطه متحرک را با چشمان خود دنبال کنید و سرتان را ثابت نگه دارید.<br><br>لطفاً منتظر بمانید.","از شرکت شما سپاسگزاریم!<br><br>آزمایش اکنون به پایان رسیده است.<br><br>لطفاً با آزمایشگر تماس بگیرید.","در این آزمایش، شما یک داستان کوتاه را که روی صفحه نمایش داده می‌شود، خواهید خواند.<br><br>لطفاً هر خط را با دقت بخوانید، زیرا در پایان آزمایش چند سؤال در مورد داستان از شما پرسیده خواهد شد.<br><br>پس از هر پاراگراف، یک جفت تصویر خواهید دید. به هر دو تصویر نگاه کنید و تعداد کل دایره‌ها را در دو تصویر بشمارید.<br><br>در صفحه بعد می‌توانید نمونه‌هایی از یک دایره صحیح و یک شکل نادرست را ببینید. فقط شکل‌هایی را بشمارید که با نمونه دایره صحیح مطابقت دارند.<br><br>برای شروع هر کلیدی را فشار دهید.","دایره شمارش شده را وارد کنید (۰-۳ را فشار دهید)","خوش آمدید! برای ادامه هر کلیدی را فشار دهید.","Farsi","1536","0","0","0","0","-308","308","-308","308"
"6","5000","8","undefined","undefined","undefined","undefined","#1a1a1a","0","psycho","True","psycho","psycho","uniform","undefined","undefined","undefined","0","NA","0","0","4","4","0","0","0","NA","0","4","4","NA","4","4","0","4","0","0","NA","0","4","4","4","4","4","4","0","4","4","4","0","78.60449052601514","Wed Aug 26 16:07:00 2026","1000","The main experiment item","False","V7_AttentionalSpatialBias_ (1).osexp","C:\Users\plcm\Downloads","217.06840000115335","008.png","684.9331199999999","292.09247999999997","True","False","mono","False","18","no","white","no","yes","RTL","684.9331199999999","292.09247999999997","864","0","008.png","009.png","num_4","psycho","Farsi","4","4","C:\Users\plcm\Downloads\subject-111.csv","150","psycho","no","245440.79009990674","Neonatal Nightingale","4.1.14","3","3","no_prime_trial_5","5","RTL","","0","num_0","space","num_0","NA","NA","num_0","1673.971900017932","28778.31470000092","NA","NA","1673.971900017932","2","psycho","5, 6, 1, 4, 3, 2, 6, 1, 3, 2, 5, 4, 3, 5, 1, 2, 4, 6, 5, 1, 2, 3, 6, 4, 5, 2, 1, 4, 3, 6, 3, 1, 5, 4, 2, 6, 3, 6, 2, 1, 5, 4, 6, 1, 5, 2, 4, 3","False","1024","2","48000","-16","experiment","111","odd","244.10503449989483","614.0","922.0","165.0","699.0","130350.08989996277","NA","NA","4474.118399899453","244104.8649000004","244104.9972999608","NA","6393.3858999516815","104449.57439997233","NA","4474.325599963777","252129.05150000006","244093.95869995933","NA","244417.3676999053","244423.27409994323","8304.935299907811","250446.16479997057","159129.24609996844","NA","NA","159671.24299996067","244093.9382999204","252129.0148999542","250454.39799991436","244093.8870999962","245430.65829994157","245423.82299993187","159671.42499994952","244093.0542999413","245430.7273000013","245440.75379997957","6393.456699908711","Attentional Spatial Bias","0","0","0","5","اکنون چشم‌پیما را کالیبره می‌کنیم.<br><br>لطفاً نقطه متحرک را با چشمان خود دنبال کنید و سرتان را ثابت نگه دارید.<br><br>لطفاً منتظر بمانید.","از شرکت شما سپاسگزاریم!<br><br>آزمایش اکنون به پایان رسیده است.<br><br>لطفاً با آزمایشگر تماس بگیرید.","در این آزمایش، شما یک داستان کوتاه را که روی صفحه نمایش داده می‌شود، خواهید خواند.<br><br>لطفاً هر خط را با دقت بخوانید، زیرا در پایان آزمایش چند سؤال در مورد داستان از شما پرسیده خواهد شد.<br><br>پس از هر پاراگراف، یک جفت تصویر خواهید دید. به هر دو تصویر نگاه کنید و تعداد کل دایره‌ها را در دو تصویر بشمارید.<br><br>در صفحه بعد می‌توانید نمونه‌هایی از یک دایره صحیح و یک شکل نادرست را ببینید. فقط شکل‌هایی را بشمارید که با نمونه دایره صحیح مطابقت دارند.<br><br>برای شروع هر کلیدی را فشار دهید.","دایره شمارش شده را وارد کنید (۰-۳ را فشار دهید)","خوش آمدید! برای ادامه هر کلیدی را فشار دهید.","Farsi","1536","-154","154","-154","154","-267","267","-267","267"
"6","5000","8","undefined","undefined","undefined","undefined","#1a1a1a","0","psycho","True","psycho","psycho","uniform","undefined","undefined","undefined","0","NA","0","0","5","5","0","0","0","NA","0","5","5","NA","5","5","0","5","0","0","NA","0","5","5","5","5","5","5","0","5","5","5","0","75.98823584706254","Wed Aug 26 16:07:00 2026","1000","The main experiment item","False","V7_AttentionalSpatialBias_ (1).osexp","C:\Users\plcm\Downloads","213.85669999290258","010.png","612.5721599999999","315.92159999999996","True","False","mono","False","18","no","white","no","yes","RTL","612.5721599999999","315.92159999999996","864","0","010.png","011.png","num_4","psycho","Farsi","5","5","C:\Users\plcm\Downloads\subject-111.csv","150","psycho","no","253553.6390999332","Neonatal Nightingale","4.1.14","2","2","no_prime_trial_6","6","RTL","","0","num_2","space","num_2","NA","NA","num_2","1563.4560999460518","28778.31470000092","NA","NA","1563.4560999460518","2","psycho","5, 6, 1, 4, 3, 2, 6, 1, 3, 2, 5, 4, 3, 5, 1, 2, 4, 6, 5, 1, 2, 3, 6, 4, 5, 2, 1, 4, 3, 6, 3, 1, 5, 4, 2, 6, 3, 6, 2, 1, 5, 4, 6, 1, 5, 2, 4, 3","False","1024","2","48000","-16","experiment","111","odd","252.26238639990333","501.0","1035.0","278.0","586.0","130350.08989996277","NA","NA","4474.118399899453","252262.2107999632","252262.35249999445","NA","6393.3858999516815","104449.57439997233","NA","4474.325599963777","260129.4435999589","252250.1101999078","NA","252535.03999998793","252540.80079996493","8304.935299907811","258556.55609990936","159129.24609996844","NA","NA","159671.24299996067","252250.08519995026","260129.41259995569","258565.0349999778","252250.0273999758","253544.43859995808","253541.2784999935","159671.42499994952","252249.77559992112","253544.50229997747","253553.579099942","6393.456699908711","Attentional Spatial Bias","0","0","0","6","اکنون چشم‌پیما را کالیبره می‌کنیم.<br><br>لطفاً نقطه متحرک را با چشمان خود دنبال کنید و سرتان را ثابت نگه دارید.<br><br>لطفاً منتظر بمانید.","از شرکت شما سپاسگزاریم!<br><br>آزمایش اکنون به پایان رسیده است.<br><br>لطفاً با آزمایشگر تماس بگیرید.","در این آزمایش، شما یک داستان کوتاه را که روی صفحه نمایش داده می‌شود، خواهید خواند.<br><br>لطفاً هر خط را با دقت بخوانید، زیرا در پایان آزمایش چند سؤال در مورد داستان از شما پرسیده خواهد شد.<br><br>پس از هر پاراگراف، یک جفت تصویر خواهید دید. به هر دو تصویر نگاه کنید و تعداد کل دایره‌ها را در دو تصویر بشمارید.<br><br>در صفحه بعد می‌توانید نمونه‌هایی از یک دایره صحیح و یک شکل نادرست را ببینید. فقط شکل‌هایی را بشمارید که با نمونه دایره صحیح مطابقت دارند.<br><br>برای شروع هر کلیدی را فشار دهید.","دایره شمارش شده را وارد کنید (۰-۳ را فشار دهید)","خوش آمدید! برای ادامه هر کلیدی را فشار دهید.","Farsi","1536","-267","267","-267","267","-154","154","-154","154"
"6","5000","8","undefined","undefined","undefined","undefined","#1a1a1a","1","psycho","True","psycho","psycho","uniform","undefined","undefined","undefined","0","NA","0","0","6","6","0","0","0","NA","0","6","6","NA","6","6","0","6","0","0","NA","0","6","6","6","6","6","6","0","6","6","6","0","93.95141546194179","Wed Aug 26 16:07:00 2026","1000","The main experiment item","False","V7_AttentionalSpatialBias_ (1).osexp","C:\Users\plcm\Downloads","263.1022999994457","012.png","610.28352","505.0944","True","False","mono","False","18","no","white","no","yes","RTL","610.28352","505.0944","864","1","012.png","013.png","num_4","psycho","Farsi","6","6","C:\Users\plcm\Downloads\subject-111.csv","150","psycho","no","284219.83699989505","Neonatal Nightingale","4.1.14","6","6","prime_2","7","RTL","از آخرین تخم، یک پرنده بزرگ خاکستری بیرون آمد. او از بقیه متفاوت به نظر می‌رسید. جوجه‌اردک‌‌ها به او خندیدند و او را جوجه‌اردک زشت صدا کردند. او که غمگین و تنها بود، از مزرعه فرار کرد.","0","num_1","space","num_1","NA","NA","num_1","1609.3412999762222","28778.31470000092","NA","NA","1609.3412999762222","2","psycho","5, 6, 1, 4, 3, 2, 6, 1, 3, 2, 5, 4, 3, 5, 1, 2, 4, 6, 5, 1, 2, 3, 6, 4, 5, 2, 1, 4, 3, 6, 3, 1, 5, 4, 2, 6, 3, 6, 2, 1, 5, 4, 6, 1, 5, 2, 4, 3","True","1024","2","48000","-16","experiment","111","odd","283.1899576999713","501.0","1035.0","586.0","278.0","130350.08989996277","NA","NA","4474.118399899453","283189.8620999418","283189.93319990113","NA","6393.3858999516815","104449.57439997233","NA","4474.325599963777","290841.1707999185","283176.8957999302","NA","283200.8400999475","283206.55579993036","8304.935299907811","289222.9219999863","159129.24609996844","NA","NA","159671.24299996067","260273.18509994075","290841.139899916","289231.1913999729","260273.13180000056","284210.6042999076","284206.82099997066","159671.42499994952","260272.4327999167","284210.6657999102","284219.8024999816","6393.456699908711","Attentional Spatial Bias","0","0","0","7","اکنون چشم‌پیما را کالیبره می‌کنیم.<br><br>لطفاً نقطه متحرک را با چشمان خود دنبال کنید و سرتان را ثابت نگه دارید.<br><br>لطفاً منتظر بمانید.","از شرکت شما سپاسگزاریم!<br><br>آزمایش اکنون به پایان رسیده است.<br><br>لطفاً با آزمایشگر تماس بگیرید.","در این آزمایش، شما یک داستان کوتاه را که روی صفحه نمایش داده می‌شود، خواهید خواند.<br><br>لطفاً هر خط را با دقت بخوانید، زیرا در پایان آزمایش چند سؤال در مورد داستان از شما پرسیده خواهد شد.<br><br>پس از هر پاراگراف، یک جفت تصویر خواهید دید. به هر دو تصویر نگاه کنید و تعداد کل دایره‌ها را در دو تصویر بشمارید.<br><br>در صفحه بعد می‌توانید نمونه‌هایی از یک دایره صحیح و یک شکل نادرست را ببینید. فقط شکل‌هایی را بشمارید که با نمونه دایره صحیح مطابقت دارند.<br><br>برای شروع هر کلیدی را فشار دهید.","دایره شمارش شده را وارد کنید (۰-۳ را فشار دهید)","خوش آمدید! برای ادامه هر کلیدی را فشار دهید.","Farsi","1536","-267","267","-267","267","154","-154","154","-154"
"6","5000","8","undefined","undefined","undefined","undefined","#1a1a1a","1","psycho","True","psycho","psycho","uniform","undefined","undefined","undefined","0","NA","0","0","7","7","0","0","0","NA","0","7","7","NA","7","7","0","7","0","0","NA","0","7","7","7","7","7","7","0","7","7","7","0","91.70142021432821","Wed Aug 26 16:07:00 2026","1000","The main experiment item","False","V7_AttentionalSpatialBias_ (1).osexp","C:\Users\plcm\Downloads","230.6700999615714","014.png","598.64064","397.57824","True","False","mono","False","18","no","white","no","yes","RTL","598.64064","397.57824","864","1","014.png","015.png","num_4","psycho","Farsi","7","7","C:\Users\plcm\Downloads\subject-111.csv","150","psycho","no","292046.5479999548","Neonatal Nightingale","4.1.14","1","1","no_prime_trial_8","8","RTL","","0","num_1","space","num_1","NA","NA","num_1","1876.7607000190765","28778.31470000092","NA","NA","1876.7607000190765","2","psycho","5, 6, 1, 4, 3, 2, 6, 1, 3, 2, 5, 4, 3, 5, 1, 2, 4, 6, 5, 1, 2, 3, 6, 4, 5, 2, 1, 4, 3, 6, 3, 1, 5, 4, 2, 6, 3, 6, 2, 1, 5, 4, 6, 1, 5, 2, 4, 3","False","1024","2","48000","-16","experiment","111","odd","290.9962336999597","460.0","1076.0","432.0","432.0","130350.08989996277","NA","NA","4474.118399899453","290996.1353999097","290996.21339992154","NA","6393.3858999516815","104449.57439997233","NA","4474.325599963777","298937.21989996266","290982.90499998257","NA","291028.3477999037","291033.9450999163","8304.935299907811","297050.92309997417","159129.24609996844","NA","NA","159671.24299996067","290982.8751999885","298937.18029989395","297059.6808999544","290982.80279990286","292037.28519997094","292034.1730999062","159671.42499994952","290981.5732999705","292037.33869991265","292046.5007999446","6393.456699908711","Attentional Spatial Bias","0","0","0","8","اکنون چشم‌پیما را کالیبره می‌کنیم.<br><br>لطفاً نقطه متحرک را با چشمان خود دنبال کنید و سرتان را ثابت نگه دارید.<br><br>لطفاً منتظر بمانید.","از شرکت شما سپاسگزاریم!<br><br>آزمایش اکنون به پایان رسیده است.<br><br>لطفاً با آزمایشگر تماس بگیرید.","در این آزمایش، شما یک داستان کوتاه را که روی صفحه نمایش داده می‌شود، خواهید خواند.<br><br>لطفاً هر خط را با دقت بخوانید، زیرا در پایان آزمایش چند سؤال در مورد داستان از شما پرسیده خواهد شد.<br><br>پس از هر پاراگراف، یک جفت تصویر خواهید دید. به هر دو تصویر نگاه کنید و تعداد کل دایره‌ها را در دو تصویر بشمارید.<br><br>در صفحه بعد می‌توانید نمونه‌هایی از یک دایره صحیح و یک شکل نادرست را ببینید. فقط شکل‌هایی را بشمارید که با نمونه دایره صحیح مطابقت دارند.<br><br>برای شروع هر کلیدی را فشار دهید.","دایره شمارش شده را وارد کنید (۰-۳ را فشار دهید)","خوش آمدید! برای ادامه هر کلیدی را فشار دهید.","Farsi","1536","-308","308","-308","308","0","0","0","0"
"6","5000","8","undefined","undefined","undefined","undefined","#1a1a1a","1","psycho","True","psycho","psycho","uniform","undefined","undefined","undefined","0","NA","0","0","8","8","0","0","0","NA","0","8","8","NA","8","8","0","8","0","0","NA","0","8","8","8","8","8","8","0","8","8","8","0","50.81894939551586","Wed Aug 26 16:07:00 2026","1000","The main experiment item","False","V7_AttentionalSpatialBias_ (1).osexp","C:\Users\plcm\Downloads","252.15600000228733","000.png","670.21824","228.82176","True","False","mono","False","18","no","white","no","yes","RTL","670.21824","228.82176","864","1","000.png","001.png","num_4","psycho","Farsi","8","8","C:\Users\plcm\Downloads\subject-111.csv","150","psycho","no","300094.93069991004","Neonatal Nightingale","4.1.14","3","3","no_prime_trial_9","9","RTL","","0","num_2","space","num_2","NA","NA","num_2","1532.1248000254855","28778.31470000092","NA","NA","1532.1248000254855","2","psycho","5, 6, 1, 4, 3, 2, 6, 1, 3, 2, 5, 4, 3, 5, 1, 2, 4, 6, 5, 1, 2, 3, 6, 4, 5, 2, 1, 4, 3, 6, 3, 1, 5, 4, 2, 6, 3, 6, 2, 1, 5, 4, 6, 1, 5, 2, 4, 3","False","1024","2","48000","-16","experiment","111","odd","299.0667924999725","614.0","922.0","165.0","699.0","130350.08989996277","NA","NA","4474.118399899453","299066.6119999951","299066.75739993807","NA","6393.3858999516815","104449.57439997233","NA","4474.325599963777","306641.4777999744","299053.06259996723","NA","299072.4314999534","299078.18259997293","8304.935299907811","305100.52479989827","159129.24609996844","NA","NA","159671.24299996067","299053.04189992603","306641.4433999453","305108.42199996114","299052.9860999668","300082.46469998267","300078.6403999664","159671.42499994952","299052.14980000164","300082.54569990095","300094.8914999608","6393.456699908711","Attentional Spatial Bias","0","0","0","9","اکنون چشم‌پیما را کالیبره می‌کنیم.<br><br>لطفاً نقطه متحرک را با چشمان خود دنبال کنید و سرتان را ثابت نگه دارید.<br><br>لطفاً منتظر بمانید.","از شرکت شما سپاسگزاریم!<br><br>آزمایش اکنون به پایان رسیده است.<br><br>لطفاً با آزمایشگر تماس بگیرید.","در این آزمایش، شما یک داستان کوتاه را که روی صفحه نمایش داده می‌شود، خواهید خواند.<br><br>لطفاً هر خط را با دقت بخوانید، زیرا در پایان آزمایش چند سؤال در مورد داستان از شما پرسیده خواهد شد.<br><br>پس از هر پاراگراف، یک جفت تصویر خواهید دید. به هر دو تصویر نگاه کنید و تعداد کل دایره‌ها را در دو تصویر بشمارید.<br><br>در صفحه بعد می‌توانید نمونه‌هایی از یک دایره صحیح و یک شکل نادرست را ببینید. فقط شکل‌هایی را بشمارید که با نمونه دایره صحیح مطابقت دارند.<br><br>برای شروع هر کلیدی را فشار دهید.","دایره شمارش شده را وارد کنید (۰-۳ را فشار دهید)","خوش آمدید! برای ادامه هر کلیدی را فشار دهید.","Farsi","1536","-154","154","-154","154","-267","267","-267","267"
"6","5000","8","undefined","undefined","undefined","undefined","#1a1a1a","1","psycho","True","psycho","psycho","uniform","undefined","undefined","undefined","0","NA","0","0","9","9","0","0","0","NA","0","9","9","NA","9","9","0","9","0","0","NA","0","9","9","9","9","9","9","0","9","9","9","0","98.75646011911127","Wed Aug 26 16:07:00 2026","1000","The main experiment item","False","V7_AttentionalSpatialBias_ (1).osexp","C:\Users\plcm\Downloads","219.8094999184832","002.png","573.3888000000001","293.0256","True","False","mono","False","18","no","white","no","yes","RTL","573.3888000000001","293.0256","864","1","002.png","003.png","num_4","psycho","Farsi","9","9","C:\Users\plcm\Downloads\subject-111.csv","150","psycho","no","308104.37209997326","Neonatal Nightingale","4.1.14","2","2","no_prime_trial_10","10","RTL","","0","num_2","space","num_2","NA","NA","num_2","1907.1453999495134","28778.31470000092","NA","NA","1907.1453999495134","2","psycho","5, 6, 1, 4, 3, 2, 6, 1, 3, 2, 5, 4, 3, 5, 1, 2, 4, 6, 5, 1, 2, 3, 6, 4, 5, 2, 1, 4, 3, 6, 3, 1, 5, 4, 2, 6, 3, 6, 2, 1, 5, 4, 6, 1, 5, 2, 4, 3","False","1024","2","48000","-16","experiment","111","odd","306.7712113999296","501.0","1035.0","278.0","586.0","130350.08989996277","NA","NA","4474.118399899453","306771.0925999563","306771.1875999812","NA","6393.3858999516815","104449.57439997233","NA","4474.325599963777","315025.6260999013","306755.9922999935","NA","307082.49399997294","307088.9436999569","8304.935299907811","313105.1964999642","159129.24609996844","NA","NA","159671.24299996067","306755.9718999546","315025.5703999428","313117.3046999611","306755.91409998015","308093.4445000021","308089.50649993494","159671.42499994952","306755.3873999277","308093.5383999022","308104.32839998975","6393.456699908711","Attentional Spatial Bias","0","0","0","10","اکنون چشم‌پیما را کالیبره می‌کنیم.<br><br>لطفاً نقطه متحرک را با چشمان خود دنبال کنید و سرتان را ثابت نگه دارید.<br><br>لطفاً منتظر بمانید.","از شرکت شما سپاسگزاریم!<br><br>آزمایش اکنون به پایان رسیده است.<br><br>لطفاً با آزمایشگر تماس بگیرید.","در این آزمایش، شما یک داستان کوتاه را که روی صفحه نمایش داده می‌شود، خواهید خواند.<br><br>لطفاً هر خط را با دقت بخوانید، زیرا در پایان آزمایش چند سؤال در مورد داستان از شما پرسیده خواهد شد.<br><br>پس از هر پاراگراف، یک جفت تصویر خواهید دید. به هر دو تصویر نگاه کنید و تعداد کل دایره‌ها را در دو تصویر بشمارید.<br><br>در صفحه بعد می‌توانید نمونه‌هایی از یک دایره صحیح و یک شکل نادرست را ببینید. فقط شکل‌هایی را بشمارید که با نمونه دایره صحیح مطابقت دارند.<br><br>برای شروع هر کلیدی را فشار دهید.","دایره شمارش شده را وارد کنید (۰-۳ را فشار دهید)","خوش آمدید! برای ادامه هر کلیدی را فشار دهید.","Farsi","1536","-267","267","-267","267","-154","154","-154","154"
"6","5000","8","undefined","undefined","undefined","undefined","#1a1a1a","1","psycho","True","psycho","psycho","uniform","undefined","undefined","undefined","0","NA","0","0","10","10","0","0","0","NA","0","10","10","NA","10","10","0","10","0","0","NA","0","10","10","10","10","10","10","0","10","10","10","0","95.5717844562589","Wed Aug 26 16:07:00 2026","1000","The main experiment item","False","V7_AttentionalSpatialBias_ (1).osexp","C:\Users\plcm\Downloads","235.24629999883473","005.png","820.0396800000001","294.08832","True","False","mono","False","18","no","white","no","yes","RTL","820.0396800000001","294.08832","864","1","004.png","005.png","num_4","psycho","Farsi","10","10","C:\Users\plcm\Downloads\subject-111.csv","150","psycho","no","316348.68139994796","Neonatal Nightingale","4.1.14","5","5","no_prime_trial_11","11","RTL","","0","num_2","space","num_2","NA","NA","num_2","1606.4900000346825","28778.31470000092","NA","NA","1606.4900000346825","2","psycho","5, 6, 1, 4, 3, 2, 6, 1, 3, 2, 5, 4, 3, 5, 1, 2, 4, 6, 5, 1, 2, 3, 6, 4, 5, 2, 1, 4, 3, 6, 3, 1, 5, 4, 2, 6, 3, 6, 2, 1, 5, 4, 6, 1, 5, 2, 4, 3","False","1024","2","48000","-16","experiment","111","odd","315.2016282998957","614.0","922.0","699.0","165.0","130350.08989996277","NA","NA","4474.118399899453","315201.5322999796","315201.60559995566","NA","6393.3858999516815","104449.57439997233","NA","4474.325599963777","322969.20369996224","315189.60409995634","NA","315331.90219989046","315337.2507999884","8304.935299907811","321354.20810000505","159129.24609996844","NA","NA","159671.24299996067","315189.58179990295","322969.1616999917","321361.9210999459","315189.5208999049","316341.16029995494","316337.55149994977","159671.42499994952","315188.08719993103","316341.2208999507","316348.63619995303","6393.456699908711","Attentional Spatial Bias","0","0","0","11","اکنون چشم‌پیما را کالیبره می‌کنیم.<br><br>لطفاً نقطه متحرک را با چشمان خود دنبال کنید و سرتان را ثابت نگه دارید.<br><br>لطفاً منتظر بمانید.","از شرکت شما سپاسگزاریم!<br><br>آزمایش اکنون به پایان رسیده است.<br><br>لطفاً با آزمایشگر تماس بگیرید.","در این آزمایش، شما یک داستان کوتاه را که روی صفحه نمایش داده می‌شود، خواهید خواند.<br><br>لطفاً هر خط را با دقت بخوانید، زیرا در پایان آزمایش چند سؤال در مورد داستان از شما پرسیده خواهد شد.<br><br>پس از هر پاراگراف، یک جفت تصویر خواهید دید. به هر دو تصویر نگاه کنید و تعداد کل دایره‌ها را در دو تصویر بشمارید.<br><br>در صفحه بعد می‌توانید نمونه‌هایی از یک دایره صحیح و یک شکل نادرست را ببینید. فقط شکل‌هایی را بشمارید که با نمونه دایره صحیح مطابقت دارند.<br><br>برای شروع هر کلیدی را فشار دهید.","دایره شمارش شده را وارد کنید (۰-۳ را فشار دهید)","خوش آمدید! برای ادامه هر کلیدی را فشار دهید.","Farsi","1536","-154","154","-154","154","267","-267","267","-267"
"6","5000","8","undefined","undefined","undefined","undefined","#1a1a1a","1","psycho","True","psycho","psycho","uniform","undefined","undefined","undefined","0","NA","0","0","11","11","0","0","0","NA","0","11","11","NA","11","11","0","11","0","0","NA","0","11","11","11","11","11","11","0","11","11","11","0","89.42012461296625","Wed Aug 26 16:07:00 2026","1000","The main experiment item","False","V7_AttentionalSpatialBias_ (1).osexp","C:\Users\plcm\Downloads","7.866100058890879","006.png","876.8716800000001","101.84832","True","False","mono","False","18","no","white","no","yes","RTL","876.8716800000001","101.84832","864","1","006.png","007.png","num_4","psycho","Farsi","11","11","C:\Users\plcm\Downloads\subject-111.csv","150","psycho","no","324329.3365999125","Neonatal Nightingale","4.1.14","4","4","no_prime_trial_12","12","RTL","","0","num_2","space","num_2","NA","NA","num_2","1429.5113000553101","28778.31470000092","NA","NA","1429.5113000553101","2","psycho","5, 6, 1, 4, 3, 2, 6, 1, 3, 2, 5, 4, 3, 5, 1, 2, 4, 6, 5, 1, 2, 3, 6, 4, 5, 2, 1, 4, 3, 6, 3, 1, 5, 4, 2, 6, 3, 6, 2, 1, 5, 4, 6, 1, 5, 2, 4, 3","False","1024","2","48000","-16","experiment","111","odd","323.13689199998043","768.0","768.0","124.0","740.0","130350.08989996277","NA","NA","4474.118399899453","323136.75740000326","323136.86269999016","NA","6393.3858999516815","104449.57439997233","NA","4474.325599963777","330769.05529992655","323124.58049994893","NA","323311.012799968","323316.72429991886","8304.935299907811","329331.21949993074","159129.24609996844","NA","NA","159671.24299996067","323124.5603999123","330769.01289995294","329338.8907999033","323124.50729997363","324320.02589991316","324316.9844999211","159671.42499994952","323123.6066999845","324320.08489989676","324329.2883998947","6393.456699908711","Attentional Spatial Bias","0","0","0","12","اکنون چشم‌پیما را کالیبره می‌کنیم.<br><br>لطفاً نقطه متحرک را با چشمان خود دنبال کنید و سرتان را ثابت نگه دارید.<br><br>لطفاً منتظر بمانید.","از شرکت شما سپاسگزاریم!<br><br>آزمایش اکنون به پایان رسیده است.<br><br>لطفاً با آزمایشگر تماس بگیرید.","در این آزمایش، شما یک داستان کوتاه را که روی صفحه نمایش داده می‌شود، خواهید خواند.<br><br>لطفاً هر خط را با دقت بخوانید، زیرا در پایان آزمایش چند سؤال در مورد داستان از شما پرسیده خواهد شد.<br><br>پس از هر پاراگراف، یک جفت تصویر خواهید دید. به هر دو تصویر نگاه کنید و تعداد کل دایره‌ها را در دو تصویر بشمارید.<br><br>در صفحه بعد می‌توانید نمونه‌هایی از یک دایره صحیح و یک شکل نادرست را ببینید. فقط شکل‌هایی را بشمارید که با نمونه دایره صحیح مطابقت دارند.<br><br>برای شروع هر کلیدی را فشار دهید.","دایره شمارش شده را وارد کنید (۰-۳ را فشار دهید)","خوش آمدید! برای ادامه هر کلیدی را فشار دهید.","Farsi","1536","0","0","0","0","-308","308","-308","308"
"6","5000","8","undefined","undefined","undefined","undefined","#1a1a1a","2","psycho","True","psycho","psycho","uniform","undefined","undefined","undefined","0","NA","0","0","12","12","0","0","0","NA","0","12","12","NA","12","12","0","12","0","0","NA","0","12","12","12","12","12","12","0","12","12","12","0","32.162380769190506","Wed Aug 26 16:07:00 2026","1000","The main experiment item","False","V7_AttentionalSpatialBias_ (1).osexp","C:\Users\plcm\Downloads","261.5007000276819","008.png","632.43264","206.55648","True","False","mono","False","18","no","white","no","yes","RTL","632.43264","206.55648","864","2","008.png","009.png","num_4","psycho","Farsi","12","12","C:\Users\plcm\Downloads\subject-111.csv","150","psycho","no","352976.5939998906","Neonatal Nightingale","4.1.14","3","3","prime_3","13","RTL","او در میان زمین‌ها و باتلاق‌ها سرگردان بود و به دنبال جایی می‌گشت که به آن تعلق داشته باشد. اردک‌های وحشی گفتند او آنقدر زشت است که نمی‌تواند دوستشان باشد.","0","num_0","space","num_0","NA","NA","num_0","1367.8859000792727","28778.31470000092","NA","NA","1367.8859000792727","2","psycho","5, 6, 1, 4, 3, 2, 6, 1, 3, 2, 5, 4, 3, 5, 1, 2, 4, 6, 5, 1, 2, 3, 6, 4, 5, 2, 1, 4, 3, 6, 3, 1, 5, 4, 2, 6, 3, 6, 2, 1, 5, 4, 6, 1, 5, 2, 4, 3","True","1024","2","48000","-16","experiment","111","odd","351.89097279997077","614.0","922.0","165.0","699.0","130350.08989996277","NA","NA","4474.118399899453","351890.89449995663","351890.95269993413","NA","6393.3858999516815","104449.57439997233","NA","4474.325599963777","359361.0784999328","351881.2308999477","NA","351957.0415999042","351962.8911999753","8304.935299907811","357978.77189994324","159129.24609996844","NA","NA","159671.24299996067","330911.7923999438","359361.0445999075","357992.54049989395","330911.70299996156","352967.0345999766","352963.6665999424","159671.42499994952","330910.78119992744","352967.08859992214","352976.55819996726","6393.456699908711","Attentional Spatial Bias","0","0","0","13","اکنون چشم‌پیما را کالیبره می‌کنیم.<br><br>لطفاً نقطه متحرک را با چشمان خود دنبال کنید و سرتان را ثابت نگه دارید.<br><br>لطفاً منتظر بمانید.","از شرکت شما سپاسگزاریم!<br><br>آزمایش اکنون به پایان رسیده است.<br><br>لطفاً با آزمایشگر تماس بگیرید.","در این آزمایش، شما یک داستان کوتاه را که روی صفحه نمایش داده می‌شود، خواهید خواند.<br><br>لطفاً هر خط را با دقت بخوانید، زیرا در پایان آزمایش چند سؤال در مورد داستان از شما پرسیده خواهد شد.<br><br>پس از هر پاراگراف، یک جفت تصویر خواهید دید. به هر دو تصویر نگاه کنید و تعداد کل دایره‌ها را در دو تصویر بشمارید.<br><br>در صفحه بعد می‌توانید نمونه‌هایی از یک دایره صحیح و یک شکل نادرست را ببینید. فقط شکل‌هایی را بشمارید که با نمونه دایره صحیح مطابقت دارند.<br><br>برای شروع هر کلیدی را فشار دهید.","دایره شمارش شده را وارد کنید (۰-۳ را فشار دهید)","خوش آمدید! برای ادامه هر کلیدی را فشار دهید.","Farsi","1536","-154","154","-154","154","-267","267","-267","267"
"6","5000","8","undefined","undefined","undefined","undefined","#1a1a1a","2","psycho","True","psycho","psycho","uniform","undefined","undefined","undefined","0","NA","0","0","13","13","0","0","0","NA","0","13","13","NA","13","13","0","13","0","0","NA","0","13","13","13","13","13","13","0","13","13","13","0","54.59500355160716","Wed Aug 26 16:07:00 2026","1000","The main experiment item","False","V7_AttentionalSpatialBias_ (1).osexp","C:\Users\plcm\Downloads","54.076300002634525","011.png","782.94528","290.67552","True","False","mono","False","18","no","white","no","yes","RTL","782.94528","290.67552","864","2","010.png","011.png","num_4","psycho","Farsi","13","13","C:\Users\plcm\Downloads\subject-111.csv","150","psycho","no","360795.5725999782","Neonatal Nightingale","4.1.14","5","5","no_prime_trial_14","14","RTL","","0","num_2","space","num_2","NA","NA","num_2","1379.4905999675393","28778.31470000092","NA","NA","1379.4905999675393","2","psycho","5, 6, 1, 4, 3, 2, 6, 1, 3, 2, 5, 4, 3, 5, 1, 2, 4, 6, 5, 1, 2, 3, 6, 4, 5, 2, 1, 4, 3, 6, 3, 1, 5, 4, 2, 6, 3, 6, 2, 1, 5, 4, 6, 1, 5, 2, 4, 3","False","1024","2","48000","-16","experiment","111","odd","359.5048688999377","614.0","922.0","699.0","165.0","130350.08989996277","NA","NA","4474.118399899453","359504.77879995015","359504.8476998927","NA","6393.3858999516815","104449.57439997233","NA","4474.325599963777","367185.63729990274","359493.10119997244","NA","359778.6782999756","359784.47439998854","8304.935299907811","365796.2736999616","159129.24609996844","NA","NA","159671.24299996067","359493.08099993505","367185.60189998243","365804.7549999319","359493.0212999461","360787.7071999246","360784.83919997234","159671.42499994952","359492.19949997496","360787.75939997286","360795.52789998706","6393.456699908711","Attentional Spatial Bias","0","0","0","14","اکنون چشم‌پیما را کالیبره می‌کنیم.<br><br>لطفاً نقطه متحرک را با چشمان خود دنبال کنید و سرتان را ثابت نگه دارید.<br><br>لطفاً منتظر بمانید.","از شرکت شما سپاسگزاریم!<br><br>آزمایش اکنون به پایان رسیده است.<br><br>لطفاً با آزمایشگر تماس بگیرید.","در این آزمایش، شما یک داستان کوتاه را که روی صفحه نمایش داده می‌شود، خواهید خواند.<br><br>لطفاً هر خط را با دقت بخوانید، زیرا در پایان آزمایش چند سؤال در مورد داستان از شما پرسیده خواهد شد.<br><br>پس از هر پاراگراف، یک جفت تصویر خواهید دید. به هر دو تصویر نگاه کنید و تعداد کل دایره‌ها را در دو تصویر بشمارید.<br><br>در صفحه بعد می‌توانید نمونه‌هایی از یک دایره صحیح و یک شکل نادرست را ببینید. فقط شکل‌هایی را بشمارید که با نمونه دایره صحیح مطابقت دارند.<br><br>برای شروع هر کلیدی را فشار دهید.","دایره شمارش شده را وارد کنید (۰-۳ را فشار دهید)","خوش آمدید! برای ادامه هر کلیدی را فشار دهید.","Farsi","1536","-154","154","-154","154","267","-267","267","-267"
"6","5000","8","undefined","undefined","undefined","undefined","#1a1a1a","2","psycho","True","psycho","psycho","uniform","undefined","undefined","undefined","0","NA","0","0","14","14","0","0","0","NA","0","14","14","NA","14","14","0","14","0","0","NA","0","14","14","14","14","14","14","0","14","14","14","0","89.1458177830637","Wed Aug 26 16:07:00 2026","1000","The main experiment item","False","V7_AttentionalSpatialBias_ (1).osexp","C:\Users\plcm\Downloads","311.85129994992167","013.png","1059.71712","316.08576","True","False","mono","False","18","no","white","no","yes","RTL","1059.71712","316.08576","864","2","012.png","013.png","num_4","psycho","Farsi","14","14","C:\Users\plcm\Downloads\subject-111.csv","150","psycho","no","368360.9008999774","Neonatal Nightingale","4.1.14","1","1","no_prime_trial_15","15","RTL","","0","num_1","space","num_1","NA","NA","num_1","1354.467900004238","28778.31470000092","NA","NA","1354.467900004238","2","psycho","5, 6, 1, 4, 3, 2, 6, 1, 3, 2, 5, 4, 3, 5, 1, 2, 4, 6, 5, 1, 2, 3, 6, 4, 5, 2, 1, 4, 3, 6, 3, 1, 5, 4, 2, 6, 3, 6, 2, 1, 5, 4, 6, 1, 5, 2, 4, 3","False","1024","2","48000","-16","experiment","111","odd","367.3378229999216","460.0","1076.0","432.0","432.0","130350.08989996277","NA","NA","4474.118399899453","367337.70759997424","367337.79989997856","NA","6393.3858999516815","104449.57439997233","NA","4474.325599963777","374729.3233999517","367324.8088998953","NA","367343.2259999681","367349.483900005","8304.935299907811","373365.70899991784","159129.24609996844","NA","NA","159671.24299996067","367324.7878999682","374729.2847998906","373373.9668999333","367324.7294999892","368352.982899989","368350.0136999646","159671.42499994952","367323.76189995557","368353.0340999132","368360.8639999293","6393.456699908711","Attentional Spatial Bias","0","0","0","15","اکنون چشم‌پیما را کالیبره می‌کنیم.<br><br>لطفاً نقطه متحرک را با چشمان خود دنبال کنید و سرتان را ثابت نگه دارید.<br><br>لطفاً منتظر بمانید.","از شرکت شما سپاسگزاریم!<br><br>آزمایش اکنون به پایان رسیده است.<br><br>لطفاً با آزمایشگر تماس بگیرید.","در این آزمایش، شما یک داستان کوتاه را که روی صفحه نمایش داده می‌شود، خواهید خواند.<br><br>لطفاً هر خط را با دقت بخوانید، زیرا در پایان آزمایش چند سؤال در مورد داستان از شما پرسیده خواهد شد.<br><br>پس از هر پاراگراف، یک جفت تصویر خواهید دید. به هر دو تصویر نگاه کنید و تعداد کل دایره‌ها را در دو تصویر بشمارید.<br><br>در صفحه بعد می‌توانید نمونه‌هایی از یک دایره صحیح و یک شکل نادرست را ببینید. فقط شکل‌هایی را بشمارید که با نمونه دایره صحیح مطابقت دارند.<br><br>برای شروع هر کلیدی را فشار دهید.","دایره شمارش شده را وارد کنید (۰-۳ را فشار دهید)","خوش آمدید! برای ادامه هر کلیدی را فشار دهید.","Farsi","1536","-308","308","-308","308","0","0","0","0"
"6","5000","8","undefined","undefined","undefined","undefined","#1a1a1a","2","psycho","True","psycho","psycho","uniform","undefined","undefined","undefined","0","NA","0","0","15","15","0","0","0","NA","0","15","15","NA","15","15","0","15","0","0","NA","0","15","15","15","15","15","15","0","15","15","15","0","84.59446234812306","Wed Aug 26 16:07:00 2026","1000","The main experiment item","False","V7_AttentionalSpatialBias_ (1).osexp","C:\Users\plcm\Downloads","222.78640000149608","014.png","593.0956799999999","327.56832","True","False","mono","False","18","no","white","no","yes","RTL","593.0956799999999","327.56832","864","2","014.png","015.png","num_4","psycho","Farsi","15","15","C:\Users\plcm\Downloads\subject-111.csv","150","psycho","no","376229.4311999576","Neonatal Nightingale","4.1.14","2","2","no_prime_trial_16","16","RTL","","0","num_1","space","num_1","NA","NA","num_1","3700.099700014107","28778.31470000092","NA","NA","3700.099700014107","2","psycho","5, 6, 1, 4, 3, 2, 6, 1, 3, 2, 5, 4, 3, 5, 1, 2, 4, 6, 5, 1, 2, 3, 6, 4, 5, 2, 1, 4, 3, 6, 3, 1, 5, 4, 2, 6, 3, 6, 2, 1, 5, 4, 6, 1, 5, 2, 4, 3","False","1024","2","48000","-16","experiment","111","odd","374.8857277999632","501.0","1035.0","278.0","586.0","130350.08989996277","NA","NA","4474.118399899453","374885.5706999311","374885.6912999181","NA","6393.3858999516815","104449.57439997233","NA","4474.325599963777","384945.0562999118","374873.94729990046","NA","375212.9966999637","375219.3698999472","8304.935299907811","381230.03029997926","159129.24609996844","NA","NA","159671.24299996067","374873.92479996197","384945.02649991773","381244.3869999843","374873.8494999707","376222.93349995743","376219.5317998994","159671.42499994952","374873.29199991655","376222.9935999494","376229.3906999985","6393.456699908711","Attentional Spatial Bias","0","0","0","16","اکنون چشم‌پیما را کالیبره می‌کنیم.<br><br>لطفاً نقطه متحرک را با چشمان خود دنبال کنید و سرتان را ثابت نگه دارید.<br><br>لطفاً منتظر بمانید.","از شرکت شما سپاسگزاریم!<br><br>آزمایش اکنون به پایان رسیده است.<br><br>لطفاً با آزمایشگر تماس بگیرید.","در این آزمایش، شما یک داستان کوتاه را که روی صفحه نمایش داده می‌شود، خواهید خواند.<br><br>لطفاً هر خط را با دقت بخوانید، زیرا در پایان آزمایش چند سؤال در مورد داستان از شما پرسیده خواهد شد.<br><br>پس از هر پاراگراف، یک جفت تصویر خواهید دید. به هر دو تصویر نگاه کنید و تعداد کل دایره‌ها را در دو تصویر بشمارید.<br><br>در صفحه بعد می‌توانید نمونه‌هایی از یک دایره صحیح و یک شکل نادرست را ببینید. فقط شکل‌هایی را بشمارید که با نمونه دایره صحیح مطابقت دارند.<br><br>برای شروع هر کلیدی را فشار دهید.","دایره شمارش شده را وارد کنید (۰-۳ را فشار دهید)","خوش آمدید! برای ادامه هر کلیدی را فشار دهید.","Farsi","1536","-267","267","-267","267","-154","154","-154","154"
"6","5000","8","undefined","undefined","undefined","undefined","#1a1a1a","2","psycho","True","psycho","psycho","uniform","undefined","undefined","undefined","0","NA","0","0","16","16","0","0","0","NA","0","16","16","NA","16","16","0","16","0","0","NA","0","16","16","16","16","16","16","0","16","16","16","0","72.69059275816099","Wed Aug 26 16:07:00 2026","1000","The main experiment item","False","V7_AttentionalSpatialBias_ (1).osexp","C:\Users\plcm\Downloads","231.38209991157055","000.png","787.4611199999999","225.57312","True","False","mono","False","18","no","white","no","yes","RTL","787.4611199999999","225.57312","864","2","000.png","001.png","num_4","psycho","Farsi","16","16","C:\Users\plcm\Downloads\subject-111.csv","150","psycho","no","386091.7002999922","Neonatal Nightingale","4.1.14","4","4","no_prime_trial_17","17","RTL","","0","num_2","space","num_2","NA","NA","num_2","4418.708899989724","28778.31470000092","NA","NA","4418.708899989724","2","psycho","5, 6, 1, 4, 3, 2, 6, 1, 3, 2, 5, 4, 3, 5, 1, 2, 4, 6, 5, 1, 2, 3, 6, 4, 5, 2, 1, 4, 3, 6, 3, 1, 5, 4, 2, 6, 3, 6, 2, 1, 5, 4, 6, 1, 5, 2, 4, 3","False","1024","2","48000","-16","experiment","111","odd","385.0673922999995","768.0","768.0","124.0","740.0","130350.08989996277","NA","NA","4474.118399899453","385067.3015000066","385067.37009994686","NA","6393.3858999516815","104449.57439997233","NA","4474.325599963777","395521.2997999042","385052.1814998938","NA","385072.7392999688","385078.9293999551","8304.935299907811","391093.7491999939","159129.24609996844","NA","NA","159671.24299996067","385052.15859995224","395521.2633999763","391101.73339990433","385052.10499989334","386082.43879990187","386079.5210999204","159671.42499994952","385051.6370999394","386082.49369997066","386091.65319998283","6393.456699908711","Attentional Spatial Bias","0","0","0","17","اکنون چشم‌پیما را کالیبره می‌کنیم.<br><br>لطفاً نقطه متحرک را با چشمان خود دنبال کنید و سرتان را ثابت نگه دارید.<br><br>لطفاً منتظر بمانید.","از شرکت شما سپاسگزاریم!<br><br>آزمایش اکنون به پایان رسیده است.<br><br>لطفاً با آزمایشگر تماس بگیرید.","در این آزمایش، شما یک داستان کوتاه را که روی صفحه نمایش داده می‌شود، خواهید خواند.<br><br>لطفاً هر خط را با دقت بخوانید، زیرا در پایان آزمایش چند سؤال در مورد داستان از شما پرسیده خواهد شد.<br><br>پس از هر پاراگراف، یک جفت تصویر خواهید دید. به هر دو تصویر نگاه کنید و تعداد کل دایره‌ها را در دو تصویر بشمارید.<br><br>در صفحه بعد می‌توانید نمونه‌هایی از یک دایره صحیح و یک شکل نادرست را ببینید. فقط شکل‌هایی را بشمارید که با نمونه دایره صحیح مطابقت دارند.<br><br>برای شروع هر کلیدی را فشار دهید.","دایره شمارش شده را وارد کنید (۰-۳ را فشار دهید)","خوش آمدید! برای ادامه هر کلیدی را فشار دهید.","Farsi","1536","0","0","0","0","-308","308","-308","308"
"6","5000","8","undefined","undefined","undefined","undefined","#1a1a1a","2","psycho","True","psycho","psycho","uniform","undefined","undefined","undefined","0","NA","0","0","17","17","0","0","0","NA","0","17","17","NA","17","17","0","17","0","0","NA","0","17","17","17","17","17","17","0","17","17","17","0","98.32321016520153","Wed Aug 26 16:07:00 2026","1000","The main experiment item","False","V7_AttentionalSpatialBias_ (1).osexp","C:\Users\plcm\Downloads","219.73199991043657","003.png","894.6432","309.43296000000004","True","False","mono","False","18","no","white","no","yes","RTL","894.6432","309.43296000000004","864","2","002.png","003.png","num_4","psycho","Farsi","17","17","C:\Users\plcm\Downloads\subject-111.csv","150","psycho","no","396808.4162999876","Neonatal Nightingale","4.1.14","6","6","no_prime_trial_18","18","RTL","","0","num_2","space","num_2","NA","NA","num_2","2461.328399949707","28778.31470000092","NA","NA","2461.328399949707","2","psycho","5, 6, 1, 4, 3, 2, 6, 1, 3, 2, 5, 4, 3, 5, 1, 2, 4, 6, 5, 1, 2, 3, 6, 4, 5, 2, 1, 4, 3, 6, 3, 1, 5, 4, 2, 6, 3, 6, 2, 1, 5, 4, 6, 1, 5, 2, 4, 3","False","1024","2","48000","-16","experiment","111","odd","395.6598394999746","501.0","1035.0","586.0","278.0","130350.08989996277","NA","NA","4474.118399899453","395659.66139989905","395659.80219992343","NA","6393.3858999516815","104449.57439997233","NA","4474.325599963777","404281.41489997506","395647.7337999968","NA","395790.7650999259","395796.2157999864","8304.935299907811","401811.6404999746","159129.24609996844","NA","NA","159671.24299996067","395647.7090999251","404281.3707999885","401819.1615999676","395647.6415999932","396799.7034","396796.6387999477","159671.42499994952","395647.14659994934","396799.7643999988","396808.3677999675","6393.456699908711","Attentional Spatial Bias","0","0","0","18","اکنون چشم‌پیما را کالیبره می‌کنیم.<br><br>لطفاً نقطه متحرک را با چشمان خود دنبال کنید و سرتان را ثابت نگه دارید.<br><br>لطفاً منتظر بمانید.","از شرکت شما سپاسگزاریم!<br><br>آزمایش اکنون به پایان رسیده است.<br><br>لطفاً با آزمایشگر تماس بگیرید.","در این آزمایش، شما یک داستان کوتاه را که روی صفحه نمایش داده می‌شود، خواهید خواند.<br><br>لطفاً هر خط را با دقت بخوانید، زیرا در پایان آزمایش چند سؤال در مورد داستان از شما پرسیده خواهد شد.<br><br>پس از هر پاراگراف، یک جفت تصویر خواهید دید. به هر دو تصویر نگاه کنید و تعداد کل دایره‌ها را در دو تصویر بشمارید.<br><br>در صفحه بعد می‌توانید نمونه‌هایی از یک دایره صحیح و یک شکل نادرست را ببینید. فقط شکل‌هایی را بشمارید که با نمونه دایره صحیح مطابقت دارند.<br><br>برای شروع هر کلیدی را فشار دهید.","دایره شمارش شده را وارد کنید (۰-۳ را فشار دهید)","خوش آمدید! برای ادامه هر کلیدی را فشار دهید.","Farsi","1536","-267","267","-267","267","154","-154","154","-154"
"6","5000","8","undefined","undefined","undefined","undefined","#1a1a1a","3","psycho","True","psycho","psycho","uniform","undefined","undefined","undefined","0","NA","0","0","18","18","0","0","0","NA","0","18","18","NA","18","18","0","18","0","0","NA","0","18","18","18","18","18","18","0","18","18","18","0","52.91517792452366","Wed Aug 26 16:07:00 2026","1000","The main experiment item","False","V7_AttentionalSpatialBias_ (1).osexp","C:\Users\plcm\Downloads","201.47410000208765","005.png","905.3184000000001","227.49983999999998","True","False","mono","False","18","no","white","no","yes","RTL","905.3184000000001","227.49983999999998","864","3","004.png","005.png","num_4","psycho","Farsi","18","18","C:\Users\plcm\Downloads\subject-111.csv","150","psycho","no","422584.9134000018","Neonatal Nightingale","4.1.14","5","5","prime_4","19","RTL","یک شب، شکارچیان در نزدیکی آنجا شلیک کردند و جوجه‌اردک تا زمانی که همه چیز امن و امان شود در بین نی ها قایم شد.","0","num_2","space","num_2","NA","NA","num_2","1580.7216999819502","28778.31470000092","NA","NA","1580.7216999819502","2","psycho","5, 6, 1, 4, 3, 2, 6, 1, 3, 2, 5, 4, 3, 5, 1, 2, 4, 6, 5, 1, 2, 3, 6, 4, 5, 2, 1, 4, 3, 6, 3, 1, 5, 4, 2, 6, 3, 6, 2, 1, 5, 4, 6, 1, 5, 2, 4, 3","True","1024","2","48000","-16","experiment","111","odd","421.2748495999258","614.0","922.0","699.0","165.0","130350.08989996277","NA","NA","4474.118399899453","421274.76379997097","421274.8283999972","NA","6393.3858999516815","104449.57439997233","NA","4474.325599963777","429177.17359995004","421265.08389995433","NA","421564.52409992926","421570.04399993457","8304.935299907811","427587.3821999412","159129.24609996844","NA","NA","159671.24299996067","404435.2156999521","429177.14099993464","427595.75149999","404435.16409990843","422574.07989993226","422570.476999972","159671.42499994952","404434.6308999229","422574.1498999996","422584.8686998943","6393.456699908711","Attentional Spatial Bias","0","0","0","19","اکنون چشم‌پیما را کالیبره می‌کنیم.<br><br>لطفاً نقطه متحرک را با چشمان خود دنبال کنید و سرتان را ثابت نگه دارید.<br><br>لطفاً منتظر بمانید.","از شرکت شما سپاسگزاریم!<br><br>آزمایش اکنون به پایان رسیده است.<br><br>لطفاً با آزمایشگر تماس بگیرید.","در این آزمایش، شما یک داستان کوتاه را که روی صفحه نمایش داده می‌شود، خواهید خواند.<br><br>لطفاً هر خط را با دقت بخوانید، زیرا در پایان آزمایش چند سؤال در مورد داستان از شما پرسیده خواهد شد.<br><br>پس از هر پاراگراف، یک جفت تصویر خواهید دید. به هر دو تصویر نگاه کنید و تعداد کل دایره‌ها را در دو تصویر بشمارید.<br><br>در صفحه بعد می‌توانید نمونه‌هایی از یک دایره صحیح و یک شکل نادرست را ببینید. فقط شکل‌هایی را بشمارید که با نمونه دایره صحیح مطابقت دارند.<br><br>برای شروع هر کلیدی را فشار دهید.","دایره شمارش شده را وارد کنید (۰-۳ را فشار دهید)","خوش آمدید! برای ادامه هر کلیدی را فشار دهید.","Farsi","1536","-154","154","-154","154","267","-267","267","-267"
"6","5000","8","undefined","undefined","undefined","undefined","#1a1a1a","3","psycho","True","psycho","psycho","uniform","undefined","undefined","undefined","0","NA","0","0","19","19","0","0","0","NA","0","19","19","NA","19","19","0","19","0","0","NA","0","19","19","19","19","19","19","0","19","19","19","0","93.31744344122596","Wed Aug 26 16:07:00 2026","1000","The main experiment item","False","V7_AttentionalSpatialBias_ (1).osexp","C:\Users\plcm\Downloads","218.79529999569058","007.png","943.3651199999999","377.23104","True","False","mono","False","18","no","white","no","yes","RTL","943.3651199999999","377.23104","864","3","006.png","007.png","num_4","psycho","Farsi","19","19","C:\Users\plcm\Downloads\subject-111.csv","150","psycho","no","430442.33059999533","Neonatal Nightingale","4.1.14","1","1","no_prime_trial_20","20","RTL","","0","num_2","space","num_2","NA","NA","num_2","1601.834399974905","28778.31470000092","NA","NA","1601.834399974905","2","psycho","5, 6, 1, 4, 3, 2, 6, 1, 3, 2, 5, 4, 3, 5, 1, 2, 4, 6, 5, 1, 2, 3, 6, 4, 5, 2, 1, 4, 3, 6, 3, 1, 5, 4, 2, 6, 3, 6, 2, 1, 5, 4, 6, 1, 5, 2, 4, 3","False","1024","2","48000","-16","experiment","111","odd","429.32637199992314","460.0","1076.0","432.0","432.0","130350.08989996277","NA","NA","4474.118399899453","429326.23639993835","429326.3381998986","NA","6393.3858999516815","104449.57439997233","NA","4474.325599963777","437057.2545999894","429315.4264999321","NA","429424.56949991174","429430.3427999839","8304.935299907811","435446.3150999509","159129.24609996844","NA","NA","159671.24299996067","429315.39579993114","437057.2209999664","435454.69009992667","429315.31199999154","430435.77779992484","430430.8116999455","159671.42499994952","429314.5837999182","430435.8525999123","430442.26839998737","6393.456699908711","Attentional Spatial Bias","0","0","0","20","اکنون چشم‌پیما را کالیبره می‌کنیم.<br><br>لطفاً نقطه متحرک را با چشمان خود دنبال کنید و سرتان را ثابت نگه دارید.<br><br>لطفاً منتظر بمانید.","از شرکت شما سپاسگزاریم!<br><br>آزمایش اکنون به پایان رسیده است.<br><br>لطفاً با آزمایشگر تماس بگیرید.","در این آزمایش، شما یک داستان کوتاه را که روی صفحه نمایش داده می‌شود، خواهید خواند.<br><br>لطفاً هر خط را با دقت بخوانید، زیرا در پایان آزمایش چند سؤال در مورد داستان از شما پرسیده خواهد شد.<br><br>پس از هر پاراگراف، یک جفت تصویر خواهید دید. به هر دو تصویر نگاه کنید و تعداد کل دایره‌ها را در دو تصویر بشمارید.<br><br>در صفحه بعد می‌توانید نمونه‌هایی از یک دایره صحیح و یک شکل نادرست را ببینید. فقط شکل‌هایی را بشمارید که با نمونه دایره صحیح مطابقت دارند.<br><br>برای شروع هر کلیدی را فشار دهید.","دایره شمارش شده را وارد کنید (۰-۳ را فشار دهید)","خوش آمدید! برای ادامه هر کلیدی را فشار دهید.","Farsi","1536","-308","308","-308","308","0","0","0","0"
"6","5000","8","undefined","undefined","undefined","undefined","#1a1a1a","3","psycho","True","psycho","psycho","uniform","undefined","undefined","undefined","0","NA","0","0","20","20","0","0","0","NA","0","20","20","NA","20","20","0","20","0","0","NA","0","20","20","20","20","20","20","0","20","20","20","0","90.35644917453533","Wed Aug 26 16:07:00 2026","1000","The main experiment item","False","V7_AttentionalSpatialBias_ (1).osexp","C:\Users\plcm\Downloads","231.70930007472634","008.png","601.55904","315.55008","True","False","mono","False","18","no","white","no","yes","RTL","601.55904","315.55008","864","3","008.png","009.png","num_4","psycho","Farsi","20","20","C:\Users\plcm\Downloads\subject-111.csv","150","psycho","no","438255.6135999039","Neonatal Nightingale","4.1.14","2","2","no_prime_trial_21","21","RTL","","0","num_0","space","num_0","NA","NA","num_0","1748.2200999511406","28778.31470000092","NA","NA","1748.2200999511406","2","psycho","5, 6, 1, 4, 3, 2, 6, 1, 3, 2, 5, 4, 3, 5, 1, 2, 4, 6, 5, 1, 2, 3, 6, 4, 5, 2, 1, 4, 3, 6, 3, 1, 5, 4, 2, 6, 3, 6, 2, 1, 5, 4, 6, 1, 5, 2, 4, 3","False","1024","2","48000","-16","experiment","111","odd","437.22215289995074","501.0","1035.0","278.0","586.0","130350.08989996277","NA","NA","4474.118399899453","437221.9938999042","437222.1180999186","NA","6393.3858999516815","104449.57439997233","NA","4474.325599963777","445017.330499948","437208.3005999448","NA","437238.64899994805","437243.9993999433","8304.935299907811","443258.7363999337","159129.24609996844","NA","NA","159671.24299996067","437208.2803999074","445017.2965999227","443268.3562999591","437208.2327998942","438247.95200000517","438244.44989999756","159671.42499994952","437207.43009995203","438248.045599903","438255.5480999872","6393.456699908711","Attentional Spatial Bias","0","0","0","21","اکنون چشم‌پیما را کالیبره می‌کنیم.<br><br>لطفاً نقطه متحرک را با چشمان خود دنبال کنید و سرتان را ثابت نگه دارید.<br><br>لطفاً منتظر بمانید.","از شرکت شما سپاسگزاریم!<br><br>آزمایش اکنون به پایان رسیده است.<br><br>لطفاً با آزمایشگر تماس بگیرید.","در این آزمایش، شما یک داستان کوتاه را که روی صفحه نمایش داده می‌شود، خواهید خواند.<br><br>لطفاً هر خط را با دقت بخوانید، زیرا در پایان آزمایش چند سؤال در مورد داستان از شما پرسیده خواهد شد.<br><br>پس از هر پاراگراف، یک جفت تصویر خواهید دید. به هر دو تصویر نگاه کنید و تعداد کل دایره‌ها را در دو تصویر بشمارید.<br><br>در صفحه بعد می‌توانید نمونه‌هایی از یک دایره صحیح و یک شکل نادرست را ببینید. فقط شکل‌هایی را بشمارید که با نمونه دایره صحیح مطابقت دارند.<br><br>برای شروع هر کلیدی را فشار دهید.","دایره شمارش شده را وارد کنید (۰-۳ را فشار دهید)","خوش آمدید! برای ادامه هر کلیدی را فشار دهید.","Farsi","1536","-267","267","-267","267","-154","154","-154","154"
"6","5000","8","undefined","undefined","undefined","undefined","#1a1a1a","3","psycho","True","psycho","psycho","uniform","undefined","undefined","undefined","0","NA","0","0","21","21","0","0","0","NA","0","21","21","NA","21","21","0","21","0","0","NA","0","21","21","21","21","21","21","0","21","21","21","0","74.0361146831463","Wed Aug 26 16:07:00 2026","1000","The main experiment item","False","V7_AttentionalSpatialBias_ (1).osexp","C:\Users\plcm\Downloads","224.79599993675947","010.png","761.3798400000001","219.30912","True","False","mono","False","18","no","white","no","yes","RTL","761.3798400000001","219.30912","864","3","010.png","011.png","num_4","psycho","Farsi","21","21","C:\Users\plcm\Downloads\subject-111.csv","150","psycho","no","446196.6383999679","Neonatal Nightingale","4.1.14","3","3","no_prime_trial_22","22","RTL","","0","num_2","space","num_2","NA","NA","num_2","1727.0325999706984","28778.31470000092","NA","NA","1727.0325999706984","2","psycho","5, 6, 1, 4, 3, 2, 6, 1, 3, 2, 5, 4, 3, 5, 1, 2, 4, 6, 5, 1, 2, 3, 6, 4, 5, 2, 1, 4, 3, 6, 3, 1, 5, 4, 2, 6, 3, 6, 2, 1, 5, 4, 6, 1, 5, 2, 4, 3","False","1024","2","48000","-16","experiment","111","odd","445.17208259995095","614.0","922.0","165.0","699.0","130350.08989996277","NA","NA","4474.118399899453","445171.9147999538","445172.0521999523","NA","6393.3858999516815","104449.57439997233","NA","4474.325599963777","452937.6875999151","445158.1394999521","NA","445177.4383999873","445183.4919999819","8304.935299907811","451200.3614999121","159129.24609996844","NA","NA","159671.24299996067","445158.11809990555","452937.64649995137","451209.68919992447","445158.05289999116","446187.3314999975","446183.9250999037","159671.42499994952","445156.5837999806","446187.4892999185","446196.5993999038","6393.456699908711","Attentional Spatial Bias","0","0","0","22","اکنون چشم‌پیما را کالیبره می‌کنیم.<br><br>لطفاً نقطه متحرک را با چشمان خود دنبال کنید و سرتان را ثابت نگه دارید.<br><br>لطفاً منتظر بمانید.","از شرکت شما سپاسگزاریم!<br><br>آزمایش اکنون به پایان رسیده است.<br><br>لطفاً با آزمایشگر تماس بگیرید.","در این آزمایش، شما یک داستان کوتاه را که روی صفحه نمایش داده می‌شود، خواهید خواند.<br><br>لطفاً هر خط را با دقت بخوانید، زیرا در پایان آزمایش چند سؤال در مورد داستان از شما پرسیده خواهد شد.<br><br>پس از هر پاراگراف، یک جفت تصویر خواهید دید. به هر دو تصویر نگاه کنید و تعداد کل دایره‌ها را در دو تصویر بشمارید.<br><br>در صفحه بعد می‌توانید نمونه‌هایی از یک دایره صحیح و یک شکل نادرست را ببینید. فقط شکل‌هایی را بشمارید که با نمونه دایره صحیح مطابقت دارند.<br><br>برای شروع هر کلیدی را فشار دهید.","دایره شمارش شده را وارد کنید (۰-۳ را فشار دهید)","خوش آمدید! برای ادامه هر کلیدی را فشار دهید.","Farsi","1536","-154","154","-154","154","-267","267","-267","267"
"6","5000","8","undefined","undefined","undefined","undefined","#1a1a1a","3","psycho","True","psycho","psycho","uniform","undefined","undefined","undefined","0","NA","0","0","22","22","0","0","0","NA","0","22","22","NA","22","22","0","22","0","0","NA","0","22","22","22","22","22","22","0","22","22","22","0","99.92887743148525","Wed Aug 26 16:07:00 2026","1000","The main experiment item","False","V7_AttentionalSpatialBias_ (1).osexp","C:\Users\plcm\Downloads","304.67049998696893","013.png","971.79648","266.46624","True","False","mono","False","18","no","white","no","yes","RTL","971.79648","266.46624","864","3","012.png","013.png","num_4","psycho","Farsi","22","22","C:\Users\plcm\Downloads\subject-111.csv","150","psycho","no","454193.9774999628","Neonatal Nightingale","4.1.14","6","6","no_prime_trial_23","23","RTL","","0","num_0","space","num_0","NA","NA","num_0","1780.9922999003902","28778.31470000092","NA","NA","1780.9922999003902","2","psycho","5, 6, 1, 4, 3, 2, 6, 1, 3, 2, 5, 4, 3, 5, 1, 2, 4, 6, 5, 1, 2, 3, 6, 4, 5, 2, 1, 4, 3, 6, 3, 1, 5, 4, 2, 6, 3, 6, 2, 1, 5, 4, 6, 1, 5, 2, 4, 3","False","1024","2","48000","-16","experiment","111","odd","453.093445199891","501.0","1035.0","586.0","278.0","130350.08989996277","NA","NA","4474.118399899453","453093.30769989174","453093.41839991976","NA","6393.3858999516815","104449.57439997233","NA","4474.325599963777","460985.29669991694","453081.02799998596","NA","453175.5230999552","453181.4384999452","8304.935299907811","459196.10739999916","159129.24609996844","NA","NA","159671.24299996067","453081.00809995085","460985.2652999107","459203.5213999916","453080.96279995516","454184.8539999919","454181.6587999929","159671.42499994952","453080.6184998946","454184.9092999473","454193.9382998971","6393.456699908711","Attentional Spatial Bias","0","0","0","23","اکنون چشم‌پیما را کالیبره می‌کنیم.<br><br>لطفاً نقطه متحرک را با چشمان خود دنبال کنید و سرتان را ثابت نگه دارید.<br><br>لطفاً منتظر بمانید.","از شرکت شما سپاسگزاریم!<br><br>آزمایش اکنون به پایان رسیده است.<br><br>لطفاً با آزمایشگر تماس بگیرید.","در این آزمایش، شما یک داستان کوتاه را که روی صفحه نمایش داده می‌شود، خواهید خواند.<br><br>لطفاً هر خط را با دقت بخوانید، زیرا در پایان آزمایش چند سؤال در مورد داستان از شما پرسیده خواهد شد.<br><br>پس از هر پاراگراف، یک جفت تصویر خواهید دید. به هر دو تصویر نگاه کنید و تعداد کل دایره‌ها را در دو تصویر بشمارید.<br><br>در صفحه بعد می‌توانید نمونه‌هایی از یک دایره صحیح و یک شکل نادرست را ببینید. فقط شکل‌هایی را بشمارید که با نمونه دایره صحیح مطابقت دارند.<br><br>برای شروع هر کلیدی را فشار دهید.","دایره شمارش شده را وارد کنید (۰-۳ را فشار دهید)","خوش آمدید! برای ادامه هر کلیدی را فشار دهید.","Farsi","1536","-267","267","-267","267","154","-154","154","-154"
"6","5000","8","undefined","undefined","undefined","undefined","#1a1a1a","3","psycho","True","psycho","psycho","uniform","undefined","undefined","undefined","0","NA","0","0","23","23","0","0","0","NA","0","23","23","NA","23","23","0","23","0","0","NA","0","23","23","23","23","23","23","0","23","23","23","0","89.59752942936761","Wed Aug 26 16:07:00 2026","1000","The main experiment item","False","V7_AttentionalSpatialBias_ (1).osexp","C:\Users\plcm\Downloads","218.23990007396787","014.png","785.4336","147.7008","True","False","mono","False","18","no","white","no","yes","RTL","785.4336","147.7008","864","3","014.png","015.png","num_4","psycho","Farsi","23","23","C:\Users\plcm\Downloads\subject-111.csv","150","psycho","no","462465.6061999267","Neonatal Nightingale","4.1.14","4","4","no_prime_trial_24","24","RTL","","0","num_1","space","num_1","NA","NA","num_1","2338.7806999962777","28778.31470000092","NA","NA","2338.7806999962777","2","psycho","5, 6, 1, 4, 3, 2, 6, 1, 3, 2, 5, 4, 3, 5, 1, 2, 4, 6, 5, 1, 2, 3, 6, 4, 5, 2, 1, 4, 3, 6, 3, 1, 5, 4, 2, 6, 3, 6, 2, 1, 5, 4, 6, 1, 5, 2, 4, 3","False","1024","2","48000","-16","experiment","111","odd","461.1570251999656","768.0","768.0","124.0","740.0","130350.08989996277","NA","NA","4474.118399899453","461156.90129995346","461156.99399996083","NA","6393.3858999516815","104449.57439997233","NA","4474.325599963777","469817.28779990226","461145.5181000056","NA","461445.21509995684","461450.80130000133","8304.935299907811","467468.7271999428","159129.24609996844","NA","NA","159671.24299996067","461145.49769996665","469817.25159997586","467477.82339993864","461145.44779993594","462455.0183999818","462451.38979994226","159671.42499994952","461144.5567999035","462455.0760999555","462465.5437999172","6393.456699908711","Attentional Spatial Bias","0","0","0","24","اکنون چشم‌پیما را کالیبره می‌کنیم.<br><br>لطفاً نقطه متحرک را با چشمان خود دنبال کنید و سرتان را ثابت نگه دارید.<br><br>لطفاً منتظر بمانید.","از شرکت شما سپاسگزاریم!<br><br>آزمایش اکنون به پایان رسیده است.<br><br>لطفاً با آزمایشگر تماس بگیرید.","در این آزمایش، شما یک داستان کوتاه را که روی صفحه نمایش داده می‌شود، خواهید خواند.<br><br>لطفاً هر خط را با دقت بخوانید، زیرا در پایان آزمایش چند سؤال در مورد داستان از شما پرسیده خواهد شد.<br><br>پس از هر پاراگراف، یک جفت تصویر خواهید دید. به هر دو تصویر نگاه کنید و تعداد کل دایره‌ها را در دو تصویر بشمارید.<br><br>در صفحه بعد می‌توانید نمونه‌هایی از یک دایره صحیح و یک شکل نادرست را ببینید. فقط شکل‌هایی را بشمارید که با نمونه دایره صحیح مطابقت دارند.<br><br>برای شروع هر کلیدی را فشار دهید.","دایره شمارش شده را وارد کنید (۰-۳ را فشار دهید)","خوش آمدید! برای ادامه هر کلیدی را فشار دهید.","Farsi","1536","0","0","0","0","-308","308","-308","308"
"6","5000","8","undefined","undefined","undefined","undefined","#1a1a1a","4","psycho","True","psycho","psycho","uniform","undefined","undefined","undefined","0","NA","0","0","24","24","0","0","0","NA","0","24","24","NA","24","24","0","24","0","0","NA","0","24","24","24","24","24","24","0","24","24","24","0","47.430898526593396","Wed Aug 26 16:07:00 2026","1000","The main experiment item","False","V7_AttentionalSpatialBias_ (1).osexp","C:\Users\plcm\Downloads","225.17420002259314","001.png","859.17696","292.09247999999997","True","False","mono","False","18","no","white","no","yes","RTL","859.17696","292.09247999999997","864","4","000.png","001.png","num_4","psycho","Farsi","24","24","C:\Users\plcm\Downloads\subject-111.csv","150","psycho","no","493558.37419989984","Neonatal Nightingale","4.1.14","5","5","prime_5","25","RTL","جوجه اردک خانه‌ای کوچک پیدا کرد  پیرزنی به همراه یک گربه و یک مرغ در آن زندگی میکرد. گربه و مرغ بدجنس بودند و او را بی‌فایده صدا می‌زدند. او که ناراحت بود، آنجا را ترک کرد و به تنهایی به سرگردانی ادامه داد.","0","num_2","space","num_2","NA","NA","num_2","1486.1386999255046","28778.31470000092","NA","NA","1486.1386999255046","2","psycho","5, 6, 1, 4, 3, 2, 6, 1, 3, 2, 5, 4, 3, 5, 1, 2, 4, 6, 5, 1, 2, 3, 6, 4, 5, 2, 1, 4, 3, 6, 3, 1, 5, 4, 2, 6, 3, 6, 2, 1, 5, 4, 6, 1, 5, 2, 4, 3","True","1024","2","48000","-16","experiment","111","odd","491.9559355999809","614.0","922.0","699.0","165.0","130350.08989996277","NA","NA","4474.118399899453","491955.76669997536","491955.9114999138","NA","6393.3858999516815","104449.57439997233","NA","4474.325599963777","500057.6180999633","491945.04689995665","NA","492540.91659991536","492546.7318999581","8304.935299907811","498562.2927999357","159129.24609996844","NA","NA","159671.24299996067","469936.00409990177","500057.5856999494","498570.54240000434","469935.92809990514","493550.38679996505","493547.0043999376","159671.42499994952","469935.28229999356","493550.4575999221","493558.33199992776","6393.456699908711","Attentional Spatial Bias","0","0","0","25","اکنون چشم‌پیما را کالیبره می‌کنیم.<br><br>لطفاً نقطه متحرک را با چشمان خود دنبال کنید و سرتان را ثابت نگه دارید.<br><br>لطفاً منتظر بمانید.","از شرکت شما سپاسگزاریم!<br><br>آزمایش اکنون به پایان رسیده است.<br><br>لطفاً با آزمایشگر تماس بگیرید.","در این آزمایش، شما یک داستان کوتاه را که روی صفحه نمایش داده می‌شود، خواهید خواند.<br><br>لطفاً هر خط را با دقت بخوانید، زیرا در پایان آزمایش چند سؤال در مورد داستان از شما پرسیده خواهد شد.<br><br>پس از هر پاراگراف، یک جفت تصویر خواهید دید. به هر دو تصویر نگاه کنید و تعداد کل دایره‌ها را در دو تصویر بشمارید.<br><br>در صفحه بعد می‌توانید نمونه‌هایی از یک دایره صحیح و یک شکل نادرست را ببینید. فقط شکل‌هایی را بشمارید که با نمونه دایره صحیح مطابقت دارند.<br><br>برای شروع هر کلیدی را فشار دهید.","دایره شمارش شده را وارد کنید (۰-۳ را فشار دهید)","خوش آمدید! برای ادامه هر کلیدی را فشار دهید.","Farsi","1536","-154","154","-154","154","267","-267","267","-267"
"6","5000","8","undefined","undefined","undefined","undefined","#1a1a1a","4","psycho","True","psycho","psycho","uniform","undefined","undefined","undefined","0","NA","0","0","25","25","0","0","0","NA","0","25","25","NA","25","25","0","25","0","0","NA","0","25","25","25","25","25","25","0","25","25","25","0","27.1360125584876","Wed Aug 26 16:07:00 2026","1000","The main experiment item","False","V7_AttentionalSpatialBias_ (1).osexp","C:\Users\plcm\Downloads","240.4726000968367","002.png","568.6271999999999","238.94783999999999","True","False","mono","False","18","no","white","no","yes","RTL","568.6271999999999","238.94783999999999","864","4","002.png","003.png","num_4","psycho","Farsi","25","25","C:\Users\plcm\Downloads\subject-111.csv","150","psycho","no","502059.17029990815","Neonatal Nightingale","4.1.14","2","2","no_prime_trial_26","26","RTL","","0","num_2","space","num_2","NA","NA","num_2","1331.9131000898778","28778.31470000092","NA","NA","1331.9131000898778","2","psycho","5, 6, 1, 4, 3, 2, 6, 1, 3, 2, 5, 4, 3, 5, 1, 2, 4, 6, 5, 1, 2, 3, 6, 4, 5, 2, 1, 4, 3, 6, 3, 1, 5, 4, 2, 6, 3, 6, 2, 1, 5, 4, 6, 1, 5, 2, 4, 3","False","1024","2","48000","-16","experiment","111","odd","500.19750609993935","501.0","1035.0","278.0","586.0","130350.08989996277","NA","NA","4474.118399899453","500197.39979994483","500197.48209998943","NA","6393.3858999516815","104449.57439997233","NA","4474.325599963777","508401.4343000017","500185.5010999134","NA","501040.8235999057","501046.45909997635","8304.935299907811","507060.5467999121","159129.24609996844","NA","NA","159671.24299996067","500185.47969998326","508401.38629998546","507068.6495999107","500185.4230999015","502051.57249991316","502047.03139991034","159671.42499994952","500184.398299898","502051.65199993644","502059.12759993225","6393.456699908711","Attentional Spatial Bias","0","0","0","26","اکنون چشم‌پیما را کالیبره می‌کنیم.<br><br>لطفاً نقطه متحرک را با چشمان خود دنبال کنید و سرتان را ثابت نگه دارید.<br><br>لطفاً منتظر بمانید.","از شرکت شما سپاسگزاریم!<br><br>آزمایش اکنون به پایان رسیده است.<br><br>لطفاً با آزمایشگر تماس بگیرید.","در این آزمایش، شما یک داستان کوتاه را که روی صفحه نمایش داده می‌شود، خواهید خواند.<br><br>لطفاً هر خط را با دقت بخوانید، زیرا در پایان آزمایش چند سؤال در مورد داستان از شما پرسیده خواهد شد.<br><br>پس از هر پاراگراف، یک جفت تصویر خواهید دید. به هر دو تصویر نگاه کنید و تعداد کل دایره‌ها را در دو تصویر بشمارید.<br><br>در صفحه بعد می‌توانید نمونه‌هایی از یک دایره صحیح و یک شکل نادرست را ببینید. فقط شکل‌هایی را بشمارید که با نمونه دایره صحیح مطابقت دارند.<br><br>برای شروع هر کلیدی را فشار دهید.","دایره شمارش شده را وارد کنید (۰-۳ را فشار دهید)","خوش آمدید! برای ادامه هر کلیدی را فشار دهید.","Farsi","1536","-267","267","-267","267","-154","154","-154","154"
"6","5000","8","undefined","undefined","undefined","undefined","#1a1a1a","4","psycho","True","psycho","psycho","uniform","undefined","undefined","undefined","0","NA","0","0","26","26","0","0","0","NA","0","26","26","NA","26","26","0","26","0","0","NA","0","26","26","26","26","26","26","0","26","26","26","0","56.83523082708475","Wed Aug 26 16:07:00 2026","1000","The main experiment item","False","V7_AttentionalSpatialBias_ (1).osexp","C:\Users\plcm\Downloads","222.97200001776218","005.png","996.4646399999999","382.28544","True","False","mono","False","18","no","white","no","yes","RTL","996.4646399999999","382.28544","864","4","004.png","005.png","num_4","psycho","Farsi","26","26","C:\Users\plcm\Downloads\subject-111.csv","150","psycho","no","509574.57129994873","Neonatal Nightingale","4.1.14","1","1","no_prime_trial_27","27","RTL","","0","num_2","space","num_2","NA","NA","num_2","4288.225300027989","28778.31470000092","NA","NA","4288.225300027989","2","psycho","5, 6, 1, 4, 3, 2, 6, 1, 3, 2, 5, 4, 3, 5, 1, 2, 4, 6, 5, 1, 2, 3, 6, 4, 5, 2, 1, 4, 3, 6, 3, 1, 5, 4, 2, 6, 3, 6, 2, 1, 5, 4, 6, 1, 5, 2, 4, 3","False","1024","2","48000","-16","experiment","111","odd","508.5507604999002","460.0","1076.0","432.0","432.0","130350.08989996277","NA","NA","4474.118399899453","508550.6464999635","508550.7367999526","NA","6393.3858999516815","104449.57439997233","NA","4474.325599963777","518874.12349996157","508538.77649991773","NA","508556.4619998913","508562.20079993363","8304.935299907811","514575.43609989807","159129.24609996844","NA","NA","159671.24299996067","508538.7512999587","518874.07149991486","514584.41159990616","508538.6952999979","509566.0861999495","509562.7389999572","159671.42499994952","508537.8974999767","509566.14239991177","509574.5239999378","6393.456699908711","Attentional Spatial Bias","0","0","0","27","اکنون چشم‌پیما را کالیبره می‌کنیم.<br><br>لطفاً نقطه متحرک را با چشمان خود دنبال کنید و سرتان را ثابت نگه دارید.<br><br>لطفاً منتظر بمانید.","از شرکت شما سپاسگزاریم!<br><br>آزمایش اکنون به پایان رسیده است.<br><br>لطفاً با آزمایشگر تماس بگیرید.","در این آزمایش، شما یک داستان کوتاه را که روی صفحه نمایش داده می‌شود، خواهید خواند.<br><br>لطفاً هر خط را با دقت بخوانید، زیرا در پایان آزمایش چند سؤال در مورد داستان از شما پرسیده خواهد شد.<br><br>پس از هر پاراگراف، یک جفت تصویر خواهید دید. به هر دو تصویر نگاه کنید و تعداد کل دایره‌ها را در دو تصویر بشمارید.<br><br>در صفحه بعد می‌توانید نمونه‌هایی از یک دایره صحیح و یک شکل نادرست را ببینید. فقط شکل‌هایی را بشمارید که با نمونه دایره صحیح مطابقت دارند.<br><br>برای شروع هر کلیدی را فشار دهید.","دایره شمارش شده را وارد کنید (۰-۳ را فشار دهید)","خوش آمدید! برای ادامه هر کلیدی را فشار دهید.","Farsi","1536","-308","308","-308","308","0","0","0","0"
"6","5000","8","undefined","undefined","undefined","undefined","#1a1a1a","4","psycho","True","psycho","psycho","uniform","undefined","undefined","undefined","0","NA","0","0","27","27","0","0","0","NA","0","27","27","NA","27","27","0","27","0","0","NA","0","27","27","27","27","27","27","0","27","27","27","0","80.92208445853083","Wed Aug 26 16:07:00 2026","1000","The main experiment item","False","V7_AttentionalSpatialBias_ (1).osexp","C:\Users\plcm\Downloads","11.86910003889352","007.png","803.75808","594.65664","True","False","mono","False","18","no","white","no","yes","RTL","803.75808","594.65664","864","4","006.png","007.png","num_4","psycho","Farsi","27","27","C:\Users\plcm\Downloads\subject-111.csv","150","psycho","no","520083.498199936","Neonatal Nightingale","4.1.14","4","4","no_prime_trial_28","28","RTL","","0","num_2","space","num_2","NA","NA","num_2","1447.0094999996945","28778.31470000092","NA","NA","1447.0094999996945","2","psycho","5, 6, 1, 4, 3, 2, 6, 1, 3, 2, 5, 4, 3, 5, 1, 2, 4, 6, 5, 1, 2, 3, 6, 4, 5, 2, 1, 4, 3, 6, 3, 1, 5, 4, 2, 6, 3, 6, 2, 1, 5, 4, 6, 1, 5, 2, 4, 3","False","1024","2","48000","-16","experiment","111","odd","519.0465583999176","768.0","768.0","124.0","740.0","130350.08989996277","NA","NA","4474.118399899453","519046.39049991965","519046.52329999954","NA","6393.3858999516815","104449.57439997233","NA","4474.325599963777","526545.7083999645","519034.7936999751","NA","519068.45939997584","519073.9764999598","8304.935299907811","525087.8875999479","159129.24609996844","NA","NA","159671.24299996067","519034.7698999103","526545.6633999711","525097.8135999758","519034.6972999396","520077.572899987","520074.3328999961","159671.42499994952","519034.2315000016","520077.62419991195","520083.4578999784","6393.456699908711","Attentional Spatial Bias","0","0","0","28","اکنون چشم‌پیما را کالیبره می‌کنیم.<br><br>لطفاً نقطه متحرک را با چشمان خود دنبال کنید و سرتان را ثابت نگه دارید.<br><br>لطفاً منتظر بمانید.","از شرکت شما سپاسگزاریم!<br><br>آزمایش اکنون به پایان رسیده است.<br><br>لطفاً با آزمایشگر تماس بگیرید.","در این آزمایش، شما یک داستان کوتاه را که روی صفحه نمایش داده می‌شود، خواهید خواند.<br><br>لطفاً هر خط را با دقت بخوانید، زیرا در پایان آزمایش چند سؤال در مورد داستان از شما پرسیده خواهد شد.<br><br>پس از هر پاراگراف، یک جفت تصویر خواهید دید. به هر دو تصویر نگاه کنید و تعداد کل دایره‌ها را در دو تصویر بشمارید.<br><br>در صفحه بعد می‌توانید نمونه‌هایی از یک دایره صحیح و یک شکل نادرست را ببینید. فقط شکل‌هایی را بشمارید که با نمونه دایره صحیح مطابقت دارند.<br><br>برای شروع هر کلیدی را فشار دهید.","دایره شمارش شده را وارد کنید (۰-۳ را فشار دهید)","خوش آمدید! برای ادامه هر کلیدی را فشار دهید.","Farsi","1536","0","0","0","0","-308","308","-308","308"
"6","5000","8","undefined","undefined","undefined","undefined","#1a1a1a","4","psycho","True","psycho","psycho","uniform","undefined","undefined","undefined","0","NA","0","0","28","28","0","0","0","NA","0","28","28","NA","28","28","0","28","0","0","NA","0","28","28","28","28","28","28","0","28","28","28","0","49.876685503862355","Wed Aug 26 16:07:00 2026","1000","The main experiment item","False","V7_AttentionalSpatialBias_ (1).osexp","C:\Users\plcm\Downloads","11.372200096957386","009.png","790.13376","583.94304","True","False","mono","False","18","no","white","no","yes","RTL","790.13376","583.94304","864","4","008.png","009.png","num_4","psycho","Farsi","28","28","C:\Users\plcm\Downloads\subject-111.csv","150","psycho","no","527721.275699907","Neonatal Nightingale","4.1.14","3","3","no_prime_trial_29","29","RTL","","0","num_0","space","num_0","NA","NA","num_0","2294.6708999807015","28778.31470000092","NA","NA","2294.6708999807015","2","psycho","5, 6, 1, 4, 3, 2, 6, 1, 3, 2, 5, 4, 3, 5, 1, 2, 4, 6, 5, 1, 2, 3, 6, 4, 5, 2, 1, 4, 3, 6, 3, 1, 5, 4, 2, 6, 3, 6, 2, 1, 5, 4, 6, 1, 5, 2, 4, 3","False","1024","2","48000","-16","experiment","111","odd","526.6950357999885","614.0","922.0","165.0","699.0","130350.08989996277","NA","NA","4474.118399899453","526694.9405999621","526695.0138999382","NA","6393.3858999516815","104449.57439997233","NA","4474.325599963777","535026.8123999704","526682.979999925","NA","526700.3714999883","526706.0878999764","8304.935299907811","532722.1694999607","159129.24609996844","NA","NA","159671.24299996067","526682.957699988","535026.7441999167","532730.4418999702","526682.8994998941","527710.5442999164","527706.4574999968","159671.42499994952","526682.3405999457","527710.6140999822","527721.2360999547","6393.456699908711","Attentional Spatial Bias","0","0","0","29","اکنون چشم‌پیما را کالیبره می‌کنیم.<br><br>لطفاً نقطه متحرک را با چشمان خود دنبال کنید و سرتان را ثابت نگه دارید.<br><br>لطفاً منتظر بمانید.","از شرکت شما سپاسگزاریم!<br><br>آزمایش اکنون به پایان رسیده است.<br><br>لطفاً با آزمایشگر تماس بگیرید.","در این آزمایش، شما یک داستان کوتاه را که روی صفحه نمایش داده می‌شود، خواهید خواند.<br><br>لطفاً هر خط را با دقت بخوانید، زیرا در پایان آزمایش چند سؤال در مورد داستان از شما پرسیده خواهد شد.<br><br>پس از هر پاراگراف، یک جفت تصویر خواهید دید. به هر دو تصویر نگاه کنید و تعداد کل دایره‌ها را در دو تصویر بشمارید.<br><br>در صفحه بعد می‌توانید نمونه‌هایی از یک دایره صحیح و یک شکل نادرست را ببینید. فقط شکل‌هایی را بشمارید که با نمونه دایره صحیح مطابقت دارند.<br><br>برای شروع هر کلیدی را فشار دهید.","دایره شمارش شده را وارد کنید (۰-۳ را فشار دهید)","خوش آمدید! برای ادامه هر کلیدی را فشار دهید.","Farsi","1536","-154","154","-154","154","-267","267","-267","267"
"6","5000","8","undefined","undefined","undefined","undefined","#1a1a1a","4","psycho","True","psycho","psycho","uniform","undefined","undefined","undefined","0","NA","0","0","29","29","0","0","0","NA","0","29","29","NA","29","29","0","29","0","0","NA","0","29","29","29","29","29","29","0","29","29","29","0","86.01596254820608","Wed Aug 26 16:07:00 2026","1000","The main experiment item","False","V7_AttentionalSpatialBias_ (1).osexp","C:\Users\plcm\Downloads","213.51349994074553","011.png","919.28064","331.23168","True","False","mono","False","18","no","white","no","yes","RTL","919.28064","331.23168","864","4","010.png","011.png","num_4","psycho","Farsi","29","29","C:\Users\plcm\Downloads\subject-111.csv","150","psycho","no","536209.6198999789","Neonatal Nightingale","4.1.14","6","6","no_prime_trial_30","30","RTL","","0","num_2","space","num_2","NA","NA","num_2","3380.672400002368","28778.31470000092","NA","NA","3380.672400002368","2","psycho","5, 6, 1, 4, 3, 2, 6, 1, 3, 2, 5, 4, 3, 5, 1, 2, 4, 6, 5, 1, 2, 3, 6, 4, 5, 2, 1, 4, 3, 6, 3, 1, 5, 4, 2, 6, 3, 6, 2, 1, 5, 4, 6, 1, 5, 2, 4, 3","False","1024","2","48000","-16","experiment","111","odd","535.1747646000003","501.0","1035.0","586.0","278.0","130350.08989996277","NA","NA","4474.118399899453","535174.6373999631","535174.7294999659","NA","6393.3858999516815","104449.57439997233","NA","4474.325599963777","544601.6930999467","535161.1621999182","NA","535190.4336999869","535196.4871999808","8304.935299907811","541211.662299931","159129.24609996844","NA","NA","159671.24299996067","535161.1329999287","544601.6568999039","541220.0272999471","535161.0621999716","536200.3495999379","536196.6012999183","159671.42499994952","535160.6268999167","536200.4177999916","536209.541899967","6393.456699908711","Attentional Spatial Bias","0","0","0","30","اکنون چشم‌پیما را کالیبره می‌کنیم.<br><br>لطفاً نقطه متحرک را با چشمان خود دنبال کنید و سرتان را ثابت نگه دارید.<br><br>لطفاً منتظر بمانید.","از شرکت شما سپاسگزاریم!<br><br>آزمایش اکنون به پایان رسیده است.<br><br>لطفاً با آزمایشگر تماس بگیرید.","در این آزمایش، شما یک داستان کوتاه را که روی صفحه نمایش داده می‌شود، خواهید خواند.<br><br>لطفاً هر خط را با دقت بخوانید، زیرا در پایان آزمایش چند سؤال در مورد داستان از شما پرسیده خواهد شد.<br><br>پس از هر پاراگراف، یک جفت تصویر خواهید دید. به هر دو تصویر نگاه کنید و تعداد کل دایره‌ها را در دو تصویر بشمارید.<br><br>در صفحه بعد می‌توانید نمونه‌هایی از یک دایره صحیح و یک شکل نادرست را ببینید. فقط شکل‌هایی را بشمارید که با نمونه دایره صحیح مطابقت دارند.<br><br>برای شروع هر کلیدی را فشار دهید.","دایره شمارش شده را وارد کنید (۰-۳ را فشار دهید)","خوش آمدید! برای ادامه هر کلیدی را فشار دهید.","Farsi","1536","-267","267","-267","267","154","-154","154","-154"
"6","5000","8","undefined","undefined","undefined","undefined","#1a1a1a","5","psycho","True","psycho","psycho","uniform","undefined","undefined","undefined","0","NA","0","0","30","30","0","0","0","NA","0","30","30","NA","30","30","0","30","0","0","NA","0","30","30","30","30","30","30","0","30","30","30","0","85.24546634072695","Wed Aug 26 16:07:00 2026","1000","The main experiment item","False","V7_AttentionalSpatialBias_ (1).osexp","C:\Users\plcm\Downloads","245.68699998781085","012.png","714.76224","300.24863999999997","True","False","mono","False","18","no","white","no","yes","RTL","714.76224","300.24863999999997","864","5","012.png","013.png","num_4","psycho","Farsi","30","30","C:\Users\plcm\Downloads\subject-111.csv","150","psycho","no","557139.6260999609","Neonatal Nightingale","4.1.14","3","3","prime_6","31","RTL","زمستان آمد و هوا خیلی سرد بود. او در یک دریاچه نزدیک بود یخ بزند، اما یک کشاورز او را پیدا کرد و به خانه خود برد.","0","num_1","space","num_1","NA","NA","num_1","1271.799899986945","28778.31470000092","NA","NA","1271.799899986945","2","psycho","5, 6, 1, 4, 3, 2, 6, 1, 3, 2, 5, 4, 3, 5, 1, 2, 4, 6, 5, 1, 2, 3, 6, 4, 5, 2, 1, 4, 3, 6, 3, 1, 5, 4, 2, 6, 3, 6, 2, 1, 5, 4, 6, 1, 5, 2, 4, 3","True","1024","2","48000","-16","experiment","111","odd","556.013802099973","614.0","922.0","165.0","699.0","130350.08989996277","NA","NA","4474.118399899453","556013.6810999829","556013.7741999933","NA","6393.3858999516815","104449.57439997233","NA","4474.325599963777","563425.3592999885","556000.9996999288","NA","556123.5601999797","556129.1137998924","8304.935299907811","562144.5121999132","159129.24609996844","NA","NA","159671.24299996067","544743.2642999338","563425.3207999282","562152.7880999492","544743.1820000056","557133.330599987","557129.3646999402","159671.42499994952","544742.6583999768","557133.3963999059","557139.5864998922","6393.456699908711","Attentional Spatial Bias","0","0","0","31","اکنون چشم‌پیما را کالیبره می‌کنیم.<br><br>لطفاً نقطه متحرک را با چشمان خود دنبال کنید و سرتان را ثابت نگه دارید.<br><br>لطفاً منتظر بمانید.","از شرکت شما سپاسگزاریم!<br><br>آزمایش اکنون به پایان رسیده است.<br><br>لطفاً با آزمایشگر تماس بگیرید.","در این آزمایش، شما یک داستان کوتاه را که روی صفحه نمایش داده می‌شود، خواهید خواند.<br><br>لطفاً هر خط را با دقت بخوانید، زیرا در پایان آزمایش چند سؤال در مورد داستان از شما پرسیده خواهد شد.<br><br>پس از هر پاراگراف، یک جفت تصویر خواهید دید. به هر دو تصویر نگاه کنید و تعداد کل دایره‌ها را در دو تصویر بشمارید.<br><br>در صفحه بعد می‌توانید نمونه‌هایی از یک دایره صحیح و یک شکل نادرست را ببینید. فقط شکل‌هایی را بشمارید که با نمونه دایره صحیح مطابقت دارند.<br><br>برای شروع هر کلیدی را فشار دهید.","دایره شمارش شده را وارد کنید (۰-۳ را فشار دهید)","خوش آمدید! برای ادامه هر کلیدی را فشار دهید.","Farsi","1536","-154","154","-154","154","-267","267","-267","267"
"6","5000","8","undefined","undefined","undefined","undefined","#1a1a1a","5","psycho","True","psycho","psycho","uniform","undefined","undefined","undefined","0","NA","0","0","31","31","0","0","0","NA","0","31","31","NA","31","31","0","31","0","0","NA","0","31","31","31","31","31","31","0","31","31","31","0","22.865002796203587","Wed Aug 26 16:07:00 2026","1000","The main experiment item","False","V7_AttentionalSpatialBias_ (1).osexp","C:\Users\plcm\Downloads","256.69989991001785","015.png","1014.6508799999999","456.14016","True","False","mono","False","18","no","white","no","yes","RTL","1014.6508799999999","456.14016","864","5","014.png","015.png","num_4","psycho","Farsi","31","31","C:\Users\plcm\Downloads\subject-111.csv","150","psycho","no","564620.1052999822","Neonatal Nightingale","4.1.14","1","1","no_prime_trial_32","32","RTL","","0","num_0","space","num_0","NA","NA","num_0","1816.9966000132263","28778.31470000092","NA","NA","1816.9966000132263","2","psycho","5, 6, 1, 4, 3, 2, 6, 1, 3, 2, 5, 4, 3, 5, 1, 2, 4, 6, 5, 1, 2, 3, 6, 4, 5, 2, 1, 4, 3, 6, 3, 1, 5, 4, 2, 6, 3, 6, 2, 1, 5, 4, 6, 1, 5, 2, 4, 3","False","1024","2","48000","-16","experiment","111","odd","563.5983711999143","460.0","1076.0","432.0","432.0","130350.08989996277","NA","NA","4474.118399899453","563598.2245999621","563598.3369000023","NA","6393.3858999516815","104449.57439997233","NA","4474.325599963777","571449.4440999115","563584.1740999604","NA","563603.6066999659","563609.1073999414","8304.935299907811","569623.3331999974","159129.24609996844","NA","NA","159671.24299996067","563584.1446999693","571449.409199995","569631.5925999079","563584.0769999195","564612.2470999835","564609.3695999589","159671.42499994952","563583.1708000042","564612.3057999648","564620.0575999683","6393.456699908711","Attentional Spatial Bias","0","0","0","32","اکنون چشم‌پیما را کالیبره می‌کنیم.<br><br>لطفاً نقطه متحرک را با چشمان خود دنبال کنید و سرتان را ثابت نگه دارید.<br><br>لطفاً منتظر بمانید.","از شرکت شما سپاسگزاریم!<br><br>آزمایش اکنون به پایان رسیده است.<br><br>لطفاً با آزمایشگر تماس بگیرید.","در این آزمایش، شما یک داستان کوتاه را که روی صفحه نمایش داده می‌شود، خواهید خواند.<br><br>لطفاً هر خط را با دقت بخوانید، زیرا در پایان آزمایش چند سؤال در مورد داستان از شما پرسیده خواهد شد.<br><br>پس از هر پاراگراف، یک جفت تصویر خواهید دید. به هر دو تصویر نگاه کنید و تعداد کل دایره‌ها را در دو تصویر بشمارید.<br><br>در صفحه بعد می‌توانید نمونه‌هایی از یک دایره صحیح و یک شکل نادرست را ببینید. فقط شکل‌هایی را بشمارید که با نمونه دایره صحیح مطابقت دارند.<br><br>برای شروع هر کلیدی را فشار دهید.","دایره شمارش شده را وارد کنید (۰-۳ را فشار دهید)","خوش آمدید! برای ادامه هر کلیدی را فشار دهید.","Farsi","1536","-308","308","-308","308","0","0","0","0"
"6","5000","8","undefined","undefined","undefined","undefined","#1a1a1a","5","psycho","True","psycho","psycho","uniform","undefined","undefined","undefined","0","NA","0","0","32","32","0","0","0","NA","0","32","32","NA","32","32","0","32","0","0","NA","0","32","32","32","32","32","32","0","32","32","32","0","97.86166014081711","Wed Aug 26 16:07:00 2026","1000","The main experiment item","False","V7_AttentionalSpatialBias_ (1).osexp","C:\Users\plcm\Downloads","273.97280000150204","001.png","949.0176","166.47552","True","False","mono","False","18","no","white","no","yes","RTL","949.0176","166.47552","864","5","000.png","001.png","num_4","psycho","Farsi","32","32","C:\Users\plcm\Downloads\subject-111.csv","150","psycho","no","572820.0739999302","Neonatal Nightingale","4.1.14","5","5","no_prime_trial_33","33","RTL","","0","num_2","space","num_2","NA","NA","num_2","3024.7747000539675","28778.31470000092","NA","NA","3024.7747000539675","2","psycho","5, 6, 1, 4, 3, 2, 6, 1, 3, 2, 5, 4, 3, 5, 1, 2, 4, 6, 5, 1, 2, 3, 6, 4, 5, 2, 1, 4, 3, 6, 3, 1, 5, 4, 2, 6, 3, 6, 2, 1, 5, 4, 6, 1, 5, 2, 4, 3","False","1024","2","48000","-16","experiment","111","odd","571.5942851","614.0","922.0","699.0","165.0","130350.08989996277","NA","NA","4474.118399899453","571594.1536999308","571594.2599999253","NA","6393.3858999516815","104449.57439997233","NA","4474.325599963777","580857.6683999272","571578.9538999088","NA","571802.9902999988","571808.8128999807","8304.935299907811","577823.2885999605","159129.24609996844","NA","NA","159671.24299996067","571578.9345999947","580857.5696999906","577831.8306999281","571578.8947999245","572811.9939999888","572809.0562999714","159671.42499994952","571578.6722999765","572812.0466999244","572820.0319999596","6393.456699908711","Attentional Spatial Bias","0","0","0","33","اکنون چشم‌پیما را کالیبره می‌کنیم.<br><br>لطفاً نقطه متحرک را با چشمان خود دنبال کنید و سرتان را ثابت نگه دارید.<br><br>لطفاً منتظر بمانید.","از شرکت شما سپاسگزاریم!<br><br>آزمایش اکنون به پایان رسیده است.<br><br>لطفاً با آزمایشگر تماس بگیرید.","در این آزمایش، شما یک داستان کوتاه را که روی صفحه نمایش داده می‌شود، خواهید خواند.<br><br>لطفاً هر خط را با دقت بخوانید، زیرا در پایان آزمایش چند سؤال در مورد داستان از شما پرسیده خواهد شد.<br><br>پس از هر پاراگراف، یک جفت تصویر خواهید دید. به هر دو تصویر نگاه کنید و تعداد کل دایره‌ها را در دو تصویر بشمارید.<br><br>در صفحه بعد می‌توانید نمونه‌هایی از یک دایره صحیح و یک شکل نادرست را ببینید. فقط شکل‌هایی را بشمارید که با نمونه دایره صحیح مطابقت دارند.<br><br>برای شروع هر کلیدی را فشار دهید.","دایره شمارش شده را وارد کنید (۰-۳ را فشار دهید)","خوش آمدید! برای ادامه هر کلیدی را فشار دهید.","Farsi","1536","-154","154","-154","154","267","-267","267","-267"
"6","5000","8","undefined","undefined","undefined","undefined","#1a1a1a","5","psycho","True","psycho","psycho","uniform","undefined","undefined","undefined","0","NA","0","0","33","33","0","0","0","NA","0","33","33","NA","33","33","0","33","0","0","NA","0","33","33","33","33","33","33","0","33","33","33","0","99.87647456044893","Wed Aug 26 16:07:00 2026","1000","The main experiment item","False","V7_AttentionalSpatialBias_ (1).osexp","C:\Users\plcm\Downloads","204.1113000595942","002.png","813.74208","270.41472","True","False","mono","False","18","no","white","no","yes","RTL","813.74208","270.41472","864","5","002.png","003.png","num_4","psycho","Farsi","33","33","C:\Users\plcm\Downloads\subject-111.csv","150","psycho","no","582097.1515999408","Neonatal Nightingale","4.1.14","4","4","no_prime_trial_34","34","RTL","","0","num_2","space","num_2","NA","NA","num_2","1273.6717000370845","28778.31470000092","NA","NA","1273.6717000370845","2","psycho","5, 6, 1, 4, 3, 2, 6, 1, 3, 2, 5, 4, 3, 5, 1, 2, 4, 6, 5, 1, 2, 3, 6, 4, 5, 2, 1, 4, 3, 6, 3, 1, 5, 4, 2, 6, 3, 6, 2, 1, 5, 4, 6, 1, 5, 2, 4, 3","False","1024","2","48000","-16","experiment","111","odd","580.9973328999477","768.0","768.0","124.0","740.0","130350.08989996277","NA","NA","4474.118399899453","580997.2495998954","580997.3125999095","NA","6393.3858999516815","104449.57439997233","NA","4474.325599963777","588385.4594998993","580986.4135999233","NA","581080.1977999508","581085.9346999787","8304.935299907811","587099.9740998959","159129.24609996844","NA","NA","159671.24299996067","580986.3890999695","588385.417799931","587110.9534999123","580986.3307999913","582089.6964999847","582086.6558999987","159671.42499994952","580985.9755999641","582089.7548999637","582097.1115999855","6393.456699908711","Attentional Spatial Bias","0","0","0","34","اکنون چشم‌پیما را کالیبره می‌کنیم.<br><br>لطفاً نقطه متحرک را با چشمان خود دنبال کنید و سرتان را ثابت نگه دارید.<br><br>لطفاً منتظر بمانید.","از شرکت شما سپاسگزاریم!<br><br>آزمایش اکنون به پایان رسیده است.<br><br>لطفاً با آزمایشگر تماس بگیرید.","در این آزمایش، شما یک داستان کوتاه را که روی صفحه نمایش داده می‌شود، خواهید خواند.<br><br>لطفاً هر خط را با دقت بخوانید، زیرا در پایان آزمایش چند سؤال در مورد داستان از شما پرسیده خواهد شد.<br><br>پس از هر پاراگراف، یک جفت تصویر خواهید دید. به هر دو تصویر نگاه کنید و تعداد کل دایره‌ها را در دو تصویر بشمارید.<br><br>در صفحه بعد می‌توانید نمونه‌هایی از یک دایره صحیح و یک شکل نادرست را ببینید. فقط شکل‌هایی را بشمارید که با نمونه دایره صحیح مطابقت دارند.<br><br>برای شروع هر کلیدی را فشار دهید.","دایره شمارش شده را وارد کنید (۰-۳ را فشار دهید)","خوش آمدید! برای ادامه هر کلیدی را فشار دهید.","Farsi","1536","0","0","0","0","-308","308","-308","308"
"6","5000","8","undefined","undefined","undefined","undefined","#1a1a1a","5","psycho","True","psycho","psycho","uniform","undefined","undefined","undefined","0","NA","0","0","34","34","0","0","0","NA","0","34","34","NA","34","34","0","34","0","0","NA","0","34","34","34","34","34","34","0","34","34","34","0","71.76035829422258","Wed Aug 26 16:07:00 2026","1000","The main experiment item","False","V7_AttentionalSpatialBias_ (1).osexp","C:\Users\plcm\Downloads","388.94460001029074","005.png","993.69984","672.9868799999999","True","False","mono","False","18","no","white","no","yes","RTL","993.69984","672.9868799999999","864","5","004.png","005.png","num_4","psycho","Farsi","34","34","C:\Users\plcm\Downloads\subject-111.csv","150","psycho","no","589588.2714999607","Neonatal Nightingale","4.1.14","2","2","no_prime_trial_35","35","RTL","","0","num_2","space","num_2","NA","NA","num_2","1383.8482999708503","28778.31470000092","NA","NA","1383.8482999708503","2","psycho","5, 6, 1, 4, 3, 2, 6, 1, 3, 2, 5, 4, 3, 5, 1, 2, 4, 6, 5, 1, 2, 3, 6, 4, 5, 2, 1, 4, 3, 6, 3, 1, 5, 4, 2, 6, 3, 6, 2, 1, 5, 4, 6, 1, 5, 2, 4, 3","False","1024","2","48000","-16","experiment","111","odd","588.5509596999036","501.0","1035.0","278.0","586.0","130350.08989996277","NA","NA","4474.118399899453","588550.8137999568","588550.9281998966","NA","6393.3858999516815","104449.57439997233","NA","4474.325599963777","595985.5625999626","588537.1821000008","NA","588567.3416999634","588573.0161999818","8304.935299907811","594592.5677999621","159129.24609996844","NA","NA","159671.24299996067","588537.1599999489","595985.5169999646","594600.866499939","588537.0950999204","589577.5090999668","589573.4771999996","159671.42499994952","588536.4649998955","589577.5722999824","589588.2250999566","6393.456699908711","Attentional Spatial Bias","0","0","0","35","اکنون چشم‌پیما را کالیبره می‌کنیم.<br><br>لطفاً نقطه متحرک را با چشمان خود دنبال کنید و سرتان را ثابت نگه دارید.<br><br>لطفاً منتظر بمانید.","از شرکت شما سپاسگزاریم!<br><br>آزمایش اکنون به پایان رسیده است.<br><br>لطفاً با آزمایشگر تماس بگیرید.","در این آزمایش، شما یک داستان کوتاه را که روی صفحه نمایش داده می‌شود، خواهید خواند.<br><br>لطفاً هر خط را با دقت بخوانید، زیرا در پایان آزمایش چند سؤال در مورد داستان از شما پرسیده خواهد شد.<br><br>پس از هر پاراگراف، یک جفت تصویر خواهید دید. به هر دو تصویر نگاه کنید و تعداد کل دایره‌ها را در دو تصویر بشمارید.<br><br>در صفحه بعد می‌توانید نمونه‌هایی از یک دایره صحیح و یک شکل نادرست را ببینید. فقط شکل‌هایی را بشمارید که با نمونه دایره صحیح مطابقت دارند.<br><br>برای شروع هر کلیدی را فشار دهید.","دایره شمارش شده را وارد کنید (۰-۳ را فشار دهید)","خوش آمدید! برای ادامه هر کلیدی را فشار دهید.","Farsi","1536","-267","267","-267","267","-154","154","-154","154"
"6","5000","8","undefined","undefined","undefined","undefined","#1a1a1a","5","psycho","True","psycho","psycho","uniform","undefined","undefined","undefined","0","NA","0","0","35","35","0","0","0","NA","0","35","35","NA","35","35","0","35","0","0","NA","0","35","35","35","35","35","35","0","35","35","35","0","93.34372905000097","Wed Aug 26 16:07:00 2026","1000","The main experiment item","False","V7_AttentionalSpatialBias_ (1).osexp","C:\Users\plcm\Downloads","261.78539998363703","007.png","951.61344","205.44191999999998","True","False","mono","False","18","no","white","no","yes","RTL","951.61344","205.44191999999998","864","5","006.png","007.png","num_4","psycho","Farsi","35","35","C:\Users\plcm\Downloads\subject-111.csv","150","psycho","no","597190.4196999967","Neonatal Nightingale","4.1.14","6","6","no_prime_trial_36","36","RTL","","0","num_2","space","num_2","NA","NA","num_2","1405.064099933952","28778.31470000092","NA","NA","1405.064099933952","2","psycho","5, 6, 1, 4, 3, 2, 6, 1, 3, 2, 5, 4, 3, 5, 1, 2, 4, 6, 5, 1, 2, 3, 6, 4, 5, 2, 1, 4, 3, 6, 3, 1, 5, 4, 2, 6, 3, 6, 2, 1, 5, 4, 6, 1, 5, 2, 4, 3","False","1024","2","48000","-16","experiment","111","odd","596.1613302999176","501.0","1035.0","586.0","278.0","130350.08989996277","NA","NA","4474.118399899453","596161.210799939","596161.3040999509","NA","6393.3858999516815","104449.57439997233","NA","4474.325599963777","603609.4813999953","596148.5251999693","NA","596172.0014999155","596177.1957000019","8304.935299907811","602193.3752999175","159129.24609996844","NA","NA","159671.24299996067","596148.5048999311","603609.4362000003","602203.6758000031","596148.4488999704","597181.3654999714","597177.7634999016","159671.42499994952","596147.9497998953","597181.4153000014","597190.3698999668","6393.456699908711","Attentional Spatial Bias","0","0","0","36","اکنون چشم‌پیما را کالیبره می‌کنیم.<br><br>لطفاً نقطه متحرک را با چشمان خود دنبال کنید و سرتان را ثابت نگه دارید.<br><br>لطفاً منتظر بمانید.","از شرکت شما سپاسگزاریم!<br><br>آزمایش اکنون به پایان رسیده است.<br><br>لطفاً با آزمایشگر تماس بگیرید.","در این آزمایش، شما یک داستان کوتاه را که روی صفحه نمایش داده می‌شود، خواهید خواند.<br><br>لطفاً هر خط را با دقت بخوانید، زیرا در پایان آزمایش چند سؤال در مورد داستان از شما پرسیده خواهد شد.<br><br>پس از هر پاراگراف، یک جفت تصویر خواهید دید. به هر دو تصویر نگاه کنید و تعداد کل دایره‌ها را در دو تصویر بشمارید.<br><br>در صفحه بعد می‌توانید نمونه‌هایی از یک دایره صحیح و یک شکل نادرست را ببینید. فقط شکل‌هایی را بشمارید که با نمونه دایره صحیح مطابقت دارند.<br><br>برای شروع هر کلیدی را فشار دهید.","دایره شمارش شده را وارد کنید (۰-۳ را فشار دهید)","خوش آمدید! برای ادامه هر کلیدی را فشار دهید.","Farsi","1536","-267","267","-267","267","154","-154","154","-154"
"6","5000","8","undefined","undefined","undefined","undefined","#1a1a1a","6","psycho","True","psycho","psycho","uniform","undefined","undefined","undefined","0","NA","0","0","36","36","0","0","0","NA","0","36","36","NA","36","36","0","36","0","0","NA","0","36","36","36","36","36","36","0","36","36","36","0","30.06090527211713","Wed Aug 26 16:07:00 2026","1000","The main experiment item","False","V7_AttentionalSpatialBias_ (1).osexp","C:\Users\plcm\Downloads","356.4752999227494","008.png","620.16","135.50976","True","False","mono","False","18","no","white","no","yes","RTL","620.16","135.50976","864","6","008.png","009.png","num_4","psycho","Farsi","36","36","C:\Users\plcm\Downloads\subject-111.csv","150","psycho","no","611866.5427999804","Neonatal Nightingale","4.1.14","3","3","prime_7","37","RTL","بچه‌های کشاورز او را ترساندند، بنابراین او دوباره در سرمای سوزان فرار کرد.","0","num_0","space","num_0","NA","NA","num_0","1987.0617999695241","28778.31470000092","NA","NA","1987.0617999695241","2","psycho","5, 6, 1, 4, 3, 2, 6, 1, 3, 2, 5, 4, 3, 5, 1, 2, 4, 6, 5, 1, 2, 3, 6, 4, 5, 2, 1, 4, 3, 6, 3, 1, 5, 4, 2, 6, 3, 6, 2, 1, 5, 4, 6, 1, 5, 2, 4, 3","True","1024","2","48000","-16","experiment","111","odd","610.8423920999048","614.0","922.0","165.0","699.0","130350.08989996277","NA","NA","4474.118399899453","610842.3148998991","610842.3720999854","NA","6393.3858999516815","104449.57439997233","NA","4474.325599963777","618865.3221999994","610833.077599993","NA","610848.0557999574","610853.7026999984","8304.935299907811","616869.5144999074","159129.24609996844","NA","NA","159671.24299996067","603761.7104999954","618865.285799955","616877.599200001","603761.630199966","611857.5609999243","611854.3267999776","159671.42499994952","603761.1250999616","611857.6153999893","611866.4856998948","6393.456699908711","Attentional Spatial Bias","0","0","0","37","اکنون چشم‌پیما را کالیبره می‌کنیم.<br><br>لطفاً نقطه متحرک را با چشمان خود دنبال کنید و سرتان را ثابت نگه دارید.<br><br>لطفاً منتظر بمانید.","از شرکت شما سپاسگزاریم!<br><br>آزمایش اکنون به پایان رسیده است.<br><br>لطفاً با آزمایشگر تماس بگیرید.","در این آزمایش، شما یک داستان کوتاه را که روی صفحه نمایش داده می‌شود، خواهید خواند.<br><br>لطفاً هر خط را با دقت بخوانید، زیرا در پایان آزمایش چند سؤال در مورد داستان از شما پرسیده خواهد شد.<br><br>پس از هر پاراگراف، یک جفت تصویر خواهید دید. به هر دو تصویر نگاه کنید و تعداد کل دایره‌ها را در دو تصویر بشمارید.<br><br>در صفحه بعد می‌توانید نمونه‌هایی از یک دایره صحیح و یک شکل نادرست را ببینید. فقط شکل‌هایی را بشمارید که با نمونه دایره صحیح مطابقت دارند.<br><br>برای شروع هر کلیدی را فشار دهید.","دایره شمارش شده را وارد کنید (۰-۳ را فشار دهید)","خوش آمدید! برای ادامه هر کلیدی را فشار دهید.","Farsi","1536","-154","154","-154","154","-267","267","-267","267"
"6","5000","8","undefined","undefined","undefined","undefined","#1a1a1a","6","psycho","True","psycho","psycho","uniform","undefined","undefined","undefined","0","NA","0","0","37","37","0","0","0","NA","0","37","37","NA","37","37","0","37","0","0","NA","0","37","37","37","37","37","37","0","37","37","37","0","87.89002689262989","Wed Aug 26 16:07:00 2026","1000","The main experiment item","False","V7_AttentionalSpatialBias_ (1).osexp","C:\Users\plcm\Downloads","225.72139999829233","011.png","974.5151999999999","412.62048","True","False","mono","False","18","no","white","no","yes","RTL","974.5151999999999","412.62048","864","6","010.png","011.png","num_4","psycho","Farsi","37","37","C:\Users\plcm\Downloads\subject-111.csv","150","psycho","no","620022.5341999903","Neonatal Nightingale","4.1.14","6","6","no_prime_trial_38","38","RTL","","0","num_2","space","num_2","NA","NA","num_2","1461.4975999575108","28778.31470000092","NA","NA","1461.4975999575108","2","psycho","5, 6, 1, 4, 3, 2, 6, 1, 3, 2, 5, 4, 3, 5, 1, 2, 4, 6, 5, 1, 2, 3, 6, 4, 5, 2, 1, 4, 3, 6, 3, 1, 5, 4, 2, 6, 3, 6, 2, 1, 5, 4, 6, 1, 5, 2, 4, 3","False","1024","2","48000","-16","experiment","111","odd","618.9967394999694","501.0","1035.0","586.0","278.0","130350.08989996277","NA","NA","4474.118399899453","618996.6490999795","618996.7186999274","NA","6393.3858999516815","104449.57439997233","NA","4474.325599963777","626497.1579998964","618984.2354999855","NA","619002.1512999665","619007.8884999966","8304.935299907811","625028.1320000067","159129.24609996844","NA","NA","159671.24299996067","618984.21029991","626497.1272998955","625035.1306999801","618984.156099963","620011.3168999087","620007.9569999361","159671.42499994952","618983.7227999233","620011.365699931","620022.4796999246","6393.456699908711","Attentional Spatial Bias","0","0","0","38","اکنون چشم‌پیما را کالیبره می‌کنیم.<br><br>لطفاً نقطه متحرک را با چشمان خود دنبال کنید و سرتان را ثابت نگه دارید.<br><br>لطفاً منتظر بمانید.","از شرکت شما سپاسگزاریم!<br><br>آزمایش اکنون به پایان رسیده است.<br><br>لطفاً با آزمایشگر تماس بگیرید.","در این آزمایش، شما یک داستان کوتاه را که روی صفحه نمایش داده می‌شود، خواهید خواند.<br><br>لطفاً هر خط را با دقت بخوانید، زیرا در پایان آزمایش چند سؤال در مورد داستان از شما پرسیده خواهد شد.<br><br>پس از هر پاراگراف، یک جفت تصویر خواهید دید. به هر دو تصویر نگاه کنید و تعداد کل دایره‌ها را در دو تصویر بشمارید.<br><br>در صفحه بعد می‌توانید نمونه‌هایی از یک دایره صحیح و یک شکل نادرست را ببینید. فقط شکل‌هایی را بشمارید که با نمونه دایره صحیح مطابقت دارند.<br><br>برای شروع هر کلیدی را فشار دهید.","دایره شمارش شده را وارد کنید (۰-۳ را فشار دهید)","خوش آمدید! برای ادامه هر کلیدی را فشار دهید.","Farsi","1536","-267","267","-267","267","154","-154","154","-154"
"6","5000","8","undefined","undefined","undefined","undefined","#1a1a1a","6","psycho","True","psycho","psycho","uniform","undefined","undefined","undefined","0","NA","0","0","38","38","0","0","0","NA","0","38","38","NA","38","38","0","38","0","0","NA","0","38","38","38","38","38","38","0","38","38","38","0","32.72353723589179","Wed Aug 26 16:07:00 2026","1000","The main experiment item","False","V7_AttentionalSpatialBias_ (1).osexp","C:\Users\plcm\Downloads","281.44910000264645","012.png","627.87072","306.49536","True","False","mono","False","18","no","white","no","yes","RTL","627.87072","306.49536","864","6","012.png","013.png","num_4","psycho","Farsi","38","38","C:\Users\plcm\Downloads\subject-111.csv","150","psycho","no","627659.6520999447","Neonatal Nightingale","4.1.14","2","2","no_prime_trial_39","39","RTL","","0","num_1","space","num_1","NA","NA","num_1","1419.535299995914","28778.31470000092","NA","NA","1419.535299995914","2","psycho","5, 6, 1, 4, 3, 2, 6, 1, 3, 2, 5, 4, 3, 5, 1, 2, 4, 6, 5, 1, 2, 3, 6, 4, 5, 2, 1, 4, 3, 6, 3, 1, 5, 4, 2, 6, 3, 6, 2, 1, 5, 4, 6, 1, 5, 2, 4, 3","False","1024","2","48000","-16","experiment","111","odd","626.6353163999738","501.0","1035.0","278.0","586.0","130350.08989996277","NA","NA","4474.118399899453","626635.1938999724","626635.2910998976","NA","6393.3858999516815","104449.57439997233","NA","4474.325599963777","634089.4772999454","626623.7350999145","NA","626640.8775999444","626646.2280999403","8304.935299907811","632661.1402999843","159129.24609996844","NA","NA","159671.24299996067","626623.7093999516","634089.4468999468","632669.1951999674","626623.6253998941","627650.3633999964","627646.9313999405","159671.42499994952","626622.7733999258","627650.4257000051","627659.6058999421","6393.456699908711","Attentional Spatial Bias","0","0","0","39","اکنون چشم‌پیما را کالیبره می‌کنیم.<br><br>لطفاً نقطه متحرک را با چشمان خود دنبال کنید و سرتان را ثابت نگه دارید.<br><br>لطفاً منتظر بمانید.","از شرکت شما سپاسگزاریم!<br><br>آزمایش اکنون به پایان رسیده است.<br><br>لطفاً با آزمایشگر تماس بگیرید.","در این آزمایش، شما یک داستان کوتاه را که روی صفحه نمایش داده می‌شود، خواهید خواند.<br><br>لطفاً هر خط را با دقت بخوانید، زیرا در پایان آزمایش چند سؤال در مورد داستان از شما پرسیده خواهد شد.<br><br>پس از هر پاراگراف، یک جفت تصویر خواهید دید. به هر دو تصویر نگاه کنید و تعداد کل دایره‌ها را در دو تصویر بشمارید.<br><br>در صفحه بعد می‌توانید نمونه‌هایی از یک دایره صحیح و یک شکل نادرست را ببینید. فقط شکل‌هایی را بشمارید که با نمونه دایره صحیح مطابقت دارند.<br><br>برای شروع هر کلیدی را فشار دهید.","دایره شمارش شده را وارد کنید (۰-۳ را فشار دهید)","خوش آمدید! برای ادامه هر کلیدی را فشار دهید.","Farsi","1536","-267","267","-267","267","-154","154","-154","154"
"6","5000","8","undefined","undefined","undefined","undefined","#1a1a1a","6","psycho","True","psycho","psycho","uniform","undefined","undefined","undefined","0","NA","0","0","39","39","0","0","0","NA","0","39","39","NA","39","39","0","39","0","0","NA","0","39","39","39","39","39","39","0","39","39","39","0","98.23105036237783","Wed Aug 26 16:07:00 2026","1000","The main experiment item","False","V7_AttentionalSpatialBias_ (1).osexp","C:\Users\plcm\Downloads","284.71450007054955","015.png","983.05536","388.87775999999997","True","False","mono","False","18","no","white","no","yes","RTL","983.05536","388.87775999999997","864","6","014.png","015.png","num_4","psycho","Farsi","39","39","C:\Users\plcm\Downloads\subject-111.csv","150","psycho","no","635330.9285999276","Neonatal Nightingale","4.1.14","1","1","no_prime_trial_40","40","RTL","","0","num_1","space","num_1","NA","NA","num_1","1911.3708999939263","28778.31470000092","NA","NA","1911.3708999939263","2","psycho","5, 6, 1, 4, 3, 2, 6, 1, 3, 2, 5, 4, 3, 5, 1, 2, 4, 6, 5, 1, 2, 3, 6, 4, 5, 2, 1, 4, 3, 6, 3, 1, 5, 4, 2, 6, 3, 6, 2, 1, 5, 4, 6, 1, 5, 2, 4, 3","False","1024","2","48000","-16","experiment","111","odd","634.246623099898","460.0","1076.0","432.0","432.0","130350.08989996277","NA","NA","4474.118399899453","634246.4965999825","634246.5974999359","NA","6393.3858999516815","104449.57439997233","NA","4474.325599963777","642257.3775999481","634228.582099895","NA","634312.5385999447","634318.077999982","8304.935299907811","640334.9551999709","159129.24609996844","NA","NA","159671.24299996067","634228.5634999862","642257.3439999251","640345.3114998993","634228.526599938","635321.782099898","635318.6806999147","159671.42499994952","634228.374099941","635321.8409999972","635330.8824999258","6393.456699908711","Attentional Spatial Bias","0","0","0","40","اکنون چشم‌پیما را کالیبره می‌کنیم.<br><br>لطفاً نقطه متحرک را با چشمان خود دنبال کنید و سرتان را ثابت نگه دارید.<br><br>لطفاً منتظر بمانید.","از شرکت شما سپاسگزاریم!<br><br>آزمایش اکنون به پایان رسیده است.<br><br>لطفاً با آزمایشگر تماس بگیرید.","در این آزمایش، شما یک داستان کوتاه را که روی صفحه نمایش داده می‌شود، خواهید خواند.<br><br>لطفاً هر خط را با دقت بخوانید، زیرا در پایان آزمایش چند سؤال در مورد داستان از شما پرسیده خواهد شد.<br><br>پس از هر پاراگراف، یک جفت تصویر خواهید دید. به هر دو تصویر نگاه کنید و تعداد کل دایره‌ها را در دو تصویر بشمارید.<br><br>در صفحه بعد می‌توانید نمونه‌هایی از یک دایره صحیح و یک شکل نادرست را ببینید. فقط شکل‌هایی را بشمارید که با نمونه دایره صحیح مطابقت دارند.<br><br>برای شروع هر کلیدی را فشار دهید.","دایره شمارش شده را وارد کنید (۰-۳ را فشار دهید)","خوش آمدید! برای ادامه هر کلیدی را فشار دهید.","Farsi","1536","-308","308","-308","308","0","0","0","0"
"6","5000","8","undefined","undefined","undefined","undefined","#1a1a1a","6","psycho","True","psycho","psycho","uniform","undefined","undefined","undefined","0","NA","0","0","40","40","0","0","0","NA","0","40","40","NA","40","40","0","40","0","0","NA","0","40","40","40","40","40","40","0","40","40","40","0","99.93190727757778","Wed Aug 26 16:07:00 2026","1000","The main experiment item","False","V7_AttentionalSpatialBias_ (1).osexp","C:\Users\plcm\Downloads","59.68230008147657","001.png","795.55584","194.9616","True","False","mono","False","18","no","white","no","yes","RTL","795.55584","194.9616","864","6","000.png","001.png","num_4","psycho","Farsi","40","40","C:\Users\plcm\Downloads\subject-111.csv","150","psycho","no","643773.7749998923","Neonatal Nightingale","4.1.14","5","5","no_prime_trial_41","41","RTL","","0","num_2","space","num_2","NA","NA","num_2","1243.9410999650136","28778.31470000092","NA","NA","1243.9410999650136","2","psycho","5, 6, 1, 4, 3, 2, 6, 1, 3, 2, 5, 4, 3, 5, 1, 2, 4, 6, 5, 1, 2, 3, 6, 4, 5, 2, 1, 4, 3, 6, 3, 1, 5, 4, 2, 6, 3, 6, 2, 1, 5, 4, 6, 1, 5, 2, 4, 3","False","1024","2","48000","-16","experiment","111","odd","642.3866029999917","614.0","922.0","699.0","165.0","130350.08989996277","NA","NA","4474.118399899453","642386.4417999284","642386.5701999748","NA","6393.3858999516815","104449.57439997233","NA","4474.325599963777","650033.3599000005","642374.1153998999","NA","642757.2500999086","642762.5484999735","8304.935299907811","648778.8097999291","159129.24609996844","NA","NA","159671.24299996067","642374.0944999736","650033.3230999531","648788.7545999838","642374.0353999892","643765.7386999344","643762.8193999408","159671.42499994952","642373.4705999959","643765.7943998929","643773.7240999704","6393.456699908711","Attentional Spatial Bias","0","0","0","41","اکنون چشم‌پیما را کالیبره می‌کنیم.<br><br>لطفاً نقطه متحرک را با چشمان خود دنبال کنید و سرتان را ثابت نگه دارید.<br><br>لطفاً منتظر بمانید.","از شرکت شما سپاسگزاریم!<br><br>آزمایش اکنون به پایان رسیده است.<br><br>لطفاً با آزمایشگر تماس بگیرید.","در این آزمایش، شما یک داستان کوتاه را که روی صفحه نمایش داده می‌شود، خواهید خواند.<br><br>لطفاً هر خط را با دقت بخوانید، زیرا در پایان آزمایش چند سؤال در مورد داستان از شما پرسیده خواهد شد.<br><br>پس از هر پاراگراف، یک جفت تصویر خواهید دید. به هر دو تصویر نگاه کنید و تعداد کل دایره‌ها را در دو تصویر بشمارید.<br><br>در صفحه بعد می‌توانید نمونه‌هایی از یک دایره صحیح و یک شکل نادرست را ببینید. فقط شکل‌هایی را بشمارید که با نمونه دایره صحیح مطابقت دارند.<br><br>برای شروع هر کلیدی را فشار دهید.","دایره شمارش شده را وارد کنید (۰-۳ را فشار دهید)","خوش آمدید! برای ادامه هر کلیدی را فشار دهید.","Farsi","1536","-154","154","-154","154","267","-267","267","-267"
"6","5000","8","undefined","undefined","undefined","undefined","#1a1a1a","6","psycho","True","psycho","psycho","uniform","undefined","undefined","undefined","0","NA","0","0","41","41","0","0","0","NA","0","41","41","NA","41","41","0","41","0","0","NA","0","41","41","41","41","41","41","0","41","41","41","0","47.628111182334244","Wed Aug 26 16:07:00 2026","1000","The main experiment item","False","V7_AttentionalSpatialBias_ (1).osexp","C:\Users\plcm\Downloads","230.04539997782558","002.png","784.0972800000001","211.25664","True","False","mono","False","18","no","white","no","yes","RTL","784.0972800000001","211.25664","864","6","002.png","003.png","num_4","psycho","Farsi","41","41","C:\Users\plcm\Downloads\subject-111.csv","150","psycho","no","651184.129799949","Neonatal Nightingale","4.1.14","4","4","no_prime_trial_42","42","RTL","","0","num_2","space","num_2","NA","NA","num_2","1496.3274999754503","28778.31470000092","NA","NA","1496.3274999754503","2","psycho","5, 6, 1, 4, 3, 2, 6, 1, 3, 2, 5, 4, 3, 5, 1, 2, 4, 6, 5, 1, 2, 3, 6, 4, 5, 2, 1, 4, 3, 6, 3, 1, 5, 4, 2, 6, 3, 6, 2, 1, 5, 4, 6, 1, 5, 2, 4, 3","False","1024","2","48000","-16","experiment","111","odd","650.1600885998923","768.0","768.0","124.0","740.0","130350.08989996277","NA","NA","4474.118399899453","650159.9889999488","650160.0654999493","NA","6393.3858999516815","104449.57439997233","NA","4474.325599963777","657697.6688998984","650147.6796999341","NA","650165.6777999597","650171.3247000007","8304.935299907811","656187.6463999506","159129.24609996844","NA","NA","159671.24299996067","650147.658300004","657697.627699934","656200.4236999201","650147.6062999573","651174.7819999","651171.552499989","159671.42499994952","650146.8581999652","651174.8383999802","651184.088399983","6393.456699908711","Attentional Spatial Bias","0","0","0","42","اکنون چشم‌پیما را کالیبره می‌کنیم.<br><br>لطفاً نقطه متحرک را با چشمان خود دنبال کنید و سرتان را ثابت نگه دارید.<br><br>لطفاً منتظر بمانید.","از شرکت شما سپاسگزاریم!<br><br>آزمایش اکنون به پایان رسیده است.<br><br>لطفاً با آزمایشگر تماس بگیرید.","در این آزمایش، شما یک داستان کوتاه را که روی صفحه نمایش داده می‌شود، خواهید خواند.<br><br>لطفاً هر خط را با دقت بخوانید، زیرا در پایان آزمایش چند سؤال در مورد داستان از شما پرسیده خواهد شد.<br><br>پس از هر پاراگراف، یک جفت تصویر خواهید دید. به هر دو تصویر نگاه کنید و تعداد کل دایره‌ها را در دو تصویر بشمارید.<br><br>در صفحه بعد می‌توانید نمونه‌هایی از یک دایره صحیح و یک شکل نادرست را ببینید. فقط شکل‌هایی را بشمارید که با نمونه دایره صحیح مطابقت دارند.<br><br>برای شروع هر کلیدی را فشار دهید.","دایره شمارش شده را وارد کنید (۰-۳ را فشار دهید)","خوش آمدید! برای ادامه هر کلیدی را فشار دهید.","Farsi","1536","0","0","0","0","-308","308","-308","308"
"6","5000","8","undefined","undefined","undefined","undefined","#1a1a1a","7","psycho","True","psycho","psycho","uniform","undefined","undefined","undefined","0","NA","0","0","42","42","0","0","0","NA","0","42","42","NA","42","42","0","42","0","0","NA","0","42","42","42","42","42","42","0","42","42","42","0","61.264794146432926","Wed Aug 26 16:07:00 2026","1000","The main experiment item","False","V7_AttentionalSpatialBias_ (1).osexp","C:\Users\plcm\Downloads","213.55920005589724","005.png","913.6435200000001","371.9952","True","False","mono","False","18","no","white","no","yes","RTL","913.6435200000001","371.9952","864","7","004.png","005.png","num_4","psycho","Farsi","42","42","C:\Users\plcm\Downloads\subject-111.csv","150","psycho","no","684936.3160999492","Neonatal Nightingale","4.1.14","6","6","prime_8","43","RTL","او زمستان را تنها گذراند و فکر می‌کرد زشت‌ترین موجود جهان است. سپس بهار آمد و سرما از بین رفت. یک روز قوهای سفید زیبایی را روی دریاچه دید و به سمتشان شنا کرد، در حالی که می‌ترسید آن‌ها هم او را فراری دهند.","0","num_2","space","num_2","NA","NA","num_2","1326.048200018704","28778.31470000092","NA","NA","1326.048200018704","2","psycho","5, 6, 1, 4, 3, 2, 6, 1, 3, 2, 5, 4, 3, 5, 1, 2, 4, 6, 5, 1, 2, 3, 6, 4, 5, 2, 1, 4, 3, 6, 3, 1, 5, 4, 2, 6, 3, 6, 2, 1, 5, 4, 6, 1, 5, 2, 4, 3","True","1024","2","48000","-16","experiment","111","odd","683.9090899999719","501.0","1035.0","586.0","278.0","130350.08989996277","NA","NA","4474.118399899453","683908.9751999127","683909.0628999984","NA","6393.3858999516815","104449.57439997233","NA","4474.325599963777","691273.5871999757","683897.4073999561","NA","683914.4068999449","683919.8369999649","8304.935299907811","689938.670399948","159129.24609996844","NA","NA","159671.24299996067","657832.4708999135","691273.5523999436","689946.6630999232","657832.4131999398","684923.4835999086","684920.2794999583","159671.42499994952","657832.0012999466","684923.559699906","684936.2782998942","6393.456699908711","Attentional Spatial Bias","0","0","0","43","اکنون چشم‌پیما را کالیبره می‌کنیم.<br><br>لطفاً نقطه متحرک را با چشمان خود دنبال کنید و سرتان را ثابت نگه دارید.<br><br>لطفاً منتظر بمانید.","از شرکت شما سپاسگزاریم!<br><br>آزمایش اکنون به پایان رسیده است.<br><br>لطفاً با آزمایشگر تماس بگیرید.","در این آزمایش، شما یک داستان کوتاه را که روی صفحه نمایش داده می‌شود، خواهید خواند.<br><br>لطفاً هر خط را با دقت بخوانید، زیرا در پایان آزمایش چند سؤال در مورد داستان از شما پرسیده خواهد شد.<br><br>پس از هر پاراگراف، یک جفت تصویر خواهید دید. به هر دو تصویر نگاه کنید و تعداد کل دایره‌ها را در دو تصویر بشمارید.<br><br>در صفحه بعد می‌توانید نمونه‌هایی از یک دایره صحیح و یک شکل نادرست را ببینید. فقط شکل‌هایی را بشمارید که با نمونه دایره صحیح مطابقت دارند.<br><br>برای شروع هر کلیدی را فشار دهید.","دایره شمارش شده را وارد کنید (۰-۳ را فشار دهید)","خوش آمدید! برای ادامه هر کلیدی را فشار دهید.","Farsi","1536","-267","267","-267","267","154","-154","154","-154"
"6","5000","8","undefined","undefined","undefined","undefined","#1a1a1a","7","psycho","True","psycho","psycho","uniform","undefined","undefined","undefined","0","NA","0","0","43","43","0","0","0","NA","0","43","43","NA","43","43","0","43","0","0","NA","0","43","43","43","43","43","43","0","43","43","43","0","88.685311324787","Wed Aug 26 16:07:00 2026","1000","The main experiment item","False","V7_AttentionalSpatialBias_ (1).osexp","C:\Users\plcm\Downloads","362.9479999653995","007.png","934.28736","450.82656","True","False","mono","False","18","no","white","no","yes","RTL","934.28736","450.82656","864","7","006.png","007.png","num_4","psycho","Farsi","43","43","C:\Users\plcm\Downloads\subject-111.csv","150","psycho","no","692465.4898999725","Neonatal Nightingale","4.1.14","1","1","no_prime_trial_44","44","RTL","","0","num_2","space","num_2","NA","NA","num_2","1642.542399931699","28778.31470000092","NA","NA","1642.542399931699","2","psycho","5, 6, 1, 4, 3, 2, 6, 1, 3, 2, 5, 4, 3, 5, 1, 2, 4, 6, 5, 1, 2, 3, 6, 4, 5, 2, 1, 4, 3, 6, 3, 1, 5, 4, 2, 6, 3, 6, 2, 1, 5, 4, 6, 1, 5, 2, 4, 3","False","1024","2","48000","-16","experiment","111","odd","691.4431660999544","460.0","1076.0","432.0","432.0","130350.08989996277","NA","NA","4474.118399899453","691443.0476999842","691443.1422000052","NA","6393.3858999516815","104449.57439997233","NA","4474.325599963777","699121.9560999889","691430.9031999437","NA","691448.4361999203","691453.9209998911","8304.935299907811","697469.5295999991","159129.24609996844","NA","NA","159671.24299996067","691430.8818998979","699121.9225999666","697478.3936999738","691430.8302999707","692457.9267998924","692454.2736998992","159671.42499994952","691430.2992000012","692457.9909999156","692465.4374999227","6393.456699908711","Attentional Spatial Bias","0","0","0","44","اکنون چشم‌پیما را کالیبره می‌کنیم.<br><br>لطفاً نقطه متحرک را با چشمان خود دنبال کنید و سرتان را ثابت نگه دارید.<br><br>لطفاً منتظر بمانید.","از شرکت شما سپاسگزاریم!<br><br>آزمایش اکنون به پایان رسیده است.<br><br>لطفاً با آزمایشگر تماس بگیرید.","در این آزمایش، شما یک داستان کوتاه را که روی صفحه نمایش داده می‌شود، خواهید خواند.<br><br>لطفاً هر خط را با دقت بخوانید، زیرا در پایان آزمایش چند سؤال در مورد داستان از شما پرسیده خواهد شد.<br><br>پس از هر پاراگراف، یک جفت تصویر خواهید دید. به هر دو تصویر نگاه کنید و تعداد کل دایره‌ها را در دو تصویر بشمارید.<br><br>در صفحه بعد می‌توانید نمونه‌هایی از یک دایره صحیح و یک شکل نادرست را ببینید. فقط شکل‌هایی را بشمارید که با نمونه دایره صحیح مطابقت دارند.<br><br>برای شروع هر کلیدی را فشار دهید.","دایره شمارش شده را وارد کنید (۰-۳ را فشار دهید)","خوش آمدید! برای ادامه هر کلیدی را فشار دهید.","Farsi","1536","-308","308","-308","308","0","0","0","0"
"6","5000","8","undefined","undefined","undefined","undefined","#1a1a1a","7","psycho","True","psycho","psycho","uniform","undefined","undefined","undefined","0","NA","0","0","44","44","0","0","0","NA","0","44","44","NA","44","44","0","44","0","0","NA","0","44","44","44","44","44","44","0","44","44","44","0","96.38689573339312","Wed Aug 26 16:07:00 2026","1000","The main experiment item","False","V7_AttentionalSpatialBias_ (1).osexp","C:\Users\plcm\Downloads","190.8318999921903","009.png","877.5782399999999","305.26848","True","False","mono","False","18","no","white","no","yes","RTL","877.5782399999999","305.26848","864","7","008.png","009.png","num_4","psycho","Farsi","44","44","C:\Users\plcm\Downloads\subject-111.csv","150","psycho","no","700290.4985999921","Neonatal Nightingale","4.1.14","5","5","no_prime_trial_45","45","RTL","","0","num_0","space","num_0","NA","NA","num_0","1808.5593999130651","28778.31470000092","NA","NA","1808.5593999130651","2","psycho","5, 6, 1, 4, 3, 2, 6, 1, 3, 2, 5, 4, 3, 5, 1, 2, 4, 6, 5, 1, 2, 3, 6, 4, 5, 2, 1, 4, 3, 6, 3, 1, 5, 4, 2, 6, 3, 6, 2, 1, 5, 4, 6, 1, 5, 2, 4, 3","False","1024","2","48000","-16","experiment","111","odd","699.2678374999668","614.0","922.0","699.0","165.0","130350.08989996277","NA","NA","4474.118399899453","699267.6962999394","699267.8072999697","NA","6393.3858999516815","104449.57439997233","NA","4474.325599963777","707113.3799999952","699255.964599899","NA","699273.4884999227","699278.7359999493","8304.935299907811","705295.9721999941","159129.24609996844","NA","NA","159671.24299996067","699255.9452999849","707113.342699944","705304.1206999915","699255.9069999261","700282.6630999334","700279.2216999223","159671.42499994952","699255.7222999167","700282.7289999695","700290.4642999638","6393.456699908711","Attentional Spatial Bias","0","0","0","45","اکنون چشم‌پیما را کالیبره می‌کنیم.<br><br>لطفاً نقطه متحرک را با چشمان خود دنبال کنید و سرتان را ثابت نگه دارید.<br><br>لطفاً منتظر بمانید.","از شرکت شما سپاسگزاریم!<br><br>آزمایش اکنون به پایان رسیده است.<br><br>لطفاً با آزمایشگر تماس بگیرید.","در این آزمایش، شما یک داستان کوتاه را که روی صفحه نمایش داده می‌شود، خواهید خواند.<br><br>لطفاً هر خط را با دقت بخوانید، زیرا در پایان آزمایش چند سؤال در مورد داستان از شما پرسیده خواهد شد.<br><br>پس از هر پاراگراف، یک جفت تصویر خواهید دید. به هر دو تصویر نگاه کنید و تعداد کل دایره‌ها را در دو تصویر بشمارید.<br><br>در صفحه بعد می‌توانید نمونه‌هایی از یک دایره صحیح و یک شکل نادرست را ببینید. فقط شکل‌هایی را بشمارید که با نمونه دایره صحیح مطابقت دارند.<br><br>برای شروع هر کلیدی را فشار دهید.","دایره شمارش شده را وارد کنید (۰-۳ را فشار دهید)","خوش آمدید! برای ادامه هر کلیدی را فشار دهید.","Farsi","1536","-154","154","-154","154","267","-267","267","-267"
"6","5000","8","undefined","undefined","undefined","undefined","#1a1a1a","7","psycho","True","psycho","psycho","uniform","undefined","undefined","undefined","0","NA","0","0","45","45","0","0","0","NA","0","45","45","NA","45","45","0","45","0","0","NA","0","45","45","45","45","45","45","0","45","45","45","0","87.95190807199121","Wed Aug 26 16:07:00 2026","1000","The main experiment item","False","V7_AttentionalSpatialBias_ (1).osexp","C:\Users\plcm\Downloads","326.49279991164804","011.png","1026.2784000000001","441.46943999999996","True","False","mono","False","18","no","white","no","yes","RTL","1026.2784000000001","441.46943999999996","864","7","010.png","011.png","num_4","psycho","Farsi","45","45","C:\Users\plcm\Downloads\subject-111.csv","150","psycho","no","708294.9921999825","Neonatal Nightingale","4.1.14","2","2","no_prime_trial_46","46","RTL","","0","num_1","space","num_1","NA","NA","num_1","3959.6509999828413","28778.31470000092","NA","NA","3959.6509999828413","2","psycho","5, 6, 1, 4, 3, 2, 6, 1, 3, 2, 5, 4, 3, 5, 1, 2, 4, 6, 5, 1, 2, 3, 6, 4, 5, 2, 1, 4, 3, 6, 3, 1, 5, 4, 2, 6, 3, 6, 2, 1, 5, 4, 6, 1, 5, 2, 4, 3","False","1024","2","48000","-16","experiment","111","odd","707.2475453999359","501.0","1035.0","278.0","586.0","130350.08989996277","NA","NA","4474.118399899453","707247.4115999648","707247.5198999746","NA","6393.3858999516815","104449.57439997233","NA","4474.325599963777","717265.6779999379","707236.7608000059","NA","707274.6819999302","707280.4895999143","8304.935299907811","713295.2079999959","159129.24609996844","NA","NA","159671.24299996067","707236.7370999418","717265.6300999224","713305.0963999704","707236.6733999224","708286.16899997","708280.8550999034","159671.42499994952","707236.2621999346","708286.2303999718","708294.9395999312","6393.456699908711","Attentional Spatial Bias","0","0","0","46","اکنون چشم‌پیما را کالیبره می‌کنیم.<br><br>لطفاً نقطه متحرک را با چشمان خود دنبال کنید و سرتان را ثابت نگه دارید.<br><br>لطفاً منتظر بمانید.","از شرکت شما سپاسگزاریم!<br><br>آزمایش اکنون به پایان رسیده است.<br><br>لطفاً با آزمایشگر تماس بگیرید.","در این آزمایش، شما یک داستان کوتاه را که روی صفحه نمایش داده می‌شود، خواهید خواند.<br><br>لطفاً هر خط را با دقت بخوانید، زیرا در پایان آزمایش چند سؤال در مورد داستان از شما پرسیده خواهد شد.<br><br>پس از هر پاراگراف، یک جفت تصویر خواهید دید. به هر دو تصویر نگاه کنید و تعداد کل دایره‌ها را در دو تصویر بشمارید.<br><br>در صفحه بعد می‌توانید نمونه‌هایی از یک دایره صحیح و یک شکل نادرست را ببینید. فقط شکل‌هایی را بشمارید که با نمونه دایره صحیح مطابقت دارند.<br><br>برای شروع هر کلیدی را فشار دهید.","دایره شمارش شده را وارد کنید (۰-۳ را فشار دهید)","خوش آمدید! برای ادامه هر کلیدی را فشار دهید.","Farsi","1536","-267","267","-267","267","-154","154","-154","154"
"6","5000","8","undefined","undefined","undefined","undefined","#1a1a1a","7","psycho","True","psycho","psycho","uniform","undefined","undefined","undefined","0","NA","0","0","46","46","0","0","0","NA","0","46","46","NA","46","46","0","46","0","0","NA","0","46","46","46","46","46","46","0","46","46","46","0","80.96154647060543","Wed Aug 26 16:07:00 2026","1000","The main experiment item","False","V7_AttentionalSpatialBias_ (1).osexp","C:\Users\plcm\Downloads","218.67169998586178","012.png","793.9891200000001","218.28959999999998","True","False","mono","False","18","no","white","no","yes","RTL","793.9891200000001","218.28959999999998","864","7","012.png","013.png","num_4","psycho","Farsi","46","46","C:\Users\plcm\Downloads\subject-111.csv","150","psycho","no","718433.9012999553","Neonatal Nightingale","4.1.14","4","4","no_prime_trial_47","47","RTL","","0","num_1","space","num_1","NA","NA","num_1","1441.845600027591","28778.31470000092","NA","NA","1441.845600027591","2","psycho","5, 6, 1, 4, 3, 2, 6, 1, 3, 2, 5, 4, 3, 5, 1, 2, 4, 6, 5, 1, 2, 3, 6, 4, 5, 2, 1, 4, 3, 6, 3, 1, 5, 4, 2, 6, 3, 6, 2, 1, 5, 4, 6, 1, 5, 2, 4, 3","False","1024","2","48000","-16","experiment","111","odd","717.406574799912","768.0","768.0","124.0","740.0","130350.08989996277","NA","NA","4474.118399899453","717406.4781999914","717406.5511999652","NA","6393.3858999516815","104449.57439997233","NA","4474.325599963777","724889.4909999799","717394.8242999613","NA","717412.2494999319","717417.7751999814","8304.935299907811","723437.8892999375","159129.24609996844","NA","NA","159671.24299996067","717394.8008998996","724889.4568999531","723446.8930999283","717394.7425999213","718421.4286999777","718417.8746999241","159671.42499994952","717394.2894999636","718421.4998999378","718433.8641999057","6393.456699908711","Attentional Spatial Bias","0","0","0","47","اکنون چشم‌پیما را کالیبره می‌کنیم.<br><br>لطفاً نقطه متحرک را با چشمان خود دنبال کنید و سرتان را ثابت نگه دارید.<br><br>لطفاً منتظر بمانید.","از شرکت شما سپاسگزاریم!<br><br>آزمایش اکنون به پایان رسیده است.<br><br>لطفاً با آزمایشگر تماس بگیرید.","در این آزمایش، شما یک داستان کوتاه را که روی صفحه نمایش داده می‌شود، خواهید خواند.<br><br>لطفاً هر خط را با دقت بخوانید، زیرا در پایان آزمایش چند سؤال در مورد داستان از شما پرسیده خواهد شد.<br><br>پس از هر پاراگراف، یک جفت تصویر خواهید دید. به هر دو تصویر نگاه کنید و تعداد کل دایره‌ها را در دو تصویر بشمارید.<br><br>در صفحه بعد می‌توانید نمونه‌هایی از یک دایره صحیح و یک شکل نادرست را ببینید. فقط شکل‌هایی را بشمارید که با نمونه دایره صحیح مطابقت دارند.<br><br>برای شروع هر کلیدی را فشار دهید.","دایره شمارش شده را وارد کنید (۰-۳ را فشار دهید)","خوش آمدید! برای ادامه هر کلیدی را فشار دهید.","Farsi","1536","0","0","0","0","-308","308","-308","308"
"6","5000","8","undefined","undefined","undefined","undefined","#1a1a1a","7","psycho","True","psycho","psycho","uniform","undefined","undefined","undefined","0","NA","0","0","47","47","0","0","0","NA","0","47","47","NA","47","47","0","47","0","0","NA","0","47","47","47","47","47","47","0","47","47","47","0","75.86031651722","Wed Aug 26 16:07:00 2026","1000","The main experiment item","False","V7_AttentionalSpatialBias_ (1).osexp","C:\Users\plcm\Downloads","21.30860008765012","015.png","789.3657599999999","576.0287999999999","True","False","mono","False","18","no","white","no","yes","RTL","789.3657599999999","576.0287999999999","864","7","014.png","015.png","num_4","psycho","Farsi","47","47","C:\Users\plcm\Downloads\subject-111.csv","150","psycho","no","726079.0280998917","Neonatal Nightingale","4.1.14","3","3","no_prime_trial_48","48","RTL","","0","num_0","space","num_0","NA","NA","num_0","1421.267000027001","28778.31470000092","NA","NA","1421.267000027001","2","psycho","5, 6, 1, 4, 3, 2, 6, 1, 3, 2, 5, 4, 3, 5, 1, 2, 4, 6, 5, 1, 2, 3, 6, 4, 5, 2, 1, 4, 3, 6, 3, 1, 5, 4, 2, 6, 3, 6, 2, 1, 5, 4, 6, 1, 5, 2, 4, 3","False","1024","2","48000","-16","experiment","111","odd","725.0520623999182","614.0","922.0","165.0","699.0","130350.08989996277","NA","NA","4474.118399899453","725051.8721999833","725052.0127000054","NA","6393.3858999516815","104449.57439997233","NA","4474.325599963777","732514.4727999577","725038.3348999312","NA","725057.4264999013","725062.92019994","8304.935299907811","731083.5650999798","159129.24609996844","NA","NA","159671.24299996067","725038.3165999083","732514.4131999696","731091.6323999409","725038.276999956","726066.6825999506","726063.6499999091","159671.42499994952","725037.9659999162","726066.7605999624","726078.990799957","6393.456699908711","Attentional Spatial Bias","0","0","0","48","اکنون چشم‌پیما را کالیبره می‌کنیم.<br><br>لطفاً نقطه متحرک را با چشمان خود دنبال کنید و سرتان را ثابت نگه دارید.<br><br>لطفاً منتظر بمانید.","از شرکت شما سپاسگزاریم!<br><br>آزمایش اکنون به پایان رسیده است.<br><br>لطفاً با آزمایشگر تماس بگیرید.","در این آزمایش، شما یک داستان کوتاه را که روی صفحه نمایش داده می‌شود، خواهید خواند.<br><br>لطفاً هر خط را با دقت بخوانید، زیرا در پایان آزمایش چند سؤال در مورد داستان از شما پرسیده خواهد شد.<br><br>پس از هر پاراگراف، یک جفت تصویر خواهید دید. به هر دو تصویر نگاه کنید و تعداد کل دایره‌ها را در دو تصویر بشمارید.<br><br>در صفحه بعد می‌توانید نمونه‌هایی از یک دایره صحیح و یک شکل نادرست را ببینید. فقط شکل‌هایی را بشمارید که با نمونه دایره صحیح مطابقت دارند.<br><br>برای شروع هر کلیدی را فشار دهید.","دایره شمارش شده را وارد کنید (۰-۳ را فشار دهید)","خوش آمدید! برای ادامه هر کلیدی را فشار دهید.","Farsi","1536","-154","154","-154","154","-267","267","-267","267"
