"BLOCK_SIZE","DEADLINE_MS","NUM_BLOCKS","acc","accuracy","average_response_time","avg_rt","background","block_index","canvas_backend","central_fixation","clock_backend","color_backend","coordinates","correct","correct_Circle","correct_response_prompt","count_Circle","count_calibration_note","count_epilogue","count_experiment","count_fixation","count_fixation_cross_inline_script","count_goodbye","count_init_experiment","count_instructions","count_iti","count_language_selection","count_log_trial","count_new_1_pygaze_log","count_new_1_sketchpad","count_new_2_pygaze_log","count_new_advanced_delay","count_new_pygaze_init","count_new_pygaze_log","count_new_pygaze_start_recording","count_new_pygaze_stop_recording","count_new_sketchpad","count_position_randomization_inline_script","count_prime_display","count_record_response","count_response_prompt","count_set_prime","count_stimulus_display","count_stimulus_positions_inline_script","count_trial_loop","count_trial_sequence","count_trigger_fixation","count_trigger_stimulus","count_welcome","d","datetime","delay_new_advanced_delay","description","disable_garbage_collection","experiment_file","experiment_path","first_fix_rt","first_fix_side","first_fix_x","first_fix_y","fixation_found","font_bold","font_family","font_italic","font_size","font_underline","foreground","form_clicks","fullscreen","group","gx","gy","height","idx","img_left","img_right","key","keyboard_backend","lang","live_row","live_row_trial_loop","logfile","margin","mouse_backend","mouse_simulation","onset","opensesame_codename","opensesame_version","pos","position","prime_condition","prime_index","prime_lang","prime_text","repeat_cycle","response","response_Circle","response_count","response_new_1_sketchpad","response_new_sketchpad","response_response_prompt","response_time","response_time_Circle","response_time_new_1_sketchpad","response_time_new_sketchpad","response_time_response_prompt","round_decimals","sampler_backend","seq","show_prime","sound_buf_size","sound_channels","sound_freq","sound_sample_size","start","subject_nr","subject_parity","t0","target_x_left","target_x_right","target_y_left","target_y_right","time_Circle","time_calibration_note","time_epilogue","time_experiment","time_fixation","time_fixation_cross_inline_script","time_goodbye","time_init_experiment","time_instructions","time_iti","time_language_selection","time_log_trial","time_new_1_pygaze_log","time_new_1_sketchpad","time_new_2_pygaze_log","time_new_advanced_delay","time_new_pygaze_init","time_new_pygaze_log","time_new_pygaze_start_recording","time_new_pygaze_stop_recording","time_new_sketchpad","time_position_randomization_inline_script","time_prime_display","time_record_response","time_response_prompt","time_set_prime","time_stimulus_display","time_stimulus_positions_inline_script","time_trial_loop","time_trial_sequence","time_trigger_fixation","time_trigger_stimulus","time_welcome","title","total_correct","total_response_time","total_responses","trial_nr","txt_calibration","txt_goodbye","txt_instructions","txt_response_prompt","txt_welcome","ui_language","width","xL","xR","x_left","x_right","yL","yR","y_left","y_right"
"6","5000","8","undefined","undefined","undefined","undefined","#1a1a1a","0","psycho","True","psycho","psycho","uniform","undefined","undefined","undefined","0","NA","0","0","0","0","0","0","0","NA","0","0","0","NA","0","0","0","0","0","0","NA","0","0","0","0","0","0","0","0","0","0","0","0","84.79164888871543","Mon Jul 13 23:47:43 2026","1000","The main experiment item","False","V7_AttentionalSpatialBias_.osexp","C:\Users\plcm\Downloads","366.6262000333518","001.png","772.4544000000001","603.69408","True","False","mono","False","18","no","white","no","yes","LTR","772.4544000000001","603.69408","864","0","000.png","001.png","1","psycho","Deutsch","0","0","C:\Users\plcm\Downloads\subject-101.csv","150","psycho","no","283956.7225999781","Neonatal Nightingale","4.1.14","4","4","prime_1","1","LTR","Auf einem sonnigen Bauernhof wartete eine Entenmutter darauf, dass ihre Eier schlüpften. Die Eier brachen nacheinander auf, und flauschige gelbe Entenküken kamen zum Vorschein. Ein Ei war größer und brauchte länger, um zu schlüpfen.","0","2","space","2","NA","NA","2","6018.228299973998","11842.174799996428","NA","NA","6018.228299973998","2","psycho","4,1,6,3,2,5,4,1,3,2,5,6,1,6,5,2,4,3,4,5,6,2,3,1,6,2,1,3,5,4,6,1,5,4,2,3,3,6,2,5,4,1,6,2,4,3,5,1","True","1024","2","48000","-16","experiment","101","odd","282.64883060002467","768.0","768.0","124.0","740.0","231132.27030000417","NA","NA","5673.324200033676","282648.7487999839","282648.8115999964","NA","11167.859499983024","85463.8606000226","NA","5673.503600002732","294991.1819000263","282630.792299984","NA","282928.54019999504","282940.4140000115","13695.058199984487","288957.0188000216","242975.11250001844","NA","NA","243195.5923999776","243304.2019000277","294991.1515000276","288972.20160003053","243304.12129999604","283948.94590001786","283940.50760002574","243195.72530000005","243303.2738000038","283949.0048000007","283956.6842999775","11167.972800030839","Attentional Spatial Bias","0","0","0","1","Wir werden nun den Eye-Tracker kalibrieren.<br><br>Bitte folgen Sie dem sich bewegenden Punkt mit Ihren Augen und halten Sie Ihren Kopf ruhig.<br><br>Bitte warten Sie.","Vielen Dank für Ihre Teilnahme!<br><br>Das Experiment ist nun beendet.<br><br>Bitte rufen Sie den Versuchsleiter an.","In diesem Experiment lesen Sie eine kurze Geschichte, die auf dem Bildschirm angezeigt wird.<br><br>Bitte lesen Sie jede Zeile sorgfältig durch, da Ihnen am Ende des Experiments einige Fragen zur Geschichte gestellt werden.<br><br>Nach jedem Absatz sehen Sie zwei Bilder. Schauen Sie sich beide Bilder an und zählen Sie die Gesamtzahl der Kreise auf den beiden Bildern.<br><br>Auf dem nächsten Bildschirm sehen Sie Beispiele für einen korrekten Kreis und eine falsche Form. Zählen Sie nur Formen, die mit dem Beispiel für einen korrekten Kreis übereinstimmen.<br><br>Drücken Sie eine beliebige Taste, um zu beginnen.","Geben Sie die Anzahl der Kreise ein (drücken Sie 0–3)","Willkommen!<br><br>Drücken Sie eine beliebige Taste, um fortzufahren.","Deutsch","1536","0","0","0","0","-308","308","-308","308"
"6","5000","8","undefined","undefined","undefined","undefined","#1a1a1a","0","psycho","True","psycho","psycho","uniform","undefined","undefined","undefined","0","NA","0","0","1","1","0","0","0","NA","0","1","1","NA","1","1","0","1","0","0","NA","0","1","1","1","1","1","1","0","1","1","1","0","66.34598436005","Mon Jul 13 23:47:43 2026","1000","The main experiment item","False","V7_AttentionalSpatialBias_.osexp","C:\Users\plcm\Downloads","262.6890999963507","002.png","429.37344","404.66304","True","False","mono","False","18","no","white","no","yes","LTR","429.37344","404.66304","864","0","002.png","003.png","1","psycho","Deutsch","1","1","C:\Users\plcm\Downloads\subject-101.csv","150","psycho","no","296394.2095999955","Neonatal Nightingale","4.1.14","1","1","no_prime_trial_2","2","LTR","","0","1","space","1","NA","NA","1","1952.7214999543503","11842.174799996428","NA","NA","1952.7214999543503","2","psycho","4, 1, 6, 3, 2, 5, 4, 1, 3, 2, 5, 6, 1, 6, 5, 2, 4, 3, 4, 5, 6, 2, 3, 1, 6, 2, 1, 3, 5, 4, 6, 1, 5, 4, 2, 3, 3, 6, 2, 5, 4, 1, 6, 2, 4, 3, 5, 1","False","1024","2","48000","-16","experiment","101","odd","295.1331142000272","460.0","1076.0","432.0","432.0","231132.27030000417","NA","NA","5673.324200033676","295133.00069997786","295133.0869999947","NA","11167.859499983024","85463.8606000226","NA","5673.503600002732","303359.79399998905","295121.7326000333","NA","295375.89840003056","295381.51979999384","13695.058199984487","301396.5043000062","242975.11250001844","NA","NA","243195.5923999776","295121.7109999852","303359.7474999842","301405.8557000244","295121.6374000069","296384.86049999483","296381.89110002713","243195.72530000005","295120.9957000101","296384.90810000803","296394.1712999949","11167.972800030839","Attentional Spatial Bias","0","0","0","2","Wir werden nun den Eye-Tracker kalibrieren.<br><br>Bitte folgen Sie dem sich bewegenden Punkt mit Ihren Augen und halten Sie Ihren Kopf ruhig.<br><br>Bitte warten Sie.","Vielen Dank für Ihre Teilnahme!<br><br>Das Experiment ist nun beendet.<br><br>Bitte rufen Sie den Versuchsleiter an.","In diesem Experiment lesen Sie eine kurze Geschichte, die auf dem Bildschirm angezeigt wird.<br><br>Bitte lesen Sie jede Zeile sorgfältig durch, da Ihnen am Ende des Experiments einige Fragen zur Geschichte gestellt werden.<br><br>Nach jedem Absatz sehen Sie zwei Bilder. Schauen Sie sich beide Bilder an und zählen Sie die Gesamtzahl der Kreise auf den beiden Bildern.<br><br>Auf dem nächsten Bildschirm sehen Sie Beispiele für einen korrekten Kreis und eine falsche Form. Zählen Sie nur Formen, die mit dem Beispiel für einen korrekten Kreis übereinstimmen.<br><br>Drücken Sie eine beliebige Taste, um zu beginnen.","Geben Sie die Anzahl der Kreise ein (drücken Sie 0–3)","Willkommen!<br><br>Drücken Sie eine beliebige Taste, um fortzufahren.","Deutsch","1536","-308","308","-308","308","0","0","0","0"
"6","5000","8","undefined","undefined","undefined","undefined","#1a1a1a","0","psycho","True","psycho","psycho","uniform","undefined","undefined","undefined","0","NA","0","0","2","2","0","0","0","NA","0","2","2","NA","2","2","0","2","0","0","NA","0","2","2","2","2","2","2","0","2","2","2","0","69.53434359739082","Mon Jul 13 23:47:43 2026","1000","The main experiment item","False","V7_AttentionalSpatialBias_.osexp","C:\Users\plcm\Downloads","248.39770002290606","004.png","630.48192","507.89376000000004","True","False","mono","False","18","no","white","no","yes","LTR","630.48192","507.89376000000004","864","0","004.png","005.png","1","psycho","Deutsch","2","2","C:\Users\plcm\Downloads\subject-101.csv","150","psycho","no","304794.45759998634","Neonatal Nightingale","4.1.14","6","6","no_prime_trial_3","3","LTR","","0","2","space","2","NA","NA","2","1346.0809999960475","11842.174799996428","NA","NA","1346.0809999960475","2","psycho","4, 1, 6, 3, 2, 5, 4, 1, 3, 2, 5, 6, 1, 6, 5, 2, 4, 3, 4, 5, 6, 2, 3, 1, 6, 2, 1, 3, 5, 4, 6, 1, 5, 4, 2, 3, 3, 6, 2, 5, 4, 1, 6, 2, 4, 3, 5, 1","False","1024","2","48000","-16","experiment","101","odd","303.5129976000171","501.0","1035.0","586.0","278.0","231132.27030000417","NA","NA","5673.324200033676","303512.90979998885","303512.9774999805","NA","11167.859499983024","85463.8606000226","NA","5673.503600002732","311151.4299000264","303500.83480001194","NA","303774.8701000237","303780.73759999825","13695.058199984487","309795.8901000093","242975.11250001844","NA","NA","243195.5923999776","303500.8122000145","311151.39250003267","309804.3993000174","303500.7433000137","304784.6354999929","304780.9077000129","243195.72530000005","303500.04180002725","304784.6966999932","304794.4101000321","11167.972800030839","Attentional Spatial Bias","0","0","0","3","Wir werden nun den Eye-Tracker kalibrieren.<br><br>Bitte folgen Sie dem sich bewegenden Punkt mit Ihren Augen und halten Sie Ihren Kopf ruhig.<br><br>Bitte warten Sie.","Vielen Dank für Ihre Teilnahme!<br><br>Das Experiment ist nun beendet.<br><br>Bitte rufen Sie den Versuchsleiter an.","In diesem Experiment lesen Sie eine kurze Geschichte, die auf dem Bildschirm angezeigt wird.<br><br>Bitte lesen Sie jede Zeile sorgfältig durch, da Ihnen am Ende des Experiments einige Fragen zur Geschichte gestellt werden.<br><br>Nach jedem Absatz sehen Sie zwei Bilder. Schauen Sie sich beide Bilder an und zählen Sie die Gesamtzahl der Kreise auf den beiden Bildern.<br><br>Auf dem nächsten Bildschirm sehen Sie Beispiele für einen korrekten Kreis und eine falsche Form. Zählen Sie nur Formen, die mit dem Beispiel für einen korrekten Kreis übereinstimmen.<br><br>Drücken Sie eine beliebige Taste, um zu beginnen.","Geben Sie die Anzahl der Kreise ein (drücken Sie 0–3)","Willkommen!<br><br>Drücken Sie eine beliebige Taste, um fortzufahren.","Deutsch","1536","-267","267","-267","267","154","-154","154","-154"
"6","5000","8","undefined","undefined","undefined","undefined","#1a1a1a","0","psycho","True","psycho","psycho","uniform","undefined","undefined","undefined","0","NA","0","0","3","3","0","0","0","NA","0","3","3","NA","3","3","0","3","0","0","NA","0","3","3","3","3","3","3","0","3","3","3","0","86.78120884007092","Mon Jul 13 23:47:43 2026","1000","The main experiment item","False","V7_AttentionalSpatialBias_.osexp","C:\Users\plcm\Downloads","233.70790004264563","007.png","910.12608","564.0796799999999","True","False","mono","False","18","no","white","no","yes","LTR","910.12608","564.0796799999999","864","0","006.png","007.png","1","psycho","Deutsch","3","3","C:\Users\plcm\Downloads\subject-101.csv","150","psycho","no","312336.6544999881","Neonatal Nightingale","4.1.14","3","3","no_prime_trial_4","4","LTR","","0","2","space","2","NA","NA","2","1421.9919999595731","11842.174799996428","NA","NA","1421.9919999595731","2","psycho","4, 1, 6, 3, 2, 5, 4, 1, 3, 2, 5, 6, 1, 6, 5, 2, 4, 3, 4, 5, 6, 2, 3, 1, 6, 2, 1, 3, 5, 4, 6, 1, 5, 4, 2, 3, 3, 6, 2, 5, 4, 1, 6, 2, 4, 3, 5, 1","False","1024","2","48000","-16","experiment","101","odd","311.30332050001016","614.0","922.0","165.0","699.0","231132.27030000417","NA","NA","5673.324200033676","311303.2280000043","311303.2989000203","NA","11167.859499983024","85463.8606000226","NA","5673.503600002732","318767.4979000003","311291.5626000031","NA","311314.5290000248","311320.4312000307","13695.058199984487","317336.9917999953","242975.11250001844","NA","NA","243195.5923999776","311291.54170001857","318767.47040002374","317344.6317000198","311291.48850002093","312324.62149998173","312321.0299999919","243195.72530000005","311290.5566000263","312324.6696999995","312336.5995999775","11167.972800030839","Attentional Spatial Bias","0","0","0","4","Wir werden nun den Eye-Tracker kalibrieren.<br><br>Bitte folgen Sie dem sich bewegenden Punkt mit Ihren Augen und halten Sie Ihren Kopf ruhig.<br><br>Bitte warten Sie.","Vielen Dank für Ihre Teilnahme!<br><br>Das Experiment ist nun beendet.<br><br>Bitte rufen Sie den Versuchsleiter an.","In diesem Experiment lesen Sie eine kurze Geschichte, die auf dem Bildschirm angezeigt wird.<br><br>Bitte lesen Sie jede Zeile sorgfältig durch, da Ihnen am Ende des Experiments einige Fragen zur Geschichte gestellt werden.<br><br>Nach jedem Absatz sehen Sie zwei Bilder. Schauen Sie sich beide Bilder an und zählen Sie die Gesamtzahl der Kreise auf den beiden Bildern.<br><br>Auf dem nächsten Bildschirm sehen Sie Beispiele für einen korrekten Kreis und eine falsche Form. Zählen Sie nur Formen, die mit dem Beispiel für einen korrekten Kreis übereinstimmen.<br><br>Drücken Sie eine beliebige Taste, um zu beginnen.","Geben Sie die Anzahl der Kreise ein (drücken Sie 0–3)","Willkommen!<br><br>Drücken Sie eine beliebige Taste, um fortzufahren.","Deutsch","1536","-154","154","-154","154","-267","267","-267","267"
"6","5000","8","undefined","undefined","undefined","undefined","#1a1a1a","0","psycho","True","psycho","psycho","uniform","undefined","undefined","undefined","0","NA","0","0","4","4","0","0","0","NA","0","4","4","NA","4","4","0","4","0","0","NA","0","4","4","4","4","4","4","0","4","4","4","0","23.203892285907493","Mon Jul 13 23:47:43 2026","1000","The main experiment item","False","V7_AttentionalSpatialBias_.osexp","C:\Users\plcm\Downloads","223.82219997234643","008.png","603.60192","376.84224","True","False","mono","False","18","no","white","no","yes","LTR","603.60192","376.84224","864","0","008.png","009.png","1","psycho","Deutsch","4","4","C:\Users\plcm\Downloads\subject-101.csv","150","psycho","no","320168.7033000053","Neonatal Nightingale","4.1.14","2","2","no_prime_trial_5","5","LTR","","0","1","space","1","NA","NA","1","1089.2873000120744","11842.174799996428","NA","NA","1089.2873000120744","2","psycho","4, 1, 6, 3, 2, 5, 4, 1, 3, 2, 5, 6, 1, 6, 5, 2, 4, 3, 4, 5, 6, 2, 3, 1, 6, 2, 1, 3, 5, 4, 6, 1, 5, 4, 2, 3, 3, 6, 2, 5, 4, 1, 6, 2, 4, 3, 5, 1","False","1024","2","48000","-16","experiment","101","odd","318.91304090002086","501.0","1035.0","278.0","586.0","231132.27030000417","NA","NA","5673.324200033676","318912.8617999959","318913.00080000656","NA","11167.859499983024","85463.8606000226","NA","5673.503600002732","326271.08560001943","318897.7179999929","NA","319152.2910000058","319158.33370003384","13695.058199984487","325172.47180000413","242975.11250001844","NA","NA","243195.5923999776","318897.69720000913","326271.0533000063","325181.1598999775","318897.64260000084","320162.3488999903","320158.7511000107","243195.72530000005","318896.78900002036","320162.39830001723","320168.66409999784","11167.972800030839","Attentional Spatial Bias","0","0","0","5","Wir werden nun den Eye-Tracker kalibrieren.<br><br>Bitte folgen Sie dem sich bewegenden Punkt mit Ihren Augen und halten Sie Ihren Kopf ruhig.<br><br>Bitte warten Sie.","Vielen Dank für Ihre Teilnahme!<br><br>Das Experiment ist nun beendet.<br><br>Bitte rufen Sie den Versuchsleiter an.","In diesem Experiment lesen Sie eine kurze Geschichte, die auf dem Bildschirm angezeigt wird.<br><br>Bitte lesen Sie jede Zeile sorgfältig durch, da Ihnen am Ende des Experiments einige Fragen zur Geschichte gestellt werden.<br><br>Nach jedem Absatz sehen Sie zwei Bilder. Schauen Sie sich beide Bilder an und zählen Sie die Gesamtzahl der Kreise auf den beiden Bildern.<br><br>Auf dem nächsten Bildschirm sehen Sie Beispiele für einen korrekten Kreis und eine falsche Form. Zählen Sie nur Formen, die mit dem Beispiel für einen korrekten Kreis übereinstimmen.<br><br>Drücken Sie eine beliebige Taste, um zu beginnen.","Geben Sie die Anzahl der Kreise ein (drücken Sie 0–3)","Willkommen!<br><br>Drücken Sie eine beliebige Taste, um fortzufahren.","Deutsch","1536","-267","267","-267","267","-154","154","-154","154"
"6","5000","8","undefined","undefined","undefined","undefined","#1a1a1a","0","psycho","True","psycho","psycho","uniform","undefined","undefined","undefined","0","NA","0","0","5","5","0","0","0","NA","0","5","5","NA","5","5","0","5","0","0","NA","0","5","5","5","5","5","5","0","5","5","5","0","81.44076671890558","Mon Jul 13 23:47:43 2026","1000","The main experiment item","False","V7_AttentionalSpatialBias_.osexp","C:\Users\plcm\Downloads","223.50110003026202","010.png","652.47744","563.30208","True","False","mono","False","18","no","white","no","yes","LTR","652.47744","563.30208","864","0","010.png","011.png","1","psycho","Deutsch","5","5","C:\Users\plcm\Downloads\subject-101.csv","150","psycho","no","327446.7559999903","Neonatal Nightingale","4.1.14","5","5","no_prime_trial_6","6","LTR","","0","2","space","2","NA","NA","2","6446.903300005943","11842.174799996428","NA","NA","6446.903300005943","2","psycho","4, 1, 6, 3, 2, 5, 4, 1, 3, 2, 5, 6, 1, 6, 5, 2, 4, 3, 4, 5, 6, 2, 3, 1, 6, 2, 1, 3, 5, 4, 6, 1, 5, 4, 2, 3, 3, 6, 2, 5, 4, 1, 6, 2, 4, 3, 5, 1","False","1024","2","48000","-16","experiment","101","odd","326.40817320003407","614.0","922.0","699.0","165.0","231132.27030000417","NA","NA","5673.324200033676","326407.9957000213","326408.1375999958","NA","11167.859499983024","85463.8606000226","NA","5673.503600002732","338903.2970999833","326394.73","NA","326425.83930003457","326431.42500001704","13695.058199984487","332447.703599988","242975.11250001844","NA","NA","243195.5923999776","326394.6955000283","338903.2694000052","332455.60550002847","326394.6171000134","327435.6436000089","327431.7984000081","243195.72530000005","326393.4755999944","327435.69240003126","327446.7108999961","11167.972800030839","Attentional Spatial Bias","0","0","0","6","Wir werden nun den Eye-Tracker kalibrieren.<br><br>Bitte folgen Sie dem sich bewegenden Punkt mit Ihren Augen und halten Sie Ihren Kopf ruhig.<br><br>Bitte warten Sie.","Vielen Dank für Ihre Teilnahme!<br><br>Das Experiment ist nun beendet.<br><br>Bitte rufen Sie den Versuchsleiter an.","In diesem Experiment lesen Sie eine kurze Geschichte, die auf dem Bildschirm angezeigt wird.<br><br>Bitte lesen Sie jede Zeile sorgfältig durch, da Ihnen am Ende des Experiments einige Fragen zur Geschichte gestellt werden.<br><br>Nach jedem Absatz sehen Sie zwei Bilder. Schauen Sie sich beide Bilder an und zählen Sie die Gesamtzahl der Kreise auf den beiden Bildern.<br><br>Auf dem nächsten Bildschirm sehen Sie Beispiele für einen korrekten Kreis und eine falsche Form. Zählen Sie nur Formen, die mit dem Beispiel für einen korrekten Kreis übereinstimmen.<br><br>Drücken Sie eine beliebige Taste, um zu beginnen.","Geben Sie die Anzahl der Kreise ein (drücken Sie 0–3)","Willkommen!<br><br>Drücken Sie eine beliebige Taste, um fortzufahren.","Deutsch","1536","-154","154","-154","154","267","-267","267","-267"
"6","5000","8","undefined","undefined","undefined","undefined","#1a1a1a","1","psycho","True","psycho","psycho","uniform","undefined","undefined","undefined","0","NA","0","0","6","6","0","0","0","NA","0","6","6","NA","6","6","0","6","0","0","NA","0","6","6","6","6","6","6","0","6","6","6","0","75.71663927426258","Mon Jul 13 23:47:43 2026","1000","The main experiment item","False","V7_AttentionalSpatialBias_.osexp","C:\Users\plcm\Downloads","251.16099999286234","012.png","759.73632","269.36928","True","False","mono","False","18","no","white","no","yes","LTR","759.73632","269.36928","864","1","012.png","013.png","1","psycho","Deutsch","6","6","C:\Users\plcm\Downloads\subject-101.csv","150","psycho","no","361189.22380002914","Neonatal Nightingale","4.1.14","4","4","prime_2","7","LTR","Aus dem letzten Ei schlüpfte ein großer grauer Vogel. Er sah anders aus als die anderen. Die Entenküken lachten und nannten ihn hässlich. Traurig und allein rannte er vom Bauernhof davon.","0","1","space","1","NA","NA","1","1632.3270000284538","11842.174799996428","NA","NA","1632.3270000284538","2","psycho","4, 1, 6, 3, 2, 5, 4, 1, 3, 2, 5, 6, 1, 6, 5, 2, 4, 3, 4, 5, 6, 2, 3, 1, 6, 2, 1, 3, 5, 4, 6, 1, 5, 4, 2, 3, 3, 6, 2, 5, 4, 1, 6, 2, 4, 3, 5, 1","True","1024","2","48000","-16","experiment","101","odd","359.90534180001123","768.0","768.0","124.0","740.0","231132.27030000417","NA","NA","5673.324200033676","359905.26490000775","359905.3217000328","NA","11167.859499983024","85463.8606000226","NA","5673.503600002732","367831.7334000021","359895.0044999947","NA","360162.72760002175","360168.3067000122","13695.058199984487","366190.2216000017","242975.11250001844","NA","NA","243195.5923999776","339023.1372999842","367831.6960000084","366198.45249998616","339023.0654000188","361172.069000022","361168.6500000069","243195.72530000005","339022.5247000344","361172.16130002635","361189.18049999047","11167.972800030839","Attentional Spatial Bias","0","0","0","7","Wir werden nun den Eye-Tracker kalibrieren.<br><br>Bitte folgen Sie dem sich bewegenden Punkt mit Ihren Augen und halten Sie Ihren Kopf ruhig.<br><br>Bitte warten Sie.","Vielen Dank für Ihre Teilnahme!<br><br>Das Experiment ist nun beendet.<br><br>Bitte rufen Sie den Versuchsleiter an.","In diesem Experiment lesen Sie eine kurze Geschichte, die auf dem Bildschirm angezeigt wird.<br><br>Bitte lesen Sie jede Zeile sorgfältig durch, da Ihnen am Ende des Experiments einige Fragen zur Geschichte gestellt werden.<br><br>Nach jedem Absatz sehen Sie zwei Bilder. Schauen Sie sich beide Bilder an und zählen Sie die Gesamtzahl der Kreise auf den beiden Bildern.<br><br>Auf dem nächsten Bildschirm sehen Sie Beispiele für einen korrekten Kreis und eine falsche Form. Zählen Sie nur Formen, die mit dem Beispiel für einen korrekten Kreis übereinstimmen.<br><br>Drücken Sie eine beliebige Taste, um zu beginnen.","Geben Sie die Anzahl der Kreise ein (drücken Sie 0–3)","Willkommen!<br><br>Drücken Sie eine beliebige Taste, um fortzufahren.","Deutsch","1536","0","0","0","0","-308","308","-308","308"
"6","5000","8","undefined","undefined","undefined","undefined","#1a1a1a","1","psycho","True","psycho","psycho","uniform","undefined","undefined","undefined","0","NA","0","0","7","7","0","0","0","NA","0","7","7","NA","7","7","0","7","0","0","NA","0","7","7","7","7","7","7","0","7","7","7","0","80.75682655708559","Mon Jul 13 23:47:43 2026","1000","The main experiment item","False","V7_AttentionalSpatialBias_.osexp","C:\Users\plcm\Downloads","225.9423999930732","014.png","607.58016","457.55712000000005","True","False","mono","False","18","no","white","no","yes","LTR","607.58016","457.55712000000005","864","1","014.png","015.png","1","psycho","Deutsch","7","7","C:\Users\plcm\Downloads\subject-101.csv","150","psycho","no","369237.63170000166","Neonatal Nightingale","4.1.14","1","1","no_prime_trial_8","8","LTR","","0","1","space","1","NA","NA","1","1131.5021999762394","11842.174799996428","NA","NA","1131.5021999762394","2","psycho","4, 1, 6, 3, 2, 5, 4, 1, 3, 2, 5, 6, 1, 6, 5, 2, 4, 3, 4, 5, 6, 2, 3, 1, 6, 2, 1, 3, 5, 4, 6, 1, 5, 4, 2, 3, 3, 6, 2, 5, 4, 1, 6, 2, 4, 3, 5, 1","False","1024","2","48000","-16","experiment","101","odd","367.98268950002966","460.0","1076.0","432.0","432.0","231132.27030000417","NA","NA","5673.324200033676","367982.47320001246","367982.640000002","NA","11167.859499983024","85463.8606000226","NA","5673.503600002732","375383.04500002414","367966.227900004","NA","368220.2399999951","368226.1348000029","13695.058199984487","374240.3342000325","242975.11250001844","NA","NA","243195.5923999776","367966.1940999795","375383.0171999871","374250.9099000017","367966.0592","369229.516100022","369226.70489997836","243195.72530000005","367965.496800025","369229.5759000117","369237.55560000427","11167.972800030839","Attentional Spatial Bias","0","0","0","8","Wir werden nun den Eye-Tracker kalibrieren.<br><br>Bitte folgen Sie dem sich bewegenden Punkt mit Ihren Augen und halten Sie Ihren Kopf ruhig.<br><br>Bitte warten Sie.","Vielen Dank für Ihre Teilnahme!<br><br>Das Experiment ist nun beendet.<br><br>Bitte rufen Sie den Versuchsleiter an.","In diesem Experiment lesen Sie eine kurze Geschichte, die auf dem Bildschirm angezeigt wird.<br><br>Bitte lesen Sie jede Zeile sorgfältig durch, da Ihnen am Ende des Experiments einige Fragen zur Geschichte gestellt werden.<br><br>Nach jedem Absatz sehen Sie zwei Bilder. Schauen Sie sich beide Bilder an und zählen Sie die Gesamtzahl der Kreise auf den beiden Bildern.<br><br>Auf dem nächsten Bildschirm sehen Sie Beispiele für einen korrekten Kreis und eine falsche Form. Zählen Sie nur Formen, die mit dem Beispiel für einen korrekten Kreis übereinstimmen.<br><br>Drücken Sie eine beliebige Taste, um zu beginnen.","Geben Sie die Anzahl der Kreise ein (drücken Sie 0–3)","Willkommen!<br><br>Drücken Sie eine beliebige Taste, um fortzufahren.","Deutsch","1536","-308","308","-308","308","0","0","0","0"
"6","5000","8","undefined","undefined","undefined","undefined","#1a1a1a","1","psycho","True","psycho","psycho","uniform","undefined","undefined","undefined","0","NA","0","0","8","8","0","0","0","NA","0","8","8","NA","8","8","0","8","0","0","NA","0","8","8","8","8","8","8","0","8","8","8","0","37.40823982130144","Mon Jul 13 23:47:43 2026","1000","The main experiment item","False","V7_AttentionalSpatialBias_.osexp","C:\Users\plcm\Downloads","646.1450000060722","001.png","946.9440000000001","649.2268799999999","True","False","mono","False","18","no","white","no","yes","LTR","946.9440000000001","649.2268799999999","864","1","000.png","001.png","1","psycho","Deutsch","8","8","C:\Users\plcm\Downloads\subject-101.csv","150","psycho","no","376797.4994999822","Neonatal Nightingale","4.1.14","3","3","no_prime_trial_9","9","LTR","","0","2","space","2","NA","NA","2","1214.1389999887906","11842.174799996428","NA","NA","1214.1389999887906","2","psycho","4, 1, 6, 3, 2, 5, 4, 1, 3, 2, 5, 6, 1, 6, 5, 2, 4, 3, 4, 5, 6, 2, 3, 1, 6, 2, 1, 3, 5, 4, 6, 1, 5, 4, 2, 3, 3, 6, 2, 5, 4, 1, 6, 2, 4, 3, 5, 1","False","1024","2","48000","-16","experiment","101","odd","375.50806100002956","614.0","922.0","165.0","699.0","231132.27030000417","NA","NA","5673.324200033676","375507.90790002793","375508.0315999803","NA","11167.859499983024","85463.8606000226","NA","5673.503600002732","383022.90909999283","375496.51540000923","NA","375781.91010002047","375787.67250000965","13695.058199984487","381800.6227000151","242975.11250001844","NA","NA","243195.5923999776","375496.4942000224","383022.88140001474","381808.23550000787","375496.4298999985","376791.04420001386","376788.01239997847","243195.72530000005","375495.8749000216","376791.10450000735","376797.4585000193","11167.972800030839","Attentional Spatial Bias","0","0","0","9","Wir werden nun den Eye-Tracker kalibrieren.<br><br>Bitte folgen Sie dem sich bewegenden Punkt mit Ihren Augen und halten Sie Ihren Kopf ruhig.<br><br>Bitte warten Sie.","Vielen Dank für Ihre Teilnahme!<br><br>Das Experiment ist nun beendet.<br><br>Bitte rufen Sie den Versuchsleiter an.","In diesem Experiment lesen Sie eine kurze Geschichte, die auf dem Bildschirm angezeigt wird.<br><br>Bitte lesen Sie jede Zeile sorgfältig durch, da Ihnen am Ende des Experiments einige Fragen zur Geschichte gestellt werden.<br><br>Nach jedem Absatz sehen Sie zwei Bilder. Schauen Sie sich beide Bilder an und zählen Sie die Gesamtzahl der Kreise auf den beiden Bildern.<br><br>Auf dem nächsten Bildschirm sehen Sie Beispiele für einen korrekten Kreis und eine falsche Form. Zählen Sie nur Formen, die mit dem Beispiel für einen korrekten Kreis übereinstimmen.<br><br>Drücken Sie eine beliebige Taste, um zu beginnen.","Geben Sie die Anzahl der Kreise ein (drücken Sie 0–3)","Willkommen!<br><br>Drücken Sie eine beliebige Taste, um fortzufahren.","Deutsch","1536","-154","154","-154","154","-267","267","-267","267"
"6","5000","8","undefined","undefined","undefined","undefined","#1a1a1a","1","psycho","True","psycho","psycho","uniform","undefined","undefined","undefined","0","NA","0","0","9","9","0","0","0","NA","0","9","9","NA","9","9","0","9","0","0","NA","0","9","9","9","9","9","9","0","9","9","9","0","74.49435830768398","Mon Jul 13 23:47:43 2026","1000","The main experiment item","False","V7_AttentionalSpatialBias_.osexp","C:\Users\plcm\Downloads","225.67870002239943","003.png","958.6944","514.39104","True","False","mono","False","18","no","white","no","yes","LTR","958.6944","514.39104","864","1","002.png","003.png","1","psycho","Deutsch","9","9","C:\Users\plcm\Downloads\subject-101.csv","150","psycho","no","384452.9472999857","Neonatal Nightingale","4.1.14","2","2","no_prime_trial_10","10","LTR","","0","1","space","1","NA","NA","1","1254.526300006546","11842.174799996428","NA","NA","1254.526300006546","2","psycho","4, 1, 6, 3, 2, 5, 4, 1, 3, 2, 5, 6, 1, 6, 5, 2, 4, 3, 4, 5, 6, 2, 3, 1, 6, 2, 1, 3, 5, 4, 6, 1, 5, 4, 2, 3, 3, 6, 2, 5, 4, 1, 6, 2, 4, 3, 5, 1","False","1024","2","48000","-16","experiment","101","odd","383.17141589999665","501.0","1035.0","278.0","586.0","231132.27030000417","NA","NA","5673.324200033676","383171.3160999934","383171.3926999946","NA","11167.859499983024","85463.8606000226","NA","5673.503600002732","390718.9468999859","383160.35870002815","NA","383434.3093999778","383439.94870001916","13695.058199984487","389455.5267000105","242975.11250001844","NA","NA","243195.5923999776","383160.3367999778","390718.9202000154","389463.84370001033","383160.27880000183","384443.3482000022","384440.3798999847","243195.72530000005","383159.51909997966","384443.39000002947","384452.9069000273","11167.972800030839","Attentional Spatial Bias","0","0","0","10","Wir werden nun den Eye-Tracker kalibrieren.<br><br>Bitte folgen Sie dem sich bewegenden Punkt mit Ihren Augen und halten Sie Ihren Kopf ruhig.<br><br>Bitte warten Sie.","Vielen Dank für Ihre Teilnahme!<br><br>Das Experiment ist nun beendet.<br><br>Bitte rufen Sie den Versuchsleiter an.","In diesem Experiment lesen Sie eine kurze Geschichte, die auf dem Bildschirm angezeigt wird.<br><br>Bitte lesen Sie jede Zeile sorgfältig durch, da Ihnen am Ende des Experiments einige Fragen zur Geschichte gestellt werden.<br><br>Nach jedem Absatz sehen Sie zwei Bilder. Schauen Sie sich beide Bilder an und zählen Sie die Gesamtzahl der Kreise auf den beiden Bildern.<br><br>Auf dem nächsten Bildschirm sehen Sie Beispiele für einen korrekten Kreis und eine falsche Form. Zählen Sie nur Formen, die mit dem Beispiel für einen korrekten Kreis übereinstimmen.<br><br>Drücken Sie eine beliebige Taste, um zu beginnen.","Geben Sie die Anzahl der Kreise ein (drücken Sie 0–3)","Willkommen!<br><br>Drücken Sie eine beliebige Taste, um fortzufahren.","Deutsch","1536","-267","267","-267","267","-154","154","-154","154"
"6","5000","8","undefined","undefined","undefined","undefined","#1a1a1a","1","psycho","True","psycho","psycho","uniform","undefined","undefined","undefined","0","NA","0","0","10","10","0","0","0","NA","0","10","10","NA","10","10","0","10","0","0","NA","0","10","10","10","10","10","10","0","10","10","10","0","55.73511991726573","Mon Jul 13 23:47:43 2026","1000","The main experiment item","False","V7_AttentionalSpatialBias_.osexp","C:\Users\plcm\Downloads","303.76830004388466","004.png","597.9955199999999","632.60352","True","False","mono","False","18","no","white","no","yes","LTR","597.9955199999999","632.60352","864","1","004.png","005.png","1","psycho","Deutsch","10","10","C:\Users\plcm\Downloads\subject-101.csv","150","psycho","no","392153.2435999834","Neonatal Nightingale","4.1.14","5","5","no_prime_trial_11","11","LTR","","0","2","space","2","NA","NA","2","3250.4213000065647","11842.174799996428","NA","NA","3250.4213000065647","2","psycho","4, 1, 6, 3, 2, 5, 4, 1, 3, 2, 5, 6, 1, 6, 5, 2, 4, 3, 4, 5, 6, 2, 3, 1, 6, 2, 1, 3, 5, 4, 6, 1, 5, 4, 2, 3, 3, 6, 2, 5, 4, 1, 6, 2, 4, 3, 5, 1","False","1024","2","48000","-16","experiment","101","odd","390.8653244000161","614.0","922.0","699.0","165.0","231132.27030000417","NA","NA","5673.324200033676","390865.21610000636","390865.2998000034","NA","11167.859499983024","85463.8606000226","NA","5673.503600002732","400415.73290003","390853.1234000111","NA","391132.8746000072","391138.39440001175","13695.058199984487","397154.85460002674","242975.11250001844","NA","NA","243195.5923999776","390853.09789999155","400415.69880000316","397164.1693999991","390853.0458000023","392143.488599977","392138.8238000218","243195.72530000005","390852.5516000227","392143.6055999948","392153.1861000112","11167.972800030839","Attentional Spatial Bias","0","0","0","11","Wir werden nun den Eye-Tracker kalibrieren.<br><br>Bitte folgen Sie dem sich bewegenden Punkt mit Ihren Augen und halten Sie Ihren Kopf ruhig.<br><br>Bitte warten Sie.","Vielen Dank für Ihre Teilnahme!<br><br>Das Experiment ist nun beendet.<br><br>Bitte rufen Sie den Versuchsleiter an.","In diesem Experiment lesen Sie eine kurze Geschichte, die auf dem Bildschirm angezeigt wird.<br><br>Bitte lesen Sie jede Zeile sorgfältig durch, da Ihnen am Ende des Experiments einige Fragen zur Geschichte gestellt werden.<br><br>Nach jedem Absatz sehen Sie zwei Bilder. Schauen Sie sich beide Bilder an und zählen Sie die Gesamtzahl der Kreise auf den beiden Bildern.<br><br>Auf dem nächsten Bildschirm sehen Sie Beispiele für einen korrekten Kreis und eine falsche Form. Zählen Sie nur Formen, die mit dem Beispiel für einen korrekten Kreis übereinstimmen.<br><br>Drücken Sie eine beliebige Taste, um zu beginnen.","Geben Sie die Anzahl der Kreise ein (drücken Sie 0–3)","Willkommen!<br><br>Drücken Sie eine beliebige Taste, um fortzufahren.","Deutsch","1536","-154","154","-154","154","267","-267","267","-267"
"6","5000","8","undefined","undefined","undefined","undefined","#1a1a1a","1","psycho","True","psycho","psycho","uniform","undefined","undefined","undefined","0","NA","0","0","11","11","0","0","0","NA","0","11","11","NA","11","11","0","11","0","0","NA","0","11","11","11","11","11","11","0","11","11","11","0","91.05629354090792","Mon Jul 13 23:47:43 2026","1000","The main experiment item","False","V7_AttentionalSpatialBias_.osexp","C:\Users\plcm\Downloads","203.59290001215413","006.png","563.42016","513.3023999999999","True","False","mono","False","18","no","white","no","yes","LTR","563.42016","513.3023999999999","864","1","006.png","007.png","1","psycho","Deutsch","11","11","C:\Users\plcm\Downloads\subject-101.csv","150","psycho","no","401698.4698000015","Neonatal Nightingale","4.1.14","6","6","no_prime_trial_12","12","LTR","","0","2","space","2","NA","NA","2","905.4919000482187","11842.174799996428","NA","NA","905.4919000482187","2","psycho","4, 1, 6, 3, 2, 5, 4, 1, 3, 2, 5, 6, 1, 6, 5, 2, 4, 3, 4, 5, 6, 2, 3, 1, 6, 2, 1, 3, 5, 4, 6, 1, 5, 4, 2, 3, 3, 6, 2, 5, 4, 1, 6, 2, 4, 3, 5, 1","False","1024","2","48000","-16","experiment","101","odd","400.5656381000299","501.0","1035.0","586.0","278.0","231132.27030000417","NA","NA","5673.324200033676","400565.51839999156","400565.61370001873","NA","11167.859499983024","85463.8606000226","NA","5673.503600002732","407614.8844999843","400552.0103999879","NA","400680.16729998635","400685.8988000313","13695.058199984487","406700.37019997835","242975.11250001844","NA","NA","243195.5923999776","400551.9889999996","407614.86059997696","406708.87839997886","400551.925799984","401689.1466000234","401686.2242000061","243195.72530000005","400550.99120002706","401689.19790000655","401698.4380999929","11167.972800030839","Attentional Spatial Bias","0","0","0","12","Wir werden nun den Eye-Tracker kalibrieren.<br><br>Bitte folgen Sie dem sich bewegenden Punkt mit Ihren Augen und halten Sie Ihren Kopf ruhig.<br><br>Bitte warten Sie.","Vielen Dank für Ihre Teilnahme!<br><br>Das Experiment ist nun beendet.<br><br>Bitte rufen Sie den Versuchsleiter an.","In diesem Experiment lesen Sie eine kurze Geschichte, die auf dem Bildschirm angezeigt wird.<br><br>Bitte lesen Sie jede Zeile sorgfältig durch, da Ihnen am Ende des Experiments einige Fragen zur Geschichte gestellt werden.<br><br>Nach jedem Absatz sehen Sie zwei Bilder. Schauen Sie sich beide Bilder an und zählen Sie die Gesamtzahl der Kreise auf den beiden Bildern.<br><br>Auf dem nächsten Bildschirm sehen Sie Beispiele für einen korrekten Kreis und eine falsche Form. Zählen Sie nur Formen, die mit dem Beispiel für einen korrekten Kreis übereinstimmen.<br><br>Drücken Sie eine beliebige Taste, um zu beginnen.","Geben Sie die Anzahl der Kreise ein (drücken Sie 0–3)","Willkommen!<br><br>Drücken Sie eine beliebige Taste, um fortzufahren.","Deutsch","1536","-267","267","-267","267","154","-154","154","-154"
"6","5000","8","undefined","undefined","undefined","undefined","#1a1a1a","2","psycho","True","psycho","psycho","uniform","undefined","undefined","undefined","0","NA","0","0","12","12","0","0","0","NA","0","12","12","NA","12","12","0","12","0","0","NA","0","12","12","12","12","12","12","0","12","12","12","0","95.1848667409856","Mon Jul 13 23:47:43 2026","1000","The main experiment item","False","V7_AttentionalSpatialBias_.osexp","C:\Users\plcm\Downloads","241.8848000233993","008.png","416.34816","435.63744","True","False","mono","False","18","no","white","no","yes","LTR","416.34816","435.63744","864","2","008.png","009.png","1","psycho","Deutsch","12","12","C:\Users\plcm\Downloads\subject-101.csv","150","psycho","no","423798.9915999933","Neonatal Nightingale","4.1.14","1","1","prime_3","13","LTR","Er streifte durch Felder und Sümpfe und suchte nach einem Ort, an den er gehören konnte. Wildenten sagten, er sei zu hässlich, um ihr Freund zu sein.","0","2","space","2","NA","NA","2","1778.8554999860935","11842.174799996428","NA","NA","1778.8554999860935","2","psycho","4, 1, 6, 3, 2, 5, 4, 1, 3, 2, 5, 6, 1, 6, 5, 2, 4, 3, 4, 5, 6, 2, 3, 1, 6, 2, 1, 3, 5, 4, 6, 1, 5, 4, 2, 3, 3, 6, 2, 5, 4, 1, 6, 2, 4, 3, 5, 1","True","1024","2","48000","-16","experiment","101","odd","422.5139247000334","460.0","1076.0","432.0","432.0","231132.27030000417","NA","NA","5673.324200033676","422513.85260000825","422513.90560000436","NA","11167.859499983024","85463.8606000226","NA","5673.503600002732","430591.6864000028","422502.9561999836","NA","422781.252100016","422786.80090000853","13695.058199984487","428802.31170001207","242975.11250001844","NA","NA","243195.5923999776","407761.9602000341","430591.6558000026","428811.6322000278","407761.9035000098","423790.9725999925","423787.1188999852","243195.72530000005","407760.9015000053","423791.03830002714","423798.94670000067","11167.972800030839","Attentional Spatial Bias","0","0","0","13","Wir werden nun den Eye-Tracker kalibrieren.<br><br>Bitte folgen Sie dem sich bewegenden Punkt mit Ihren Augen und halten Sie Ihren Kopf ruhig.<br><br>Bitte warten Sie.","Vielen Dank für Ihre Teilnahme!<br><br>Das Experiment ist nun beendet.<br><br>Bitte rufen Sie den Versuchsleiter an.","In diesem Experiment lesen Sie eine kurze Geschichte, die auf dem Bildschirm angezeigt wird.<br><br>Bitte lesen Sie jede Zeile sorgfältig durch, da Ihnen am Ende des Experiments einige Fragen zur Geschichte gestellt werden.<br><br>Nach jedem Absatz sehen Sie zwei Bilder. Schauen Sie sich beide Bilder an und zählen Sie die Gesamtzahl der Kreise auf den beiden Bildern.<br><br>Auf dem nächsten Bildschirm sehen Sie Beispiele für einen korrekten Kreis und eine falsche Form. Zählen Sie nur Formen, die mit dem Beispiel für einen korrekten Kreis übereinstimmen.<br><br>Drücken Sie eine beliebige Taste, um zu beginnen.","Geben Sie die Anzahl der Kreise ein (drücken Sie 0–3)","Willkommen!<br><br>Drücken Sie eine beliebige Taste, um fortzufahren.","Deutsch","1536","-308","308","-308","308","0","0","0","0"
"6","5000","8","undefined","undefined","undefined","undefined","#1a1a1a","2","psycho","True","psycho","psycho","uniform","undefined","undefined","undefined","0","NA","0","0","13","13","0","0","0","NA","0","13","13","NA","13","13","0","13","0","0","NA","0","13","13","13","13","13","13","0","13","13","13","0","78.90667100254568","Mon Jul 13 23:47:43 2026","1000","The main experiment item","False","V7_AttentionalSpatialBias_.osexp","C:\Users\plcm\Downloads","257.15560000389814","010.png","645.90336","490.76064","True","False","mono","False","18","no","white","no","yes","LTR","645.90336","490.76064","864","2","010.png","011.png","1","psycho","Deutsch","13","13","C:\Users\plcm\Downloads\subject-101.csv","150","psycho","no","431753.10149998404","Neonatal Nightingale","4.1.14","6","6","no_prime_trial_14","14","LTR","","0","2","space","2","NA","NA","2","961.9179000146687","11842.174799996428","NA","NA","961.9179000146687","2","psycho","4, 1, 6, 3, 2, 5, 4, 1, 3, 2, 5, 6, 1, 6, 5, 2, 4, 3, 4, 5, 6, 2, 3, 1, 6, 2, 1, 3, 5, 4, 6, 1, 5, 4, 2, 3, 3, 6, 2, 5, 4, 1, 6, 2, 4, 3, 5, 1","False","1024","2","48000","-16","experiment","101","odd","430.72960090002744","501.0","1035.0","586.0","278.0","231132.27030000417","NA","NA","5673.324200033676","430729.45340001024","430729.571999982","NA","11167.859499983024","85463.8606000226","NA","5673.503600002732","437727.3086999776","430716.56670002267","NA","430734.8862999934","430740.77370000305","13695.058199984487","436754.51150001027","242975.11250001844","NA","NA","243195.5923999776","430716.54530003434","437727.27899998426","436764.55530000385","430716.4797000005","431744.07610000344","431741.2509000278","243195.72530000005","430715.3974000248","431744.1209999961","431753.0645999941","11167.972800030839","Attentional Spatial Bias","0","0","0","14","Wir werden nun den Eye-Tracker kalibrieren.<br><br>Bitte folgen Sie dem sich bewegenden Punkt mit Ihren Augen und halten Sie Ihren Kopf ruhig.<br><br>Bitte warten Sie.","Vielen Dank für Ihre Teilnahme!<br><br>Das Experiment ist nun beendet.<br><br>Bitte rufen Sie den Versuchsleiter an.","In diesem Experiment lesen Sie eine kurze Geschichte, die auf dem Bildschirm angezeigt wird.<br><br>Bitte lesen Sie jede Zeile sorgfältig durch, da Ihnen am Ende des Experiments einige Fragen zur Geschichte gestellt werden.<br><br>Nach jedem Absatz sehen Sie zwei Bilder. Schauen Sie sich beide Bilder an und zählen Sie die Gesamtzahl der Kreise auf den beiden Bildern.<br><br>Auf dem nächsten Bildschirm sehen Sie Beispiele für einen korrekten Kreis und eine falsche Form. Zählen Sie nur Formen, die mit dem Beispiel für einen korrekten Kreis übereinstimmen.<br><br>Drücken Sie eine beliebige Taste, um zu beginnen.","Geben Sie die Anzahl der Kreise ein (drücken Sie 0–3)","Willkommen!<br><br>Drücken Sie eine beliebige Taste, um fortzufahren.","Deutsch","1536","-267","267","-267","267","154","-154","154","-154"
"6","5000","8","undefined","undefined","undefined","undefined","#1a1a1a","2","psycho","True","psycho","psycho","uniform","undefined","undefined","undefined","0","NA","0","0","14","14","0","0","0","NA","0","14","14","NA","14","14","0","14","0","0","NA","0","14","14","14","14","14","14","0","14","14","14","0","75.04139864282908","Mon Jul 13 23:47:43 2026","1000","The main experiment item","False","V7_AttentionalSpatialBias_.osexp","C:\Users\plcm\Downloads","247.0642999978736","013.png","951.95136","220.3632","True","False","mono","False","18","no","white","no","yes","LTR","951.95136","220.3632","864","2","012.png","013.png","1","psycho","Deutsch","14","14","C:\Users\plcm\Downloads\subject-101.csv","150","psycho","no","438889.2750000232","Neonatal Nightingale","4.1.14","5","5","no_prime_trial_15","15","LTR","","0","1","space","1","NA","NA","1","720.9623000235297","11842.174799996428","NA","NA","720.9623000235297","2","psycho","4, 1, 6, 3, 2, 5, 4, 1, 3, 2, 5, 6, 1, 6, 5, 2, 4, 3, 4, 5, 6, 2, 3, 1, 6, 2, 1, 3, 5, 4, 6, 1, 5, 4, 2, 3, 3, 6, 2, 5, 4, 1, 6, 2, 4, 3, 5, 1","False","1024","2","48000","-16","experiment","101","odd","437.8666758000036","614.0","922.0","699.0","165.0","231132.27030000417","NA","NA","5673.324200033676","437866.5435999865","437866.64740002016","NA","11167.859499983024","85463.8606000226","NA","5673.503600002732","444623.6166000017","437853.722400032","NA","437871.96530000074","437877.4599999888","13695.058199984487","443893.2400000049","242975.11250001844","NA","NA","243195.5923999776","437853.70199999306","444623.58509999467","443901.57990000444","437853.6474999855","438881.2188000302","438877.578500018","243195.72530000005","437853.11710002134","438881.27810001606","438889.23209998757","11167.972800030839","Attentional Spatial Bias","0","0","0","15","Wir werden nun den Eye-Tracker kalibrieren.<br><br>Bitte folgen Sie dem sich bewegenden Punkt mit Ihren Augen und halten Sie Ihren Kopf ruhig.<br><br>Bitte warten Sie.","Vielen Dank für Ihre Teilnahme!<br><br>Das Experiment ist nun beendet.<br><br>Bitte rufen Sie den Versuchsleiter an.","In diesem Experiment lesen Sie eine kurze Geschichte, die auf dem Bildschirm angezeigt wird.<br><br>Bitte lesen Sie jede Zeile sorgfältig durch, da Ihnen am Ende des Experiments einige Fragen zur Geschichte gestellt werden.<br><br>Nach jedem Absatz sehen Sie zwei Bilder. Schauen Sie sich beide Bilder an und zählen Sie die Gesamtzahl der Kreise auf den beiden Bildern.<br><br>Auf dem nächsten Bildschirm sehen Sie Beispiele für einen korrekten Kreis und eine falsche Form. Zählen Sie nur Formen, die mit dem Beispiel für einen korrekten Kreis übereinstimmen.<br><br>Drücken Sie eine beliebige Taste, um zu beginnen.","Geben Sie die Anzahl der Kreise ein (drücken Sie 0–3)","Willkommen!<br><br>Drücken Sie eine beliebige Taste, um fortzufahren.","Deutsch","1536","-154","154","-154","154","267","-267","267","-267"
"6","5000","8","undefined","undefined","undefined","undefined","#1a1a1a","2","psycho","True","psycho","psycho","uniform","undefined","undefined","undefined","0","NA","0","0","15","15","0","0","0","NA","0","15","15","NA","15","15","0","15","0","0","NA","0","15","15","15","15","15","15","0","15","15","15","0","59.68048887649629","Mon Jul 13 23:47:43 2026","1000","The main experiment item","False","V7_AttentionalSpatialBias_.osexp","C:\Users\plcm\Downloads","644.9274999904446","015.png","1007.96928","516.7670400000001","True","False","mono","False","18","no","white","no","yes","LTR","1007.96928","516.7670400000001","864","2","014.png","015.png","1","psycho","Deutsch","15","15","C:\Users\plcm\Downloads\subject-101.csv","150","psycho","no","446043.3227000176","Neonatal Nightingale","4.1.14","2","2","no_prime_trial_16","16","LTR","","0","0","space","0","NA","NA","0","2075.0313000171445","11842.174799996428","NA","NA","2075.0313000171445","2","psycho","4, 1, 6, 3, 2, 5, 4, 1, 3, 2, 5, 6, 1, 6, 5, 2, 4, 3, 4, 5, 6, 2, 3, 1, 6, 2, 1, 3, 5, 4, 6, 1, 5, 4, 2, 3, 3, 6, 2, 5, 4, 1, 6, 2, 4, 3, 5, 1","False","1024","2","48000","-16","experiment","101","odd","444.7697977999924","501.0","1035.0","278.0","586.0","231132.27030000417","NA","NA","5673.324200033676","444769.63669998804","444769.76500003366","NA","11167.859499983024","85463.8606000226","NA","5673.503600002732","453127.97470000805","444755.17279998166","NA","445024.2507000221","445030.1941999933","13695.058199984487","451043.3872999856","242975.11250001844","NA","NA","243195.5923999776","444755.14329998987","453127.93770001736","451051.5704000136","444755.07299997844","446034.64460000396","446030.591799994","243195.72530000005","444754.52840002254","446034.7031999845","446043.2842000155","11167.972800030839","Attentional Spatial Bias","0","0","0","16","Wir werden nun den Eye-Tracker kalibrieren.<br><br>Bitte folgen Sie dem sich bewegenden Punkt mit Ihren Augen und halten Sie Ihren Kopf ruhig.<br><br>Bitte warten Sie.","Vielen Dank für Ihre Teilnahme!<br><br>Das Experiment ist nun beendet.<br><br>Bitte rufen Sie den Versuchsleiter an.","In diesem Experiment lesen Sie eine kurze Geschichte, die auf dem Bildschirm angezeigt wird.<br><br>Bitte lesen Sie jede Zeile sorgfältig durch, da Ihnen am Ende des Experiments einige Fragen zur Geschichte gestellt werden.<br><br>Nach jedem Absatz sehen Sie zwei Bilder. Schauen Sie sich beide Bilder an und zählen Sie die Gesamtzahl der Kreise auf den beiden Bildern.<br><br>Auf dem nächsten Bildschirm sehen Sie Beispiele für einen korrekten Kreis und eine falsche Form. Zählen Sie nur Formen, die mit dem Beispiel für einen korrekten Kreis übereinstimmen.<br><br>Drücken Sie eine beliebige Taste, um zu beginnen.","Geben Sie die Anzahl der Kreise ein (drücken Sie 0–3)","Willkommen!<br><br>Drücken Sie eine beliebige Taste, um fortzufahren.","Deutsch","1536","-267","267","-267","267","-154","154","-154","154"
"6","5000","8","undefined","undefined","undefined","undefined","#1a1a1a","2","psycho","True","psycho","psycho","uniform","undefined","undefined","undefined","0","NA","0","0","16","16","0","0","0","NA","0","16","16","NA","16","16","0","16","0","0","NA","0","16","16","16","16","16","16","0","16","16","16","0","49.50421559823772","Mon Jul 13 23:47:43 2026","1000","The main experiment item","False","V7_AttentionalSpatialBias_.osexp","C:\Users\plcm\Downloads","268.271500011906","000.png","718.67904","249.61824000000001","True","False","mono","False","18","no","white","no","yes","LTR","718.67904","249.61824000000001","864","2","000.png","001.png","1","psycho","Deutsch","16","16","C:\Users\plcm\Downloads\subject-101.csv","150","psycho","no","454642.028799979","Neonatal Nightingale","4.1.14","4","4","no_prime_trial_17","17","LTR","","0","2","space","2","NA","NA","2","951.8623000476509","11842.174799996428","NA","NA","951.8623000476509","2","psycho","4, 1, 6, 3, 2, 5, 4, 1, 3, 2, 5, 6, 1, 6, 5, 2, 4, 3, 4, 5, 6, 2, 3, 1, 6, 2, 1, 3, 5, 4, 6, 1, 5, 4, 2, 3, 3, 6, 2, 5, 4, 1, 6, 2, 4, 3, 5, 1","False","1024","2","48000","-16","experiment","101","odd","453.24623440002324","768.0","768.0","124.0","740.0","231132.27030000417","NA","NA","5673.324200033676","453246.1390999961","453246.2104000151","NA","11167.859499983024","85463.8606000226","NA","5673.503600002732","460607.3117000051","453233.4738000063","NA","453625.92299998505","453631.42150000203","13695.058199984487","459646.43610001076","242975.11250001844","NA","NA","243195.5923999776","453233.45280002104","460607.2715999908","459654.60439998424","453233.39300003136","454634.46979998844","454631.62170001306","243195.72530000005","453232.8011000063","454634.5364000299","454641.9832999818","11167.972800030839","Attentional Spatial Bias","0","0","0","17","Wir werden nun den Eye-Tracker kalibrieren.<br><br>Bitte folgen Sie dem sich bewegenden Punkt mit Ihren Augen und halten Sie Ihren Kopf ruhig.<br><br>Bitte warten Sie.","Vielen Dank für Ihre Teilnahme!<br><br>Das Experiment ist nun beendet.<br><br>Bitte rufen Sie den Versuchsleiter an.","In diesem Experiment lesen Sie eine kurze Geschichte, die auf dem Bildschirm angezeigt wird.<br><br>Bitte lesen Sie jede Zeile sorgfältig durch, da Ihnen am Ende des Experiments einige Fragen zur Geschichte gestellt werden.<br><br>Nach jedem Absatz sehen Sie zwei Bilder. Schauen Sie sich beide Bilder an und zählen Sie die Gesamtzahl der Kreise auf den beiden Bildern.<br><br>Auf dem nächsten Bildschirm sehen Sie Beispiele für einen korrekten Kreis und eine falsche Form. Zählen Sie nur Formen, die mit dem Beispiel für einen korrekten Kreis übereinstimmen.<br><br>Drücken Sie eine beliebige Taste, um zu beginnen.","Geben Sie die Anzahl der Kreise ein (drücken Sie 0–3)","Willkommen!<br><br>Drücken Sie eine beliebige Taste, um fortzufahren.","Deutsch","1536","0","0","0","0","-308","308","-308","308"
"6","5000","8","undefined","undefined","undefined","undefined","#1a1a1a","2","psycho","True","psycho","psycho","uniform","undefined","undefined","undefined","0","NA","0","0","17","17","0","0","0","NA","0","17","17","NA","17","17","0","17","0","0","NA","0","17","17","17","17","17","17","0","17","17","17","0","57.07848387054439","Mon Jul 13 23:47:43 2026","1000","The main experiment item","False","V7_AttentionalSpatialBias_.osexp","C:\Users\plcm\Downloads","283.840499992948","003.png","950.87616","676.2355200000001","True","False","mono","False","18","no","white","no","yes","LTR","950.87616","676.2355200000001","864","2","002.png","003.png","1","psycho","Deutsch","17","17","C:\Users\plcm\Downloads\subject-101.csv","150","psycho","no","462078.42939998955","Neonatal Nightingale","4.1.14","3","3","no_prime_trial_18","18","LTR","","0","1","space","1","NA","NA","1","1270.6477000028826","11842.174799996428","NA","NA","1270.6477000028826","2","psycho","4, 1, 6, 3, 2, 5, 4, 1, 3, 2, 5, 6, 1, 6, 5, 2, 4, 3, 4, 5, 6, 2, 3, 1, 6, 2, 1, 3, 5, 4, 6, 1, 5, 4, 2, 3, 3, 6, 2, 5, 4, 1, 6, 2, 4, 3, 5, 1","False","1024","2","48000","-16","experiment","101","odd","460.7570476999972","614.0","922.0","165.0","699.0","231132.27030000417","NA","NA","5673.324200033676","460756.9199000136","460757.0216000313","NA","11167.859499983024","85463.8606000226","NA","5673.503600002732","468359.13789999904","460740.6338999863","NA","461057.38900002325","461063.09810001403","13695.058199984487","467079.40940000117","242975.11250001844","NA","NA","243195.5923999776","460740.59960001614","468359.1068999958","467087.76610001223","460740.5087000225","462067.45089998003","462063.32110002404","243195.72530000005","460738.66460000863","462067.5649000332","462078.3935000072","11167.972800030839","Attentional Spatial Bias","0","0","0","18","Wir werden nun den Eye-Tracker kalibrieren.<br><br>Bitte folgen Sie dem sich bewegenden Punkt mit Ihren Augen und halten Sie Ihren Kopf ruhig.<br><br>Bitte warten Sie.","Vielen Dank für Ihre Teilnahme!<br><br>Das Experiment ist nun beendet.<br><br>Bitte rufen Sie den Versuchsleiter an.","In diesem Experiment lesen Sie eine kurze Geschichte, die auf dem Bildschirm angezeigt wird.<br><br>Bitte lesen Sie jede Zeile sorgfältig durch, da Ihnen am Ende des Experiments einige Fragen zur Geschichte gestellt werden.<br><br>Nach jedem Absatz sehen Sie zwei Bilder. Schauen Sie sich beide Bilder an und zählen Sie die Gesamtzahl der Kreise auf den beiden Bildern.<br><br>Auf dem nächsten Bildschirm sehen Sie Beispiele für einen korrekten Kreis und eine falsche Form. Zählen Sie nur Formen, die mit dem Beispiel für einen korrekten Kreis übereinstimmen.<br><br>Drücken Sie eine beliebige Taste, um zu beginnen.","Geben Sie die Anzahl der Kreise ein (drücken Sie 0–3)","Willkommen!<br><br>Drücken Sie eine beliebige Taste, um fortzufahren.","Deutsch","1536","-154","154","-154","154","-267","267","-267","267"
"6","5000","8","undefined","undefined","undefined","undefined","#1a1a1a","3","psycho","True","psycho","psycho","uniform","undefined","undefined","undefined","0","NA","0","0","18","18","0","0","0","NA","0","18","18","NA","18","18","0","18","0","0","NA","0","18","18","18","18","18","18","0","18","18","18","0","90.43840305484387","Mon Jul 13 23:47:43 2026","1000","The main experiment item","False","V7_AttentionalSpatialBias_.osexp","C:\Users\plcm\Downloads","279.96220003115013","004.png","769.79712","162.82943999999998","True","False","mono","False","18","no","white","no","yes","LTR","769.79712","162.82943999999998","864","3","004.png","005.png","1","psycho","Deutsch","18","18","C:\Users\plcm\Downloads\subject-101.csv","150","psycho","no","477913.8404999976","Neonatal Nightingale","4.1.14","4","4","prime_4","19","LTR","Eines Nachts schossen Jäger in der Nähe, und er versteckte sich im Schilf, bis es wieder sicher war.","0","2","space","2","NA","NA","2","1417.5878000096418","11842.174799996428","NA","NA","1417.5878000096418","2","psycho","4, 1, 6, 3, 2, 5, 4, 1, 3, 2, 5, 6, 1, 6, 5, 2, 4, 3, 4, 5, 6, 2, 3, 1, 6, 2, 1, 3, 5, 4, 6, 1, 5, 4, 2, 3, 3, 6, 2, 5, 4, 1, 6, 2, 4, 3, 5, 1","True","1024","2","48000","-16","experiment","101","odd","476.6004329000134","768.0","768.0","124.0","740.0","231132.27030000417","NA","NA","5673.324200033676","476600.36530002253","476600.41489999276","NA","11167.859499983024","85463.8606000226","NA","5673.503600002732","484343.3099000249","476591.33179998025","NA","476894.66510002967","476900.13590001035","13695.058199984487","482916.64830001537","242975.11250001844","NA","NA","243195.5923999776","468490.6533000176","484343.26579998014","482924.87709998386","468490.58280000463","477904.5157000073","477900.5728000193","243195.72530000005","468489.63989998447","477904.61879997747","477913.7952000019","11167.972800030839","Attentional Spatial Bias","0","0","0","19","Wir werden nun den Eye-Tracker kalibrieren.<br><br>Bitte folgen Sie dem sich bewegenden Punkt mit Ihren Augen und halten Sie Ihren Kopf ruhig.<br><br>Bitte warten Sie.","Vielen Dank für Ihre Teilnahme!<br><br>Das Experiment ist nun beendet.<br><br>Bitte rufen Sie den Versuchsleiter an.","In diesem Experiment lesen Sie eine kurze Geschichte, die auf dem Bildschirm angezeigt wird.<br><br>Bitte lesen Sie jede Zeile sorgfältig durch, da Ihnen am Ende des Experiments einige Fragen zur Geschichte gestellt werden.<br><br>Nach jedem Absatz sehen Sie zwei Bilder. Schauen Sie sich beide Bilder an und zählen Sie die Gesamtzahl der Kreise auf den beiden Bildern.<br><br>Auf dem nächsten Bildschirm sehen Sie Beispiele für einen korrekten Kreis und eine falsche Form. Zählen Sie nur Formen, die mit dem Beispiel für einen korrekten Kreis übereinstimmen.<br><br>Drücken Sie eine beliebige Taste, um zu beginnen.","Geben Sie die Anzahl der Kreise ein (drücken Sie 0–3)","Willkommen!<br><br>Drücken Sie eine beliebige Taste, um fortzufahren.","Deutsch","1536","0","0","0","0","-308","308","-308","308"
"6","5000","8","undefined","undefined","undefined","undefined","#1a1a1a","3","psycho","True","psycho","psycho","uniform","undefined","undefined","undefined","0","NA","0","0","19","19","0","0","0","NA","0","19","19","NA","19","19","0","19","0","0","NA","0","19","19","19","19","19","19","0","19","19","19","0","40.5187556983281","Mon Jul 13 23:47:43 2026","1000","The main experiment item","False","V7_AttentionalSpatialBias_.osexp","C:\Users\plcm\Downloads","202.77930004522204","007.png","782.73024","293.4144","True","False","mono","False","18","no","white","no","yes","LTR","782.73024","293.4144","864","3","006.png","007.png","1","psycho","Deutsch","19","19","C:\Users\plcm\Downloads\subject-101.csv","150","psycho","no","485774.92559998063","Neonatal Nightingale","4.1.14","5","5","no_prime_trial_20","20","LTR","","0","3","space","3","NA","NA","3","923.7371000344865","11842.174799996428","NA","NA","923.7371000344865","2","psycho","4, 1, 6, 3, 2, 5, 4, 1, 3, 2, 5, 6, 1, 6, 5, 2, 4, 3, 4, 5, 6, 2, 3, 1, 6, 2, 1, 3, 5, 4, 6, 1, 5, 4, 2, 3, 3, 6, 2, 5, 4, 1, 6, 2, 4, 3, 5, 1","False","1024","2","48000","-16","experiment","101","odd","484.49549240001943","614.0","922.0","699.0","165.0","231132.27030000417","NA","NA","5673.324200033676","484495.40180002805","484495.47010002425","NA","11167.859499983024","85463.8606000226","NA","5673.503600002732","491711.3190999953","484483.04120003013","NA","484753.4919999889","484759.3263000017","13695.058199984487","490776.3603000203","242975.11250001844","NA","NA","243195.5923999776","484483.01810002886","491711.25019999454","490786.6752999835","484482.93890000787","485763.69579997845","485759.8267000285","243195.72530000005","484481.77359998226","485763.7426999863","485774.8483000323","11167.972800030839","Attentional Spatial Bias","0","0","0","20","Wir werden nun den Eye-Tracker kalibrieren.<br><br>Bitte folgen Sie dem sich bewegenden Punkt mit Ihren Augen und halten Sie Ihren Kopf ruhig.<br><br>Bitte warten Sie.","Vielen Dank für Ihre Teilnahme!<br><br>Das Experiment ist nun beendet.<br><br>Bitte rufen Sie den Versuchsleiter an.","In diesem Experiment lesen Sie eine kurze Geschichte, die auf dem Bildschirm angezeigt wird.<br><br>Bitte lesen Sie jede Zeile sorgfältig durch, da Ihnen am Ende des Experiments einige Fragen zur Geschichte gestellt werden.<br><br>Nach jedem Absatz sehen Sie zwei Bilder. Schauen Sie sich beide Bilder an und zählen Sie die Gesamtzahl der Kreise auf den beiden Bildern.<br><br>Auf dem nächsten Bildschirm sehen Sie Beispiele für einen korrekten Kreis und eine falsche Form. Zählen Sie nur Formen, die mit dem Beispiel für einen korrekten Kreis übereinstimmen.<br><br>Drücken Sie eine beliebige Taste, um zu beginnen.","Geben Sie die Anzahl der Kreise ein (drücken Sie 0–3)","Willkommen!<br><br>Drücken Sie eine beliebige Taste, um fortzufahren.","Deutsch","1536","-154","154","-154","154","267","-267","267","-267"
"6","5000","8","undefined","undefined","undefined","undefined","#1a1a1a","3","psycho","True","psycho","psycho","uniform","undefined","undefined","undefined","0","NA","0","0","20","20","0","0","0","NA","0","20","20","NA","20","20","0","20","0","0","NA","0","20","20","20","20","20","20","0","20","20","20","0","12.455500716004893","Mon Jul 13 23:47:43 2026","1000","The main experiment item","False","V7_AttentionalSpatialBias_.osexp","C:\Users\plcm\Downloads","213.6737999971956","008.png","546.47808","533.76192","True","False","mono","False","18","no","white","no","yes","LTR","546.47808","533.76192","864","3","008.png","009.png","1","psycho","Deutsch","20","20","C:\Users\plcm\Downloads\subject-101.csv","150","psycho","no","493112.6937000081","Neonatal Nightingale","4.1.14","6","6","no_prime_trial_21","21","LTR","","0","1","space","1","NA","NA","1","1973.4570999862626","11842.174799996428","NA","NA","1973.4570999862626","2","psycho","4, 1, 6, 3, 2, 5, 4, 1, 3, 2, 5, 6, 1, 6, 5, 2, 4, 3, 4, 5, 6, 2, 3, 1, 6, 2, 1, 3, 5, 4, 6, 1, 5, 4, 2, 3, 3, 6, 2, 5, 4, 1, 6, 2, 4, 3, 5, 1","False","1024","2","48000","-16","experiment","101","odd","491.8481176000205","501.0","1035.0","586.0","278.0","231132.27030000417","NA","NA","5673.324200033676","491847.9513999773","491848.0880000279","NA","11167.859499983024","85463.8606000226","NA","5673.503600002732","500094.9754000176","491836.2266999902","NA","492093.67430000566","492099.4472000166","13695.058199984487","498113.0484000314","242975.11250001844","NA","NA","243195.5923999776","491836.20800002245","500094.94620002806","498120.90500001796","491836.16330003133","493103.58019999694","493099.94069999084","243195.72530000005","491835.67220001714","493103.6332999938","493112.65939997975","11167.972800030839","Attentional Spatial Bias","0","0","0","21","Wir werden nun den Eye-Tracker kalibrieren.<br><br>Bitte folgen Sie dem sich bewegenden Punkt mit Ihren Augen und halten Sie Ihren Kopf ruhig.<br><br>Bitte warten Sie.","Vielen Dank für Ihre Teilnahme!<br><br>Das Experiment ist nun beendet.<br><br>Bitte rufen Sie den Versuchsleiter an.","In diesem Experiment lesen Sie eine kurze Geschichte, die auf dem Bildschirm angezeigt wird.<br><br>Bitte lesen Sie jede Zeile sorgfältig durch, da Ihnen am Ende des Experiments einige Fragen zur Geschichte gestellt werden.<br><br>Nach jedem Absatz sehen Sie zwei Bilder. Schauen Sie sich beide Bilder an und zählen Sie die Gesamtzahl der Kreise auf den beiden Bildern.<br><br>Auf dem nächsten Bildschirm sehen Sie Beispiele für einen korrekten Kreis und eine falsche Form. Zählen Sie nur Formen, die mit dem Beispiel für einen korrekten Kreis übereinstimmen.<br><br>Drücken Sie eine beliebige Taste, um zu beginnen.","Geben Sie die Anzahl der Kreise ein (drücken Sie 0–3)","Willkommen!<br><br>Drücken Sie eine beliebige Taste, um fortzufahren.","Deutsch","1536","-267","267","-267","267","154","-154","154","-154"
"6","5000","8","undefined","undefined","undefined","undefined","#1a1a1a","3","psycho","True","psycho","psycho","uniform","undefined","undefined","undefined","0","NA","0","0","21","21","0","0","0","NA","0","21","21","NA","21","21","0","21","0","0","NA","0","21","21","21","21","21","21","0","21","21","21","0","97.3935418026801","Mon Jul 13 23:47:43 2026","1000","The main experiment item","False","V7_AttentionalSpatialBias_.osexp","C:\Users\plcm\Downloads","216.4465999812819","010.png","647.5776","413.87328","True","False","mono","False","18","no","white","no","yes","LTR","647.5776","413.87328","864","3","010.png","011.png","1","psycho","Deutsch","21","21","C:\Users\plcm\Downloads\subject-101.csv","150","psycho","no","501468.9821000211","Neonatal Nightingale","4.1.14","2","2","no_prime_trial_22","22","LTR","","0","1","space","1","NA","NA","1","1005.6856000446714","11842.174799996428","NA","NA","1005.6856000446714","2","psycho","4, 1, 6, 3, 2, 5, 4, 1, 3, 2, 5, 6, 1, 6, 5, 2, 4, 3, 4, 5, 6, 2, 3, 1, 6, 2, 1, 3, 5, 4, 6, 1, 5, 4, 2, 3, 3, 6, 2, 5, 4, 1, 6, 2, 4, 3, 5, 1","False","1024","2","48000","-16","experiment","101","odd","500.2253022000077","501.0","1035.0","278.0","586.0","231132.27030000417","NA","NA","5673.324200033676","500225.18850001507","500225.27599998284","NA","11167.859499983024","85463.8606000226","NA","5673.503600002732","507486.8897999986","500213.2067999919","NA","500448.2726000133","500453.9332999848","13695.058199984487","506472.2371000098","242975.11250001844","NA","NA","243195.5923999776","500213.1741999765","507486.85889999615","506480.65829998814","500213.10240001185","501457.8429000103","501454.29249998415","243195.72530000005","500212.0712000178","501457.8902000212","501468.94749999046","11167.972800030839","Attentional Spatial Bias","0","0","0","22","Wir werden nun den Eye-Tracker kalibrieren.<br><br>Bitte folgen Sie dem sich bewegenden Punkt mit Ihren Augen und halten Sie Ihren Kopf ruhig.<br><br>Bitte warten Sie.","Vielen Dank für Ihre Teilnahme!<br><br>Das Experiment ist nun beendet.<br><br>Bitte rufen Sie den Versuchsleiter an.","In diesem Experiment lesen Sie eine kurze Geschichte, die auf dem Bildschirm angezeigt wird.<br><br>Bitte lesen Sie jede Zeile sorgfältig durch, da Ihnen am Ende des Experiments einige Fragen zur Geschichte gestellt werden.<br><br>Nach jedem Absatz sehen Sie zwei Bilder. Schauen Sie sich beide Bilder an und zählen Sie die Gesamtzahl der Kreise auf den beiden Bildern.<br><br>Auf dem nächsten Bildschirm sehen Sie Beispiele für einen korrekten Kreis und eine falsche Form. Zählen Sie nur Formen, die mit dem Beispiel für einen korrekten Kreis übereinstimmen.<br><br>Drücken Sie eine beliebige Taste, um zu beginnen.","Geben Sie die Anzahl der Kreise ein (drücken Sie 0–3)","Willkommen!<br><br>Drücken Sie eine beliebige Taste, um fortzufahren.","Deutsch","1536","-267","267","-267","267","-154","154","-154","154"
"6","5000","8","undefined","undefined","undefined","undefined","#1a1a1a","3","psycho","True","psycho","psycho","uniform","undefined","undefined","undefined","0","NA","0","0","22","22","0","0","0","NA","0","22","22","NA","22","22","0","22","0","0","NA","0","22","22","22","22","22","22","0","22","22","22","0","49.51956543188967","Mon Jul 13 23:47:43 2026","1000","The main experiment item","False","V7_AttentionalSpatialBias_.osexp","C:\Users\plcm\Downloads","283.93499995581806","012.png","605.46048","195.696","True","False","mono","False","18","no","white","no","yes","LTR","605.46048","195.696","864","3","012.png","013.png","1","psycho","Deutsch","22","22","C:\Users\plcm\Downloads\subject-101.csv","150","psycho","no","509018.54950003326","Neonatal Nightingale","4.1.14","3","3","no_prime_trial_23","23","LTR","","0","1","space","1","NA","NA","1","1290.2077000471763","11842.174799996428","NA","NA","1290.2077000471763","2","psycho","4, 1, 6, 3, 2, 5, 4, 1, 3, 2, 5, 6, 1, 6, 5, 2, 4, 3, 4, 5, 6, 2, 3, 1, 6, 2, 1, 3, 5, 4, 6, 1, 5, 4, 2, 3, 3, 6, 2, 5, 4, 1, 6, 2, 4, 3, 5, 1","False","1024","2","48000","-16","experiment","101","odd","507.6481388999964","614.0","922.0","165.0","699.0","231132.27030000417","NA","NA","5673.324200033676","507647.9838999803","507648.10540003236","NA","11167.859499983024","85463.8606000226","NA","5673.503600002732","515319.1799999913","507632.0945000043","NA","508002.23580002785","508008.03329999326","13695.058199984487","514020.483899978","242975.11250001844","NA","NA","243195.5923999776","507632.0603999775","515319.1511000041","514028.25799997663","507631.92880002316","509012.0650000172","509008.5413000197","243195.72530000005","507630.8263000101","509012.11240002885","509018.4970999835","11167.972800030839","Attentional Spatial Bias","0","0","0","23","Wir werden nun den Eye-Tracker kalibrieren.<br><br>Bitte folgen Sie dem sich bewegenden Punkt mit Ihren Augen und halten Sie Ihren Kopf ruhig.<br><br>Bitte warten Sie.","Vielen Dank für Ihre Teilnahme!<br><br>Das Experiment ist nun beendet.<br><br>Bitte rufen Sie den Versuchsleiter an.","In diesem Experiment lesen Sie eine kurze Geschichte, die auf dem Bildschirm angezeigt wird.<br><br>Bitte lesen Sie jede Zeile sorgfältig durch, da Ihnen am Ende des Experiments einige Fragen zur Geschichte gestellt werden.<br><br>Nach jedem Absatz sehen Sie zwei Bilder. Schauen Sie sich beide Bilder an und zählen Sie die Gesamtzahl der Kreise auf den beiden Bildern.<br><br>Auf dem nächsten Bildschirm sehen Sie Beispiele für einen korrekten Kreis und eine falsche Form. Zählen Sie nur Formen, die mit dem Beispiel für einen korrekten Kreis übereinstimmen.<br><br>Drücken Sie eine beliebige Taste, um zu beginnen.","Geben Sie die Anzahl der Kreise ein (drücken Sie 0–3)","Willkommen!<br><br>Drücken Sie eine beliebige Taste, um fortzufahren.","Deutsch","1536","-154","154","-154","154","-267","267","-267","267"
"6","5000","8","undefined","undefined","undefined","undefined","#1a1a1a","3","psycho","True","psycho","psycho","uniform","undefined","undefined","undefined","0","NA","0","0","23","23","0","0","0","NA","0","23","23","NA","23","23","0","23","0","0","NA","0","23","23","23","23","23","23","0","23","23","23","0","52.061925859115085","Mon Jul 13 23:47:43 2026","1000","The main experiment item","False","V7_AttentionalSpatialBias_.osexp","C:\Users\plcm\Downloads","327.5635000318289","014.png","444.25728","367.52832","True","False","mono","False","18","no","white","no","yes","LTR","444.25728","367.52832","864","3","014.png","015.png","1","psycho","Deutsch","23","23","C:\Users\plcm\Downloads\subject-101.csv","150","psycho","no","517296.85049998807","Neonatal Nightingale","4.1.14","1","1","no_prime_trial_24","24","LTR","","0","1","space","1","NA","NA","1","2994.10720000742","11842.174799996428","NA","NA","2994.10720000742","2","psycho","4, 1, 6, 3, 2, 5, 4, 1, 3, 2, 5, 6, 1, 6, 5, 2, 4, 3, 4, 5, 6, 2, 3, 1, 6, 2, 1, 3, 5, 4, 6, 1, 5, 4, 2, 3, 3, 6, 2, 5, 4, 1, 6, 2, 4, 3, 5, 1","False","1024","2","48000","-16","experiment","101","odd","515.4628779999912","460.0","1076.0","432.0","432.0","231132.27030000417","NA","NA","5673.324200033676","515462.76550000766","515462.85040001385","NA","11167.859499983024","85463.8606000226","NA","5673.503600002732","525303.0841000145","515449.14310000604","NA","516279.306499986","516284.93100003107","13695.058199984487","522299.2491000332","242975.11250001844","NA","NA","243195.5923999776","515449.12370003294","525303.0574999866","522308.28029999975","515449.07839997904","517287.7516000299","517285.0530000287","243195.72530000005","515448.3486000099","517287.7974000294","517296.8103000312","11167.972800030839","Attentional Spatial Bias","0","0","0","24","Wir werden nun den Eye-Tracker kalibrieren.<br><br>Bitte folgen Sie dem sich bewegenden Punkt mit Ihren Augen und halten Sie Ihren Kopf ruhig.<br><br>Bitte warten Sie.","Vielen Dank für Ihre Teilnahme!<br><br>Das Experiment ist nun beendet.<br><br>Bitte rufen Sie den Versuchsleiter an.","In diesem Experiment lesen Sie eine kurze Geschichte, die auf dem Bildschirm angezeigt wird.<br><br>Bitte lesen Sie jede Zeile sorgfältig durch, da Ihnen am Ende des Experiments einige Fragen zur Geschichte gestellt werden.<br><br>Nach jedem Absatz sehen Sie zwei Bilder. Schauen Sie sich beide Bilder an und zählen Sie die Gesamtzahl der Kreise auf den beiden Bildern.<br><br>Auf dem nächsten Bildschirm sehen Sie Beispiele für einen korrekten Kreis und eine falsche Form. Zählen Sie nur Formen, die mit dem Beispiel für einen korrekten Kreis übereinstimmen.<br><br>Drücken Sie eine beliebige Taste, um zu beginnen.","Geben Sie die Anzahl der Kreise ein (drücken Sie 0–3)","Willkommen!<br><br>Drücken Sie eine beliebige Taste, um fortzufahren.","Deutsch","1536","-308","308","-308","308","0","0","0","0"
"6","5000","8","undefined","undefined","undefined","undefined","#1a1a1a","4","psycho","True","psycho","psycho","uniform","undefined","undefined","undefined","0","NA","0","0","24","24","0","0","0","NA","0","24","24","NA","24","24","0","24","0","0","NA","0","24","24","24","24","24","24","0","24","24","24","0","66.30878446058263","Mon Jul 13 23:47:43 2026","1000","The main experiment item","False","V7_AttentionalSpatialBias_.osexp","C:\Users\plcm\Downloads","207.37479999661446","000.png","617.84064","451.40544000000006","True","False","mono","False","18","no","white","no","yes","LTR","617.84064","451.40544000000006","864","4","000.png","001.png","1","psycho","Deutsch","24","24","C:\Users\plcm\Downloads\subject-101.csv","150","psycho","no","540225.6964999833","Neonatal Nightingale","4.1.14","6","6","prime_5","25","LTR","Er fand ein kleines Häuschen, in dem eine alte Frau, eine Katze und eine Henne lebten. Die Katze und die Henne waren gemein und nannten ihn nutzlos. Traurig ging er fort und wanderte weiter allein umher.","0","2","space","2","NA","NA","2","1407.893099996727","11842.174799996428","NA","NA","1407.893099996727","2","psycho","4, 1, 6, 3, 2, 5, 4, 1, 3, 2, 5, 6, 1, 6, 5, 2, 4, 3, 4, 5, 6, 2, 3, 1, 6, 2, 1, 3, 5, 4, 6, 1, 5, 4, 2, 3, 3, 6, 2, 5, 4, 1, 6, 2, 4, 3, 5, 1","True","1024","2","48000","-16","experiment","101","odd","538.9198103999952","501.0","1035.0","586.0","278.0","231132.27030000417","NA","NA","5673.324200033676","538919.7443000157","538919.7926999768","NA","11167.859499983024","85463.8606000226","NA","5673.503600002732","546647.1109000267","538910.7777000172","NA","539209.267200029","539214.3970000325","13695.058199984487","545230.3700000048","242975.11250001844","NA","NA","243195.5923999776","525418.5523000197","546647.0834999927","545238.4914000286","525418.479999993","540217.8676000331","540214.5951000275","243195.72530000005","525417.503100005","540217.9196000216","540225.6523999968","11167.972800030839","Attentional Spatial Bias","0","0","0","25","Wir werden nun den Eye-Tracker kalibrieren.<br><br>Bitte folgen Sie dem sich bewegenden Punkt mit Ihren Augen und halten Sie Ihren Kopf ruhig.<br><br>Bitte warten Sie.","Vielen Dank für Ihre Teilnahme!<br><br>Das Experiment ist nun beendet.<br><br>Bitte rufen Sie den Versuchsleiter an.","In diesem Experiment lesen Sie eine kurze Geschichte, die auf dem Bildschirm angezeigt wird.<br><br>Bitte lesen Sie jede Zeile sorgfältig durch, da Ihnen am Ende des Experiments einige Fragen zur Geschichte gestellt werden.<br><br>Nach jedem Absatz sehen Sie zwei Bilder. Schauen Sie sich beide Bilder an und zählen Sie die Gesamtzahl der Kreise auf den beiden Bildern.<br><br>Auf dem nächsten Bildschirm sehen Sie Beispiele für einen korrekten Kreis und eine falsche Form. Zählen Sie nur Formen, die mit dem Beispiel für einen korrekten Kreis übereinstimmen.<br><br>Drücken Sie eine beliebige Taste, um zu beginnen.","Geben Sie die Anzahl der Kreise ein (drücken Sie 0–3)","Willkommen!<br><br>Drücken Sie eine beliebige Taste, um fortzufahren.","Deutsch","1536","-267","267","-267","267","154","-154","154","-154"
"6","5000","8","undefined","undefined","undefined","undefined","#1a1a1a","4","psycho","True","psycho","psycho","uniform","undefined","undefined","undefined","0","NA","0","0","25","25","0","0","0","NA","0","25","25","NA","25","25","0","25","0","0","NA","0","25","25","25","25","25","25","0","25","25","25","0","71.79767413030591","Mon Jul 13 23:47:43 2026","1000","The main experiment item","False","V7_AttentionalSpatialBias_.osexp","C:\Users\plcm\Downloads","203.14800000051036","003.png","990.78144","471.68352000000004","True","False","mono","False","18","no","white","no","yes","LTR","990.78144","471.68352000000004","864","4","002.png","003.png","1","psycho","Deutsch","25","25","C:\Users\plcm\Downloads\subject-101.csv","150","psycho","no","548062.5557000167","Neonatal Nightingale","4.1.14","2","2","no_prime_trial_26","26","LTR","","0","1","space","1","NA","NA","1","2314.9682999937795","11842.174799996428","NA","NA","2314.9682999937795","2","psycho","4, 1, 6, 3, 2, 5, 4, 1, 3, 2, 5, 6, 1, 6, 5, 2, 4, 3, 4, 5, 6, 2, 3, 1, 6, 2, 1, 3, 5, 4, 6, 1, 5, 4, 2, 3, 3, 6, 2, 5, 4, 1, 6, 2, 4, 3, 5, 1","False","1024","2","48000","-16","experiment","101","odd","546.7730808000197","501.0","1035.0","278.0","586.0","231132.27030000417","NA","NA","5673.324200033676","546772.9596000281","546773.0486000073","NA","11167.859499983024","85463.8606000226","NA","5673.503600002732","555391.662399983","546756.3228000072","NA","547046.4699000004","547051.7420999822","13695.058199984487","553064.7678999812","242975.11250001844","NA","NA","243195.5923999776","546756.2955000321","555391.6335999966","553075.5393999862","546756.2258000253","548055.0599999842","548051.9972000038","243195.72530000005","546755.6605000282","548055.1202999777","548062.521099986","11167.972800030839","Attentional Spatial Bias","0","0","0","26","Wir werden nun den Eye-Tracker kalibrieren.<br><br>Bitte folgen Sie dem sich bewegenden Punkt mit Ihren Augen und halten Sie Ihren Kopf ruhig.<br><br>Bitte warten Sie.","Vielen Dank für Ihre Teilnahme!<br><br>Das Experiment ist nun beendet.<br><br>Bitte rufen Sie den Versuchsleiter an.","In diesem Experiment lesen Sie eine kurze Geschichte, die auf dem Bildschirm angezeigt wird.<br><br>Bitte lesen Sie jede Zeile sorgfältig durch, da Ihnen am Ende des Experiments einige Fragen zur Geschichte gestellt werden.<br><br>Nach jedem Absatz sehen Sie zwei Bilder. Schauen Sie sich beide Bilder an und zählen Sie die Gesamtzahl der Kreise auf den beiden Bildern.<br><br>Auf dem nächsten Bildschirm sehen Sie Beispiele für einen korrekten Kreis und eine falsche Form. Zählen Sie nur Formen, die mit dem Beispiel für einen korrekten Kreis übereinstimmen.<br><br>Drücken Sie eine beliebige Taste, um zu beginnen.","Geben Sie die Anzahl der Kreise ein (drücken Sie 0–3)","Willkommen!<br><br>Drücken Sie eine beliebige Taste, um fortzufahren.","Deutsch","1536","-267","267","-267","267","-154","154","-154","154"
"6","5000","8","undefined","undefined","undefined","undefined","#1a1a1a","4","psycho","True","psycho","psycho","uniform","undefined","undefined","undefined","0","NA","0","0","26","26","0","0","0","NA","0","26","26","NA","26","26","0","26","0","0","NA","0","26","26","26","26","26","26","0","26","26","26","0","5.018150214730542","Mon Jul 13 23:47:43 2026","1000","The main experiment item","False","V7_AttentionalSpatialBias_.osexp","C:\Users\plcm\Downloads","237.8568000276573","004.png","563.1744","431.73216","True","False","mono","False","18","no","white","no","yes","LTR","563.1744","431.73216","864","4","004.png","005.png","1","psycho","Deutsch","26","26","C:\Users\plcm\Downloads\subject-101.csv","150","psycho","no","556797.9358999874","Neonatal Nightingale","4.1.14","1","1","no_prime_trial_27","27","LTR","","0","2","space","2","NA","NA","2","973.9387000445276","11842.174799996428","NA","NA","973.9387000445276","2","psycho","4, 1, 6, 3, 2, 5, 4, 1, 3, 2, 5, 6, 1, 6, 5, 2, 4, 3, 4, 5, 6, 2, 3, 1, 6, 2, 1, 3, 5, 4, 6, 1, 5, 4, 2, 3, 3, 6, 2, 5, 4, 1, 6, 2, 4, 3, 5, 1","False","1024","2","48000","-16","experiment","101","odd","555.5451175000053","460.0","1076.0","432.0","432.0","231132.27030000417","NA","NA","5673.324200033676","555544.9619999854","555545.0864000013","NA","11167.859499983024","85463.8606000226","NA","5673.503600002732","562782.9979999806","555529.9408999854","NA","555774.266900029","555779.8541000229","13695.058199984487","561799.161700008","242975.11250001844","NA","NA","243195.5923999776","555529.9182999879","562782.9689999926","561808.3850999828","555529.8596000066","556788.6980000185","556780.4896000307","243195.72530000005","555529.332200007","556788.7616999797","556797.8811999783","11167.972800030839","Attentional Spatial Bias","0","0","0","27","Wir werden nun den Eye-Tracker kalibrieren.<br><br>Bitte folgen Sie dem sich bewegenden Punkt mit Ihren Augen und halten Sie Ihren Kopf ruhig.<br><br>Bitte warten Sie.","Vielen Dank für Ihre Teilnahme!<br><br>Das Experiment ist nun beendet.<br><br>Bitte rufen Sie den Versuchsleiter an.","In diesem Experiment lesen Sie eine kurze Geschichte, die auf dem Bildschirm angezeigt wird.<br><br>Bitte lesen Sie jede Zeile sorgfältig durch, da Ihnen am Ende des Experiments einige Fragen zur Geschichte gestellt werden.<br><br>Nach jedem Absatz sehen Sie zwei Bilder. Schauen Sie sich beide Bilder an und zählen Sie die Gesamtzahl der Kreise auf den beiden Bildern.<br><br>Auf dem nächsten Bildschirm sehen Sie Beispiele für einen korrekten Kreis und eine falsche Form. Zählen Sie nur Formen, die mit dem Beispiel für einen korrekten Kreis übereinstimmen.<br><br>Drücken Sie eine beliebige Taste, um zu beginnen.","Geben Sie die Anzahl der Kreise ein (drücken Sie 0–3)","Willkommen!<br><br>Drücken Sie eine beliebige Taste, um fortzufahren.","Deutsch","1536","-308","308","-308","308","0","0","0","0"
"6","5000","8","undefined","undefined","undefined","undefined","#1a1a1a","4","psycho","True","psycho","psycho","uniform","undefined","undefined","undefined","0","NA","0","0","27","27","0","0","0","NA","0","27","27","NA","27","27","0","27","0","0","NA","0","27","27","27","27","27","27","0","27","27","27","0","57.73082359391718","Mon Jul 13 23:47:43 2026","1000","The main experiment item","False","V7_AttentionalSpatialBias_.osexp","C:\Users\plcm\Downloads","244.7750000283122","007.png","931.8451200000001","606.9772800000001","True","False","mono","False","18","no","white","no","yes","LTR","931.8451200000001","606.9772800000001","864","4","006.png","007.png","1","psycho","Deutsch","27","27","C:\Users\plcm\Downloads\subject-101.csv","150","psycho","no","564299.402899982","Neonatal Nightingale","4.1.14","3","3","no_prime_trial_28","28","LTR","","0","2","space","2","NA","NA","2","1645.571100001689","11842.174799996428","NA","NA","1645.571100001689","2","psycho","4, 1, 6, 3, 2, 5, 4, 1, 3, 2, 5, 6, 1, 6, 5, 2, 4, 3, 4, 5, 6, 2, 3, 1, 6, 2, 1, 3, 5, 4, 6, 1, 5, 4, 2, 3, 3, 6, 2, 5, 4, 1, 6, 2, 4, 3, 5, 1","False","1024","2","48000","-16","experiment","101","odd","562.9303961999831","614.0","922.0","165.0","699.0","231132.27030000417","NA","NA","5673.324200033676","562930.2589999861","562930.368500005","NA","11167.859499983024","85463.8606000226","NA","5673.503600002732","570959.5775000053","562915.8234000206","NA","563282.4510000064","563288.1891999859","13695.058199984487","569303.3804000006","242975.11250001844","NA","NA","243195.5923999776","562915.8029999817","570959.5315000042","569312.8853000235","562915.7496999833","564291.395600012","564288.3623000234","243195.72530000005","562914.9864999927","564291.4435000275","564299.3680000072","11167.972800030839","Attentional Spatial Bias","0","0","0","28","Wir werden nun den Eye-Tracker kalibrieren.<br><br>Bitte folgen Sie dem sich bewegenden Punkt mit Ihren Augen und halten Sie Ihren Kopf ruhig.<br><br>Bitte warten Sie.","Vielen Dank für Ihre Teilnahme!<br><br>Das Experiment ist nun beendet.<br><br>Bitte rufen Sie den Versuchsleiter an.","In diesem Experiment lesen Sie eine kurze Geschichte, die auf dem Bildschirm angezeigt wird.<br><br>Bitte lesen Sie jede Zeile sorgfältig durch, da Ihnen am Ende des Experiments einige Fragen zur Geschichte gestellt werden.<br><br>Nach jedem Absatz sehen Sie zwei Bilder. Schauen Sie sich beide Bilder an und zählen Sie die Gesamtzahl der Kreise auf den beiden Bildern.<br><br>Auf dem nächsten Bildschirm sehen Sie Beispiele für einen korrekten Kreis und eine falsche Form. Zählen Sie nur Formen, die mit dem Beispiel für einen korrekten Kreis übereinstimmen.<br><br>Drücken Sie eine beliebige Taste, um zu beginnen.","Geben Sie die Anzahl der Kreise ein (drücken Sie 0–3)","Willkommen!<br><br>Drücken Sie eine beliebige Taste, um fortzufahren.","Deutsch","1536","-154","154","-154","154","-267","267","-267","267"
"6","5000","8","undefined","undefined","undefined","undefined","#1a1a1a","4","psycho","True","psycho","psycho","uniform","undefined","undefined","undefined","0","NA","0","0","28","28","0","0","0","NA","0","28","28","NA","28","28","0","28","0","0","NA","0","28","28","28","28","28","28","0","28","28","28","0","71.62559241495738","Mon Jul 13 23:47:43 2026","1000","The main experiment item","False","V7_AttentionalSpatialBias_.osexp","C:\Users\plcm\Downloads","278.87229999760166","009.png","910.7711999999999","260.35776","True","False","mono","False","18","no","white","no","yes","LTR","910.7711999999999","260.35776","864","4","008.png","009.png","1","psycho","Deutsch","28","28","C:\Users\plcm\Downloads\subject-101.csv","150","psycho","no","572344.2110000178","Neonatal Nightingale","4.1.14","5","5","no_prime_trial_29","29","LTR","","0","0","space","0","NA","NA","0","1515.3957000002265","11842.174799996428","NA","NA","1515.3957000002265","2","psycho","4, 1, 6, 3, 2, 5, 4, 1, 3, 2, 5, 6, 1, 6, 5, 2, 4, 3, 4, 5, 6, 2, 3, 1, 6, 2, 1, 3, 5, 4, 6, 1, 5, 4, 2, 3, 3, 6, 2, 5, 4, 1, 6, 2, 4, 3, 5, 1","False","1024","2","48000","-16","experiment","101","odd","571.0930664000334","614.0","922.0","699.0","165.0","231132.27030000417","NA","NA","5673.324200033676","571092.9805000196","571093.0443999823","NA","11167.859499983024","85463.8606000226","NA","5673.503600002732","578871.0322999978","571081.0356999864","NA","571323.4740000335","571329.2822000221","13695.058199984487","577347.3834000179","242975.11250001844","NA","NA","243195.5923999776","571081.0121999821","578871.0064000334","577355.0203000195","571080.9485000209","572333.4905999945","572329.8671999946","243195.72530000005","571080.595700012","572333.5484000272","572344.1662000259","11167.972800030839","Attentional Spatial Bias","0","0","0","29","Wir werden nun den Eye-Tracker kalibrieren.<br><br>Bitte folgen Sie dem sich bewegenden Punkt mit Ihren Augen und halten Sie Ihren Kopf ruhig.<br><br>Bitte warten Sie.","Vielen Dank für Ihre Teilnahme!<br><br>Das Experiment ist nun beendet.<br><br>Bitte rufen Sie den Versuchsleiter an.","In diesem Experiment lesen Sie eine kurze Geschichte, die auf dem Bildschirm angezeigt wird.<br><br>Bitte lesen Sie jede Zeile sorgfältig durch, da Ihnen am Ende des Experiments einige Fragen zur Geschichte gestellt werden.<br><br>Nach jedem Absatz sehen Sie zwei Bilder. Schauen Sie sich beide Bilder an und zählen Sie die Gesamtzahl der Kreise auf den beiden Bildern.<br><br>Auf dem nächsten Bildschirm sehen Sie Beispiele für einen korrekten Kreis und eine falsche Form. Zählen Sie nur Formen, die mit dem Beispiel für einen korrekten Kreis übereinstimmen.<br><br>Drücken Sie eine beliebige Taste, um zu beginnen.","Geben Sie die Anzahl der Kreise ein (drücken Sie 0–3)","Willkommen!<br><br>Drücken Sie eine beliebige Taste, um fortzufahren.","Deutsch","1536","-154","154","-154","154","267","-267","267","-267"
"6","5000","8","undefined","undefined","undefined","undefined","#1a1a1a","4","psycho","True","psycho","psycho","uniform","undefined","undefined","undefined","0","NA","0","0","29","29","0","0","0","NA","0","29","29","NA","29","29","0","29","0","0","NA","0","29","29","29","29","29","29","0","29","29","29","0","68.723226656728","Mon Jul 13 23:47:43 2026","1000","The main experiment item","False","V7_AttentionalSpatialBias_.osexp","C:\Users\plcm\Downloads","221.04579996084794","010.png","742.21056","262.96704","True","False","mono","False","18","no","white","no","yes","LTR","742.21056","262.96704","864","4","010.png","011.png","1","psycho","Deutsch","29","29","C:\Users\plcm\Downloads\subject-101.csv","150","psycho","no","580301.656900032","Neonatal Nightingale","4.1.14","4","4","no_prime_trial_30","30","LTR","","0","2","space","2","NA","NA","2","924.3515999987721","11842.174799996428","NA","NA","924.3515999987721","2","psycho","4, 1, 6, 3, 2, 5, 4, 1, 3, 2, 5, 6, 1, 6, 5, 2, 4, 3, 4, 5, 6, 2, 3, 1, 6, 2, 1, 3, 5, 4, 6, 1, 5, 4, 2, 3, 3, 6, 2, 5, 4, 1, 6, 2, 4, 3, 5, 1","False","1024","2","48000","-16","experiment","101","odd","579.0000018000137","768.0","768.0","124.0","740.0","231132.27030000417","NA","NA","5673.324200033676","578999.9010000029","578999.9799000216","NA","11167.859499983024","85463.8606000226","NA","5673.503600002732","586238.9170000097","578985.8010000316","NA","579283.216700016","579288.6077000294","13695.058199984487","585306.5032000304","242975.11250001844","NA","NA","243195.5923999776","578985.7761000167","586238.8890000293","585313.9675999992","578985.6967999949","580291.4917999879","580288.7440000195","243195.72530000005","578984.6349","580291.5399000049","580301.6173000215","11167.972800030839","Attentional Spatial Bias","0","0","0","30","Wir werden nun den Eye-Tracker kalibrieren.<br><br>Bitte folgen Sie dem sich bewegenden Punkt mit Ihren Augen und halten Sie Ihren Kopf ruhig.<br><br>Bitte warten Sie.","Vielen Dank für Ihre Teilnahme!<br><br>Das Experiment ist nun beendet.<br><br>Bitte rufen Sie den Versuchsleiter an.","In diesem Experiment lesen Sie eine kurze Geschichte, die auf dem Bildschirm angezeigt wird.<br><br>Bitte lesen Sie jede Zeile sorgfältig durch, da Ihnen am Ende des Experiments einige Fragen zur Geschichte gestellt werden.<br><br>Nach jedem Absatz sehen Sie zwei Bilder. Schauen Sie sich beide Bilder an und zählen Sie die Gesamtzahl der Kreise auf den beiden Bildern.<br><br>Auf dem nächsten Bildschirm sehen Sie Beispiele für einen korrekten Kreis und eine falsche Form. Zählen Sie nur Formen, die mit dem Beispiel für einen korrekten Kreis übereinstimmen.<br><br>Drücken Sie eine beliebige Taste, um zu beginnen.","Geben Sie die Anzahl der Kreise ein (drücken Sie 0–3)","Willkommen!<br><br>Drücken Sie eine beliebige Taste, um fortzufahren.","Deutsch","1536","0","0","0","0","-308","308","-308","308"
"6","5000","8","undefined","undefined","undefined","undefined","#1a1a1a","5","psycho","True","psycho","psycho","uniform","undefined","undefined","undefined","0","NA","0","0","30","30","0","0","0","NA","0","30","30","NA","30","30","0","30","0","0","NA","0","30","30","30","30","30","30","0","30","30","30","0","79.55643329561728","Mon Jul 13 23:47:43 2026","1000","The main experiment item","False","V7_AttentionalSpatialBias_.osexp","C:\Users\plcm\Downloads","204.5780000044033","012.png","615.49056","484.75584","True","False","mono","False","18","no","white","no","yes","LTR","615.49056","484.75584","864","5","012.png","013.png","1","psycho","Deutsch","30","30","C:\Users\plcm\Downloads\subject-101.csv","150","psycho","no","596192.5230000052","Neonatal Nightingale","4.1.14","6","6","prime_6","31","LTR","Der Winter kam und es war sehr kalt. Er wäre in einem See fast erfroren, doch ein Bauer fand ihn und nahm ihn mit nach Hause.","0","1","space","1","NA","NA","1","1578.5594999906607","11842.174799996428","NA","NA","1578.5594999906607","2","psycho","4, 1, 6, 3, 2, 5, 4, 1, 3, 2, 5, 6, 1, 6, 5, 2, 4, 3, 4, 5, 6, 2, 3, 1, 6, 2, 1, 3, 5, 4, 6, 1, 5, 4, 2, 3, 3, 6, 2, 5, 4, 1, 6, 2, 4, 3, 5, 1","True","1024","2","48000","-16","experiment","101","odd","594.8969098000089","501.0","1035.0","586.0","278.0","231132.27030000417","NA","NA","5673.324200033676","594896.8346000183","594896.8901000335","NA","11167.859499983024","85463.8606000226","NA","5673.503600002732","602782.8692999901","594886.9219000335","NA","595175.332200015","595180.5198999937","13695.058199984487","601194.1831000149","242975.11250001844","NA","NA","243195.5923999776","586375.7053000154","602782.8444000334","601203.7131999969","586375.6385000306","596184.4425000018","596181.0901000281","243195.72530000005","586374.4999000337","596184.4968000078","596192.4878000282","11167.972800030839","Attentional Spatial Bias","0","0","0","31","Wir werden nun den Eye-Tracker kalibrieren.<br><br>Bitte folgen Sie dem sich bewegenden Punkt mit Ihren Augen und halten Sie Ihren Kopf ruhig.<br><br>Bitte warten Sie.","Vielen Dank für Ihre Teilnahme!<br><br>Das Experiment ist nun beendet.<br><br>Bitte rufen Sie den Versuchsleiter an.","In diesem Experiment lesen Sie eine kurze Geschichte, die auf dem Bildschirm angezeigt wird.<br><br>Bitte lesen Sie jede Zeile sorgfältig durch, da Ihnen am Ende des Experiments einige Fragen zur Geschichte gestellt werden.<br><br>Nach jedem Absatz sehen Sie zwei Bilder. Schauen Sie sich beide Bilder an und zählen Sie die Gesamtzahl der Kreise auf den beiden Bildern.<br><br>Auf dem nächsten Bildschirm sehen Sie Beispiele für einen korrekten Kreis und eine falsche Form. Zählen Sie nur Formen, die mit dem Beispiel für einen korrekten Kreis übereinstimmen.<br><br>Drücken Sie eine beliebige Taste, um zu beginnen.","Geben Sie die Anzahl der Kreise ein (drücken Sie 0–3)","Willkommen!<br><br>Drücken Sie eine beliebige Taste, um fortzufahren.","Deutsch","1536","-267","267","-267","267","154","-154","154","-154"
"6","5000","8","undefined","undefined","undefined","undefined","#1a1a1a","5","psycho","True","psycho","psycho","uniform","undefined","undefined","undefined","0","NA","0","0","31","31","0","0","0","NA","0","31","31","NA","31","31","0","31","0","0","NA","0","31","31","31","31","31","31","0","31","31","31","0","75.92815614608315","Mon Jul 13 23:47:43 2026","1000","The main experiment item","False","V7_AttentionalSpatialBias_.osexp","C:\Users\plcm\Downloads","222.87140000844374","015.png","1013.92896","387.72864","True","False","mono","False","18","no","white","no","yes","LTR","1013.92896","387.72864","864","5","014.png","015.png","1","psycho","Deutsch","31","31","C:\Users\plcm\Downloads\subject-101.csv","150","psycho","no","604255.5961000035","Neonatal Nightingale","4.1.14","1","1","no_prime_trial_32","32","LTR","","0","2","space","2","NA","NA","2","969.7270999895409","11842.174799996428","NA","NA","969.7270999895409","2","psycho","4, 1, 6, 3, 2, 5, 4, 1, 3, 2, 5, 6, 1, 6, 5, 2, 4, 3, 4, 5, 6, 2, 3, 1, 6, 2, 1, 3, 5, 4, 6, 1, 5, 4, 2, 3, 3, 6, 2, 5, 4, 1, 6, 2, 4, 3, 5, 1","False","1024","2","48000","-16","experiment","101","odd","602.9429979000124","460.0","1076.0","432.0","432.0","231132.27030000417","NA","NA","5673.324200033676","602942.9000000237","602942.9746000096","NA","11167.859499983024","85463.8606000226","NA","5673.503600002732","610239.129499998","602929.1509999894","NA","603237.6665000338","603243.0831000092","13695.058199984487","609257.854400028","242975.11250001844","NA","NA","243195.5923999776","602929.1232000105","610239.10050001","609268.595200032","602929.0557000204","604247.5029000198","604243.4584000148","243195.72530000005","602928.1369000091","604247.5783000118","604255.5290000164","11167.972800030839","Attentional Spatial Bias","0","0","0","32","Wir werden nun den Eye-Tracker kalibrieren.<br><br>Bitte folgen Sie dem sich bewegenden Punkt mit Ihren Augen und halten Sie Ihren Kopf ruhig.<br><br>Bitte warten Sie.","Vielen Dank für Ihre Teilnahme!<br><br>Das Experiment ist nun beendet.<br><br>Bitte rufen Sie den Versuchsleiter an.","In diesem Experiment lesen Sie eine kurze Geschichte, die auf dem Bildschirm angezeigt wird.<br><br>Bitte lesen Sie jede Zeile sorgfältig durch, da Ihnen am Ende des Experiments einige Fragen zur Geschichte gestellt werden.<br><br>Nach jedem Absatz sehen Sie zwei Bilder. Schauen Sie sich beide Bilder an und zählen Sie die Gesamtzahl der Kreise auf den beiden Bildern.<br><br>Auf dem nächsten Bildschirm sehen Sie Beispiele für einen korrekten Kreis und eine falsche Form. Zählen Sie nur Formen, die mit dem Beispiel für einen korrekten Kreis übereinstimmen.<br><br>Drücken Sie eine beliebige Taste, um zu beginnen.","Geben Sie die Anzahl der Kreise ein (drücken Sie 0–3)","Willkommen!<br><br>Drücken Sie eine beliebige Taste, um fortzufahren.","Deutsch","1536","-308","308","-308","308","0","0","0","0"
"6","5000","8","undefined","undefined","undefined","undefined","#1a1a1a","5","psycho","True","psycho","psycho","uniform","undefined","undefined","undefined","0","NA","0","0","32","32","0","0","0","NA","0","32","32","NA","32","32","0","32","0","0","NA","0","32","32","32","32","32","32","0","32","32","32","0","96.74459193071205","Mon Jul 13 23:47:43 2026","1000","The main experiment item","False","V7_AttentionalSpatialBias_.osexp","C:\Users\plcm\Downloads","305.6097000371665","001.png","926.7609600000001","277.88832","True","False","mono","False","18","no","white","no","yes","LTR","926.7609600000001","277.88832","864","5","000.png","001.png","1","psycho","Deutsch","32","32","C:\Users\plcm\Downloads\subject-101.csv","150","psycho","no","611663.7248999905","Neonatal Nightingale","4.1.14","5","5","no_prime_trial_33","33","LTR","","0","2","space","2","NA","NA","2","1058.5011999937706","11842.174799996428","NA","NA","1058.5011999937706","2","psycho","4, 1, 6, 3, 2, 5, 4, 1, 3, 2, 5, 6, 1, 6, 5, 2, 4, 3, 4, 5, 6, 2, 3, 1, 6, 2, 1, 3, 5, 4, 6, 1, 5, 4, 2, 3, 3, 6, 2, 5, 4, 1, 6, 2, 4, 3, 5, 1","False","1024","2","48000","-16","experiment","101","odd","610.3600444000331","614.0","922.0","699.0","165.0","231132.27030000417","NA","NA","5673.324200033676","610359.9530999782","610360.0209000288","NA","11167.859499983024","85463.8606000226","NA","5673.503600002732","617735.0555000012","610347.767899977","NA","610643.5066999984","610648.3918000013","13695.058199984487","616665.4398000101","242975.11250001844","NA","NA","243195.5923999776","610347.7474999963","617735.022799985","616675.8878999972","610347.6933999918","611652.9153999873","611648.9764000289","243195.72530000005","610347.166099993","611652.9678999796","611663.6776999803","11167.972800030839","Attentional Spatial Bias","0","0","0","33","Wir werden nun den Eye-Tracker kalibrieren.<br><br>Bitte folgen Sie dem sich bewegenden Punkt mit Ihren Augen und halten Sie Ihren Kopf ruhig.<br><br>Bitte warten Sie.","Vielen Dank für Ihre Teilnahme!<br><br>Das Experiment ist nun beendet.<br><br>Bitte rufen Sie den Versuchsleiter an.","In diesem Experiment lesen Sie eine kurze Geschichte, die auf dem Bildschirm angezeigt wird.<br><br>Bitte lesen Sie jede Zeile sorgfältig durch, da Ihnen am Ende des Experiments einige Fragen zur Geschichte gestellt werden.<br><br>Nach jedem Absatz sehen Sie zwei Bilder. Schauen Sie sich beide Bilder an und zählen Sie die Gesamtzahl der Kreise auf den beiden Bildern.<br><br>Auf dem nächsten Bildschirm sehen Sie Beispiele für einen korrekten Kreis und eine falsche Form. Zählen Sie nur Formen, die mit dem Beispiel für einen korrekten Kreis übereinstimmen.<br><br>Drücken Sie eine beliebige Taste, um zu beginnen.","Geben Sie die Anzahl der Kreise ein (drücken Sie 0–3)","Willkommen!<br><br>Drücken Sie eine beliebige Taste, um fortzufahren.","Deutsch","1536","-154","154","-154","154","267","-267","267","-267"
"6","5000","8","undefined","undefined","undefined","undefined","#1a1a1a","5","psycho","True","psycho","psycho","uniform","undefined","undefined","undefined","0","NA","0","0","33","33","0","0","0","NA","0","33","33","NA","33","33","0","33","0","0","NA","0","33","33","33","33","33","33","0","33","33","33","0","67.43666190514475","Mon Jul 13 23:47:43 2026","1000","The main experiment item","False","V7_AttentionalSpatialBias_.osexp","C:\Users\plcm\Downloads","246.28160003339872","002.png","787.2460800000001","261.98208","True","False","mono","False","18","no","white","no","yes","LTR","787.2460800000001","261.98208","864","5","002.png","003.png","1","psycho","Deutsch","33","33","C:\Users\plcm\Downloads\subject-101.csv","150","psycho","no","619139.8135999916","Neonatal Nightingale","4.1.14","4","4","no_prime_trial_34","34","LTR","","0","1","space","1","NA","NA","1","1086.5847999812104","11842.174799996428","NA","NA","1086.5847999812104","2","psycho","4, 1, 6, 3, 2, 5, 4, 1, 3, 2, 5, 6, 1, 6, 5, 2, 4, 3, 4, 5, 6, 2, 3, 1, 6, 2, 1, 3, 5, 4, 6, 1, 5, 4, 2, 3, 3, 6, 2, 5, 4, 1, 6, 2, 4, 3, 5, 1","False","1024","2","48000","-16","experiment","101","odd","617.866754800023","768.0","768.0","124.0","740.0","231132.27030000417","NA","NA","5673.324200033676","617866.6372000007","617866.7267999845","NA","11167.859499983024","85463.8606000226","NA","5673.503600002732","625239.4364000065","617853.5791999893","NA","618120.0948000187","618125.5275000003","13695.058199984487","624141.566700011","242975.11250001844","NA","NA","243195.5923999776","617853.5596000147","625239.4061000086","624151.8098000088","617853.5066000186","619132.3771000025","619125.7722000009","243195.72530000005","617852.5800000061","619132.4429999804","619139.7767000017","11167.972800030839","Attentional Spatial Bias","0","0","0","34","Wir werden nun den Eye-Tracker kalibrieren.<br><br>Bitte folgen Sie dem sich bewegenden Punkt mit Ihren Augen und halten Sie Ihren Kopf ruhig.<br><br>Bitte warten Sie.","Vielen Dank für Ihre Teilnahme!<br><br>Das Experiment ist nun beendet.<br><br>Bitte rufen Sie den Versuchsleiter an.","In diesem Experiment lesen Sie eine kurze Geschichte, die auf dem Bildschirm angezeigt wird.<br><br>Bitte lesen Sie jede Zeile sorgfältig durch, da Ihnen am Ende des Experiments einige Fragen zur Geschichte gestellt werden.<br><br>Nach jedem Absatz sehen Sie zwei Bilder. Schauen Sie sich beide Bilder an und zählen Sie die Gesamtzahl der Kreise auf den beiden Bildern.<br><br>Auf dem nächsten Bildschirm sehen Sie Beispiele für einen korrekten Kreis und eine falsche Form. Zählen Sie nur Formen, die mit dem Beispiel für einen korrekten Kreis übereinstimmen.<br><br>Drücken Sie eine beliebige Taste, um zu beginnen.","Geben Sie die Anzahl der Kreise ein (drücken Sie 0–3)","Willkommen!<br><br>Drücken Sie eine beliebige Taste, um fortzufahren.","Deutsch","1536","0","0","0","0","-308","308","-308","308"
"6","5000","8","undefined","undefined","undefined","undefined","#1a1a1a","5","psycho","True","psycho","psycho","uniform","undefined","undefined","undefined","0","NA","0","0","34","34","0","0","0","NA","0","34","34","NA","34","34","0","34","0","0","NA","0","34","34","34","34","34","34","0","34","34","34","0","68.65617400714369","Mon Jul 13 23:47:43 2026","1000","The main experiment item","False","V7_AttentionalSpatialBias_.osexp","C:\Users\plcm\Downloads","234.79740001494065","005.png","901.14048","495.21024","True","False","mono","False","18","no","white","no","yes","LTR","901.14048","495.21024","864","5","004.png","005.png","1","psycho","Deutsch","34","34","C:\Users\plcm\Downloads\subject-101.csv","150","psycho","no","626680.5142000085","Neonatal Nightingale","4.1.14","2","2","no_prime_trial_35","35","LTR","","0","2","space","2","NA","NA","2","906.1149999615736","11842.174799996428","NA","NA","906.1149999615736","2","psycho","4, 1, 6, 3, 2, 5, 4, 1, 3, 2, 5, 6, 1, 6, 5, 2, 4, 3, 4, 5, 6, 2, 3, 1, 6, 2, 1, 3, 5, 4, 6, 1, 5, 4, 2, 3, 3, 6, 2, 5, 4, 1, 6, 2, 4, 3, 5, 1","False","1024","2","48000","-16","experiment","101","odd","625.409174200031","501.0","1035.0","278.0","586.0","231132.27030000417","NA","NA","5673.324200033676","625409.0790000046","625409.149300016","NA","11167.859499983024","85463.8606000226","NA","5673.503600002732","632599.0941000055","625393.0043000146","NA","625661.3772999845","625667.5700999913","13695.058199984487","631683.6045000236","242975.11250001844","NA","NA","243195.5923999776","625392.9839000339","632599.0562000079","631692.2113000182","625392.9334999993","626671.352299978","626668.0233000079","243195.72530000005","625392.5166000263","626671.4174000081","626680.4765000124","11167.972800030839","Attentional Spatial Bias","0","0","0","35","Wir werden nun den Eye-Tracker kalibrieren.<br><br>Bitte folgen Sie dem sich bewegenden Punkt mit Ihren Augen und halten Sie Ihren Kopf ruhig.<br><br>Bitte warten Sie.","Vielen Dank für Ihre Teilnahme!<br><br>Das Experiment ist nun beendet.<br><br>Bitte rufen Sie den Versuchsleiter an.","In diesem Experiment lesen Sie eine kurze Geschichte, die auf dem Bildschirm angezeigt wird.<br><br>Bitte lesen Sie jede Zeile sorgfältig durch, da Ihnen am Ende des Experiments einige Fragen zur Geschichte gestellt werden.<br><br>Nach jedem Absatz sehen Sie zwei Bilder. Schauen Sie sich beide Bilder an und zählen Sie die Gesamtzahl der Kreise auf den beiden Bildern.<br><br>Auf dem nächsten Bildschirm sehen Sie Beispiele für einen korrekten Kreis und eine falsche Form. Zählen Sie nur Formen, die mit dem Beispiel für einen korrekten Kreis übereinstimmen.<br><br>Drücken Sie eine beliebige Taste, um zu beginnen.","Geben Sie die Anzahl der Kreise ein (drücken Sie 0–3)","Willkommen!<br><br>Drücken Sie eine beliebige Taste, um fortzufahren.","Deutsch","1536","-267","267","-267","267","-154","154","-154","154"
"6","5000","8","undefined","undefined","undefined","undefined","#1a1a1a","5","psycho","True","psycho","psycho","uniform","undefined","undefined","undefined","0","NA","0","0","35","35","0","0","0","NA","0","35","35","NA","35","35","0","35","0","0","NA","0","35","35","35","35","35","35","0","35","35","35","0","42.052966731321185","Mon Jul 13 23:47:43 2026","1000","The main experiment item","False","V7_AttentionalSpatialBias_.osexp","C:\Users\plcm\Downloads","237.25379997631535","006.png","638.83776","295.08192","True","False","mono","False","18","no","white","no","yes","LTR","638.83776","295.08192","864","5","006.png","007.png","1","psycho","Deutsch","35","35","C:\Users\plcm\Downloads\subject-101.csv","150","psycho","no","634242.4253000063","Neonatal Nightingale","4.1.14","3","3","no_prime_trial_36","36","LTR","","0","2","space","2","NA","NA","2","713.806800020393","11842.174799996428","NA","NA","713.806800020393","2","psycho","4, 1, 6, 3, 2, 5, 4, 1, 3, 2, 5, 6, 1, 6, 5, 2, 4, 3, 4, 5, 6, 2, 3, 1, 6, 2, 1, 3, 5, 4, 6, 1, 5, 4, 2, 3, 3, 6, 2, 5, 4, 1, 6, 2, 4, 3, 5, 1","False","1024","2","48000","-16","experiment","101","odd","632.768722400011","614.0","922.0","165.0","699.0","231132.27030000417","NA","NA","5673.324200033676","632768.5856000171","632768.6779000214","NA","11167.859499983024","85463.8606000226","NA","5673.503600002732","639967.056500027","632756.1226999969","NA","633211.9396000053","633217.7089999896","13695.058199984487","639244.2663999973","242975.11250001844","NA","NA","243195.5923999776","632756.089499977","639967.0252000215","639252.5529999984","632755.9602999827","634229.1665999801","634218.1184000219","243195.72530000005","632754.9498000299","634229.4346999843","634242.3401999986","11167.972800030839","Attentional Spatial Bias","0","0","0","36","Wir werden nun den Eye-Tracker kalibrieren.<br><br>Bitte folgen Sie dem sich bewegenden Punkt mit Ihren Augen und halten Sie Ihren Kopf ruhig.<br><br>Bitte warten Sie.","Vielen Dank für Ihre Teilnahme!<br><br>Das Experiment ist nun beendet.<br><br>Bitte rufen Sie den Versuchsleiter an.","In diesem Experiment lesen Sie eine kurze Geschichte, die auf dem Bildschirm angezeigt wird.<br><br>Bitte lesen Sie jede Zeile sorgfältig durch, da Ihnen am Ende des Experiments einige Fragen zur Geschichte gestellt werden.<br><br>Nach jedem Absatz sehen Sie zwei Bilder. Schauen Sie sich beide Bilder an und zählen Sie die Gesamtzahl der Kreise auf den beiden Bildern.<br><br>Auf dem nächsten Bildschirm sehen Sie Beispiele für einen korrekten Kreis und eine falsche Form. Zählen Sie nur Formen, die mit dem Beispiel für einen korrekten Kreis übereinstimmen.<br><br>Drücken Sie eine beliebige Taste, um zu beginnen.","Geben Sie die Anzahl der Kreise ein (drücken Sie 0–3)","Willkommen!<br><br>Drücken Sie eine beliebige Taste, um fortzufahren.","Deutsch","1536","-154","154","-154","154","-267","267","-267","267"
"6","5000","8","undefined","undefined","undefined","undefined","#1a1a1a","6","psycho","True","psycho","psycho","uniform","undefined","undefined","undefined","0","NA","0","0","36","36","0","0","0","NA","0","36","36","NA","36","36","0","36","0","0","NA","0","36","36","36","36","36","36","0","36","36","36","0","55.43672546381504","Mon Jul 13 23:47:43 2026","1000","The main experiment item","False","V7_AttentionalSpatialBias_.osexp","C:\Users\plcm\Downloads","240.29169999994338","008.png","611.2512","310.34016","True","False","mono","False","18","no","white","no","yes","LTR","611.2512","310.34016","864","6","008.png","009.png","1","psycho","Deutsch","36","36","C:\Users\plcm\Downloads\subject-101.csv","150","psycho","no","647034.7774000256","Neonatal Nightingale","4.1.14","3","3","prime_7","37","LTR","Die Kinder des Bauern machten ihm Angst, also rannte er wieder hinaus in die Kälte.","0","1","space","1","NA","NA","1","1248.839300009422","11842.174799996428","NA","NA","1248.839300009422","2","psycho","4, 1, 6, 3, 2, 5, 4, 1, 3, 2, 5, 6, 1, 6, 5, 2, 4, 3, 4, 5, 6, 2, 3, 1, 6, 2, 1, 3, 5, 4, 6, 1, 5, 4, 2, 3, 3, 6, 2, 5, 4, 1, 6, 2, 4, 3, 5, 1","True","1024","2","48000","-16","experiment","101","odd","645.6668535000063","614.0","922.0","165.0","699.0","231132.27030000417","NA","NA","5673.324200033676","645666.7535000015","645666.8306000065","NA","11167.859499983024","85463.8606000226","NA","5673.503600002732","653295.1890000259","645654.7883999883","NA","646015.0092000258","646020.344300021","13695.058199984487","652037.2528000153","242975.11250001844","NA","NA","243195.5923999776","640102.0572999842","653295.160299982","652045.638200012","640102.0095000276","647024.2201000219","647020.9380000015","243195.72530000005","640101.5829999815","647024.2700999952","647034.7376000136","11167.972800030839","Attentional Spatial Bias","0","0","0","37","Wir werden nun den Eye-Tracker kalibrieren.<br><br>Bitte folgen Sie dem sich bewegenden Punkt mit Ihren Augen und halten Sie Ihren Kopf ruhig.<br><br>Bitte warten Sie.","Vielen Dank für Ihre Teilnahme!<br><br>Das Experiment ist nun beendet.<br><br>Bitte rufen Sie den Versuchsleiter an.","In diesem Experiment lesen Sie eine kurze Geschichte, die auf dem Bildschirm angezeigt wird.<br><br>Bitte lesen Sie jede Zeile sorgfältig durch, da Ihnen am Ende des Experiments einige Fragen zur Geschichte gestellt werden.<br><br>Nach jedem Absatz sehen Sie zwei Bilder. Schauen Sie sich beide Bilder an und zählen Sie die Gesamtzahl der Kreise auf den beiden Bildern.<br><br>Auf dem nächsten Bildschirm sehen Sie Beispiele für einen korrekten Kreis und eine falsche Form. Zählen Sie nur Formen, die mit dem Beispiel für einen korrekten Kreis übereinstimmen.<br><br>Drücken Sie eine beliebige Taste, um zu beginnen.","Geben Sie die Anzahl der Kreise ein (drücken Sie 0–3)","Willkommen!<br><br>Drücken Sie eine beliebige Taste, um fortzufahren.","Deutsch","1536","-154","154","-154","154","-267","267","-267","267"
"6","5000","8","undefined","undefined","undefined","undefined","#1a1a1a","6","psycho","True","psycho","psycho","uniform","undefined","undefined","undefined","0","NA","0","0","37","37","0","0","0","NA","0","37","37","NA","37","37","0","37","0","0","NA","0","37","37","37","37","37","37","0","37","37","37","0","29.327738991964655","Mon Jul 13 23:47:43 2026","1000","The main experiment item","False","V7_AttentionalSpatialBias_.osexp","C:\Users\plcm\Downloads","245.04469998646528","010.png","641.2031999999999","438.73920000000004","True","False","mono","False","18","no","white","no","yes","LTR","641.2031999999999","438.73920000000004","864","6","010.png","011.png","1","psycho","Deutsch","37","37","C:\Users\plcm\Downloads\subject-101.csv","150","psycho","no","654685.3203999926","Neonatal Nightingale","4.1.14","6","6","no_prime_trial_38","38","LTR","","0","2","space","2","NA","NA","2","1274.5703000109643","11842.174799996428","NA","NA","1274.5703000109643","2","psycho","4, 1, 6, 3, 2, 5, 4, 1, 3, 2, 5, 6, 1, 6, 5, 2, 4, 3, 4, 5, 6, 2, 3, 1, 6, 2, 1, 3, 5, 4, 6, 1, 5, 4, 2, 3, 3, 6, 2, 5, 4, 1, 6, 2, 4, 3, 5, 1","False","1024","2","48000","-16","experiment","101","odd","653.4278094000183","501.0","1035.0","586.0","278.0","231132.27030000417","NA","NA","5673.324200033676","653427.6485000155","653427.7703000116","NA","11167.859499983024","85463.8606000226","NA","5673.503600002732","660975.5098000169","653415.4615000007","NA","653666.9341999805","653672.3741000169","13695.058199984487","659689.6713000024","242975.11250001844","NA","NA","243195.5923999776","653415.4335000203","660975.4012000049","659699.727899977","653415.3523999848","654675.9482999914","654672.9194999789","243195.72530000005","653414.1182000167","654676.0128000169","654685.2891999879","11167.972800030839","Attentional Spatial Bias","0","0","0","38","Wir werden nun den Eye-Tracker kalibrieren.<br><br>Bitte folgen Sie dem sich bewegenden Punkt mit Ihren Augen und halten Sie Ihren Kopf ruhig.<br><br>Bitte warten Sie.","Vielen Dank für Ihre Teilnahme!<br><br>Das Experiment ist nun beendet.<br><br>Bitte rufen Sie den Versuchsleiter an.","In diesem Experiment lesen Sie eine kurze Geschichte, die auf dem Bildschirm angezeigt wird.<br><br>Bitte lesen Sie jede Zeile sorgfältig durch, da Ihnen am Ende des Experiments einige Fragen zur Geschichte gestellt werden.<br><br>Nach jedem Absatz sehen Sie zwei Bilder. Schauen Sie sich beide Bilder an und zählen Sie die Gesamtzahl der Kreise auf den beiden Bildern.<br><br>Auf dem nächsten Bildschirm sehen Sie Beispiele für einen korrekten Kreis und eine falsche Form. Zählen Sie nur Formen, die mit dem Beispiel für einen korrekten Kreis übereinstimmen.<br><br>Drücken Sie eine beliebige Taste, um zu beginnen.","Geben Sie die Anzahl der Kreise ein (drücken Sie 0–3)","Willkommen!<br><br>Drücken Sie eine beliebige Taste, um fortzufahren.","Deutsch","1536","-267","267","-267","267","154","-154","154","-154"
"6","5000","8","undefined","undefined","undefined","undefined","#1a1a1a","6","psycho","True","psycho","psycho","uniform","undefined","undefined","undefined","0","NA","0","0","38","38","0","0","0","NA","0","38","38","NA","38","38","0","38","0","0","NA","0","38","38","38","38","38","38","0","38","38","38","0","84.22539579390528","Mon Jul 13 23:47:43 2026","1000","The main experiment item","False","V7_AttentionalSpatialBias_.osexp","C:\Users\plcm\Downloads","208.22909998241812","012.png","554.9875199999999","276.07392","True","False","mono","False","18","no","white","no","yes","LTR","554.9875199999999","276.07392","864","6","012.png","013.png","1","psycho","Deutsch","38","38","C:\Users\plcm\Downloads\subject-101.csv","150","psycho","no","662375.1403000206","Neonatal Nightingale","4.1.14","2","2","no_prime_trial_39","39","LTR","","0","1","space","1","NA","NA","1","819.4678000290878","11842.174799996428","NA","NA","819.4678000290878","2","psycho","4, 1, 6, 3, 2, 5, 4, 1, 3, 2, 5, 6, 1, 6, 5, 2, 4, 3, 4, 5, 6, 2, 3, 1, 6, 2, 1, 3, 5, 4, 6, 1, 5, 4, 2, 3, 3, 6, 2, 5, 4, 1, 6, 2, 4, 3, 5, 1","False","1024","2","48000","-16","experiment","101","odd","661.1099061000277","501.0","1035.0","278.0","586.0","231132.27030000417","NA","NA","5673.324200033676","661109.7792999935","661109.8767999792","NA","11167.859499983024","85463.8606000226","NA","5673.503600002732","668207.0350000286","661098.5923000262","NA","661354.7756000189","661360.6689000153","13695.058199984487","667378.6437999806","242975.11250001844","NA","NA","243195.5923999776","661098.5718999873","668207.0077999961","667386.8379999767","661098.5217000125","662364.4472000306","662360.8143000165","243195.72530000005","661097.7850999916","662364.4960999954","662375.0551000121","11167.972800030839","Attentional Spatial Bias","0","0","0","39","Wir werden nun den Eye-Tracker kalibrieren.<br><br>Bitte folgen Sie dem sich bewegenden Punkt mit Ihren Augen und halten Sie Ihren Kopf ruhig.<br><br>Bitte warten Sie.","Vielen Dank für Ihre Teilnahme!<br><br>Das Experiment ist nun beendet.<br><br>Bitte rufen Sie den Versuchsleiter an.","In diesem Experiment lesen Sie eine kurze Geschichte, die auf dem Bildschirm angezeigt wird.<br><br>Bitte lesen Sie jede Zeile sorgfältig durch, da Ihnen am Ende des Experiments einige Fragen zur Geschichte gestellt werden.<br><br>Nach jedem Absatz sehen Sie zwei Bilder. Schauen Sie sich beide Bilder an und zählen Sie die Gesamtzahl der Kreise auf den beiden Bildern.<br><br>Auf dem nächsten Bildschirm sehen Sie Beispiele für einen korrekten Kreis und eine falsche Form. Zählen Sie nur Formen, die mit dem Beispiel für einen korrekten Kreis übereinstimmen.<br><br>Drücken Sie eine beliebige Taste, um zu beginnen.","Geben Sie die Anzahl der Kreise ein (drücken Sie 0–3)","Willkommen!<br><br>Drücken Sie eine beliebige Taste, um fortzufahren.","Deutsch","1536","-267","267","-267","267","-154","154","-154","154"
"6","5000","8","undefined","undefined","undefined","undefined","#1a1a1a","6","psycho","True","psycho","psycho","uniform","undefined","undefined","undefined","0","NA","0","0","39","39","0","0","0","NA","0","39","39","NA","39","39","0","39","0","0","NA","0","39","39","39","39","39","39","0","39","39","39","0","63.266112023015914","Mon Jul 13 23:47:43 2026","1000","The main experiment item","False","V7_AttentionalSpatialBias_.osexp","C:\Users\plcm\Downloads","279.4273999752477","014.png","657.51552","567.0","True","False","mono","False","18","no","white","no","yes","LTR","657.51552","567.0","864","6","014.png","015.png","1","psycho","Deutsch","39","39","C:\Users\plcm\Downloads\subject-101.csv","150","psycho","no","669623.0376000167","Neonatal Nightingale","4.1.14","5","5","no_prime_trial_40","40","LTR","","0","2","space","2","NA","NA","2","518.4199000359513","11842.174799996428","NA","NA","518.4199000359513","2","psycho","4, 1, 6, 3, 2, 5, 4, 1, 3, 2, 5, 6, 1, 6, 5, 2, 4, 3, 4, 5, 6, 2, 3, 1, 6, 2, 1, 3, 5, 4, 6, 1, 5, 4, 2, 3, 3, 6, 2, 5, 4, 1, 6, 2, 4, 3, 5, 1","False","1024","2","48000","-16","experiment","101","odd","668.3506168000167","614.0","922.0","699.0","165.0","231132.27030000417","NA","NA","5673.324200033676","668350.4680999904","668350.580999977","NA","11167.859499983024","85463.8606000226","NA","5673.503600002732","675151.2484999839","668339.5807999768","NA","668605.8104999829","668611.5668999846","13695.058199984487","674623.3228999772","242975.11250001844","NA","NA","243195.5923999776","668339.5585999824","675151.2041999958","674631.8789999932","668339.4960000296","669615.0666000322","669611.9809999946","243195.72530000005","668338.5466000182","669615.1160000009","669622.991900018","11167.972800030839","Attentional Spatial Bias","0","0","0","40","Wir werden nun den Eye-Tracker kalibrieren.<br><br>Bitte folgen Sie dem sich bewegenden Punkt mit Ihren Augen und halten Sie Ihren Kopf ruhig.<br><br>Bitte warten Sie.","Vielen Dank für Ihre Teilnahme!<br><br>Das Experiment ist nun beendet.<br><br>Bitte rufen Sie den Versuchsleiter an.","In diesem Experiment lesen Sie eine kurze Geschichte, die auf dem Bildschirm angezeigt wird.<br><br>Bitte lesen Sie jede Zeile sorgfältig durch, da Ihnen am Ende des Experiments einige Fragen zur Geschichte gestellt werden.<br><br>Nach jedem Absatz sehen Sie zwei Bilder. Schauen Sie sich beide Bilder an und zählen Sie die Gesamtzahl der Kreise auf den beiden Bildern.<br><br>Auf dem nächsten Bildschirm sehen Sie Beispiele für einen korrekten Kreis und eine falsche Form. Zählen Sie nur Formen, die mit dem Beispiel für einen korrekten Kreis übereinstimmen.<br><br>Drücken Sie eine beliebige Taste, um zu beginnen.","Geben Sie die Anzahl der Kreise ein (drücken Sie 0–3)","Willkommen!<br><br>Drücken Sie eine beliebige Taste, um fortzufahren.","Deutsch","1536","-154","154","-154","154","267","-267","267","-267"
"6","5000","8","undefined","undefined","undefined","undefined","#1a1a1a","6","psycho","True","psycho","psycho","uniform","undefined","undefined","undefined","0","NA","0","0","40","40","0","0","0","NA","0","40","40","NA","40","40","0","40","0","0","NA","0","40","40","40","40","40","40","0","40","40","40","0","20.389663805918907","Mon Jul 13 23:47:43 2026","1000","The main experiment item","False","V7_AttentionalSpatialBias_.osexp","C:\Users\plcm\Downloads","216.0001000156626","001.png","787.56864","632.9232000000001","True","False","mono","False","18","no","white","no","yes","LTR","787.56864","632.9232000000001","864","6","000.png","001.png","1","psycho","Deutsch","40","40","C:\Users\plcm\Downloads\subject-101.csv","150","psycho","no","676537.321700016","Neonatal Nightingale","4.1.14","4","4","no_prime_trial_41","41","LTR","","0","2","space","2","NA","NA","2","1107.6899000327103","11842.174799996428","NA","NA","1107.6899000327103","2","psycho","4, 1, 6, 3, 2, 5, 4, 1, 3, 2, 5, 6, 1, 6, 5, 2, 4, 3, 4, 5, 6, 2, 3, 1, 6, 2, 1, 3, 5, 4, 6, 1, 5, 4, 2, 3, 3, 6, 2, 5, 4, 1, 6, 2, 4, 3, 5, 1","False","1024","2","48000","-16","experiment","101","odd","675.2819887999794","768.0","768.0","124.0","740.0","231132.27030000417","NA","NA","5673.324200033676","675281.8914999953","675281.9660999812","NA","11167.859499983024","85463.8606000226","NA","5673.503600002732","682655.1929999841","675270.1002000249","NA","675516.8501000153","675522.537700017","13695.058199984487","681538.3471000241","242975.11250001844","NA","NA","243195.5923999776","675270.0276999967","682655.1548999851","681546.6138999909","675269.913600001","676526.5421000076","676523.067400034","243195.72530000005","675269.2123000161","676526.5955000068","676537.2787999804","11167.972800030839","Attentional Spatial Bias","0","0","0","41","Wir werden nun den Eye-Tracker kalibrieren.<br><br>Bitte folgen Sie dem sich bewegenden Punkt mit Ihren Augen und halten Sie Ihren Kopf ruhig.<br><br>Bitte warten Sie.","Vielen Dank für Ihre Teilnahme!<br><br>Das Experiment ist nun beendet.<br><br>Bitte rufen Sie den Versuchsleiter an.","In diesem Experiment lesen Sie eine kurze Geschichte, die auf dem Bildschirm angezeigt wird.<br><br>Bitte lesen Sie jede Zeile sorgfältig durch, da Ihnen am Ende des Experiments einige Fragen zur Geschichte gestellt werden.<br><br>Nach jedem Absatz sehen Sie zwei Bilder. Schauen Sie sich beide Bilder an und zählen Sie die Gesamtzahl der Kreise auf den beiden Bildern.<br><br>Auf dem nächsten Bildschirm sehen Sie Beispiele für einen korrekten Kreis und eine falsche Form. Zählen Sie nur Formen, die mit dem Beispiel für einen korrekten Kreis übereinstimmen.<br><br>Drücken Sie eine beliebige Taste, um zu beginnen.","Geben Sie die Anzahl der Kreise ein (drücken Sie 0–3)","Willkommen!<br><br>Drücken Sie eine beliebige Taste, um fortzufahren.","Deutsch","1536","0","0","0","0","-308","308","-308","308"
"6","5000","8","undefined","undefined","undefined","undefined","#1a1a1a","6","psycho","True","psycho","psycho","uniform","undefined","undefined","undefined","0","NA","0","0","41","41","0","0","0","NA","0","41","41","NA","41","41","0","41","0","0","NA","0","41","41","41","41","41","41","0","41","41","41","0","62.93653502942783","Mon Jul 13 23:47:43 2026","1000","The main experiment item","False","V7_AttentionalSpatialBias_.osexp","C:\Users\plcm\Downloads","265.4616999789141","002.png","501.51936","413.83872","True","False","mono","False","18","no","white","no","yes","LTR","501.51936","413.83872","864","6","002.png","003.png","1","psycho","Deutsch","41","41","C:\Users\plcm\Downloads\subject-101.csv","150","psycho","no","684105.1203000243","Neonatal Nightingale","4.1.14","1","1","no_prime_trial_42","42","LTR","","0","1","space","1","NA","NA","1","744.8858999996446","11842.174799996428","NA","NA","744.8858999996446","2","psycho","4, 1, 6, 3, 2, 5, 4, 1, 3, 2, 5, 6, 1, 6, 5, 2, 4, 3, 4, 5, 6, 2, 3, 1, 6, 2, 1, 3, 5, 4, 6, 1, 5, 4, 2, 3, 3, 6, 2, 5, 4, 1, 6, 2, 4, 3, 5, 1","False","1024","2","48000","-16","experiment","101","odd","682.7876041000127","460.0","1076.0","432.0","432.0","231132.27030000417","NA","NA","5673.324200033676","682787.4917000299","682787.5787999947","NA","11167.859499983024","85463.8606000226","NA","5673.503600002732","689863.1793999812","682775.5171000026","NA","683087.0605999953","683092.9554000031","13695.058199984487","689110.1064999821","242975.11250001844","NA","NA","243195.5923999776","682775.4981000326","689863.1519000046","689117.5241000019","682775.4583000205","684095.7114999765","684093.0613999953","243195.72530000005","682775.2318999846","684095.7590999897","684105.0879000104","11167.972800030839","Attentional Spatial Bias","0","0","0","42","Wir werden nun den Eye-Tracker kalibrieren.<br><br>Bitte folgen Sie dem sich bewegenden Punkt mit Ihren Augen und halten Sie Ihren Kopf ruhig.<br><br>Bitte warten Sie.","Vielen Dank für Ihre Teilnahme!<br><br>Das Experiment ist nun beendet.<br><br>Bitte rufen Sie den Versuchsleiter an.","In diesem Experiment lesen Sie eine kurze Geschichte, die auf dem Bildschirm angezeigt wird.<br><br>Bitte lesen Sie jede Zeile sorgfältig durch, da Ihnen am Ende des Experiments einige Fragen zur Geschichte gestellt werden.<br><br>Nach jedem Absatz sehen Sie zwei Bilder. Schauen Sie sich beide Bilder an und zählen Sie die Gesamtzahl der Kreise auf den beiden Bildern.<br><br>Auf dem nächsten Bildschirm sehen Sie Beispiele für einen korrekten Kreis und eine falsche Form. Zählen Sie nur Formen, die mit dem Beispiel für einen korrekten Kreis übereinstimmen.<br><br>Drücken Sie eine beliebige Taste, um zu beginnen.","Geben Sie die Anzahl der Kreise ein (drücken Sie 0–3)","Willkommen!<br><br>Drücken Sie eine beliebige Taste, um fortzufahren.","Deutsch","1536","-308","308","-308","308","0","0","0","0"
"6","5000","8","undefined","undefined","undefined","undefined","#1a1a1a","7","psycho","True","psycho","psycho","uniform","undefined","undefined","undefined","0","NA","0","0","42","42","0","0","0","NA","0","42","42","NA","42","42","0","42","0","0","NA","0","42","42","42","42","42","42","0","42","42","42","0","76.38122600140952","Mon Jul 13 23:47:43 2026","1000","The main experiment item","False","V7_AttentionalSpatialBias_.osexp","C:\Users\plcm\Downloads","179.77139999857172","004.png","584.15616","459.84672","True","False","mono","False","18","no","white","no","yes","LTR","584.15616","459.84672","864","7","004.png","005.png","1","psycho","Deutsch","42","42","C:\Users\plcm\Downloads\subject-101.csv","150","psycho","no","716847.0335000311","Neonatal Nightingale","4.1.14","6","6","prime_8","43","LTR","Er verbrachte den Winter allein und dachte, er sei das hässlichste Wesen auf der Welt. Dann kam der Frühling und die Kälte ließ nach. Eines Tages sah er wunderschöne weiße Schwäne auf dem See und schwamm auf sie zu, aus Angst, sie würden ihn ebenfalls verjagen.","0","2","space","2","NA","NA","2","1452.6524000102654","11842.174799996428","NA","NA","1452.6524000102654","2","psycho","4, 1, 6, 3, 2, 5, 4, 1, 3, 2, 5, 6, 1, 6, 5, 2, 4, 3, 4, 5, 6, 2, 3, 1, 6, 2, 1, 3, 5, 4, 6, 1, 5, 4, 2, 3, 3, 6, 2, 5, 4, 1, 6, 2, 4, 3, 5, 1","True","1024","2","48000","-16","experiment","101","odd","715.5365841999883","501.0","1035.0","586.0","278.0","231132.27030000417","NA","NA","5673.324200033676","715536.4867000026","715536.5624999977","NA","11167.859499983024","85463.8606000226","NA","5673.503600002732","723310.9133000253","715526.7980999779","NA","715830.2416999941","715835.7004999998","13695.058199984487","721850.140399998","242975.11250001844","NA","NA","243195.5923999776","689984.6155000268","723310.8873000019","721857.6235999935","689984.5430999994","716839.2889000243","716836.1291000037","243195.72530000005","689984.1068999958","716839.3396000029","716846.990399994","11167.972800030839","Attentional Spatial Bias","0","0","0","43","Wir werden nun den Eye-Tracker kalibrieren.<br><br>Bitte folgen Sie dem sich bewegenden Punkt mit Ihren Augen und halten Sie Ihren Kopf ruhig.<br><br>Bitte warten Sie.","Vielen Dank für Ihre Teilnahme!<br><br>Das Experiment ist nun beendet.<br><br>Bitte rufen Sie den Versuchsleiter an.","In diesem Experiment lesen Sie eine kurze Geschichte, die auf dem Bildschirm angezeigt wird.<br><br>Bitte lesen Sie jede Zeile sorgfältig durch, da Ihnen am Ende des Experiments einige Fragen zur Geschichte gestellt werden.<br><br>Nach jedem Absatz sehen Sie zwei Bilder. Schauen Sie sich beide Bilder an und zählen Sie die Gesamtzahl der Kreise auf den beiden Bildern.<br><br>Auf dem nächsten Bildschirm sehen Sie Beispiele für einen korrekten Kreis und eine falsche Form. Zählen Sie nur Formen, die mit dem Beispiel für einen korrekten Kreis übereinstimmen.<br><br>Drücken Sie eine beliebige Taste, um zu beginnen.","Geben Sie die Anzahl der Kreise ein (drücken Sie 0–3)","Willkommen!<br><br>Drücken Sie eine beliebige Taste, um fortzufahren.","Deutsch","1536","-267","267","-267","267","154","-154","154","-154"
"6","5000","8","undefined","undefined","undefined","undefined","#1a1a1a","7","psycho","True","psycho","psycho","uniform","undefined","undefined","undefined","0","NA","0","0","43","43","0","0","0","NA","0","43","43","NA","43","43","0","43","0","0","NA","0","43","43","43","43","43","43","0","43","43","43","0","48.39339612573596","Mon Jul 13 23:47:43 2026","1000","The main experiment item","False","V7_AttentionalSpatialBias_.osexp","C:\Users\plcm\Downloads","213.0784000037238","006.png","585.3696","248.84928","True","False","mono","False","18","no","white","no","yes","LTR","585.3696","248.84928","864","7","006.png","007.png","1","psycho","Deutsch","43","43","C:\Users\plcm\Downloads\subject-101.csv","150","psycho","no","724635.1109999814","Neonatal Nightingale","4.1.14","2","2","no_prime_trial_44","44","LTR","","0","2","space","2","NA","NA","2","1503.314700035844","11842.174799996428","NA","NA","1503.314700035844","2","psycho","4, 1, 6, 3, 2, 5, 4, 1, 3, 2, 5, 6, 1, 6, 5, 2, 4, 3, 4, 5, 6, 2, 3, 1, 6, 2, 1, 3, 5, 4, 6, 1, 5, 4, 2, 3, 3, 6, 2, 5, 4, 1, 6, 2, 4, 3, 5, 1","False","1024","2","48000","-16","experiment","101","odd","723.4737048000097","501.0","1035.0","278.0","586.0","231132.27030000417","NA","NA","5673.324200033676","723473.5514000058","723473.6693000305","NA","11167.859499983024","85463.8606000226","NA","5673.503600002732","731151.1147000128","723459.9788999767","NA","723616.3602999877","723621.7191999895","13695.058199984487","729636.8046000134","242975.11250001844","NA","NA","243195.5923999776","723459.9482999765","731151.086900034","729646.975199983","723459.8802999826","724625.5439000088","724622.1498000086","243195.72530000005","723459.1291000252","724625.5912000197","724635.0739999907","11167.972800030839","Attentional Spatial Bias","0","0","0","44","Wir werden nun den Eye-Tracker kalibrieren.<br><br>Bitte folgen Sie dem sich bewegenden Punkt mit Ihren Augen und halten Sie Ihren Kopf ruhig.<br><br>Bitte warten Sie.","Vielen Dank für Ihre Teilnahme!<br><br>Das Experiment ist nun beendet.<br><br>Bitte rufen Sie den Versuchsleiter an.","In diesem Experiment lesen Sie eine kurze Geschichte, die auf dem Bildschirm angezeigt wird.<br><br>Bitte lesen Sie jede Zeile sorgfältig durch, da Ihnen am Ende des Experiments einige Fragen zur Geschichte gestellt werden.<br><br>Nach jedem Absatz sehen Sie zwei Bilder. Schauen Sie sich beide Bilder an und zählen Sie die Gesamtzahl der Kreise auf den beiden Bildern.<br><br>Auf dem nächsten Bildschirm sehen Sie Beispiele für einen korrekten Kreis und eine falsche Form. Zählen Sie nur Formen, die mit dem Beispiel für einen korrekten Kreis übereinstimmen.<br><br>Drücken Sie eine beliebige Taste, um zu beginnen.","Geben Sie die Anzahl der Kreise ein (drücken Sie 0–3)","Willkommen!<br><br>Drücken Sie eine beliebige Taste, um fortzufahren.","Deutsch","1536","-267","267","-267","267","-154","154","-154","154"
"6","5000","8","undefined","undefined","undefined","undefined","#1a1a1a","7","psycho","True","psycho","psycho","uniform","undefined","undefined","undefined","0","NA","0","0","44","44","0","0","0","NA","0","44","44","NA","44","44","0","44","0","0","NA","0","44","44","44","44","44","44","0","44","44","44","0","31.119923405561277","Mon Jul 13 23:47:43 2026","1000","The main experiment item","False","V7_AttentionalSpatialBias_.osexp","C:\Users\plcm\Downloads","224.41900003468618","009.png","757.53984","597.3696","True","False","mono","False","18","no","white","no","yes","LTR","757.53984","597.3696","864","7","008.png","009.png","1","psycho","Deutsch","44","44","C:\Users\plcm\Downloads\subject-101.csv","150","psycho","no","732552.6462999987","Neonatal Nightingale","4.1.14","4","4","no_prime_trial_45","45","LTR","","0","1","space","1","NA","NA","1","581.121199997142","11842.174799996428","NA","NA","581.121199997142","2","psycho","4, 1, 6, 3, 2, 5, 4, 1, 3, 2, 5, 6, 1, 6, 5, 2, 4, 3, 4, 5, 6, 2, 3, 1, 6, 2, 1, 3, 5, 4, 6, 1, 5, 4, 2, 3, 3, 6, 2, 5, 4, 1, 6, 2, 4, 3, 5, 1","False","1024","2","48000","-16","experiment","101","odd","731.286607099988","768.0","768.0","124.0","740.0","231132.27030000417","NA","NA","5673.324200033676","731286.5023000049","731286.5818000282","NA","11167.859499983024","85463.8606000226","NA","5673.503600002732","738143.2827999815","731274.8771000188","NA","731533.4985000081","731539.8466000333","13695.058199984487","737553.1674000085","242975.11250001844","NA","NA","243195.5923999776","731274.8553000274","738143.2543999981","737561.4126999862","731274.7996000107","732544.9912000331","732540.4290999868","243195.72530000005","731273.9366000169","732545.0478999992","732552.6136999833","11167.972800030839","Attentional Spatial Bias","0","0","0","45","Wir werden nun den Eye-Tracker kalibrieren.<br><br>Bitte folgen Sie dem sich bewegenden Punkt mit Ihren Augen und halten Sie Ihren Kopf ruhig.<br><br>Bitte warten Sie.","Vielen Dank für Ihre Teilnahme!<br><br>Das Experiment ist nun beendet.<br><br>Bitte rufen Sie den Versuchsleiter an.","In diesem Experiment lesen Sie eine kurze Geschichte, die auf dem Bildschirm angezeigt wird.<br><br>Bitte lesen Sie jede Zeile sorgfältig durch, da Ihnen am Ende des Experiments einige Fragen zur Geschichte gestellt werden.<br><br>Nach jedem Absatz sehen Sie zwei Bilder. Schauen Sie sich beide Bilder an und zählen Sie die Gesamtzahl der Kreise auf den beiden Bildern.<br><br>Auf dem nächsten Bildschirm sehen Sie Beispiele für einen korrekten Kreis und eine falsche Form. Zählen Sie nur Formen, die mit dem Beispiel für einen korrekten Kreis übereinstimmen.<br><br>Drücken Sie eine beliebige Taste, um zu beginnen.","Geben Sie die Anzahl der Kreise ein (drücken Sie 0–3)","Willkommen!<br><br>Drücken Sie eine beliebige Taste, um fortzufahren.","Deutsch","1536","0","0","0","0","-308","308","-308","308"
"6","5000","8","undefined","undefined","undefined","undefined","#1a1a1a","7","psycho","True","psycho","psycho","uniform","undefined","undefined","undefined","0","NA","0","0","45","45","0","0","0","NA","0","45","45","NA","45","45","0","45","0","0","NA","0","45","45","45","45","45","45","0","45","45","45","0","26.53553295989361","Mon Jul 13 23:47:43 2026","1000","The main experiment item","False","V7_AttentionalSpatialBias_.osexp","C:\Users\plcm\Downloads","59.273999999277294","010.png","747.54048","306.2016","True","False","mono","False","18","no","white","no","yes","LTR","747.54048","306.2016","864","7","010.png","011.png","1","psycho","Deutsch","45","45","C:\Users\plcm\Downloads\subject-101.csv","150","psycho","no","739562.6962999813","Neonatal Nightingale","4.1.14","3","3","no_prime_trial_46","46","LTR","","0","2","space","2","NA","NA","2","534.7568999859504","11842.174799996428","NA","NA","534.7568999859504","2","psycho","4, 1, 6, 3, 2, 5, 4, 1, 3, 2, 5, 6, 1, 6, 5, 2, 4, 3, 4, 5, 6, 2, 3, 1, 6, 2, 1, 3, 5, 4, 6, 1, 5, 4, 2, 3, 3, 6, 2, 5, 4, 1, 6, 2, 4, 3, 5, 1","False","1024","2","48000","-16","experiment","101","odd","738.2928164000041","614.0","922.0","165.0","699.0","231132.27030000417","NA","NA","5673.324200033676","738292.6921999897","738292.789100029","NA","11167.859499983024","85463.8606000226","NA","5673.503600002732","745110.9529000241","738280.8218999999","NA","738547.4175999989","738552.2716999985","13695.058199984487","744567.8768000216","242975.11250001844","NA","NA","243195.5923999776","738280.7987999986","745110.922300024","744575.5293000257","738280.7314000092","739556.084699987","739552.7613000013","243195.72530000005","738280.084100028","739556.1612999882","739562.6510999864","11167.972800030839","Attentional Spatial Bias","0","0","0","46","Wir werden nun den Eye-Tracker kalibrieren.<br><br>Bitte folgen Sie dem sich bewegenden Punkt mit Ihren Augen und halten Sie Ihren Kopf ruhig.<br><br>Bitte warten Sie.","Vielen Dank für Ihre Teilnahme!<br><br>Das Experiment ist nun beendet.<br><br>Bitte rufen Sie den Versuchsleiter an.","In diesem Experiment lesen Sie eine kurze Geschichte, die auf dem Bildschirm angezeigt wird.<br><br>Bitte lesen Sie jede Zeile sorgfältig durch, da Ihnen am Ende des Experiments einige Fragen zur Geschichte gestellt werden.<br><br>Nach jedem Absatz sehen Sie zwei Bilder. Schauen Sie sich beide Bilder an und zählen Sie die Gesamtzahl der Kreise auf den beiden Bildern.<br><br>Auf dem nächsten Bildschirm sehen Sie Beispiele für einen korrekten Kreis und eine falsche Form. Zählen Sie nur Formen, die mit dem Beispiel für einen korrekten Kreis übereinstimmen.<br><br>Drücken Sie eine beliebige Taste, um zu beginnen.","Geben Sie die Anzahl der Kreise ein (drücken Sie 0–3)","Willkommen!<br><br>Drücken Sie eine beliebige Taste, um fortzufahren.","Deutsch","1536","-154","154","-154","154","-267","267","-267","267"
"6","5000","8","undefined","undefined","undefined","undefined","#1a1a1a","7","psycho","True","psycho","psycho","uniform","undefined","undefined","undefined","0","NA","0","0","46","46","0","0","0","NA","0","46","46","NA","46","46","0","46","0","0","NA","0","46","46","46","46","46","46","0","46","46","46","0","78.30801497773768","Mon Jul 13 23:47:43 2026","1000","The main experiment item","False","V7_AttentionalSpatialBias_.osexp","C:\Users\plcm\Downloads","374.7418000129983","013.png","867.1487999999999","255.57984000000002","True","False","mono","False","18","no","white","no","yes","LTR","867.1487999999999","255.57984000000002","864","7","012.png","013.png","1","psycho","Deutsch","46","46","C:\Users\plcm\Downloads\subject-101.csv","150","psycho","no","746527.0786000183","Neonatal Nightingale","4.1.14","5","5","no_prime_trial_47","47","LTR","","0","1","space","1","NA","NA","1","769.2675000289455","11842.174799996428","NA","NA","769.2675000289455","2","psycho","4, 1, 6, 3, 2, 5, 4, 1, 3, 2, 5, 6, 1, 6, 5, 2, 4, 3, 4, 5, 6, 2, 3, 1, 6, 2, 1, 3, 5, 4, 6, 1, 5, 4, 2, 3, 3, 6, 2, 5, 4, 1, 6, 2, 4, 3, 5, 1","False","1024","2","48000","-16","experiment","101","odd","745.2645353000262","614.0","922.0","699.0","165.0","231132.27030000417","NA","NA","5673.324200033676","745264.4286000286","745264.5118000219","NA","11167.859499983024","85463.8606000226","NA","5673.503600002732","752311.2164000049","745251.6251999768","NA","745509.3569000019","745514.6817999776","13695.058199984487","751527.83799998","242975.11250001844","NA","NA","243195.5923999776","745251.6051999992","752311.1893000314","751541.1168999854","745251.5553000267","746520.8501000307","746515.1761000161","243195.72530000005","745250.9253000026","746520.9259000258","746527.0445999922","11167.972800030839","Attentional Spatial Bias","0","0","0","47","Wir werden nun den Eye-Tracker kalibrieren.<br><br>Bitte folgen Sie dem sich bewegenden Punkt mit Ihren Augen und halten Sie Ihren Kopf ruhig.<br><br>Bitte warten Sie.","Vielen Dank für Ihre Teilnahme!<br><br>Das Experiment ist nun beendet.<br><br>Bitte rufen Sie den Versuchsleiter an.","In diesem Experiment lesen Sie eine kurze Geschichte, die auf dem Bildschirm angezeigt wird.<br><br>Bitte lesen Sie jede Zeile sorgfältig durch, da Ihnen am Ende des Experiments einige Fragen zur Geschichte gestellt werden.<br><br>Nach jedem Absatz sehen Sie zwei Bilder. Schauen Sie sich beide Bilder an und zählen Sie die Gesamtzahl der Kreise auf den beiden Bildern.<br><br>Auf dem nächsten Bildschirm sehen Sie Beispiele für einen korrekten Kreis und eine falsche Form. Zählen Sie nur Formen, die mit dem Beispiel für einen korrekten Kreis übereinstimmen.<br><br>Drücken Sie eine beliebige Taste, um zu beginnen.","Geben Sie die Anzahl der Kreise ein (drücken Sie 0–3)","Willkommen!<br><br>Drücken Sie eine beliebige Taste, um fortzufahren.","Deutsch","1536","-154","154","-154","154","267","-267","267","-267"
"6","5000","8","undefined","undefined","undefined","undefined","#1a1a1a","7","psycho","True","psycho","psycho","uniform","undefined","undefined","undefined","0","NA","0","0","47","47","0","0","0","NA","0","47","47","NA","47","47","0","47","0","0","NA","0","47","47","47","47","47","47","0","47","47","47","0","83.75039790921593","Mon Jul 13 23:47:43 2026","1000","The main experiment item","False","V7_AttentionalSpatialBias_.osexp","C:\Users\plcm\Downloads","211.55609999550506","014.png","486.4512","461.90304000000003","True","False","mono","False","18","no","white","no","yes","LTR","486.4512","461.90304000000003","864","7","014.png","015.png","1","psycho","Deutsch","47","47","C:\Users\plcm\Downloads\subject-101.csv","150","psycho","no","754431.0716000036","Neonatal Nightingale","4.1.14","1","1","no_prime_trial_48","48","LTR","","0","1","space","1","NA","NA","1","2782.515999977477","11842.174799996428","NA","NA","2782.515999977477","2","psycho","4, 1, 6, 3, 2, 5, 4, 1, 3, 2, 5, 6, 1, 6, 5, 2, 4, 3, 4, 5, 6, 2, 3, 1, 6, 2, 1, 3, 5, 4, 6, 1, 5, 4, 2, 3, 3, 6, 2, 5, 4, 1, 6, 2, 4, 3, 5, 1","False","1024","2","48000","-16","experiment","101","odd","752.467560900026","460.0","1076.0","432.0","432.0","231132.27030000417","NA","NA","5673.324200033676","752467.4665000057","752467.5399999833","NA","11167.859499983024","85463.8606000226","NA","5673.503600002732","762222.7928999928","752456.1900999979","NA","753408.9906000299","753414.5919000148","13695.058199984487","759431.4481000183","242975.11250001844","NA","NA","243195.5923999776","752456.1669999966","762222.7682999801","759439.712100022","752456.1087000184","754419.7267999989","754415.1710000006","243195.72530000005","752455.4148000316","754419.8272000067","754431.0302999802","11167.972800030839","Attentional Spatial Bias","0","0","0","48","Wir werden nun den Eye-Tracker kalibrieren.<br><br>Bitte folgen Sie dem sich bewegenden Punkt mit Ihren Augen und halten Sie Ihren Kopf ruhig.<br><br>Bitte warten Sie.","Vielen Dank für Ihre Teilnahme!<br><br>Das Experiment ist nun beendet.<br><br>Bitte rufen Sie den Versuchsleiter an.","In diesem Experiment lesen Sie eine kurze Geschichte, die auf dem Bildschirm angezeigt wird.<br><br>Bitte lesen Sie jede Zeile sorgfältig durch, da Ihnen am Ende des Experiments einige Fragen zur Geschichte gestellt werden.<br><br>Nach jedem Absatz sehen Sie zwei Bilder. Schauen Sie sich beide Bilder an und zählen Sie die Gesamtzahl der Kreise auf den beiden Bildern.<br><br>Auf dem nächsten Bildschirm sehen Sie Beispiele für einen korrekten Kreis und eine falsche Form. Zählen Sie nur Formen, die mit dem Beispiel für einen korrekten Kreis übereinstimmen.<br><br>Drücken Sie eine beliebige Taste, um zu beginnen.","Geben Sie die Anzahl der Kreise ein (drücken Sie 0–3)","Willkommen!<br><br>Drücken Sie eine beliebige Taste, um fortzufahren.","Deutsch","1536","-308","308","-308","308","0","0","0","0"
