"BLOCK_SIZE","DEADLINE_MS","NUM_BLOCKS","acc","accuracy","average_response_time","avg_rt","background","block_index","canvas_backend","central_fixation","clock_backend","color_backend","coordinates","correct","correct_Circle","correct_response_prompt","count_Circle","count_calibration_note","count_epilogue","count_experiment","count_fixation","count_fixation_cross_inline_script","count_goodbye","count_init_experiment","count_instructions","count_iti","count_language_selection","count_log_trial","count_new_1_pygaze_log","count_new_1_sketchpad","count_new_2_pygaze_log","count_new_advanced_delay","count_new_pygaze_init","count_new_pygaze_log","count_new_pygaze_start_recording","count_new_pygaze_stop_recording","count_new_sketchpad","count_position_randomization_inline_script","count_prime_display","count_record_response","count_response_prompt","count_set_prime","count_stimulus_display","count_stimulus_positions_inline_script","count_trial_loop","count_trial_sequence","count_trigger_fixation","count_trigger_stimulus","count_welcome","d","datetime","delay_new_advanced_delay","description","disable_garbage_collection","experiment_file","experiment_path","first_fix_rt","first_fix_side","first_fix_x","first_fix_y","fixation_found","font_bold","font_family","font_italic","font_size","font_underline","foreground","form_clicks","fullscreen","group","gx","gy","height","idx","img_left","img_right","key","keyboard_backend","lang","live_row","live_row_trial_loop","logfile","margin","mouse_backend","mouse_simulation","onset","opensesame_codename","opensesame_version","pos","position","prime_condition","prime_index","prime_lang","prime_text","repeat_cycle","response","response_Circle","response_count","response_new_1_sketchpad","response_new_sketchpad","response_response_prompt","response_time","response_time_Circle","response_time_new_1_sketchpad","response_time_new_sketchpad","response_time_response_prompt","round_decimals","sampler_backend","seq","show_prime","sound_buf_size","sound_channels","sound_freq","sound_sample_size","start","subject_nr","subject_parity","t0","target_x_left","target_x_right","target_y_left","target_y_right","time_Circle","time_calibration_note","time_epilogue","time_experiment","time_fixation","time_fixation_cross_inline_script","time_goodbye","time_init_experiment","time_instructions","time_iti","time_language_selection","time_log_trial","time_new_1_pygaze_log","time_new_1_sketchpad","time_new_2_pygaze_log","time_new_advanced_delay","time_new_pygaze_init","time_new_pygaze_log","time_new_pygaze_start_recording","time_new_pygaze_stop_recording","time_new_sketchpad","time_position_randomization_inline_script","time_prime_display","time_record_response","time_response_prompt","time_set_prime","time_stimulus_display","time_stimulus_positions_inline_script","time_trial_loop","time_trial_sequence","time_trigger_fixation","time_trigger_stimulus","time_welcome","title","total_correct","total_response_time","total_responses","trial_nr","txt_calibration","txt_goodbye","txt_instructions","txt_response_prompt","txt_welcome","ui_language","width","xL","xR","x_left","x_right","yL","yR","y_left","y_right"
"6","5000","8","undefined","undefined","undefined","undefined","#1a1a1a","0","psycho","True","psycho","psycho","uniform","undefined","undefined","undefined","0","NA","0","0","0","0","0","0","0","NA","0","0","0","NA","0","0","0","0","0","0","NA","0","0","0","0","0","0","0","0","0","0","0","0","32.021446234222466","Tue Jul 14 14:54:32 2026","1000","The main experiment item","False","V7_AttentionalSpatialBias_.osexp","C:\Users\plcm\Downloads","217.76490000047488","001.png","905.7792","292.35168","True","False","mono","False","18","no","white","no","yes","RTL","905.7792","292.35168","864","0","000.png","001.png","4","psycho","Farsi","0","0","C:\Users\plcm\Downloads\subject-103.csv","150","psycho","no","115507.32550000066","Neonatal Nightingale","4.1.14","5","5","prime_1","1","RTL","تو یک مزرعه آفتابی، یک مادر اردک منتظر بود تا تخم‌هایش بشکنند. تخم‌ها یکی یکی شکستند و جوجه‌اردک‌های زرد و پفکی از آن‌ها بیرون آمدند. اما یک تخم که بزرگ‌تر بود شکستنش بیشتر طول کشید.","0","2","space","2","NA","NA","2","5865.883200000098","10488.151799998377","NA","NA","5865.883200000098","2","psycho","5,1,3,2,4,6,6,3,2,4,1,5,2,3,5,4,1,6,6,3,4,1,5,2,4,5,6,3,2,1,2,3,1,4,5,6,4,6,5,2,3,1,1,3,2,4,5,6","True","1024","2","48000","-16","experiment","103","odd","114.47900370000025","614.0","922.0","699.0","165.0","74958.79630000127","NA","NA","5458.057699999699","114478.87199999968","114478.978000001","NA","19279.39520000109","60359.899200000655","NA","5458.34190000096","126391.54820000113","114463.89340000133","NA","114484.5237999998","114494.33830000089","23015.45360000091","120511.96859999982","85447.63070000045","NA","NA","86411.68930000094","86521.08370000133","126391.52060000015","120525.09720000126","86521.0332000006","115498.13470000117","115494.80089999997","86412.08150000057","86520.52259999982","115498.20170000021","115507.29430000138","19279.459600000337","Attentional Spatial Bias","0","0","0","1","اکنون چشم‌پیما را کالیبره می‌کنیم.<br><br>لطفاً نقطه متحرک را با چشمان خود دنبال کنید و سرتان را ثابت نگه دارید.<br><br>لطفاً منتظر بمانید.","از شرکت شما سپاسگزاریم!<br><br>آزمایش اکنون به پایان رسیده است.<br><br>لطفاً با آزمایشگر تماس بگیرید.","در این آزمایش، شما یک داستان کوتاه را که روی صفحه نمایش داده می‌شود، خواهید خواند.<br><br>لطفاً هر خط را با دقت بخوانید، زیرا در پایان آزمایش چند سؤال در مورد داستان از شما پرسیده خواهد شد.<br><br>پس از هر پاراگراف، یک جفت تصویر خواهید دید. به هر دو تصویر نگاه کنید و تعداد کل دایره‌ها را در دو تصویر بشمارید.<br><br>در صفحه بعد می‌توانید نمونه‌هایی از یک دایره صحیح و یک شکل نادرست را ببینید. فقط شکل‌هایی را بشمارید که با نمونه دایره صحیح مطابقت دارند.<br><br>برای شروع هر کلیدی را فشار دهید.","دایره شمارش شده را وارد کنید (۰-۳ را فشار دهید)","خوش آمدید! برای ادامه هر کلیدی را فشار دهید.","Farsi","1536","-154","154","-154","154","267","-267","267","-267"
"6","5000","8","undefined","undefined","undefined","undefined","#1a1a1a","0","psycho","True","psycho","psycho","uniform","undefined","undefined","undefined","0","NA","0","0","1","1","0","0","0","NA","0","1","1","NA","1","1","0","1","0","0","NA","0","1","1","1","1","1","1","0","1","1","1","0","53.62552455418966","Tue Jul 14 14:54:32 2026","1000","The main experiment item","False","V7_AttentionalSpatialBias_.osexp","C:\Users\plcm\Downloads","381.64039999901433","002.png","590.592","387.82367999999997","True","False","mono","False","18","no","white","no","yes","RTL","590.592","387.82367999999997","864","0","002.png","003.png","4","psycho","Farsi","1","1","C:\Users\plcm\Downloads\subject-103.csv","150","psycho","no","127542.83320000104","Neonatal Nightingale","4.1.14","1","1","no_prime_trial_2","2","RTL","","0","2","space","2","NA","NA","2","4461.715100000234","10488.151799998377","NA","NA","4461.715100000234","2","psycho","5, 1, 3, 2, 4, 6, 6, 3, 2, 4, 1, 5, 2, 3, 5, 4, 1, 6, 6, 3, 4, 1, 5, 2, 4, 5, 6, 3, 2, 1, 2, 3, 1, 4, 5, 6, 4, 6, 5, 2, 3, 1, 1, 3, 2, 4, 5, 6","False","1024","2","48000","-16","experiment","103","odd","126.52060720000009","460.0","1076.0","432.0","432.0","74958.79630000127","NA","NA","5458.057699999699","126520.51110000139","126520.58370000123","NA","19279.39520000109","60359.899200000655","NA","5458.34190000096","137015.58540000042","126508.11590000012","NA","126525.99490000102","126531.68480000022","23015.45360000091","132545.1236000008","85447.63070000045","NA","NA","86411.68930000094","126508.08490000054","137015.55820000067","132553.17860000103","126508.012100001","127535.0653000005","127532.12309999981","86412.08150000057","126507.14110000081","127535.11580000122","127542.78880000129","19279.459600000337","Attentional Spatial Bias","0","0","0","2","اکنون چشم‌پیما را کالیبره می‌کنیم.<br><br>لطفاً نقطه متحرک را با چشمان خود دنبال کنید و سرتان را ثابت نگه دارید.<br><br>لطفاً منتظر بمانید.","از شرکت شما سپاسگزاریم!<br><br>آزمایش اکنون به پایان رسیده است.<br><br>لطفاً با آزمایشگر تماس بگیرید.","در این آزمایش، شما یک داستان کوتاه را که روی صفحه نمایش داده می‌شود، خواهید خواند.<br><br>لطفاً هر خط را با دقت بخوانید، زیرا در پایان آزمایش چند سؤال در مورد داستان از شما پرسیده خواهد شد.<br><br>پس از هر پاراگراف، یک جفت تصویر خواهید دید. به هر دو تصویر نگاه کنید و تعداد کل دایره‌ها را در دو تصویر بشمارید.<br><br>در صفحه بعد می‌توانید نمونه‌هایی از یک دایره صحیح و یک شکل نادرست را ببینید. فقط شکل‌هایی را بشمارید که با نمونه دایره صحیح مطابقت دارند.<br><br>برای شروع هر کلیدی را فشار دهید.","دایره شمارش شده را وارد کنید (۰-۳ را فشار دهید)","خوش آمدید! برای ادامه هر کلیدی را فشار دهید.","Farsi","1536","-308","308","-308","308","0","0","0","0"
"6","5000","8","undefined","undefined","undefined","undefined","#1a1a1a","0","psycho","True","psycho","psycho","uniform","undefined","undefined","undefined","0","NA","0","0","2","2","0","0","0","NA","0","2","2","NA","2","2","0","2","0","0","NA","0","2","2","2","2","2","2","0","2","2","2","0","54.27705795298783","Tue Jul 14 14:54:32 2026","1000","The main experiment item","False","V7_AttentionalSpatialBias_.osexp","C:\Users\plcm\Downloads","283.0751999990607","004.png","710.98368","290.53728","True","False","mono","False","18","no","white","no","yes","RTL","710.98368","290.53728","864","0","004.png","005.png","4","psycho","Farsi","2","2","C:\Users\plcm\Downloads\subject-103.csv","150","psycho","no","138190.65480000063","Neonatal Nightingale","4.1.14","3","3","no_prime_trial_3","3","RTL","","0","2","space","2","NA","NA","2","1348.7053000007872","10488.151799998377","NA","NA","1348.7053000007872","2","psycho","5, 1, 3, 2, 4, 6, 6, 3, 2, 4, 1, 5, 2, 3, 5, 4, 1, 6, 6, 3, 4, 1, 5, 2, 4, 5, 6, 3, 2, 1, 2, 3, 1, 4, 5, 6, 4, 6, 5, 2, 3, 1, 1, 3, 2, 4, 5, 6","False","1024","2","48000","-16","experiment","103","odd","137.16458090000015","614.0","922.0","165.0","699.0","74958.79630000127","NA","NA","5458.057699999699","137164.46610000095","137164.55339999992","NA","19279.39520000109","60359.899200000655","NA","5458.34190000096","144551.78960000013","137153.46010000032","NA","137170.00270000062","137175.48330000136","23015.45360000091","143194.34850000107","85447.63070000045","NA","NA","86411.68930000094","137153.43870000105","144551.7617000005","143202.20990000054","137153.38640000118","138179.60740000126","138175.67980000057","86412.08150000057","137152.0816000011","138179.73040000105","138190.61350000085","19279.459600000337","Attentional Spatial Bias","0","0","0","3","اکنون چشم‌پیما را کالیبره می‌کنیم.<br><br>لطفاً نقطه متحرک را با چشمان خود دنبال کنید و سرتان را ثابت نگه دارید.<br><br>لطفاً منتظر بمانید.","از شرکت شما سپاسگزاریم!<br><br>آزمایش اکنون به پایان رسیده است.<br><br>لطفاً با آزمایشگر تماس بگیرید.","در این آزمایش، شما یک داستان کوتاه را که روی صفحه نمایش داده می‌شود، خواهید خواند.<br><br>لطفاً هر خط را با دقت بخوانید، زیرا در پایان آزمایش چند سؤال در مورد داستان از شما پرسیده خواهد شد.<br><br>پس از هر پاراگراف، یک جفت تصویر خواهید دید. به هر دو تصویر نگاه کنید و تعداد کل دایره‌ها را در دو تصویر بشمارید.<br><br>در صفحه بعد می‌توانید نمونه‌هایی از یک دایره صحیح و یک شکل نادرست را ببینید. فقط شکل‌هایی را بشمارید که با نمونه دایره صحیح مطابقت دارند.<br><br>برای شروع هر کلیدی را فشار دهید.","دایره شمارش شده را وارد کنید (۰-۳ را فشار دهید)","خوش آمدید! برای ادامه هر کلیدی را فشار دهید.","Farsi","1536","-154","154","-154","154","-267","267","-267","267"
"6","5000","8","undefined","undefined","undefined","undefined","#1a1a1a","0","psycho","True","psycho","psycho","uniform","undefined","undefined","undefined","0","NA","0","0","3","3","0","0","0","NA","0","3","3","NA","3","3","0","3","0","0","NA","0","3","3","3","3","3","3","0","3","3","3","0","97.07074311762523","Tue Jul 14 14:54:32 2026","1000","The main experiment item","False","V7_AttentionalSpatialBias_.osexp","C:\Users\plcm\Downloads","235.22670000055223","006.png","589.77792","312.60384","True","False","mono","False","18","no","white","no","yes","RTL","589.77792","312.60384","864","0","006.png","007.png","4","psycho","Farsi","3","3","C:\Users\plcm\Downloads\subject-103.csv","150","psycho","no","145766.82559999972","Neonatal Nightingale","4.1.14","2","2","no_prime_trial_4","4","RTL","","0","2","space","2","NA","NA","2","580.2313000003633","10488.151799998377","NA","NA","580.2313000003633","2","psycho","5, 1, 3, 2, 4, 6, 6, 3, 2, 4, 1, 5, 2, 3, 5, 4, 1, 6, 6, 3, 4, 1, 5, 2, 4, 5, 6, 3, 2, 1, 2, 3, 1, 4, 5, 6, 4, 6, 5, 2, 3, 1, 1, 3, 2, 4, 5, 6","False","1024","2","48000","-16","experiment","103","odd","144.72247600000082","501.0","1035.0","278.0","586.0","74958.79630000127","NA","NA","5458.057699999699","144722.3799000003","144722.45269999985","NA","19279.39520000109","60359.899200000655","NA","5458.34190000096","151359.9892000002","144708.5509000008","NA","144749.7261999997","144755.50210000074","23015.45360000091","150770.8308000001","85447.63070000045","NA","NA","86411.68930000094","144708.52100000047","151359.95590000128","150778.6754000008","144708.45370000097","145758.8037000005","145755.6034999998","86412.08150000057","144707.45150000037","145758.85610000114","145766.78449999963","19279.459600000337","Attentional Spatial Bias","0","0","0","4","اکنون چشم‌پیما را کالیبره می‌کنیم.<br><br>لطفاً نقطه متحرک را با چشمان خود دنبال کنید و سرتان را ثابت نگه دارید.<br><br>لطفاً منتظر بمانید.","از شرکت شما سپاسگزاریم!<br><br>آزمایش اکنون به پایان رسیده است.<br><br>لطفاً با آزمایشگر تماس بگیرید.","در این آزمایش، شما یک داستان کوتاه را که روی صفحه نمایش داده می‌شود، خواهید خواند.<br><br>لطفاً هر خط را با دقت بخوانید، زیرا در پایان آزمایش چند سؤال در مورد داستان از شما پرسیده خواهد شد.<br><br>پس از هر پاراگراف، یک جفت تصویر خواهید دید. به هر دو تصویر نگاه کنید و تعداد کل دایره‌ها را در دو تصویر بشمارید.<br><br>در صفحه بعد می‌توانید نمونه‌هایی از یک دایره صحیح و یک شکل نادرست را ببینید. فقط شکل‌هایی را بشمارید که با نمونه دایره صحیح مطابقت دارند.<br><br>برای شروع هر کلیدی را فشار دهید.","دایره شمارش شده را وارد کنید (۰-۳ را فشار دهید)","خوش آمدید! برای ادامه هر کلیدی را فشار دهید.","Farsi","1536","-267","267","-267","267","-154","154","-154","154"
"6","5000","8","undefined","undefined","undefined","undefined","#1a1a1a","0","psycho","True","psycho","psycho","uniform","undefined","undefined","undefined","0","NA","0","0","4","4","0","0","0","NA","0","4","4","NA","4","4","0","4","0","0","NA","0","4","4","4","4","4","4","0","4","4","4","0","57.882724448166776","Tue Jul 14 14:54:32 2026","1000","The main experiment item","False","V7_AttentionalSpatialBias_.osexp","C:\Users\plcm\Downloads","21.870300000940915","009.png","802.49856","648.1296","True","False","mono","False","18","no","white","no","yes","RTL","802.49856","648.1296","864","0","008.png","009.png","4","psycho","Farsi","4","4","C:\Users\plcm\Downloads\subject-103.csv","150","psycho","no","152531.27510000014","Neonatal Nightingale","4.1.14","4","4","no_prime_trial_5","5","RTL","","0","0","space","0","NA","NA","0","1163.4826000008616","10488.151799998377","NA","NA","1163.4826000008616","2","psycho","5, 1, 3, 2, 4, 6, 6, 3, 2, 4, 1, 5, 2, 3, 5, 4, 1, 6, 6, 3, 4, 1, 5, 2, 4, 5, 6, 3, 2, 1, 2, 3, 1, 4, 5, 6, 4, 6, 5, 2, 3, 1, 1, 3, 2, 4, 5, 6","False","1024","2","48000","-16","experiment","103","odd","151.5090885999998","768.0","768.0","124.0","740.0","74958.79630000127","NA","NA","5458.057699999699","151508.96869999997","151509.0605000005","NA","19279.39520000109","60359.899200000655","NA","5458.34190000096","158703.5659000012","151497.22579999978","NA","151514.50840000145","151519.75700000004","23015.45360000091","157531.8127999999","85447.63070000045","NA","NA","86411.68930000094","151497.2056000006","158703.53439999963","157539.47100000005","151497.15420000028","152523.43099999963","152520.11740000127","86412.08150000057","151496.22260000068","152523.47910000026","152531.2303999999","19279.459600000337","Attentional Spatial Bias","0","0","0","5","اکنون چشم‌پیما را کالیبره می‌کنیم.<br><br>لطفاً نقطه متحرک را با چشمان خود دنبال کنید و سرتان را ثابت نگه دارید.<br><br>لطفاً منتظر بمانید.","از شرکت شما سپاسگزاریم!<br><br>آزمایش اکنون به پایان رسیده است.<br><br>لطفاً با آزمایشگر تماس بگیرید.","در این آزمایش، شما یک داستان کوتاه را که روی صفحه نمایش داده می‌شود، خواهید خواند.<br><br>لطفاً هر خط را با دقت بخوانید، زیرا در پایان آزمایش چند سؤال در مورد داستان از شما پرسیده خواهد شد.<br><br>پس از هر پاراگراف، یک جفت تصویر خواهید دید. به هر دو تصویر نگاه کنید و تعداد کل دایره‌ها را در دو تصویر بشمارید.<br><br>در صفحه بعد می‌توانید نمونه‌هایی از یک دایره صحیح و یک شکل نادرست را ببینید. فقط شکل‌هایی را بشمارید که با نمونه دایره صحیح مطابقت دارند.<br><br>برای شروع هر کلیدی را فشار دهید.","دایره شمارش شده را وارد کنید (۰-۳ را فشار دهید)","خوش آمدید! برای ادامه هر کلیدی را فشار دهید.","Farsi","1536","0","0","0","0","-308","308","-308","308"
"6","5000","8","undefined","undefined","undefined","undefined","#1a1a1a","0","psycho","True","psycho","psycho","uniform","undefined","undefined","undefined","0","NA","0","0","5","5","0","0","0","NA","0","5","5","NA","5","5","0","5","0","0","NA","0","5","5","5","5","5","5","0","5","5","5","0","39.06813225868874","Tue Jul 14 14:54:32 2026","1000","The main experiment item","False","V7_AttentionalSpatialBias_.osexp","C:\Users\plcm\Downloads","297.76820000007865","011.png","908.3750399999999","374.73408","True","False","mono","False","18","no","white","no","yes","RTL","908.3750399999999","374.73408","864","0","010.png","011.png","4","psycho","Farsi","5","5","C:\Users\plcm\Downloads\subject-103.csv","150","psycho","no","160150.50490000067","Neonatal Nightingale","4.1.14","6","6","no_prime_trial_6","6","RTL","","0","2","space","2","NA","NA","2","1093.6531000006362","10488.151799998377","NA","NA","1093.6531000006362","2","psycho","5, 1, 3, 2, 4, 6, 6, 3, 2, 4, 1, 5, 2, 3, 5, 4, 1, 6, 6, 3, 4, 1, 5, 2, 4, 5, 6, 3, 2, 1, 2, 3, 1, 4, 5, 6, 4, 6, 5, 2, 3, 1, 1, 3, 2, 4, 5, 6","False","1024","2","48000","-16","experiment","103","odd","158.85241270000006","501.0","1035.0","586.0","278.0","74958.79630000127","NA","NA","5458.057699999699","158852.26010000042","158852.37680000137","NA","19279.39520000109","60359.899200000655","NA","5458.34190000096","166255.55590000114","158838.5018000008","NA","159130.64590000067","159136.51519999985","23015.45360000091","165152.9898000008","85447.63070000045","NA","NA","86411.68930000094","158838.48170000056","166255.5286000006","165161.34799999965","158838.43350000097","160139.7336000009","160136.6238999999","86412.08150000057","158837.53460000118","160139.85630000025","160150.4650000006","19279.459600000337","Attentional Spatial Bias","0","0","0","6","اکنون چشم‌پیما را کالیبره می‌کنیم.<br><br>لطفاً نقطه متحرک را با چشمان خود دنبال کنید و سرتان را ثابت نگه دارید.<br><br>لطفاً منتظر بمانید.","از شرکت شما سپاسگزاریم!<br><br>آزمایش اکنون به پایان رسیده است.<br><br>لطفاً با آزمایشگر تماس بگیرید.","در این آزمایش، شما یک داستان کوتاه را که روی صفحه نمایش داده می‌شود، خواهید خواند.<br><br>لطفاً هر خط را با دقت بخوانید، زیرا در پایان آزمایش چند سؤال در مورد داستان از شما پرسیده خواهد شد.<br><br>پس از هر پاراگراف، یک جفت تصویر خواهید دید. به هر دو تصویر نگاه کنید و تعداد کل دایره‌ها را در دو تصویر بشمارید.<br><br>در صفحه بعد می‌توانید نمونه‌هایی از یک دایره صحیح و یک شکل نادرست را ببینید. فقط شکل‌هایی را بشمارید که با نمونه دایره صحیح مطابقت دارند.<br><br>برای شروع هر کلیدی را فشار دهید.","دایره شمارش شده را وارد کنید (۰-۳ را فشار دهید)","خوش آمدید! برای ادامه هر کلیدی را فشار دهید.","Farsi","1536","-267","267","-267","267","154","-154","154","-154"
"6","5000","8","undefined","undefined","undefined","undefined","#1a1a1a","1","psycho","True","psycho","psycho","uniform","undefined","undefined","undefined","0","NA","0","0","6","6","0","0","0","NA","0","6","6","NA","6","6","0","6","0","0","NA","0","6","6","6","6","6","6","0","6","6","6","0","74.83511548306186","Tue Jul 14 14:54:32 2026","1000","The main experiment item","False","V7_AttentionalSpatialBias_.osexp","C:\Users\plcm\Downloads","229.89289999898756","013.png","907.26912","352.86624","True","False","mono","False","18","no","white","no","yes","RTL","907.26912","352.86624","864","1","012.png","013.png","4","psycho","Farsi","6","6","C:\Users\plcm\Downloads\subject-103.csv","150","psycho","no","175935.63950000133","Neonatal Nightingale","4.1.14","6","6","prime_2","7","RTL","از آخرین تخم، یک پرنده بزرگ خاکستری بیرون آمد. او از بقیه متفاوت به نظر می‌رسید. جوجه‌اردک‌‌ها به او خندیدند و او را جوجه‌اردک زشت صدا کردند. او که غمگین و تنها بود، از مزرعه فرار کرد.","0","2","space","2","NA","NA","2","1002.2994999999646","10488.151799998377","NA","NA","1002.2994999999646","2","psycho","5, 1, 3, 2, 4, 6, 6, 3, 2, 4, 1, 5, 2, 3, 5, 4, 1, 6, 6, 3, 4, 1, 5, 2, 4, 5, 6, 3, 2, 1, 2, 3, 1, 4, 5, 6, 4, 6, 5, 2, 3, 1, 1, 3, 2, 4, 5, 6","True","1024","2","48000","-16","experiment","103","odd","174.91476049999983","501.0","1035.0","586.0","278.0","74958.79630000127","NA","NA","5458.057699999699","174914.6837999997","174914.74089999974","NA","19279.39520000109","60359.899200000655","NA","5458.34190000096","181951.67690000017","174903.62260000076","NA","174920.11410000123","174925.87830000048","23015.45360000091","180941.0469000013","85447.63070000045","NA","NA","86411.68930000094","166400.27660000123","181951.6349000005","180948.6338000006","166400.22570000112","175929.0732999998","175926.1688000006","86412.08150000057","166399.79219999985","175929.1215000012","175935.6179000006","19279.459600000337","Attentional Spatial Bias","0","0","0","7","اکنون چشم‌پیما را کالیبره می‌کنیم.<br><br>لطفاً نقطه متحرک را با چشمان خود دنبال کنید و سرتان را ثابت نگه دارید.<br><br>لطفاً منتظر بمانید.","از شرکت شما سپاسگزاریم!<br><br>آزمایش اکنون به پایان رسیده است.<br><br>لطفاً با آزمایشگر تماس بگیرید.","در این آزمایش، شما یک داستان کوتاه را که روی صفحه نمایش داده می‌شود، خواهید خواند.<br><br>لطفاً هر خط را با دقت بخوانید، زیرا در پایان آزمایش چند سؤال در مورد داستان از شما پرسیده خواهد شد.<br><br>پس از هر پاراگراف، یک جفت تصویر خواهید دید. به هر دو تصویر نگاه کنید و تعداد کل دایره‌ها را در دو تصویر بشمارید.<br><br>در صفحه بعد می‌توانید نمونه‌هایی از یک دایره صحیح و یک شکل نادرست را ببینید. فقط شکل‌هایی را بشمارید که با نمونه دایره صحیح مطابقت دارند.<br><br>برای شروع هر کلیدی را فشار دهید.","دایره شمارش شده را وارد کنید (۰-۳ را فشار دهید)","خوش آمدید! برای ادامه هر کلیدی را فشار دهید.","Farsi","1536","-267","267","-267","267","154","-154","154","-154"
"6","5000","8","undefined","undefined","undefined","undefined","#1a1a1a","1","psycho","True","psycho","psycho","uniform","undefined","undefined","undefined","0","NA","0","0","7","7","0","0","0","NA","0","7","7","NA","7","7","0","7","0","0","NA","0","7","7","7","7","7","7","0","7","7","7","0","70.25589077650356","Tue Jul 14 14:54:32 2026","1000","The main experiment item","False","V7_AttentionalSpatialBias_.osexp","C:\Users\plcm\Downloads","200.9874000013806","014.png","750.1056","276.1776","True","False","mono","False","18","no","white","no","yes","RTL","750.1056","276.1776","864","1","014.png","015.png","4","psycho","Farsi","7","7","C:\Users\plcm\Downloads\subject-103.csv","150","psycho","no","183143.2249999998","Neonatal Nightingale","4.1.14","3","3","no_prime_trial_8","8","RTL","","0","3","space","3","NA","NA","3","1263.9478000001109","10488.151799998377","NA","NA","1263.9478000001109","2","psycho","5, 1, 3, 2, 4, 6, 6, 3, 2, 4, 1, 5, 2, 3, 5, 4, 1, 6, 6, 3, 4, 1, 5, 2, 4, 5, 6, 3, 2, 1, 2, 3, 1, 4, 5, 6, 4, 6, 5, 2, 3, 1, 1, 3, 2, 4, 5, 6","False","1024","2","48000","-16","experiment","103","odd","182.11819389999982","614.0","922.0","165.0","699.0","74958.79630000127","NA","NA","5458.057699999699","182117.98770000134","182118.14530000085","NA","19279.39520000109","60359.899200000655","NA","5458.34190000096","189415.9060000002","182104.27309999976","NA","182123.45660000027","182129.27430000127","23015.45360000091","188143.30150000023","85447.63070000045","NA","NA","86411.68930000094","182104.25450000004","189415.86989999996","188151.08200000032","182104.20650000015","183134.07130000088","183129.38890000078","86412.08150000057","182103.78590000072","183134.13670000044","183143.19140000042","19279.459600000337","Attentional Spatial Bias","0","0","0","8","اکنون چشم‌پیما را کالیبره می‌کنیم.<br><br>لطفاً نقطه متحرک را با چشمان خود دنبال کنید و سرتان را ثابت نگه دارید.<br><br>لطفاً منتظر بمانید.","از شرکت شما سپاسگزاریم!<br><br>آزمایش اکنون به پایان رسیده است.<br><br>لطفاً با آزمایشگر تماس بگیرید.","در این آزمایش، شما یک داستان کوتاه را که روی صفحه نمایش داده می‌شود، خواهید خواند.<br><br>لطفاً هر خط را با دقت بخوانید، زیرا در پایان آزمایش چند سؤال در مورد داستان از شما پرسیده خواهد شد.<br><br>پس از هر پاراگراف، یک جفت تصویر خواهید دید. به هر دو تصویر نگاه کنید و تعداد کل دایره‌ها را در دو تصویر بشمارید.<br><br>در صفحه بعد می‌توانید نمونه‌هایی از یک دایره صحیح و یک شکل نادرست را ببینید. فقط شکل‌هایی را بشمارید که با نمونه دایره صحیح مطابقت دارند.<br><br>برای شروع هر کلیدی را فشار دهید.","دایره شمارش شده را وارد کنید (۰-۳ را فشار دهید)","خوش آمدید! برای ادامه هر کلیدی را فشار دهید.","Farsi","1536","-154","154","-154","154","-267","267","-267","267"
"6","5000","8","undefined","undefined","undefined","undefined","#1a1a1a","1","psycho","True","psycho","psycho","uniform","undefined","undefined","undefined","0","NA","0","0","8","8","0","0","0","NA","0","8","8","NA","8","8","0","8","0","0","NA","0","8","8","8","8","8","8","0","8","8","8","0","32.45175209075773","Tue Jul 14 14:54:32 2026","1000","The main experiment item","False","V7_AttentionalSpatialBias_.osexp","C:\Users\plcm\Downloads","231.06349999943632","000.png","572.22144","308.4912","True","False","mono","False","18","no","white","no","yes","RTL","572.22144","308.4912","864","1","000.png","001.png","4","psycho","Farsi","8","8","C:\Users\plcm\Downloads\subject-103.csv","150","psycho","no","190560.88620000082","Neonatal Nightingale","4.1.14","2","2","no_prime_trial_9","9","RTL","","0","2","space","2","NA","NA","2","1779.0992999998853","10488.151799998377","NA","NA","1779.0992999998853","2","psycho","5, 1, 3, 2, 4, 6, 6, 3, 2, 4, 1, 5, 2, 3, 5, 4, 1, 6, 6, 3, 4, 1, 5, 2, 4, 5, 6, 3, 2, 1, 2, 3, 1, 4, 5, 6, 4, 6, 5, 2, 3, 1, 1, 3, 2, 4, 5, 6","False","1024","2","48000","-16","experiment","103","odd","189.54000050000104","501.0","1035.0","278.0","586.0","74958.79630000127","NA","NA","5458.057699999699","189539.77940000006","189539.9472000008","NA","19279.39520000109","60359.899200000655","NA","5458.34190000096","197351.61570000128","189524.79360000143","NA","189545.67640000096","189551.42929999967","23015.45360000091","195562.378300001","85447.63070000045","NA","NA","86411.68930000094","189524.77499999985","197351.5754","195571.80119999975","189524.7307000009","190554.92910000065","190551.7103000002","86412.08150000057","189524.28839999993","190554.99950000012","190560.83469999977","19279.459600000337","Attentional Spatial Bias","0","0","0","9","اکنون چشم‌پیما را کالیبره می‌کنیم.<br><br>لطفاً نقطه متحرک را با چشمان خود دنبال کنید و سرتان را ثابت نگه دارید.<br><br>لطفاً منتظر بمانید.","از شرکت شما سپاسگزاریم!<br><br>آزمایش اکنون به پایان رسیده است.<br><br>لطفاً با آزمایشگر تماس بگیرید.","در این آزمایش، شما یک داستان کوتاه را که روی صفحه نمایش داده می‌شود، خواهید خواند.<br><br>لطفاً هر خط را با دقت بخوانید، زیرا در پایان آزمایش چند سؤال در مورد داستان از شما پرسیده خواهد شد.<br><br>پس از هر پاراگراف، یک جفت تصویر خواهید دید. به هر دو تصویر نگاه کنید و تعداد کل دایره‌ها را در دو تصویر بشمارید.<br><br>در صفحه بعد می‌توانید نمونه‌هایی از یک دایره صحیح و یک شکل نادرست را ببینید. فقط شکل‌هایی را بشمارید که با نمونه دایره صحیح مطابقت دارند.<br><br>برای شروع هر کلیدی را فشار دهید.","دایره شمارش شده را وارد کنید (۰-۳ را فشار دهید)","خوش آمدید! برای ادامه هر کلیدی را فشار دهید.","Farsi","1536","-267","267","-267","267","-154","154","-154","154"
"6","5000","8","undefined","undefined","undefined","undefined","#1a1a1a","1","psycho","True","psycho","psycho","uniform","undefined","undefined","undefined","0","NA","0","0","9","9","0","0","0","NA","0","9","9","NA","9","9","0","9","0","0","NA","0","9","9","9","9","9","9","0","9","9","9","0","83.63055458173166","Tue Jul 14 14:54:32 2026","1000","The main experiment item","False","V7_AttentionalSpatialBias_.osexp","C:\Users\plcm\Downloads","207.74529999837978","002.png","829.3632","199.79136","True","False","mono","False","18","no","white","no","yes","RTL","829.3632","199.79136","864","1","002.png","003.png","4","psycho","Farsi","9","9","C:\Users\plcm\Downloads\subject-103.csv","150","psycho","no","198492.45690000133","Neonatal Nightingale","4.1.14","4","4","no_prime_trial_10","10","RTL","","0","2","space","2","NA","NA","2","1248.1398000000045","10488.151799998377","NA","NA","1248.1398000000045","2","psycho","5, 1, 3, 2, 4, 6, 6, 3, 2, 4, 1, 5, 2, 3, 5, 4, 1, 6, 6, 3, 4, 1, 5, 2, 4, 5, 6, 3, 2, 1, 2, 3, 1, 4, 5, 6, 4, 6, 5, 2, 3, 1, 1, 3, 2, 4, 5, 6","False","1024","2","48000","-16","experiment","103","odd","197.46838480000042","768.0","768.0","124.0","740.0","74958.79630000127","NA","NA","5458.057699999699","197468.2874000009","197468.36210000038","NA","19279.39520000109","60359.899200000655","NA","5458.34190000096","204752.06080000135","197455.4050000006","NA","197474.04470000038","197479.81210000033","23015.45360000091","203494.89259999973","85447.63070000045","NA","NA","86411.68930000094","197455.3753","204752.02420000097","203502.81390000053","197455.30549999967","198483.37160000118","198480.17740000068","86412.08150000057","197454.3733999999","198483.4279000006","198492.4136999998","19279.459600000337","Attentional Spatial Bias","0","0","0","10","اکنون چشم‌پیما را کالیبره می‌کنیم.<br><br>لطفاً نقطه متحرک را با چشمان خود دنبال کنید و سرتان را ثابت نگه دارید.<br><br>لطفاً منتظر بمانید.","از شرکت شما سپاسگزاریم!<br><br>آزمایش اکنون به پایان رسیده است.<br><br>لطفاً با آزمایشگر تماس بگیرید.","در این آزمایش، شما یک داستان کوتاه را که روی صفحه نمایش داده می‌شود، خواهید خواند.<br><br>لطفاً هر خط را با دقت بخوانید، زیرا در پایان آزمایش چند سؤال در مورد داستان از شما پرسیده خواهد شد.<br><br>پس از هر پاراگراف، یک جفت تصویر خواهید دید. به هر دو تصویر نگاه کنید و تعداد کل دایره‌ها را در دو تصویر بشمارید.<br><br>در صفحه بعد می‌توانید نمونه‌هایی از یک دایره صحیح و یک شکل نادرست را ببینید. فقط شکل‌هایی را بشمارید که با نمونه دایره صحیح مطابقت دارند.<br><br>برای شروع هر کلیدی را فشار دهید.","دایره شمارش شده را وارد کنید (۰-۳ را فشار دهید)","خوش آمدید! برای ادامه هر کلیدی را فشار دهید.","Farsi","1536","0","0","0","0","-308","308","-308","308"
"6","5000","8","undefined","undefined","undefined","undefined","#1a1a1a","1","psycho","True","psycho","psycho","uniform","undefined","undefined","undefined","0","NA","0","0","10","10","0","0","0","NA","0","10","10","NA","10","10","0","10","0","0","NA","0","10","10","10","10","10","10","0","10","10","10","0","97.52435613489799","Tue Jul 14 14:54:32 2026","1000","The main experiment item","False","V7_AttentionalSpatialBias_.osexp","C:\Users\plcm\Downloads","239.29719999979716","004.png","512.20992","391.21056000000004","True","False","mono","False","18","no","white","no","yes","RTL","512.20992","391.21056000000004","864","1","004.png","005.png","4","psycho","Farsi","10","10","C:\Users\plcm\Downloads\subject-103.csv","150","psycho","no","206007.59730000026","Neonatal Nightingale","4.1.14","1","1","no_prime_trial_11","11","RTL","","0","2","space","2","NA","NA","2","1726.9042999996745","10488.151799998377","NA","NA","1726.9042999996745","2","psycho","5, 1, 3, 2, 4, 6, 6, 3, 2, 4, 1, 5, 2, 3, 5, 4, 1, 6, 6, 3, 4, 1, 5, 2, 4, 5, 6, 3, 2, 1, 2, 3, 1, 4, 5, 6, 4, 6, 5, 2, 3, 1, 1, 3, 2, 4, 5, 6","False","1024","2","48000","-16","experiment","103","odd","204.8910324999997","460.0","1076.0","432.0","432.0","74958.79630000127","NA","NA","5458.057699999699","204890.89380000043","204891.00110000072","NA","19279.39520000109","60359.899200000655","NA","5458.34190000096","212743.6378000002","204877.15870000102","NA","204989.0197000004","204994.38220000046","23015.45360000091","211008.56490000116","85447.63070000045","NA","NA","86411.68930000094","204877.13770000119","212743.60880000133","211015.97530000072","204877.09259999974","205999.57750000065","205994.7069000009","86412.08150000057","204876.6660000001","205999.64189999993","206007.5622000004","19279.459600000337","Attentional Spatial Bias","0","0","0","11","اکنون چشم‌پیما را کالیبره می‌کنیم.<br><br>لطفاً نقطه متحرک را با چشمان خود دنبال کنید و سرتان را ثابت نگه دارید.<br><br>لطفاً منتظر بمانید.","از شرکت شما سپاسگزاریم!<br><br>آزمایش اکنون به پایان رسیده است.<br><br>لطفاً با آزمایشگر تماس بگیرید.","در این آزمایش، شما یک داستان کوتاه را که روی صفحه نمایش داده می‌شود، خواهید خواند.<br><br>لطفاً هر خط را با دقت بخوانید، زیرا در پایان آزمایش چند سؤال در مورد داستان از شما پرسیده خواهد شد.<br><br>پس از هر پاراگراف، یک جفت تصویر خواهید دید. به هر دو تصویر نگاه کنید و تعداد کل دایره‌ها را در دو تصویر بشمارید.<br><br>در صفحه بعد می‌توانید نمونه‌هایی از یک دایره صحیح و یک شکل نادرست را ببینید. فقط شکل‌هایی را بشمارید که با نمونه دایره صحیح مطابقت دارند.<br><br>برای شروع هر کلیدی را فشار دهید.","دایره شمارش شده را وارد کنید (۰-۳ را فشار دهید)","خوش آمدید! برای ادامه هر کلیدی را فشار دهید.","Farsi","1536","-308","308","-308","308","0","0","0","0"
"6","5000","8","undefined","undefined","undefined","undefined","#1a1a1a","1","psycho","True","psycho","psycho","uniform","undefined","undefined","undefined","0","NA","0","0","11","11","0","0","0","NA","0","11","11","NA","11","11","0","11","0","0","NA","0","11","11","11","11","11","11","0","11","11","11","0","7.209523621432952","Tue Jul 14 14:54:32 2026","1000","The main experiment item","False","V7_AttentionalSpatialBias_.osexp","C:\Users\plcm\Downloads","216.5665000011213","006.png","645.48864","600.53184","True","False","mono","False","18","no","white","no","yes","RTL","645.48864","600.53184","864","1","006.png","007.png","4","psycho","Farsi","11","11","C:\Users\plcm\Downloads\subject-103.csv","150","psycho","no","213926.3049000001","Neonatal Nightingale","4.1.14","5","5","no_prime_trial_12","12","RTL","","0","2","space","2","NA","NA","2","888.5554999996966","10488.151799998377","NA","NA","888.5554999996966","2","psycho","5, 1, 3, 2, 4, 6, 6, 3, 2, 4, 1, 5, 2, 3, 5, 4, 1, 6, 6, 3, 4, 1, 5, 2, 4, 5, 6, 3, 2, 1, 2, 3, 1, 4, 5, 6, 4, 6, 5, 2, 3, 1, 1, 3, 2, 4, 5, 6","False","1024","2","48000","-16","experiment","103","odd","212.899121800001","614.0","922.0","699.0","165.0","74958.79630000127","NA","NA","5458.057699999699","212898.95690000048","212899.08710000053","NA","19279.39520000109","60359.899200000655","NA","5458.34190000096","219823.80639999974","212888.37729999976","NA","212904.91640000074","212910.38010000013","23015.45360000091","218926.66410000128","85447.63070000045","NA","NA","86411.68930000094","212888.35910000125","219823.777900001","218934.5420000009","212888.3093000004","213915.24240000034","213911.40819999966","86412.08150000057","212887.29000000056","213915.34130000038","213926.26910000035","19279.459600000337","Attentional Spatial Bias","0","0","0","12","اکنون چشم‌پیما را کالیبره می‌کنیم.<br><br>لطفاً نقطه متحرک را با چشمان خود دنبال کنید و سرتان را ثابت نگه دارید.<br><br>لطفاً منتظر بمانید.","از شرکت شما سپاسگزاریم!<br><br>آزمایش اکنون به پایان رسیده است.<br><br>لطفاً با آزمایشگر تماس بگیرید.","در این آزمایش، شما یک داستان کوتاه را که روی صفحه نمایش داده می‌شود، خواهید خواند.<br><br>لطفاً هر خط را با دقت بخوانید، زیرا در پایان آزمایش چند سؤال در مورد داستان از شما پرسیده خواهد شد.<br><br>پس از هر پاراگراف، یک جفت تصویر خواهید دید. به هر دو تصویر نگاه کنید و تعداد کل دایره‌ها را در دو تصویر بشمارید.<br><br>در صفحه بعد می‌توانید نمونه‌هایی از یک دایره صحیح و یک شکل نادرست را ببینید. فقط شکل‌هایی را بشمارید که با نمونه دایره صحیح مطابقت دارند.<br><br>برای شروع هر کلیدی را فشار دهید.","دایره شمارش شده را وارد کنید (۰-۳ را فشار دهید)","خوش آمدید! برای ادامه هر کلیدی را فشار دهید.","Farsi","1536","-154","154","-154","154","267","-267","267","-267"
"6","5000","8","undefined","undefined","undefined","undefined","#1a1a1a","2","psycho","True","psycho","psycho","uniform","undefined","undefined","undefined","0","NA","0","0","12","12","0","0","0","NA","0","12","12","NA","12","12","0","12","0","0","NA","0","12","12","12","12","12","12","0","12","12","12","0","99.13709597689851","Tue Jul 14 14:54:32 2026","1000","The main experiment item","False","V7_AttentionalSpatialBias_.osexp","C:\Users\plcm\Downloads","320.55899999977555","009.png","1045.1251200000002","482.81184","True","False","mono","False","18","no","white","no","yes","RTL","1045.1251200000002","482.81184","864","2","008.png","009.png","4","psycho","Farsi","12","12","C:\Users\plcm\Downloads\subject-103.csv","150","psycho","no","232466.9692000007","Neonatal Nightingale","4.1.14","2","2","prime_3","13","RTL","او در میان زمین‌ها و باتلاق‌ها سرگردان بود و به دنبال جایی می‌گشت که به آن تعلق داشته باشد. اردک‌های وحشی گفتند او آنقدر زشت است که نمی‌تواند دوستشان باشد.","0","0","space","0","NA","NA","0","1145.3877000003704","10488.151799998377","NA","NA","1145.3877000003704","2","psycho","5, 1, 3, 2, 4, 6, 6, 3, 2, 4, 1, 5, 2, 3, 5, 4, 1, 6, 6, 3, 4, 1, 5, 2, 4, 5, 6, 3, 2, 1, 2, 3, 1, 4, 5, 6, 4, 6, 5, 2, 3, 1, 1, 3, 2, 4, 5, 6","True","1024","2","48000","-16","experiment","103","odd","231.43589880000036","501.0","1035.0","278.0","586.0","74958.79630000127","NA","NA","5458.057699999699","231435.8200000006","231435.8788999998","NA","19279.39520000109","60359.899200000655","NA","5458.34190000096","238623.42920000083","231423.31010000088","NA","231446.47050000093","231452.08790000106","23015.45360000091","237468.99330000088","85447.63070000045","NA","NA","86411.68930000094","219961.73319999978","238623.40310000035","237477.48460000003","219961.6412000014","232455.89629999996","232452.63140000135","86412.08150000057","219960.33010000066","232455.95760000107","232466.93460000097","19279.459600000337","Attentional Spatial Bias","0","0","0","13","اکنون چشم‌پیما را کالیبره می‌کنیم.<br><br>لطفاً نقطه متحرک را با چشمان خود دنبال کنید و سرتان را ثابت نگه دارید.<br><br>لطفاً منتظر بمانید.","از شرکت شما سپاسگزاریم!<br><br>آزمایش اکنون به پایان رسیده است.<br><br>لطفاً با آزمایشگر تماس بگیرید.","در این آزمایش، شما یک داستان کوتاه را که روی صفحه نمایش داده می‌شود، خواهید خواند.<br><br>لطفاً هر خط را با دقت بخوانید، زیرا در پایان آزمایش چند سؤال در مورد داستان از شما پرسیده خواهد شد.<br><br>پس از هر پاراگراف، یک جفت تصویر خواهید دید. به هر دو تصویر نگاه کنید و تعداد کل دایره‌ها را در دو تصویر بشمارید.<br><br>در صفحه بعد می‌توانید نمونه‌هایی از یک دایره صحیح و یک شکل نادرست را ببینید. فقط شکل‌هایی را بشمارید که با نمونه دایره صحیح مطابقت دارند.<br><br>برای شروع هر کلیدی را فشار دهید.","دایره شمارش شده را وارد کنید (۰-۳ را فشار دهید)","خوش آمدید! برای ادامه هر کلیدی را فشار دهید.","Farsi","1536","-267","267","-267","267","-154","154","-154","154"
"6","5000","8","undefined","undefined","undefined","undefined","#1a1a1a","2","psycho","True","psycho","psycho","uniform","undefined","undefined","undefined","0","NA","0","0","13","13","0","0","0","NA","0","13","13","NA","13","13","0","13","0","0","NA","0","13","13","13","13","13","13","0","13","13","13","0","86.00649565169368","Tue Jul 14 14:54:32 2026","1000","The main experiment item","False","V7_AttentionalSpatialBias_.osexp","C:\Users\plcm\Downloads","236.55040000085137","010.png","703.22688","303.73056","True","False","mono","False","18","no","white","no","yes","RTL","703.22688","303.73056","864","2","010.png","011.png","4","psycho","Farsi","13","13","C:\Users\plcm\Downloads\subject-103.csv","150","psycho","no","239933.6473000003","Neonatal Nightingale","4.1.14","3","3","no_prime_trial_14","14","RTL","","0","2","space","2","NA","NA","2","861.8093000004592","10488.151799998377","NA","NA","861.8093000004592","2","psycho","5, 1, 3, 2, 4, 6, 6, 3, 2, 4, 1, 5, 2, 3, 5, 4, 1, 6, 6, 3, 4, 1, 5, 2, 4, 5, 6, 3, 2, 1, 2, 3, 1, 4, 5, 6, 4, 6, 5, 2, 3, 1, 1, 3, 2, 4, 5, 6","False","1024","2","48000","-16","experiment","103","odd","238.76767790000122","614.0","922.0","165.0","699.0","74958.79630000127","NA","NA","5458.057699999699","238767.49449999988","238767.63380000013","NA","19279.39520000109","60359.899200000655","NA","5458.34190000096","245807.62780000077","238754.56970000052","NA","238914.1743","238919.63000000032","23015.45360000091","244937.50309999997","85447.63070000045","NA","NA","86411.68930000094","238754.54069999978","245807.58930000046","244945.09140000082","238754.46250000095","239923.09420000127","239919.87150000024","86412.08150000057","238753.2463000007","239923.17780000123","239933.60890000075","19279.459600000337","Attentional Spatial Bias","0","0","0","14","اکنون چشم‌پیما را کالیبره می‌کنیم.<br><br>لطفاً نقطه متحرک را با چشمان خود دنبال کنید و سرتان را ثابت نگه دارید.<br><br>لطفاً منتظر بمانید.","از شرکت شما سپاسگزاریم!<br><br>آزمایش اکنون به پایان رسیده است.<br><br>لطفاً با آزمایشگر تماس بگیرید.","در این آزمایش، شما یک داستان کوتاه را که روی صفحه نمایش داده می‌شود، خواهید خواند.<br><br>لطفاً هر خط را با دقت بخوانید، زیرا در پایان آزمایش چند سؤال در مورد داستان از شما پرسیده خواهد شد.<br><br>پس از هر پاراگراف، یک جفت تصویر خواهید دید. به هر دو تصویر نگاه کنید و تعداد کل دایره‌ها را در دو تصویر بشمارید.<br><br>در صفحه بعد می‌توانید نمونه‌هایی از یک دایره صحیح و یک شکل نادرست را ببینید. فقط شکل‌هایی را بشمارید که با نمونه دایره صحیح مطابقت دارند.<br><br>برای شروع هر کلیدی را فشار دهید.","دایره شمارش شده را وارد کنید (۰-۳ را فشار دهید)","خوش آمدید! برای ادامه هر کلیدی را فشار دهید.","Farsi","1536","-154","154","-154","154","-267","267","-267","267"
"6","5000","8","undefined","undefined","undefined","undefined","#1a1a1a","2","psycho","True","psycho","psycho","uniform","undefined","undefined","undefined","0","NA","0","0","14","14","0","0","0","NA","0","14","14","NA","14","14","0","14","0","0","NA","0","14","14","14","14","14","14","0","14","14","14","0","66.81112782925909","Tue Jul 14 14:54:32 2026","1000","The main experiment item","False","V7_AttentionalSpatialBias_.osexp","C:\Users\plcm\Downloads","211.949900000036","013.png","892.47744","294.99552","True","False","mono","False","18","no","white","no","yes","RTL","892.47744","294.99552","864","2","012.png","013.png","4","psycho","Farsi","14","14","C:\Users\plcm\Downloads\subject-103.csv","150","psycho","no","246988.11399999977","Neonatal Nightingale","4.1.14","5","5","no_prime_trial_15","15","RTL","","0","1","space","1","NA","NA","1","790.7524000002013","10488.151799998377","NA","NA","790.7524000002013","2","psycho","5, 1, 3, 2, 4, 6, 6, 3, 2, 4, 1, 5, 2, 3, 5, 4, 1, 6, 6, 3, 4, 1, 5, 2, 4, 5, 6, 3, 2, 1, 2, 3, 1, 4, 5, 6, 4, 6, 5, 2, 3, 1, 1, 3, 2, 4, 5, 6","False","1024","2","48000","-16","experiment","103","odd","245.95104119999996","614.0","922.0","699.0","165.0","74958.79630000127","NA","NA","5458.057699999699","245950.86860000083","245951.00100000127","NA","19279.39520000109","60359.899200000655","NA","5458.34190000096","252791.8062000008","245938.2254000011","NA","245967.6651000009","245973.47679999983","23015.45360000091","251991.7002000002","85447.63070000045","NA","NA","86411.68930000094","245938.20580000101","252791.77330000128","252000.23510000028","245938.15950000135","246977.1120000005","246973.60300000035","86412.08150000057","245937.58379999961","246977.16620000027","246988.07500000112","19279.459600000337","Attentional Spatial Bias","0","0","0","15","اکنون چشم‌پیما را کالیبره می‌کنیم.<br><br>لطفاً نقطه متحرک را با چشمان خود دنبال کنید و سرتان را ثابت نگه دارید.<br><br>لطفاً منتظر بمانید.","از شرکت شما سپاسگزاریم!<br><br>آزمایش اکنون به پایان رسیده است.<br><br>لطفاً با آزمایشگر تماس بگیرید.","در این آزمایش، شما یک داستان کوتاه را که روی صفحه نمایش داده می‌شود، خواهید خواند.<br><br>لطفاً هر خط را با دقت بخوانید، زیرا در پایان آزمایش چند سؤال در مورد داستان از شما پرسیده خواهد شد.<br><br>پس از هر پاراگراف، یک جفت تصویر خواهید دید. به هر دو تصویر نگاه کنید و تعداد کل دایره‌ها را در دو تصویر بشمارید.<br><br>در صفحه بعد می‌توانید نمونه‌هایی از یک دایره صحیح و یک شکل نادرست را ببینید. فقط شکل‌هایی را بشمارید که با نمونه دایره صحیح مطابقت دارند.<br><br>برای شروع هر کلیدی را فشار دهید.","دایره شمارش شده را وارد کنید (۰-۳ را فشار دهید)","خوش آمدید! برای ادامه هر کلیدی را فشار دهید.","Farsi","1536","-154","154","-154","154","267","-267","267","-267"
"6","5000","8","undefined","undefined","undefined","undefined","#1a1a1a","2","psycho","True","psycho","psycho","uniform","undefined","undefined","undefined","0","NA","0","0","15","15","0","0","0","NA","0","15","15","NA","15","15","0","15","0","0","NA","0","15","15","15","15","15","15","0","15","15","15","0","72.37816808336612","Tue Jul 14 14:54:32 2026","1000","The main experiment item","False","V7_AttentionalSpatialBias_.osexp","C:\Users\plcm\Downloads","71.15630000043893","015.png","880.03584","640.93248","True","False","mono","False","18","no","white","no","yes","RTL","880.03584","640.93248","864","2","014.png","015.png","4","psycho","Farsi","15","15","C:\Users\plcm\Downloads\subject-103.csv","150","psycho","no","253963.69120000052","Neonatal Nightingale","4.1.14","4","4","no_prime_trial_16","16","RTL","","0","1","space","1","NA","NA","1","561.8928999992786","10488.151799998377","NA","NA","561.8928999992786","2","psycho","5, 1, 3, 2, 4, 6, 6, 3, 2, 4, 1, 5, 2, 3, 5, 4, 1, 6, 6, 3, 4, 1, 5, 2, 4, 5, 6, 3, 2, 1, 2, 3, 1, 4, 5, 6, 4, 6, 5, 2, 3, 1, 1, 3, 2, 4, 5, 6","False","1024","2","48000","-16","experiment","103","odd","252.94063020000067","768.0","768.0","124.0","740.0","74958.79630000127","NA","NA","5458.057699999699","252940.50450000033","252940.605400001","NA","19279.39520000109","60359.899200000655","NA","5458.34190000096","259535.6298000006","252927.31020000065","NA","252946.19969999985","252951.57090000066","23015.45360000091","258965.17060000042","85447.63070000045","NA","NA","86411.68930000094","252927.2828000012","259535.60339999967","258973.00610000093","252927.21689999962","253955.79840000026","253951.91370000067","86412.08150000057","252926.85680000068","253955.84969999982","253963.66839999973","19279.459600000337","Attentional Spatial Bias","0","0","0","16","اکنون چشم‌پیما را کالیبره می‌کنیم.<br><br>لطفاً نقطه متحرک را با چشمان خود دنبال کنید و سرتان را ثابت نگه دارید.<br><br>لطفاً منتظر بمانید.","از شرکت شما سپاسگزاریم!<br><br>آزمایش اکنون به پایان رسیده است.<br><br>لطفاً با آزمایشگر تماس بگیرید.","در این آزمایش، شما یک داستان کوتاه را که روی صفحه نمایش داده می‌شود، خواهید خواند.<br><br>لطفاً هر خط را با دقت بخوانید، زیرا در پایان آزمایش چند سؤال در مورد داستان از شما پرسیده خواهد شد.<br><br>پس از هر پاراگراف، یک جفت تصویر خواهید دید. به هر دو تصویر نگاه کنید و تعداد کل دایره‌ها را در دو تصویر بشمارید.<br><br>در صفحه بعد می‌توانید نمونه‌هایی از یک دایره صحیح و یک شکل نادرست را ببینید. فقط شکل‌هایی را بشمارید که با نمونه دایره صحیح مطابقت دارند.<br><br>برای شروع هر کلیدی را فشار دهید.","دایره شمارش شده را وارد کنید (۰-۳ را فشار دهید)","خوش آمدید! برای ادامه هر کلیدی را فشار دهید.","Farsi","1536","0","0","0","0","-308","308","-308","308"
"6","5000","8","undefined","undefined","undefined","undefined","#1a1a1a","2","psycho","True","psycho","psycho","uniform","undefined","undefined","undefined","0","NA","0","0","16","16","0","0","0","NA","0","16","16","NA","16","16","0","16","0","0","NA","0","16","16","16","16","16","16","0","16","16","16","0","86.45809891395028","Tue Jul 14 14:54:32 2026","1000","The main experiment item","False","V7_AttentionalSpatialBias_.osexp","C:\Users\plcm\Downloads","246.35619999936898","000.png","581.0688","389.81952","True","False","mono","False","18","no","white","no","yes","RTL","581.0688","389.81952","864","2","000.png","001.png","4","psycho","Farsi","16","16","C:\Users\plcm\Downloads\subject-103.csv","150","psycho","no","260944.73430000106","Neonatal Nightingale","4.1.14","1","1","no_prime_trial_17","17","RTL","","0","2","space","2","NA","NA","2","361.1915999990888","10488.151799998377","NA","NA","361.1915999990888","2","psycho","5, 1, 3, 2, 4, 6, 6, 3, 2, 4, 1, 5, 2, 3, 5, 4, 1, 6, 6, 3, 4, 1, 5, 2, 4, 5, 6, 3, 2, 1, 2, 3, 1, 4, 5, 6, 4, 6, 5, 2, 3, 1, 1, 3, 2, 4, 5, 6","False","1024","2","48000","-16","experiment","103","odd","259.6624033999997","460.0","1076.0","432.0","432.0","74958.79630000127","NA","NA","5458.057699999699","259662.2982000008","259662.37980000005","NA","19279.39520000109","60359.899200000655","NA","5458.34190000096","266320.3555","259648.56200000033","NA","259923.6791000003","259929.18559999997","23015.45360000091","265949.3652000001","85447.63070000045","NA","NA","86411.68930000094","259648.5345000001","266320.32230000006","265957.8904000009","259648.46949999992","260934.0508000005","260929.8490000001","86412.08150000057","259648.02670000063","260934.12340000033","260944.6856000013","19279.459600000337","Attentional Spatial Bias","0","0","0","17","اکنون چشم‌پیما را کالیبره می‌کنیم.<br><br>لطفاً نقطه متحرک را با چشمان خود دنبال کنید و سرتان را ثابت نگه دارید.<br><br>لطفاً منتظر بمانید.","از شرکت شما سپاسگزاریم!<br><br>آزمایش اکنون به پایان رسیده است.<br><br>لطفاً با آزمایشگر تماس بگیرید.","در این آزمایش، شما یک داستان کوتاه را که روی صفحه نمایش داده می‌شود، خواهید خواند.<br><br>لطفاً هر خط را با دقت بخوانید، زیرا در پایان آزمایش چند سؤال در مورد داستان از شما پرسیده خواهد شد.<br><br>پس از هر پاراگراف، یک جفت تصویر خواهید دید. به هر دو تصویر نگاه کنید و تعداد کل دایره‌ها را در دو تصویر بشمارید.<br><br>در صفحه بعد می‌توانید نمونه‌هایی از یک دایره صحیح و یک شکل نادرست را ببینید. فقط شکل‌هایی را بشمارید که با نمونه دایره صحیح مطابقت دارند.<br><br>برای شروع هر کلیدی را فشار دهید.","دایره شمارش شده را وارد کنید (۰-۳ را فشار دهید)","خوش آمدید! برای ادامه هر کلیدی را فشار دهید.","Farsi","1536","-308","308","-308","308","0","0","0","0"
"6","5000","8","undefined","undefined","undefined","undefined","#1a1a1a","2","psycho","True","psycho","psycho","uniform","undefined","undefined","undefined","0","NA","0","0","17","17","0","0","0","NA","0","17","17","NA","17","17","0","17","0","0","NA","0","17","17","17","17","17","17","0","17","17","17","0","63.1883761494913","Tue Jul 14 14:54:32 2026","1000","The main experiment item","False","V7_AttentionalSpatialBias_.osexp","C:\Users\plcm\Downloads","248.20550000004005","002.png","576.4608000000001","453.39264000000003","True","False","mono","False","18","no","white","no","yes","RTL","576.4608000000001","453.39264000000003","864","2","002.png","003.png","4","psycho","Farsi","17","17","C:\Users\plcm\Downloads\subject-103.csv","150","psycho","no","267471.1724000008","Neonatal Nightingale","4.1.14","6","6","no_prime_trial_18","18","RTL","","0","1","space","1","NA","NA","1","96.61180000146851","10488.151799998377","NA","NA","96.61180000146851","2","psycho","5, 1, 3, 2, 4, 6, 6, 3, 2, 4, 1, 5, 2, 3, 5, 4, 1, 6, 6, 3, 4, 1, 5, 2, 4, 5, 6, 3, 2, 1, 2, 3, 1, 4, 5, 6, 4, 6, 5, 2, 3, 1, 1, 3, 2, 4, 5, 6","False","1024","2","48000","-16","experiment","103","odd","266.44972250000137","501.0","1035.0","586.0","278.0","74958.79630000127","NA","NA","5458.057699999699","266449.5700999996","266449.6904999996","NA","19279.39520000109","60359.899200000655","NA","5458.34190000096","272583.66370000114","266437.65910000005","NA","266455.4504000007","266461.2085999997","23015.45360000091","272476.42300000007","85447.63070000045","NA","NA","86411.68930000094","266437.64089999965","272583.61210000113","272486.17399999965","266437.5977","267465.0812","267461.66340000124","86412.08150000057","266437.1420000007","267465.1388000002","267471.14760000113","19279.459600000337","Attentional Spatial Bias","0","0","0","18","اکنون چشم‌پیما را کالیبره می‌کنیم.<br><br>لطفاً نقطه متحرک را با چشمان خود دنبال کنید و سرتان را ثابت نگه دارید.<br><br>لطفاً منتظر بمانید.","از شرکت شما سپاسگزاریم!<br><br>آزمایش اکنون به پایان رسیده است.<br><br>لطفاً با آزمایشگر تماس بگیرید.","در این آزمایش، شما یک داستان کوتاه را که روی صفحه نمایش داده می‌شود، خواهید خواند.<br><br>لطفاً هر خط را با دقت بخوانید، زیرا در پایان آزمایش چند سؤال در مورد داستان از شما پرسیده خواهد شد.<br><br>پس از هر پاراگراف، یک جفت تصویر خواهید دید. به هر دو تصویر نگاه کنید و تعداد کل دایره‌ها را در دو تصویر بشمارید.<br><br>در صفحه بعد می‌توانید نمونه‌هایی از یک دایره صحیح و یک شکل نادرست را ببینید. فقط شکل‌هایی را بشمارید که با نمونه دایره صحیح مطابقت دارند.<br><br>برای شروع هر کلیدی را فشار دهید.","دایره شمارش شده را وارد کنید (۰-۳ را فشار دهید)","خوش آمدید! برای ادامه هر کلیدی را فشار دهید.","Farsi","1536","-267","267","-267","267","154","-154","154","-154"
"6","5000","8","undefined","undefined","undefined","undefined","#1a1a1a","3","psycho","True","psycho","psycho","uniform","undefined","undefined","undefined","0","NA","0","0","18","18","0","0","0","NA","0","18","18","NA","18","18","0","18","0","0","NA","0","18","18","18","18","18","18","0","18","18","18","0","55.09652554185243","Tue Jul 14 14:54:32 2026","1000","The main experiment item","False","V7_AttentionalSpatialBias_.osexp","C:\Users\plcm\Downloads","218.16009999928065","005.png","905.33376","340.59744","True","False","mono","False","18","no","white","no","yes","RTL","905.33376","340.59744","864","3","004.png","005.png","4","psycho","Farsi","18","18","C:\Users\plcm\Downloads\subject-103.csv","150","psycho","no","279958.2628000007","Neonatal Nightingale","4.1.14","6","6","prime_4","19","RTL","یک شب، شکارچیان در نزدیکی آنجا شلیک کردند و جوجه‌اردک تا زمانی که همه چیز امن و امان شود در بین نی ها قایم شد.","0","2","space","2","NA","NA","2","843.5687999990187","10488.151799998377","NA","NA","843.5687999990187","2","psycho","5, 1, 3, 2, 4, 6, 6, 3, 2, 4, 1, 5, 2, 3, 5, 4, 1, 6, 6, 3, 4, 1, 5, 2, 4, 5, 6, 3, 2, 1, 2, 3, 1, 4, 5, 6, 4, 6, 5, 2, 3, 1, 1, 3, 2, 4, 5, 6","True","1024","2","48000","-16","experiment","103","odd","278.6831836000001","501.0","1035.0","586.0","278.0","74958.79630000127","NA","NA","5458.057699999699","278683.08630000136","278683.15820000134","NA","19279.39520000109","60359.899200000655","NA","5458.34190000096","285815.38569999975","278671.63179999986","NA","278939.2590999996","278945.28210000135","23015.45360000091","284963.7039999998","85447.63070000045","NA","NA","86411.68930000094","272725.04760000086","285815.3589000012","284971.3036000012","272724.98050000105","279950.8117000005","279945.4497000006","86412.08150000057","272724.4642000005","279950.8698999998","279958.2268000013","19279.459600000337","Attentional Spatial Bias","0","0","0","19","اکنون چشم‌پیما را کالیبره می‌کنیم.<br><br>لطفاً نقطه متحرک را با چشمان خود دنبال کنید و سرتان را ثابت نگه دارید.<br><br>لطفاً منتظر بمانید.","از شرکت شما سپاسگزاریم!<br><br>آزمایش اکنون به پایان رسیده است.<br><br>لطفاً با آزمایشگر تماس بگیرید.","در این آزمایش، شما یک داستان کوتاه را که روی صفحه نمایش داده می‌شود، خواهید خواند.<br><br>لطفاً هر خط را با دقت بخوانید، زیرا در پایان آزمایش چند سؤال در مورد داستان از شما پرسیده خواهد شد.<br><br>پس از هر پاراگراف، یک جفت تصویر خواهید دید. به هر دو تصویر نگاه کنید و تعداد کل دایره‌ها را در دو تصویر بشمارید.<br><br>در صفحه بعد می‌توانید نمونه‌هایی از یک دایره صحیح و یک شکل نادرست را ببینید. فقط شکل‌هایی را بشمارید که با نمونه دایره صحیح مطابقت دارند.<br><br>برای شروع هر کلیدی را فشار دهید.","دایره شمارش شده را وارد کنید (۰-۳ را فشار دهید)","خوش آمدید! برای ادامه هر کلیدی را فشار دهید.","Farsi","1536","-267","267","-267","267","154","-154","154","-154"
"6","5000","8","undefined","undefined","undefined","undefined","#1a1a1a","3","psycho","True","psycho","psycho","uniform","undefined","undefined","undefined","0","NA","0","0","19","19","0","0","0","NA","0","19","19","NA","19","19","0","19","0","0","NA","0","19","19","19","19","19","19","0","19","19","19","0","94.42350180182054","Tue Jul 14 14:54:32 2026","1000","The main experiment item","False","V7_AttentionalSpatialBias_.osexp","C:\Users\plcm\Downloads","333.82750000053784","007.png","1000.2739200000001","559.4486400000001","True","False","mono","False","18","no","white","no","yes","RTL","1000.2739200000001","559.4486400000001","864","3","006.png","007.png","4","psycho","Farsi","19","19","C:\Users\plcm\Downloads\subject-103.csv","150","psycho","no","286997.06549999974","Neonatal Nightingale","4.1.14","3","3","no_prime_trial_20","20","RTL","","0","2","space","2","NA","NA","2","205.88040000072215","10488.151799998377","NA","NA","205.88040000072215","2","psycho","5, 1, 3, 2, 4, 6, 6, 3, 2, 4, 1, 5, 2, 3, 5, 4, 1, 6, 6, 3, 4, 1, 5, 2, 4, 5, 6, 3, 2, 1, 2, 3, 1, 4, 5, 6, 4, 6, 5, 2, 3, 1, 1, 3, 2, 4, 5, 6","False","1024","2","48000","-16","experiment","103","odd","285.97241680000116","614.0","922.0","165.0","699.0","74958.79630000127","NA","NA","5458.057699999699","285972.25849999994","285972.3819999999","NA","19279.39520000109","60359.899200000655","NA","5458.34190000096","292215.39269999997","285960.82639999985","NA","285978.03340000066","285984.4033999998","23015.45360000091","291997.79280000075","85447.63070000045","NA","NA","86411.68930000094","285960.8040000003","292215.3672000004","292009.0357999998","285960.75080000085","286989.1304000012","286984.6613999998","86412.08150000057","285959.9306","286989.1982000008","286997.02830000024","19279.459600000337","Attentional Spatial Bias","0","0","0","20","اکنون چشم‌پیما را کالیبره می‌کنیم.<br><br>لطفاً نقطه متحرک را با چشمان خود دنبال کنید و سرتان را ثابت نگه دارید.<br><br>لطفاً منتظر بمانید.","از شرکت شما سپاسگزاریم!<br><br>آزمایش اکنون به پایان رسیده است.<br><br>لطفاً با آزمایشگر تماس بگیرید.","در این آزمایش، شما یک داستان کوتاه را که روی صفحه نمایش داده می‌شود، خواهید خواند.<br><br>لطفاً هر خط را با دقت بخوانید، زیرا در پایان آزمایش چند سؤال در مورد داستان از شما پرسیده خواهد شد.<br><br>پس از هر پاراگراف، یک جفت تصویر خواهید دید. به هر دو تصویر نگاه کنید و تعداد کل دایره‌ها را در دو تصویر بشمارید.<br><br>در صفحه بعد می‌توانید نمونه‌هایی از یک دایره صحیح و یک شکل نادرست را ببینید. فقط شکل‌هایی را بشمارید که با نمونه دایره صحیح مطابقت دارند.<br><br>برای شروع هر کلیدی را فشار دهید.","دایره شمارش شده را وارد کنید (۰-۳ را فشار دهید)","خوش آمدید! برای ادامه هر کلیدی را فشار دهید.","Farsi","1536","-154","154","-154","154","-267","267","-267","267"
"6","5000","8","undefined","undefined","undefined","undefined","#1a1a1a","3","psycho","True","psycho","psycho","uniform","undefined","undefined","undefined","0","NA","0","0","20","20","0","0","0","NA","0","20","20","NA","20","20","0","20","0","0","NA","0","20","20","20","20","20","20","0","20","20","20","0","86.83752469588711","Tue Jul 14 14:54:32 2026","1000","The main experiment item","False","V7_AttentionalSpatialBias_.osexp","C:\Users\plcm\Downloads","263.77260000118986","008.png","844.99968","270.89856","True","False","mono","False","18","no","white","no","yes","RTL","844.99968","270.89856","864","3","008.png","009.png","4","psycho","Farsi","20","20","C:\Users\plcm\Downloads\subject-103.csv","150","psycho","no","293373.87510000006","Neonatal Nightingale","4.1.14","4","4","no_prime_trial_21","21","RTL","","0","0","space","0","NA","NA","0","1422.29670000053","10488.151799998377","NA","NA","1422.29670000053","2","psycho","5, 1, 3, 2, 4, 6, 6, 3, 2, 4, 1, 5, 2, 3, 5, 4, 1, 6, 6, 3, 4, 1, 5, 2, 4, 5, 6, 3, 2, 1, 2, 3, 1, 4, 5, 6, 4, 6, 5, 2, 3, 1, 1, 3, 2, 4, 5, 6","False","1024","2","48000","-16","experiment","103","odd","292.3516405999999","768.0","768.0","124.0","740.0","74958.79630000127","NA","NA","5458.057699999699","292351.54070000135","292351.6141","NA","19279.39520000109","60359.899200000655","NA","5458.34190000096","299807.6627999999","292340.63760000025","NA","292357.2431000011","292363.0804000004","23015.45360000091","298376.83860000107","85447.63070000045","NA","NA","86411.68930000094","292340.6172000014","299807.6338999999","298384.57930000004","292340.5639000011","293367.16990000056","293363.8549000007","86412.08150000057","292340.14940000087","293367.2174000003","293373.84060000116","19279.459600000337","Attentional Spatial Bias","0","0","0","21","اکنون چشم‌پیما را کالیبره می‌کنیم.<br><br>لطفاً نقطه متحرک را با چشمان خود دنبال کنید و سرتان را ثابت نگه دارید.<br><br>لطفاً منتظر بمانید.","از شرکت شما سپاسگزاریم!<br><br>آزمایش اکنون به پایان رسیده است.<br><br>لطفاً با آزمایشگر تماس بگیرید.","در این آزمایش، شما یک داستان کوتاه را که روی صفحه نمایش داده می‌شود، خواهید خواند.<br><br>لطفاً هر خط را با دقت بخوانید، زیرا در پایان آزمایش چند سؤال در مورد داستان از شما پرسیده خواهد شد.<br><br>پس از هر پاراگراف، یک جفت تصویر خواهید دید. به هر دو تصویر نگاه کنید و تعداد کل دایره‌ها را در دو تصویر بشمارید.<br><br>در صفحه بعد می‌توانید نمونه‌هایی از یک دایره صحیح و یک شکل نادرست را ببینید. فقط شکل‌هایی را بشمارید که با نمونه دایره صحیح مطابقت دارند.<br><br>برای شروع هر کلیدی را فشار دهید.","دایره شمارش شده را وارد کنید (۰-۳ را فشار دهید)","خوش آمدید! برای ادامه هر کلیدی را فشار دهید.","Farsi","1536","0","0","0","0","-308","308","-308","308"
"6","5000","8","undefined","undefined","undefined","undefined","#1a1a1a","3","psycho","True","psycho","psycho","uniform","undefined","undefined","undefined","0","NA","0","0","21","21","0","0","0","NA","0","21","21","NA","21","21","0","21","0","0","NA","0","21","21","21","21","21","21","0","21","21","21","0","46.5248010520669","Tue Jul 14 14:54:32 2026","1000","The main experiment item","False","V7_AttentionalSpatialBias_.osexp","C:\Users\plcm\Downloads","219.92589999898337","010.png","512.08704","392.50656000000004","True","False","mono","False","18","no","white","no","yes","RTL","512.08704","392.50656000000004","864","3","010.png","011.png","4","psycho","Farsi","21","21","C:\Users\plcm\Downloads\subject-103.csv","150","psycho","no","301116.8869000012","Neonatal Nightingale","4.1.14","1","1","no_prime_trial_22","22","RTL","","0","2","space","2","NA","NA","2","621.5998000006657","10488.151799998377","NA","NA","621.5998000006657","2","psycho","5, 1, 3, 2, 4, 6, 6, 3, 2, 4, 1, 5, 2, 3, 5, 4, 1, 6, 6, 3, 4, 1, 5, 2, 4, 5, 6, 3, 2, 1, 2, 3, 1, 4, 5, 6, 4, 6, 5, 2, 3, 1, 1, 3, 2, 4, 5, 6","False","1024","2","48000","-16","experiment","103","odd","299.9630517000005","460.0","1076.0","432.0","432.0","74958.79630000127","NA","NA","5458.057699999699","299962.7266000007","299962.94940000004","NA","19279.39520000109","60359.899200000655","NA","5458.34190000096","306751.5038000001","299947.04100000125","NA","300100.17230000085","300105.98449999996","23015.45360000091","306120.7355000006","85447.63070000045","NA","NA","86411.68930000094","299947.0195000013","306751.4762999999","306129.3344000005","299946.9485000009","301109.3225000004","301106.5641000005","86412.08150000057","299945.55220000073","301109.36980000045","301116.8467999996","19279.459600000337","Attentional Spatial Bias","0","0","0","22","اکنون چشم‌پیما را کالیبره می‌کنیم.<br><br>لطفاً نقطه متحرک را با چشمان خود دنبال کنید و سرتان را ثابت نگه دارید.<br><br>لطفاً منتظر بمانید.","از شرکت شما سپاسگزاریم!<br><br>آزمایش اکنون به پایان رسیده است.<br><br>لطفاً با آزمایشگر تماس بگیرید.","در این آزمایش، شما یک داستان کوتاه را که روی صفحه نمایش داده می‌شود، خواهید خواند.<br><br>لطفاً هر خط را با دقت بخوانید، زیرا در پایان آزمایش چند سؤال در مورد داستان از شما پرسیده خواهد شد.<br><br>پس از هر پاراگراف، یک جفت تصویر خواهید دید. به هر دو تصویر نگاه کنید و تعداد کل دایره‌ها را در دو تصویر بشمارید.<br><br>در صفحه بعد می‌توانید نمونه‌هایی از یک دایره صحیح و یک شکل نادرست را ببینید. فقط شکل‌هایی را بشمارید که با نمونه دایره صحیح مطابقت دارند.<br><br>برای شروع هر کلیدی را فشار دهید.","دایره شمارش شده را وارد کنید (۰-۳ را فشار دهید)","خوش آمدید! برای ادامه هر کلیدی را فشار دهید.","Farsi","1536","-308","308","-308","308","0","0","0","0"
"6","5000","8","undefined","undefined","undefined","undefined","#1a1a1a","3","psycho","True","psycho","psycho","uniform","undefined","undefined","undefined","0","NA","0","0","22","22","0","0","0","NA","0","22","22","NA","22","22","0","22","0","0","NA","0","22","22","22","22","22","22","0","22","22","22","0","18.508165134340018","Tue Jul 14 14:54:32 2026","1000","The main experiment item","False","V7_AttentionalSpatialBias_.osexp","C:\Users\plcm\Downloads","240.51150000013877","013.png","1014.7583999999999","270.22463999999997","True","False","mono","False","18","no","white","no","yes","RTL","1014.7583999999999","270.22463999999997","864","3","012.png","013.png","4","psycho","Farsi","22","22","C:\Users\plcm\Downloads\subject-103.csv","150","psycho","no","307908.78429999977","Neonatal Nightingale","4.1.14","5","5","no_prime_trial_23","23","RTL","","0","1","space","1","NA","NA","1","733.8584999997984","10488.151799998377","NA","NA","733.8584999997984","2","psycho","5, 1, 3, 2, 4, 6, 6, 3, 2, 4, 1, 5, 2, 3, 5, 4, 1, 6, 6, 3, 4, 1, 5, 2, 4, 5, 6, 3, 2, 1, 2, 3, 1, 4, 5, 6, 4, 6, 5, 2, 3, 1, 1, 3, 2, 4, 5, 6","False","1024","2","48000","-16","experiment","103","odd","306.88297870000133","614.0","922.0","699.0","165.0","74958.79630000127","NA","NA","5458.057699999699","306882.8450000001","306882.95050000126","NA","19279.39520000109","60359.899200000655","NA","5458.34190000096","313655.6317000013","306871.1127000006","NA","306888.67560000106","306894.29250000103","23015.45360000091","312913.47010000027","85447.63070000045","NA","NA","86411.68930000094","306871.09059999965","313655.59910000046","312921.11699999985","306871.03480000043","307898.0951000012","307894.8293000012","86412.08150000057","306870.5803000012","307898.15180000005","307908.7501000013","19279.459600000337","Attentional Spatial Bias","0","0","0","23","اکنون چشم‌پیما را کالیبره می‌کنیم.<br><br>لطفاً نقطه متحرک را با چشمان خود دنبال کنید و سرتان را ثابت نگه دارید.<br><br>لطفاً منتظر بمانید.","از شرکت شما سپاسگزاریم!<br><br>آزمایش اکنون به پایان رسیده است.<br><br>لطفاً با آزمایشگر تماس بگیرید.","در این آزمایش، شما یک داستان کوتاه را که روی صفحه نمایش داده می‌شود، خواهید خواند.<br><br>لطفاً هر خط را با دقت بخوانید، زیرا در پایان آزمایش چند سؤال در مورد داستان از شما پرسیده خواهد شد.<br><br>پس از هر پاراگراف، یک جفت تصویر خواهید دید. به هر دو تصویر نگاه کنید و تعداد کل دایره‌ها را در دو تصویر بشمارید.<br><br>در صفحه بعد می‌توانید نمونه‌هایی از یک دایره صحیح و یک شکل نادرست را ببینید. فقط شکل‌هایی را بشمارید که با نمونه دایره صحیح مطابقت دارند.<br><br>برای شروع هر کلیدی را فشار دهید.","دایره شمارش شده را وارد کنید (۰-۳ را فشار دهید)","خوش آمدید! برای ادامه هر کلیدی را فشار دهید.","Farsi","1536","-154","154","-154","154","267","-267","267","-267"
"6","5000","8","undefined","undefined","undefined","undefined","#1a1a1a","3","psycho","True","psycho","psycho","uniform","undefined","undefined","undefined","0","NA","0","0","23","23","0","0","0","NA","0","23","23","NA","23","23","0","23","0","0","NA","0","23","23","23","23","23","23","0","23","23","23","0","77.74307575824359","Tue Jul 14 14:54:32 2026","1000","The main experiment item","False","V7_AttentionalSpatialBias_.osexp","C:\Users\plcm\Downloads","318.3159999989439","014.png","570.45504","261.49824","True","False","mono","False","18","no","white","no","yes","RTL","570.45504","261.49824","864","3","014.png","015.png","4","psycho","Farsi","23","23","C:\Users\plcm\Downloads\subject-103.csv","150","psycho","no","314842.7595000012","Neonatal Nightingale","4.1.14","2","2","no_prime_trial_24","24","RTL","","0","1","space","1","NA","NA","1","489.9226000015624","10488.151799998377","NA","NA","489.9226000015624","2","psycho","5, 1, 3, 2, 4, 6, 6, 3, 2, 4, 1, 5, 2, 3, 5, 4, 1, 6, 6, 3, 4, 1, 5, 2, 4, 5, 6, 3, 2, 1, 2, 3, 1, 4, 5, 6, 4, 6, 5, 2, 3, 1, 1, 3, 2, 4, 5, 6","False","1024","2","48000","-16","experiment","103","odd","313.816094400001","501.0","1035.0","278.0","586.0","74958.79630000127","NA","NA","5458.057699999699","313815.9861000004","313816.06699999975","NA","19279.39520000109","60359.899200000655","NA","5458.34190000096","320351.6005000001","313805.49260000046","NA","313821.7129000004","313828.0040999998","23015.45360000091","319846.33070000017","85447.63070000045","NA","NA","86411.68930000094","313805.47240000125","320351.57260000054","319860.98409999977","313805.41690000065","314831.83120000106","314828.23910000117","86412.08150000057","313804.5641000008","314831.890200001","314842.72530000086","19279.459600000337","Attentional Spatial Bias","0","0","0","24","اکنون چشم‌پیما را کالیبره می‌کنیم.<br><br>لطفاً نقطه متحرک را با چشمان خود دنبال کنید و سرتان را ثابت نگه دارید.<br><br>لطفاً منتظر بمانید.","از شرکت شما سپاسگزاریم!<br><br>آزمایش اکنون به پایان رسیده است.<br><br>لطفاً با آزمایشگر تماس بگیرید.","در این آزمایش، شما یک داستان کوتاه را که روی صفحه نمایش داده می‌شود، خواهید خواند.<br><br>لطفاً هر خط را با دقت بخوانید، زیرا در پایان آزمایش چند سؤال در مورد داستان از شما پرسیده خواهد شد.<br><br>پس از هر پاراگراف، یک جفت تصویر خواهید دید. به هر دو تصویر نگاه کنید و تعداد کل دایره‌ها را در دو تصویر بشمارید.<br><br>در صفحه بعد می‌توانید نمونه‌هایی از یک دایره صحیح و یک شکل نادرست را ببینید. فقط شکل‌هایی را بشمارید که با نمونه دایره صحیح مطابقت دارند.<br><br>برای شروع هر کلیدی را فشار دهید.","دایره شمارش شده را وارد کنید (۰-۳ را فشار دهید)","خوش آمدید! برای ادامه هر کلیدی را فشار دهید.","Farsi","1536","-267","267","-267","267","-154","154","-154","154"
"6","5000","8","undefined","undefined","undefined","undefined","#1a1a1a","4","psycho","True","psycho","psycho","uniform","undefined","undefined","undefined","0","NA","0","0","24","24","0","0","0","NA","0","24","24","NA","24","24","0","24","0","0","NA","0","24","24","24","24","24","24","0","24","24","24","0","61.29766344618365","Tue Jul 14 14:54:32 2026","1000","The main experiment item","False","V7_AttentionalSpatialBias_.osexp","C:\Users\plcm\Downloads","288.47689999931026","000.png","784.03584","218.97216","True","False","mono","False","18","no","white","no","yes","RTL","784.03584","218.97216","864","4","000.png","001.png","4","psycho","Farsi","24","24","C:\Users\plcm\Downloads\subject-103.csv","150","psycho","no","334746.33390000055","Neonatal Nightingale","4.1.14","4","4","prime_5","25","RTL","جوجه اردک خانه‌ای کوچک پیدا کرد  پیرزنی به همراه یک گربه و یک مرغ در آن زندگی میکرد. گربه و مرغ بدجنس بودند و او را بی‌فایده صدا می‌زدند. او که ناراحت بود، آنجا را ترک کرد و به تنهایی به سرگردانی ادامه داد.","0","2","space","2","NA","NA","2","1626.9893999997294","10488.151799998377","NA","NA","1626.9893999997294","2","psycho","5, 1, 3, 2, 4, 6, 6, 3, 2, 4, 1, 5, 2, 3, 5, 4, 1, 6, 6, 3, 4, 1, 5, 2, 4, 5, 6, 3, 2, 1, 2, 3, 1, 4, 5, 6, 4, 6, 5, 2, 3, 1, 1, 3, 2, 4, 5, 6","True","1024","2","48000","-16","experiment","103","odd","333.4173719999999","768.0","768.0","124.0","740.0","74958.79630000127","NA","NA","5458.057699999699","333417.29099999974","333417.3537000006","NA","19279.39520000109","60359.899200000655","NA","5458.34190000096","341383.85670000024","333407.57490000036","NA","333728.5112999998","333734.1961000002","23015.45360000091","339747.782800001","85447.63070000045","NA","NA","86411.68930000094","320463.49329999974","341383.82310000085","339755.9876000014","320463.433500001","334738.6002000003","334734.85860000073","86412.08150000057","320463.05449999997","334738.68680000125","334746.2603000004","19279.459600000337","Attentional Spatial Bias","0","0","0","25","اکنون چشم‌پیما را کالیبره می‌کنیم.<br><br>لطفاً نقطه متحرک را با چشمان خود دنبال کنید و سرتان را ثابت نگه دارید.<br><br>لطفاً منتظر بمانید.","از شرکت شما سپاسگزاریم!<br><br>آزمایش اکنون به پایان رسیده است.<br><br>لطفاً با آزمایشگر تماس بگیرید.","در این آزمایش، شما یک داستان کوتاه را که روی صفحه نمایش داده می‌شود، خواهید خواند.<br><br>لطفاً هر خط را با دقت بخوانید، زیرا در پایان آزمایش چند سؤال در مورد داستان از شما پرسیده خواهد شد.<br><br>پس از هر پاراگراف، یک جفت تصویر خواهید دید. به هر دو تصویر نگاه کنید و تعداد کل دایره‌ها را در دو تصویر بشمارید.<br><br>در صفحه بعد می‌توانید نمونه‌هایی از یک دایره صحیح و یک شکل نادرست را ببینید. فقط شکل‌هایی را بشمارید که با نمونه دایره صحیح مطابقت دارند.<br><br>برای شروع هر کلیدی را فشار دهید.","دایره شمارش شده را وارد کنید (۰-۳ را فشار دهید)","خوش آمدید! برای ادامه هر کلیدی را فشار دهید.","Farsi","1536","0","0","0","0","-308","308","-308","308"
"6","5000","8","undefined","undefined","undefined","undefined","#1a1a1a","4","psycho","True","psycho","psycho","uniform","undefined","undefined","undefined","0","NA","0","0","25","25","0","0","0","NA","0","25","25","NA","25","25","0","25","0","0","NA","0","25","25","25","25","25","25","0","25","25","25","0","97.47823218421641","Tue Jul 14 14:54:32 2026","1000","The main experiment item","False","V7_AttentionalSpatialBias_.osexp","C:\Users\plcm\Downloads","242.08720000024186","003.png","847.1808","313.36416","True","False","mono","False","18","no","white","no","yes","RTL","847.1808","313.36416","864","4","002.png","003.png","4","psycho","Farsi","25","25","C:\Users\plcm\Downloads\subject-103.csv","150","psycho","no","342536.08130000066","Neonatal Nightingale","4.1.14","5","5","no_prime_trial_26","26","RTL","","0","1","space","1","NA","NA","1","2043.237900001288","10488.151799998377","NA","NA","2043.237900001288","2","psycho","5, 1, 3, 2, 4, 6, 6, 3, 2, 4, 1, 5, 2, 3, 5, 4, 1, 6, 6, 3, 4, 1, 5, 2, 4, 5, 6, 3, 2, 1, 2, 3, 1, 4, 5, 6, 4, 6, 5, 2, 3, 1, 1, 3, 2, 4, 5, 6","False","1024","2","48000","-16","experiment","103","odd","341.5015174","614.0","922.0","699.0","165.0","74958.79630000127","NA","NA","5458.057699999699","341501.4185","341501.49600000074","NA","19279.39520000109","60359.899200000655","NA","5458.34190000096","349591.8554","341489.5525000011","NA","341517.6222000009","341522.80710000015","23015.45360000091","347538.9262000008","85447.63070000045","NA","NA","86411.68930000094","341489.46369999973","349591.8278999998","347547.79589999997","341489.3265999999","342526.9481000014","342522.9844000005","86412.08150000057","341487.9531000006","342527.0126000014","342536.0450999997","19279.459600000337","Attentional Spatial Bias","0","0","0","26","اکنون چشم‌پیما را کالیبره می‌کنیم.<br><br>لطفاً نقطه متحرک را با چشمان خود دنبال کنید و سرتان را ثابت نگه دارید.<br><br>لطفاً منتظر بمانید.","از شرکت شما سپاسگزاریم!<br><br>آزمایش اکنون به پایان رسیده است.<br><br>لطفاً با آزمایشگر تماس بگیرید.","در این آزمایش، شما یک داستان کوتاه را که روی صفحه نمایش داده می‌شود، خواهید خواند.<br><br>لطفاً هر خط را با دقت بخوانید، زیرا در پایان آزمایش چند سؤال در مورد داستان از شما پرسیده خواهد شد.<br><br>پس از هر پاراگراف، یک جفت تصویر خواهید دید. به هر دو تصویر نگاه کنید و تعداد کل دایره‌ها را در دو تصویر بشمارید.<br><br>در صفحه بعد می‌توانید نمونه‌هایی از یک دایره صحیح و یک شکل نادرست را ببینید. فقط شکل‌هایی را بشمارید که با نمونه دایره صحیح مطابقت دارند.<br><br>برای شروع هر کلیدی را فشار دهید.","دایره شمارش شده را وارد کنید (۰-۳ را فشار دهید)","خوش آمدید! برای ادامه هر کلیدی را فشار دهید.","Farsi","1536","-154","154","-154","154","267","-267","267","-267"
"6","5000","8","undefined","undefined","undefined","undefined","#1a1a1a","4","psycho","True","psycho","psycho","uniform","undefined","undefined","undefined","0","NA","0","0","26","26","0","0","0","NA","0","26","26","NA","26","26","0","26","0","0","NA","0","26","26","26","26","26","26","0","26","26","26","0","90.06103114922013","Tue Jul 14 14:54:32 2026","1000","The main experiment item","False","V7_AttentionalSpatialBias_.osexp","C:\Users\plcm\Downloads","2727.5762000008253","005.png","911.1859199999999","288.80928","True","False","mono","False","18","no","white","no","yes","RTL","911.1859199999999","288.80928","864","4","004.png","005.png","4","psycho","Farsi","26","26","C:\Users\plcm\Downloads\subject-103.csv","150","psycho","no","350779.27060000005","Neonatal Nightingale","4.1.14","6","6","no_prime_trial_27","27","RTL","","0","2","space","2","NA","NA","2","855.8807999998098","10488.151799998377","NA","NA","855.8807999998098","2","psycho","5, 1, 3, 2, 4, 6, 6, 3, 2, 4, 1, 5, 2, 3, 5, 4, 1, 6, 6, 3, 4, 1, 5, 2, 4, 5, 6, 3, 2, 1, 2, 3, 1, 4, 5, 6, 4, 6, 5, 2, 3, 1, 1, 3, 2, 4, 5, 6","False","1024","2","48000","-16","experiment","103","odd","349.7435791000007","501.0","1035.0","586.0","278.0","74958.79630000127","NA","NA","5458.057699999699","349743.45750000066","349743.54830000084","NA","19279.39520000109","60359.899200000655","NA","5458.34190000096","356647.6679000007","349732.69580000127","NA","349759.9511999997","349765.56320000056","23015.45360000091","355783.35920000065","85447.63070000045","NA","NA","86411.68930000094","349732.67640000087","356647.6277000002","355791.0670000001","349732.6214000004","350768.5287000004","350765.82770000095","86412.08150000057","349731.829100001","350768.58619999985","350779.2313000009","19279.459600000337","Attentional Spatial Bias","0","0","0","27","اکنون چشم‌پیما را کالیبره می‌کنیم.<br><br>لطفاً نقطه متحرک را با چشمان خود دنبال کنید و سرتان را ثابت نگه دارید.<br><br>لطفاً منتظر بمانید.","از شرکت شما سپاسگزاریم!<br><br>آزمایش اکنون به پایان رسیده است.<br><br>لطفاً با آزمایشگر تماس بگیرید.","در این آزمایش، شما یک داستان کوتاه را که روی صفحه نمایش داده می‌شود، خواهید خواند.<br><br>لطفاً هر خط را با دقت بخوانید، زیرا در پایان آزمایش چند سؤال در مورد داستان از شما پرسیده خواهد شد.<br><br>پس از هر پاراگراف، یک جفت تصویر خواهید دید. به هر دو تصویر نگاه کنید و تعداد کل دایره‌ها را در دو تصویر بشمارید.<br><br>در صفحه بعد می‌توانید نمونه‌هایی از یک دایره صحیح و یک شکل نادرست را ببینید. فقط شکل‌هایی را بشمارید که با نمونه دایره صحیح مطابقت دارند.<br><br>برای شروع هر کلیدی را فشار دهید.","دایره شمارش شده را وارد کنید (۰-۳ را فشار دهید)","خوش آمدید! برای ادامه هر کلیدی را فشار دهید.","Farsi","1536","-267","267","-267","267","154","-154","154","-154"
"6","5000","8","undefined","undefined","undefined","undefined","#1a1a1a","4","psycho","True","psycho","psycho","uniform","undefined","undefined","undefined","0","NA","0","0","27","27","0","0","0","NA","0","27","27","NA","27","27","0","27","0","0","NA","0","27","27","27","27","27","27","0","27","27","27","0","51.993677574535994","Tue Jul 14 14:54:32 2026","1000","The main experiment item","False","V7_AttentionalSpatialBias_.osexp","C:\Users\plcm\Downloads","348.1860999999917","007.png","1042.92864","563.8464","True","False","mono","False","18","no","white","no","yes","RTL","1042.92864","563.8464","864","4","006.png","007.png","4","psycho","Farsi","27","27","C:\Users\plcm\Downloads\subject-103.csv","150","psycho","no","357819.15090000076","Neonatal Nightingale","4.1.14","3","3","no_prime_trial_28","28","RTL","","0","1","space","1","NA","NA","1","1467.4608000004664","10488.151799998377","NA","NA","1467.4608000004664","2","psycho","5, 1, 3, 2, 4, 6, 6, 3, 2, 4, 1, 5, 2, 3, 5, 4, 1, 6, 6, 3, 4, 1, 5, 2, 4, 5, 6, 3, 2, 1, 2, 3, 1, 4, 5, 6, 4, 6, 5, 2, 3, 1, 1, 3, 2, 4, 5, 6","False","1024","2","48000","-16","experiment","103","odd","356.79668520000087","614.0","922.0","165.0","699.0","74958.79630000127","NA","NA","5458.057699999699","356796.2688999996","356796.5486000012","NA","19279.39520000109","60359.899200000655","NA","5458.34190000096","364296.3550000004","356783.05619999993","NA","356802.28569999966","356807.82870000077","23015.45360000091","362819.56309999985","85447.63070000045","NA","NA","86411.68930000094","356783.03530000086","364296.324500001","362827.54510000086","356782.979900001","357811.0852999998","357808.0690000006","86412.08150000057","356782.1875000009","357811.1441000001","357819.09960000124","19279.459600000337","Attentional Spatial Bias","0","0","0","28","اکنون چشم‌پیما را کالیبره می‌کنیم.<br><br>لطفاً نقطه متحرک را با چشمان خود دنبال کنید و سرتان را ثابت نگه دارید.<br><br>لطفاً منتظر بمانید.","از شرکت شما سپاسگزاریم!<br><br>آزمایش اکنون به پایان رسیده است.<br><br>لطفاً با آزمایشگر تماس بگیرید.","در این آزمایش، شما یک داستان کوتاه را که روی صفحه نمایش داده می‌شود، خواهید خواند.<br><br>لطفاً هر خط را با دقت بخوانید، زیرا در پایان آزمایش چند سؤال در مورد داستان از شما پرسیده خواهد شد.<br><br>پس از هر پاراگراف، یک جفت تصویر خواهید دید. به هر دو تصویر نگاه کنید و تعداد کل دایره‌ها را در دو تصویر بشمارید.<br><br>در صفحه بعد می‌توانید نمونه‌هایی از یک دایره صحیح و یک شکل نادرست را ببینید. فقط شکل‌هایی را بشمارید که با نمونه دایره صحیح مطابقت دارند.<br><br>برای شروع هر کلیدی را فشار دهید.","دایره شمارش شده را وارد کنید (۰-۳ را فشار دهید)","خوش آمدید! برای ادامه هر کلیدی را فشار دهید.","Farsi","1536","-154","154","-154","154","-267","267","-267","267"
"6","5000","8","undefined","undefined","undefined","undefined","#1a1a1a","4","psycho","True","psycho","psycho","uniform","undefined","undefined","undefined","0","NA","0","0","28","28","0","0","0","NA","0","28","28","NA","28","28","0","28","0","0","NA","0","28","28","28","28","28","28","0","28","28","28","0","50.3888066656078","Tue Jul 14 14:54:32 2026","1000","The main experiment item","False","V7_AttentionalSpatialBias_.osexp","C:\Users\plcm\Downloads","242.8184999989462","009.png","980.7359999999999","438.7824","True","False","mono","False","18","no","white","no","yes","RTL","980.7359999999999","438.7824","864","4","008.png","009.png","4","psycho","Farsi","28","28","C:\Users\plcm\Downloads\subject-103.csv","150","psycho","no","365455.192200001","Neonatal Nightingale","4.1.14","2","2","no_prime_trial_29","29","RTL","","0","1","space","1","NA","NA","1","538.2508000002126","10488.151799998377","NA","NA","538.2508000002126","2","psycho","5, 1, 3, 2, 4, 6, 6, 3, 2, 4, 1, 5, 2, 3, 5, 4, 1, 6, 6, 3, 4, 1, 5, 2, 4, 5, 6, 3, 2, 1, 2, 3, 1, 4, 5, 6, 4, 6, 5, 2, 3, 1, 1, 3, 2, 4, 5, 6","False","1024","2","48000","-16","experiment","103","odd","364.4313781000001","501.0","1035.0","278.0","586.0","74958.79630000127","NA","NA","5458.057699999699","364431.28090000025","364431.35650000116","NA","19279.39520000109","60359.899200000655","NA","5458.34190000096","371007.50270000024","364419.42329999985","NA","364436.735700001","364442.5146000012","23015.45360000091","370460.5967000007","85447.63070000045","NA","NA","86411.68930000094","364419.40390000126","371007.47600000066","370468.64970000024","364419.35900000134","365445.78580000054","365442.96940000093","86412.08150000057","364418.83450000023","365445.8372999998","365455.14180000103","19279.459600000337","Attentional Spatial Bias","0","0","0","29","اکنون چشم‌پیما را کالیبره می‌کنیم.<br><br>لطفاً نقطه متحرک را با چشمان خود دنبال کنید و سرتان را ثابت نگه دارید.<br><br>لطفاً منتظر بمانید.","از شرکت شما سپاسگزاریم!<br><br>آزمایش اکنون به پایان رسیده است.<br><br>لطفاً با آزمایشگر تماس بگیرید.","در این آزمایش، شما یک داستان کوتاه را که روی صفحه نمایش داده می‌شود، خواهید خواند.<br><br>لطفاً هر خط را با دقت بخوانید، زیرا در پایان آزمایش چند سؤال در مورد داستان از شما پرسیده خواهد شد.<br><br>پس از هر پاراگراف، یک جفت تصویر خواهید دید. به هر دو تصویر نگاه کنید و تعداد کل دایره‌ها را در دو تصویر بشمارید.<br><br>در صفحه بعد می‌توانید نمونه‌هایی از یک دایره صحیح و یک شکل نادرست را ببینید. فقط شکل‌هایی را بشمارید که با نمونه دایره صحیح مطابقت دارند.<br><br>برای شروع هر کلیدی را فشار دهید.","دایره شمارش شده را وارد کنید (۰-۳ را فشار دهید)","خوش آمدید! برای ادامه هر کلیدی را فشار دهید.","Farsi","1536","-267","267","-267","267","-154","154","-154","154"
"6","5000","8","undefined","undefined","undefined","undefined","#1a1a1a","4","psycho","True","psycho","psycho","uniform","undefined","undefined","undefined","0","NA","0","0","29","29","0","0","0","NA","0","29","29","NA","29","29","0","29","0","0","NA","0","29","29","29","29","29","29","0","29","29","29","0","73.38658492305518","Tue Jul 14 14:54:32 2026","1000","The main experiment item","False","V7_AttentionalSpatialBias_.osexp","C:\Users\plcm\Downloads","10.72170000046026","010.png","502.90175999999997","345.66912","True","False","mono","False","18","no","white","no","yes","RTL","502.90175999999997","345.66912","864","4","010.png","011.png","4","psycho","Farsi","29","29","C:\Users\plcm\Downloads\subject-103.csv","150","psycho","no","372172.9630999998","Neonatal Nightingale","4.1.14","1","1","no_prime_trial_30","30","RTL","","0","2","space","2","NA","NA","2","1406.1701999998768","10488.151799998377","NA","NA","1406.1701999998768","2","psycho","5, 1, 3, 2, 4, 6, 6, 3, 2, 4, 1, 5, 2, 3, 5, 4, 1, 6, 6, 3, 4, 1, 5, 2, 4, 5, 6, 3, 2, 1, 2, 3, 1, 4, 5, 6, 4, 6, 5, 2, 3, 1, 1, 3, 2, 4, 5, 6","False","1024","2","48000","-16","experiment","103","odd","371.14929740000116","460.0","1076.0","432.0","432.0","74958.79630000127","NA","NA","5458.057699999699","371149.14950000093","371149.26040000137","NA","19279.39520000109","60359.899200000655","NA","5458.34190000096","378591.6276000007","371134.1900999996","NA","371154.63199999975","371160.1666000006","23015.45360000091","377174.0152000002","85447.63070000045","NA","NA","86411.68930000094","371134.16770000005","378591.5996000003","377184.7428000001","371134.11410000117","372164.9219999999","372160.8062000014","86412.08150000057","371133.37479999976","372165.0102000003","372172.91230000043","19279.459600000337","Attentional Spatial Bias","0","0","0","30","اکنون چشم‌پیما را کالیبره می‌کنیم.<br><br>لطفاً نقطه متحرک را با چشمان خود دنبال کنید و سرتان را ثابت نگه دارید.<br><br>لطفاً منتظر بمانید.","از شرکت شما سپاسگزاریم!<br><br>آزمایش اکنون به پایان رسیده است.<br><br>لطفاً با آزمایشگر تماس بگیرید.","در این آزمایش، شما یک داستان کوتاه را که روی صفحه نمایش داده می‌شود، خواهید خواند.<br><br>لطفاً هر خط را با دقت بخوانید، زیرا در پایان آزمایش چند سؤال در مورد داستان از شما پرسیده خواهد شد.<br><br>پس از هر پاراگراف، یک جفت تصویر خواهید دید. به هر دو تصویر نگاه کنید و تعداد کل دایره‌ها را در دو تصویر بشمارید.<br><br>در صفحه بعد می‌توانید نمونه‌هایی از یک دایره صحیح و یک شکل نادرست را ببینید. فقط شکل‌هایی را بشمارید که با نمونه دایره صحیح مطابقت دارند.<br><br>برای شروع هر کلیدی را فشار دهید.","دایره شمارش شده را وارد کنید (۰-۳ را فشار دهید)","خوش آمدید! برای ادامه هر کلیدی را فشار دهید.","Farsi","1536","-308","308","-308","308","0","0","0","0"
"6","5000","8","undefined","undefined","undefined","undefined","#1a1a1a","5","psycho","True","psycho","psycho","uniform","undefined","undefined","undefined","0","NA","0","0","30","30","0","0","0","NA","0","30","30","NA","30","30","0","30","0","0","NA","0","30","30","30","30","30","30","0","30","30","30","0","99.77479116496707","Tue Jul 14 14:54:32 2026","1000","The main experiment item","False","V7_AttentionalSpatialBias_.osexp","C:\Users\plcm\Downloads","234.2437999996473","013.png","1062.63552","437.48639999999995","True","False","mono","False","18","no","white","no","yes","RTL","1062.63552","437.48639999999995","864","5","012.png","013.png","4","psycho","Farsi","30","30","C:\Users\plcm\Downloads\subject-103.csv","150","psycho","no","390097.2394","Neonatal Nightingale","4.1.14","2","2","prime_6","31","RTL","زمستان آمد و هوا خیلی سرد بود. او در یک دریاچه نزدیک بود یخ بزند، اما یک کشاورز او را پیدا کرد و به خانه خود برد.","0","2","space","2","NA","NA","2","924.2333999991533","10488.151799998377","NA","NA","924.2333999991533","2","psycho","5, 1, 3, 2, 4, 6, 6, 3, 2, 4, 1, 5, 2, 3, 5, 4, 1, 6, 6, 3, 4, 1, 5, 2, 4, 5, 6, 3, 2, 1, 2, 3, 1, 4, 5, 6, 4, 6, 5, 2, 3, 1, 1, 3, 2, 4, 5, 6","True","1024","2","48000","-16","experiment","103","odd","388.72930799999995","501.0","1035.0","278.0","586.0","74958.79630000127","NA","NA","5458.057699999699","388729.23700000136","388729.28920000046","NA","19279.39520000109","60359.899200000655","NA","5458.34190000096","396032.21289999963","388719.54519999964","NA","389077.90750000096","389084.21199999977","23015.45360000091","395098.5109000012","85447.63070000045","NA","NA","86411.68930000094","378710.0000999999","396032.17960000073","395106.7017000005","378709.94820000126","390087.75460000103","390084.55730000057","86412.08150000057","378709.52980000037","390087.8150999997","390097.20370000106","19279.459600000337","Attentional Spatial Bias","0","0","0","31","اکنون چشم‌پیما را کالیبره می‌کنیم.<br><br>لطفاً نقطه متحرک را با چشمان خود دنبال کنید و سرتان را ثابت نگه دارید.<br><br>لطفاً منتظر بمانید.","از شرکت شما سپاسگزاریم!<br><br>آزمایش اکنون به پایان رسیده است.<br><br>لطفاً با آزمایشگر تماس بگیرید.","در این آزمایش، شما یک داستان کوتاه را که روی صفحه نمایش داده می‌شود، خواهید خواند.<br><br>لطفاً هر خط را با دقت بخوانید، زیرا در پایان آزمایش چند سؤال در مورد داستان از شما پرسیده خواهد شد.<br><br>پس از هر پاراگراف، یک جفت تصویر خواهید دید. به هر دو تصویر نگاه کنید و تعداد کل دایره‌ها را در دو تصویر بشمارید.<br><br>در صفحه بعد می‌توانید نمونه‌هایی از یک دایره صحیح و یک شکل نادرست را ببینید. فقط شکل‌هایی را بشمارید که با نمونه دایره صحیح مطابقت دارند.<br><br>برای شروع هر کلیدی را فشار دهید.","دایره شمارش شده را وارد کنید (۰-۳ را فشار دهید)","خوش آمدید! برای ادامه هر کلیدی را فشار دهید.","Farsi","1536","-267","267","-267","267","-154","154","-154","154"
"6","5000","8","undefined","undefined","undefined","undefined","#1a1a1a","5","psycho","True","psycho","psycho","uniform","undefined","undefined","undefined","0","NA","0","0","31","31","0","0","0","NA","0","31","31","NA","31","31","0","31","0","0","NA","0","31","31","31","31","31","31","0","31","31","31","0","68.4792042308904","Tue Jul 14 14:54:32 2026","1000","The main experiment item","False","V7_AttentionalSpatialBias_.osexp","C:\Users\plcm\Downloads","277.05049999896437","014.png","678.97344","268.47072000000003","True","False","mono","False","18","no","white","no","yes","RTL","678.97344","268.47072000000003","864","5","014.png","015.png","4","psycho","Farsi","31","31","C:\Users\plcm\Downloads\subject-103.csv","150","psycho","no","397193.0650000013","Neonatal Nightingale","4.1.14","3","3","no_prime_trial_32","32","RTL","","0","0","space","0","NA","NA","0","571.2882999996655","10488.151799998377","NA","NA","571.2882999996655","2","psycho","5, 1, 3, 2, 4, 6, 6, 3, 2, 4, 1, 5, 2, 3, 5, 4, 1, 6, 6, 3, 4, 1, 5, 2, 4, 5, 6, 3, 2, 1, 2, 3, 1, 4, 5, 6, 4, 6, 5, 2, 3, 1, 1, 3, 2, 4, 5, 6","False","1024","2","48000","-16","experiment","103","odd","396.1735428000011","614.0","922.0","165.0","699.0","74958.79630000127","NA","NA","5458.057699999699","396173.39420000097","396173.5129000008","NA","19279.39520000109","60359.899200000655","NA","5458.34190000096","402775.69720000064","396159.6662000011","NA","396179.0142000009","396184.09280000016","23015.45360000091","402196.7292999998","85447.63070000045","NA","NA","86411.68930000094","396159.6464000013","402775.66170000134","402203.5850000011","396159.5945000008","397187.0230000004","397184.2589000007","86412.08150000057","396159.3090000006","397187.0780999998","397193.02340000105","19279.459600000337","Attentional Spatial Bias","0","0","0","32","اکنون چشم‌پیما را کالیبره می‌کنیم.<br><br>لطفاً نقطه متحرک را با چشمان خود دنبال کنید و سرتان را ثابت نگه دارید.<br><br>لطفاً منتظر بمانید.","از شرکت شما سپاسگزاریم!<br><br>آزمایش اکنون به پایان رسیده است.<br><br>لطفاً با آزمایشگر تماس بگیرید.","در این آزمایش، شما یک داستان کوتاه را که روی صفحه نمایش داده می‌شود، خواهید خواند.<br><br>لطفاً هر خط را با دقت بخوانید، زیرا در پایان آزمایش چند سؤال در مورد داستان از شما پرسیده خواهد شد.<br><br>پس از هر پاراگراف، یک جفت تصویر خواهید دید. به هر دو تصویر نگاه کنید و تعداد کل دایره‌ها را در دو تصویر بشمارید.<br><br>در صفحه بعد می‌توانید نمونه‌هایی از یک دایره صحیح و یک شکل نادرست را ببینید. فقط شکل‌هایی را بشمارید که با نمونه دایره صحیح مطابقت دارند.<br><br>برای شروع هر کلیدی را فشار دهید.","دایره شمارش شده را وارد کنید (۰-۳ را فشار دهید)","خوش آمدید! برای ادامه هر کلیدی را فشار دهید.","Farsi","1536","-154","154","-154","154","-267","267","-267","267"
"6","5000","8","undefined","undefined","undefined","undefined","#1a1a1a","5","psycho","True","psycho","psycho","uniform","undefined","undefined","undefined","0","NA","0","0","32","32","0","0","0","NA","0","32","32","NA","32","32","0","32","0","0","NA","0","32","32","32","32","32","32","0","32","32","32","0","96.83028441732063","Tue Jul 14 14:54:32 2026","1000","The main experiment item","False","V7_AttentionalSpatialBias_.osexp","C:\Users\plcm\Downloads","9.49120000039693","000.png","492.87167999999997","376.12512","True","False","mono","False","18","no","white","no","yes","RTL","492.87167999999997","376.12512","864","5","000.png","001.png","4","psycho","Farsi","32","32","C:\Users\plcm\Downloads\subject-103.csv","150","psycho","no","403975.85810000054","Neonatal Nightingale","4.1.14","1","1","no_prime_trial_33","33","RTL","","0","2","space","2","NA","NA","2","336.3990999987582","10488.151799998377","NA","NA","336.3990999987582","2","psycho","5, 1, 3, 2, 4, 6, 6, 3, 2, 4, 1, 5, 2, 3, 5, 4, 1, 6, 6, 3, 4, 1, 5, 2, 4, 5, 6, 3, 2, 1, 2, 3, 1, 4, 5, 6, 4, 6, 5, 2, 3, 1, 1, 3, 2, 4, 5, 6","False","1024","2","48000","-16","experiment","103","odd","402.89156470000125","460.0","1076.0","432.0","432.0","74958.79630000127","NA","NA","5458.057699999699","402891.4753000008","402891.5420000012","NA","19279.39520000109","60359.899200000655","NA","5458.34190000096","409327.6352000012","402878.8362000014","NA","402956.6990000003","402962.23280000046","23015.45360000091","408978.96089999995","85447.63070000045","NA","NA","86411.68930000094","402878.81820000074","409327.5997000001","408990.5243000012","402878.7738999999","403966.16350000113","403962.34150000056","86412.08150000057","402878.38900000136","403966.2219000002","403975.8142999999","19279.459600000337","Attentional Spatial Bias","0","0","0","33","اکنون چشم‌پیما را کالیبره می‌کنیم.<br><br>لطفاً نقطه متحرک را با چشمان خود دنبال کنید و سرتان را ثابت نگه دارید.<br><br>لطفاً منتظر بمانید.","از شرکت شما سپاسگزاریم!<br><br>آزمایش اکنون به پایان رسیده است.<br><br>لطفاً با آزمایشگر تماس بگیرید.","در این آزمایش، شما یک داستان کوتاه را که روی صفحه نمایش داده می‌شود، خواهید خواند.<br><br>لطفاً هر خط را با دقت بخوانید، زیرا در پایان آزمایش چند سؤال در مورد داستان از شما پرسیده خواهد شد.<br><br>پس از هر پاراگراف، یک جفت تصویر خواهید دید. به هر دو تصویر نگاه کنید و تعداد کل دایره‌ها را در دو تصویر بشمارید.<br><br>در صفحه بعد می‌توانید نمونه‌هایی از یک دایره صحیح و یک شکل نادرست را ببینید. فقط شکل‌هایی را بشمارید که با نمونه دایره صحیح مطابقت دارند.<br><br>برای شروع هر کلیدی را فشار دهید.","دایره شمارش شده را وارد کنید (۰-۳ را فشار دهید)","خوش آمدید! برای ادامه هر کلیدی را فشار دهید.","Farsi","1536","-308","308","-308","308","0","0","0","0"
"6","5000","8","undefined","undefined","undefined","undefined","#1a1a1a","5","psycho","True","psycho","psycho","uniform","undefined","undefined","undefined","0","NA","0","0","33","33","0","0","0","NA","0","33","33","NA","33","33","0","33","0","0","NA","0","33","33","33","33","33","33","0","33","33","33","0","83.61194204435635","Tue Jul 14 14:54:32 2026","1000","The main experiment item","False","V7_AttentionalSpatialBias_.osexp","C:\Users\plcm\Downloads","224.8662999990629","002.png","849.1929600000001","248.97024000000002","True","False","mono","False","18","no","white","no","yes","RTL","849.1929600000001","248.97024000000002","864","5","002.png","003.png","4","psycho","Farsi","33","33","C:\Users\plcm\Downloads\subject-103.csv","150","psycho","no","410467.1720000006","Neonatal Nightingale","4.1.14","4","4","no_prime_trial_34","34","RTL","","0","1","space","1","NA","NA","1","415.9341000012937","10488.151799998377","NA","NA","415.9341000012937","2","psycho","5, 1, 3, 2, 4, 6, 6, 3, 2, 4, 1, 5, 2, 3, 5, 4, 1, 6, 6, 3, 4, 1, 5, 2, 4, 5, 6, 3, 2, 1, 2, 3, 1, 4, 5, 6, 4, 6, 5, 2, 3, 1, 1, 3, 2, 4, 5, 6","False","1024","2","48000","-16","experiment","103","odd","409.4439854000011","768.0","768.0","124.0","740.0","74958.79630000127","NA","NA","5458.057699999699","409443.8389000006","409443.9480000001","NA","19279.39520000109","60359.899200000655","NA","5458.34190000096","415895.5517000013","409432.1321000007","NA","409449.2769999997","409454.98640000005","23015.45360000091","415471.0207999997","85447.63070000045","NA","NA","86411.68930000094","409432.1104999999","415895.52100000036","415478.9602000001","409432.05099999974","410459.1029000003","410455.6924999997","86412.08150000057","409431.57050000085","410459.1564000002","410467.1444000014","19279.459600000337","Attentional Spatial Bias","0","0","0","34","اکنون چشم‌پیما را کالیبره می‌کنیم.<br><br>لطفاً نقطه متحرک را با چشمان خود دنبال کنید و سرتان را ثابت نگه دارید.<br><br>لطفاً منتظر بمانید.","از شرکت شما سپاسگزاریم!<br><br>آزمایش اکنون به پایان رسیده است.<br><br>لطفاً با آزمایشگر تماس بگیرید.","در این آزمایش، شما یک داستان کوتاه را که روی صفحه نمایش داده می‌شود، خواهید خواند.<br><br>لطفاً هر خط را با دقت بخوانید، زیرا در پایان آزمایش چند سؤال در مورد داستان از شما پرسیده خواهد شد.<br><br>پس از هر پاراگراف، یک جفت تصویر خواهید دید. به هر دو تصویر نگاه کنید و تعداد کل دایره‌ها را در دو تصویر بشمارید.<br><br>در صفحه بعد می‌توانید نمونه‌هایی از یک دایره صحیح و یک شکل نادرست را ببینید. فقط شکل‌هایی را بشمارید که با نمونه دایره صحیح مطابقت دارند.<br><br>برای شروع هر کلیدی را فشار دهید.","دایره شمارش شده را وارد کنید (۰-۳ را فشار دهید)","خوش آمدید! برای ادامه هر کلیدی را فشار دهید.","Farsi","1536","0","0","0","0","-308","308","-308","308"
"6","5000","8","undefined","undefined","undefined","undefined","#1a1a1a","5","psycho","True","psycho","psycho","uniform","undefined","undefined","undefined","0","NA","0","0","34","34","0","0","0","NA","0","34","34","NA","34","34","0","34","0","0","NA","0","34","34","34","34","34","34","0","34","34","34","0","85.98776742918724","Tue Jul 14 14:54:32 2026","1000","The main experiment item","False","V7_AttentionalSpatialBias_.osexp","C:\Users\plcm\Downloads","10.955599998880643","004.png","693.30432","811.20096","True","False","mono","False","18","no","white","no","yes","RTL","693.30432","811.20096","864","5","004.png","005.png","4","psycho","Farsi","34","34","C:\Users\plcm\Downloads\subject-103.csv","150","psycho","no","417121.1770000009","Neonatal Nightingale","4.1.14","5","5","no_prime_trial_35","35","RTL","","0","2","space","2","NA","NA","2","554.7139999998617","10488.151799998377","NA","NA","554.7139999998617","2","psycho","5, 1, 3, 2, 4, 6, 6, 3, 2, 4, 1, 5, 2, 3, 5, 4, 1, 6, 6, 3, 4, 1, 5, 2, 4, 5, 6, 3, 2, 1, 2, 3, 1, 4, 5, 6, 4, 6, 5, 2, 3, 1, 1, 3, 2, 4, 5, 6","False","1024","2","48000","-16","experiment","103","odd","416.0421616000003","614.0","922.0","699.0","165.0","74958.79630000127","NA","NA","5458.057699999699","416042.03700000106","416042.13490000076","NA","19279.39520000109","60359.899200000655","NA","5458.34190000096","422688.15449999965","416030.2109000004","NA","416102.39130000083","416107.9246999998","23015.45360000091","422124.3402","85447.63070000045","NA","NA","86411.68930000094","416030.19289999973","422688.1164000006","422132.3518999998","416030.155800001","417112.02310000046","417108.47880000074","86412.08150000057","416029.9556999998","417112.08450000046","417121.1306000005","19279.459600000337","Attentional Spatial Bias","0","0","0","35","اکنون چشم‌پیما را کالیبره می‌کنیم.<br><br>لطفاً نقطه متحرک را با چشمان خود دنبال کنید و سرتان را ثابت نگه دارید.<br><br>لطفاً منتظر بمانید.","از شرکت شما سپاسگزاریم!<br><br>آزمایش اکنون به پایان رسیده است.<br><br>لطفاً با آزمایشگر تماس بگیرید.","در این آزمایش، شما یک داستان کوتاه را که روی صفحه نمایش داده می‌شود، خواهید خواند.<br><br>لطفاً هر خط را با دقت بخوانید، زیرا در پایان آزمایش چند سؤال در مورد داستان از شما پرسیده خواهد شد.<br><br>پس از هر پاراگراف، یک جفت تصویر خواهید دید. به هر دو تصویر نگاه کنید و تعداد کل دایره‌ها را در دو تصویر بشمارید.<br><br>در صفحه بعد می‌توانید نمونه‌هایی از یک دایره صحیح و یک شکل نادرست را ببینید. فقط شکل‌هایی را بشمارید که با نمونه دایره صحیح مطابقت دارند.<br><br>برای شروع هر کلیدی را فشار دهید.","دایره شمارش شده را وارد کنید (۰-۳ را فشار دهید)","خوش آمدید! برای ادامه هر کلیدی را فشار دهید.","Farsi","1536","-154","154","-154","154","267","-267","267","-267"
"6","5000","8","undefined","undefined","undefined","undefined","#1a1a1a","5","psycho","True","psycho","psycho","uniform","undefined","undefined","undefined","0","NA","0","0","35","35","0","0","0","NA","0","35","35","NA","35","35","0","35","0","0","NA","0","35","35","35","35","35","35","0","35","35","35","0","69.7813380950982","Tue Jul 14 14:54:32 2026","1000","The main experiment item","False","V7_AttentionalSpatialBias_.osexp","C:\Users\plcm\Downloads","210.4773999999743","006.png","604.43136","436.3632","True","False","mono","False","18","no","white","no","yes","RTL","604.43136","436.3632","864","5","006.png","007.png","4","psycho","Farsi","35","35","C:\Users\plcm\Downloads\subject-103.csv","150","psycho","no","423865.03190000076","Neonatal Nightingale","4.1.14","6","6","no_prime_trial_36","36","RTL","","0","2","space","2","NA","NA","2","603.5914999993402","10488.151799998377","NA","NA","603.5914999993402","2","psycho","5, 1, 3, 2, 4, 6, 6, 3, 2, 4, 1, 5, 2, 3, 5, 4, 1, 6, 6, 3, 4, 1, 5, 2, 4, 5, 6, 3, 2, 1, 2, 3, 1, 4, 5, 6, 4, 6, 5, 2, 3, 1, 1, 3, 2, 4, 5, 6","False","1024","2","48000","-16","experiment","103","odd","422.8445060000013","501.0","1035.0","586.0","278.0","74958.79630000127","NA","NA","5458.057699999699","422844.3829999997","422844.4779000001","NA","19279.39520000109","60359.899200000655","NA","5458.34190000096","429479.3901000012","422831.17500000115","NA","422849.7729999999","422855.3090000005","23015.45360000091","428865.72520000115","85447.63070000045","NA","NA","86411.68930000094","422831.1563000007","429479.36330000084","428875.2686000007","422831.105700001","423858.5930000008","423855.7421000005","86412.08150000057","422830.6037000002","423858.6421","423864.97589999996","19279.459600000337","Attentional Spatial Bias","0","0","0","36","اکنون چشم‌پیما را کالیبره می‌کنیم.<br><br>لطفاً نقطه متحرک را با چشمان خود دنبال کنید و سرتان را ثابت نگه دارید.<br><br>لطفاً منتظر بمانید.","از شرکت شما سپاسگزاریم!<br><br>آزمایش اکنون به پایان رسیده است.<br><br>لطفاً با آزمایشگر تماس بگیرید.","در این آزمایش، شما یک داستان کوتاه را که روی صفحه نمایش داده می‌شود، خواهید خواند.<br><br>لطفاً هر خط را با دقت بخوانید، زیرا در پایان آزمایش چند سؤال در مورد داستان از شما پرسیده خواهد شد.<br><br>پس از هر پاراگراف، یک جفت تصویر خواهید دید. به هر دو تصویر نگاه کنید و تعداد کل دایره‌ها را در دو تصویر بشمارید.<br><br>در صفحه بعد می‌توانید نمونه‌هایی از یک دایره صحیح و یک شکل نادرست را ببینید. فقط شکل‌هایی را بشمارید که با نمونه دایره صحیح مطابقت دارند.<br><br>برای شروع هر کلیدی را فشار دهید.","دایره شمارش شده را وارد کنید (۰-۳ را فشار دهید)","خوش آمدید! برای ادامه هر کلیدی را فشار دهید.","Farsi","1536","-267","267","-267","267","154","-154","154","-154"
"6","5000","8","undefined","undefined","undefined","undefined","#1a1a1a","6","psycho","True","psycho","psycho","uniform","undefined","undefined","undefined","0","NA","0","0","36","36","0","0","0","NA","0","36","36","NA","36","36","0","36","0","0","NA","0","36","36","36","36","36","36","0","36","36","36","0","66.59011672570037","Tue Jul 14 14:54:32 2026","1000","The main experiment item","False","V7_AttentionalSpatialBias_.osexp","C:\Users\plcm\Downloads","309.88609999982873","008.png","854.2310399999999","241.3152","True","False","mono","False","18","no","white","no","yes","RTL","854.2310399999999","241.3152","864","6","008.png","009.png","4","psycho","Farsi","36","36","C:\Users\plcm\Downloads\subject-103.csv","150","psycho","no","437254.22210000036","Neonatal Nightingale","4.1.14","4","4","prime_7","37","RTL","بچه‌های کشاورز او را ترساندند، بنابراین او دوباره در سرمای سوزان فرار کرد.","0","1","space","1","NA","NA","1","859.6727000003448","10488.151799998377","NA","NA","859.6727000003448","2","psycho","5, 1, 3, 2, 4, 6, 6, 3, 2, 4, 1, 5, 2, 3, 5, 4, 1, 6, 6, 3, 4, 1, 5, 2, 4, 5, 6, 3, 2, 1, 2, 3, 1, 4, 5, 6, 4, 6, 5, 2, 3, 1, 1, 3, 2, 4, 5, 6","True","1024","2","48000","-16","experiment","103","odd","436.1939448000012","768.0","768.0","124.0","740.0","74958.79630000127","NA","NA","5458.057699999699","436193.87180000014","436193.92560000054","NA","19279.39520000109","60359.899200000655","NA","5458.34190000096","443127.8223000008","436184.5398000005","NA","436236.65210000036","436242.32810000103","23015.45360000091","442258.82340000133","85447.63070000045","NA","NA","86411.68930000094","429614.1163000011","443127.7809000003","442267.2399000003","429614.0475000011","437246.1536999999","437242.79949999985","86412.08150000057","429612.8785000001","437246.22120000096","437254.1810000002","19279.459600000337","Attentional Spatial Bias","0","0","0","37","اکنون چشم‌پیما را کالیبره می‌کنیم.<br><br>لطفاً نقطه متحرک را با چشمان خود دنبال کنید و سرتان را ثابت نگه دارید.<br><br>لطفاً منتظر بمانید.","از شرکت شما سپاسگزاریم!<br><br>آزمایش اکنون به پایان رسیده است.<br><br>لطفاً با آزمایشگر تماس بگیرید.","در این آزمایش، شما یک داستان کوتاه را که روی صفحه نمایش داده می‌شود، خواهید خواند.<br><br>لطفاً هر خط را با دقت بخوانید، زیرا در پایان آزمایش چند سؤال در مورد داستان از شما پرسیده خواهد شد.<br><br>پس از هر پاراگراف، یک جفت تصویر خواهید دید. به هر دو تصویر نگاه کنید و تعداد کل دایره‌ها را در دو تصویر بشمارید.<br><br>در صفحه بعد می‌توانید نمونه‌هایی از یک دایره صحیح و یک شکل نادرست را ببینید. فقط شکل‌هایی را بشمارید که با نمونه دایره صحیح مطابقت دارند.<br><br>برای شروع هر کلیدی را فشار دهید.","دایره شمارش شده را وارد کنید (۰-۳ را فشار دهید)","خوش آمدید! برای ادامه هر کلیدی را فشار دهید.","Farsi","1536","0","0","0","0","-308","308","-308","308"
"6","5000","8","undefined","undefined","undefined","undefined","#1a1a1a","6","psycho","True","psycho","psycho","uniform","undefined","undefined","undefined","0","NA","0","0","37","37","0","0","0","NA","0","37","37","NA","37","37","0","37","0","0","NA","0","37","37","37","37","37","37","0","37","37","37","0","50.17036406306813","Tue Jul 14 14:54:32 2026","1000","The main experiment item","False","V7_AttentionalSpatialBias_.osexp","C:\Users\plcm\Downloads","663.4776999999303","011.png","1071.6825600000002","337.0896","True","False","mono","False","18","no","white","no","yes","RTL","1071.6825600000002","337.0896","864","6","010.png","011.png","4","psycho","Farsi","37","37","C:\Users\plcm\Downloads\subject-103.csv","150","psycho","no","444287.0012000003","Neonatal Nightingale","4.1.14","6","6","no_prime_trial_38","38","RTL","","0","2","space","2","NA","NA","2","452.80389999970794","10488.151799998377","NA","NA","452.80389999970794","2","psycho","5, 1, 3, 2, 4, 6, 6, 3, 2, 4, 1, 5, 2, 3, 5, 4, 1, 6, 6, 3, 4, 1, 5, 2, 4, 5, 6, 3, 2, 1, 2, 3, 1, 4, 5, 6, 4, 6, 5, 2, 3, 1, 1, 3, 2, 4, 5, 6","False","1024","2","48000","-16","experiment","103","odd","443.2642969999997","501.0","1035.0","586.0","278.0","74958.79630000127","NA","NA","5458.057699999699","443264.093400001","443264.2536000003","NA","19279.39520000109","60359.899200000655","NA","5458.34190000096","449751.61389999994","443252.41890000144","NA","443269.53140000114","443275.3470000007","23015.45360000091","449289.59490000125","85447.63070000045","NA","NA","86411.68930000094","443252.3882000005","449751.58759999974","449298.12610000046","443252.31900000107","444279.0401000002","444275.4971000013","86412.08150000057","443251.7542000005","444279.0967000001","444286.9633999999","19279.459600000337","Attentional Spatial Bias","0","0","0","38","اکنون چشم‌پیما را کالیبره می‌کنیم.<br><br>لطفاً نقطه متحرک را با چشمان خود دنبال کنید و سرتان را ثابت نگه دارید.<br><br>لطفاً منتظر بمانید.","از شرکت شما سپاسگزاریم!<br><br>آزمایش اکنون به پایان رسیده است.<br><br>لطفاً با آزمایشگر تماس بگیرید.","در این آزمایش، شما یک داستان کوتاه را که روی صفحه نمایش داده می‌شود، خواهید خواند.<br><br>لطفاً هر خط را با دقت بخوانید، زیرا در پایان آزمایش چند سؤال در مورد داستان از شما پرسیده خواهد شد.<br><br>پس از هر پاراگراف، یک جفت تصویر خواهید دید. به هر دو تصویر نگاه کنید و تعداد کل دایره‌ها را در دو تصویر بشمارید.<br><br>در صفحه بعد می‌توانید نمونه‌هایی از یک دایره صحیح و یک شکل نادرست را ببینید. فقط شکل‌هایی را بشمارید که با نمونه دایره صحیح مطابقت دارند.<br><br>برای شروع هر کلیدی را فشار دهید.","دایره شمارش شده را وارد کنید (۰-۳ را فشار دهید)","خوش آمدید! برای ادامه هر کلیدی را فشار دهید.","Farsi","1536","-267","267","-267","267","154","-154","154","-154"
"6","5000","8","undefined","undefined","undefined","undefined","#1a1a1a","6","psycho","True","psycho","psycho","uniform","undefined","undefined","undefined","0","NA","0","0","38","38","0","0","0","NA","0","38","38","NA","38","38","0","38","0","0","NA","0","38","38","38","38","38","38","0","38","38","38","0","36.14246474508347","Tue Jul 14 14:54:32 2026","1000","The main experiment item","False","V7_AttentionalSpatialBias_.osexp","C:\Users\plcm\Downloads","485.23070000007283","012.png","679.2959999999999","558.17856","True","False","mono","False","18","no","white","no","yes","RTL","679.2959999999999","558.17856","864","6","012.png","013.png","4","psycho","Farsi","38","38","C:\Users\plcm\Downloads\subject-103.csv","150","psycho","no","450924.9959000008","Neonatal Nightingale","4.1.14","5","5","no_prime_trial_39","39","RTL","","0","2","space","2","NA","NA","2","357.6984999999404","10488.151799998377","NA","NA","357.6984999999404","2","psycho","5, 1, 3, 2, 4, 6, 6, 3, 2, 4, 1, 5, 2, 3, 5, 4, 1, 6, 6, 3, 4, 1, 5, 2, 4, 5, 6, 3, 2, 1, 2, 3, 1, 4, 5, 6, 4, 6, 5, 2, 3, 1, 1, 3, 2, 4, 5, 6","False","1024","2","48000","-16","experiment","103","odd","449.8993836000009","614.0","922.0","699.0","165.0","74958.79630000127","NA","NA","5458.057699999699","449899.1956999998","449899.3418999999","NA","19279.39520000109","60359.899200000655","NA","5458.34190000096","456295.70960000093","449887.6442000001","NA","449904.6466","449910.14670000004","23015.45360000091","455928.7342000007","85447.63070000045","NA","NA","86411.68930000094","449887.6224000014","456295.6807999999","455937.2319000013","449887.56339999964","450914.8983000014","450910.2745","86412.08150000057","449887.01140000013","450915.0038000007","450924.96070000017","19279.459600000337","Attentional Spatial Bias","0","0","0","39","اکنون چشم‌پیما را کالیبره می‌کنیم.<br><br>لطفاً نقطه متحرک را با چشمان خود دنبال کنید و سرتان را ثابت نگه دارید.<br><br>لطفاً منتظر بمانید.","از شرکت شما سپاسگزاریم!<br><br>آزمایش اکنون به پایان رسیده است.<br><br>لطفاً با آزمایشگر تماس بگیرید.","در این آزمایش، شما یک داستان کوتاه را که روی صفحه نمایش داده می‌شود، خواهید خواند.<br><br>لطفاً هر خط را با دقت بخوانید، زیرا در پایان آزمایش چند سؤال در مورد داستان از شما پرسیده خواهد شد.<br><br>پس از هر پاراگراف، یک جفت تصویر خواهید دید. به هر دو تصویر نگاه کنید و تعداد کل دایره‌ها را در دو تصویر بشمارید.<br><br>در صفحه بعد می‌توانید نمونه‌هایی از یک دایره صحیح و یک شکل نادرست را ببینید. فقط شکل‌هایی را بشمارید که با نمونه دایره صحیح مطابقت دارند.<br><br>برای شروع هر کلیدی را فشار دهید.","دایره شمارش شده را وارد کنید (۰-۳ را فشار دهید)","خوش آمدید! برای ادامه هر کلیدی را فشار دهید.","Farsi","1536","-154","154","-154","154","267","-267","267","-267"
"6","5000","8","undefined","undefined","undefined","undefined","#1a1a1a","6","psycho","True","psycho","psycho","uniform","undefined","undefined","undefined","0","NA","0","0","39","39","0","0","0","NA","0","39","39","NA","39","39","0","39","0","0","NA","0","39","39","39","39","39","39","0","39","39","39","0","70.79409852665405","Tue Jul 14 14:54:32 2026","1000","The main experiment item","False","V7_AttentionalSpatialBias_.osexp","C:\Users\plcm\Downloads","10.95949999941513","015.png","895.2115200000001","436.20768000000004","True","False","mono","False","18","no","white","no","yes","RTL","895.2115200000001","436.20768000000004","864","6","014.png","015.png","4","psycho","Farsi","39","39","C:\Users\plcm\Downloads\subject-103.csv","150","psycho","no","457461.779700001","Neonatal Nightingale","4.1.14","2","2","no_prime_trial_40","40","RTL","","0","1","space","1","NA","NA","1","325.3115000007092","10488.151799998377","NA","NA","325.3115000007092","2","psycho","5, 1, 3, 2, 4, 6, 6, 3, 2, 4, 1, 5, 2, 3, 5, 4, 1, 6, 6, 3, 4, 1, 5, 2, 4, 5, 6, 3, 2, 1, 2, 3, 1, 4, 5, 6, 4, 6, 5, 2, 3, 1, 1, 3, 2, 4, 5, 6","False","1024","2","48000","-16","experiment","103","odd","456.4371482000006","501.0","1035.0","278.0","586.0","74958.79630000127","NA","NA","5458.057699999699","456437.0518000014","456437.12609999964","NA","19279.39520000109","60359.899200000655","NA","5458.34190000096","462799.6045","456424.9897999998","NA","456442.5055000011","456448.08800000104","23015.45360000091","462462.5917000012","85447.63070000045","NA","NA","86411.68930000094","456424.9692000012","462799.5761000002","462473.61140000063","456424.91800000065","457452.0143999998","457448.6096000001","86412.08150000057","456424.37830000016","457452.10980000044","457461.745300001","19279.459600000337","Attentional Spatial Bias","0","0","0","40","اکنون چشم‌پیما را کالیبره می‌کنیم.<br><br>لطفاً نقطه متحرک را با چشمان خود دنبال کنید و سرتان را ثابت نگه دارید.<br><br>لطفاً منتظر بمانید.","از شرکت شما سپاسگزاریم!<br><br>آزمایش اکنون به پایان رسیده است.<br><br>لطفاً با آزمایشگر تماس بگیرید.","در این آزمایش، شما یک داستان کوتاه را که روی صفحه نمایش داده می‌شود، خواهید خواند.<br><br>لطفاً هر خط را با دقت بخوانید، زیرا در پایان آزمایش چند سؤال در مورد داستان از شما پرسیده خواهد شد.<br><br>پس از هر پاراگراف، یک جفت تصویر خواهید دید. به هر دو تصویر نگاه کنید و تعداد کل دایره‌ها را در دو تصویر بشمارید.<br><br>در صفحه بعد می‌توانید نمونه‌هایی از یک دایره صحیح و یک شکل نادرست را ببینید. فقط شکل‌هایی را بشمارید که با نمونه دایره صحیح مطابقت دارند.<br><br>برای شروع هر کلیدی را فشار دهید.","دایره شمارش شده را وارد کنید (۰-۳ را فشار دهید)","خوش آمدید! برای ادامه هر کلیدی را فشار دهید.","Farsi","1536","-267","267","-267","267","-154","154","-154","154"
"6","5000","8","undefined","undefined","undefined","undefined","#1a1a1a","6","psycho","True","psycho","psycho","uniform","undefined","undefined","undefined","0","NA","0","0","40","40","0","0","0","NA","0","40","40","NA","40","40","0","40","0","0","NA","0","40","40","40","40","40","40","0","40","40","40","0","98.59046787670297","Tue Jul 14 14:54:32 2026","1000","The main experiment item","False","V7_AttentionalSpatialBias_.osexp","C:\Users\plcm\Downloads","159.24780000024475","001.png","835.0464","745.89984","True","False","mono","False","18","no","white","no","yes","RTL","835.0464","745.89984","864","6","000.png","001.png","4","psycho","Farsi","40","40","C:\Users\plcm\Downloads\subject-103.csv","150","psycho","no","463966.3897999999","Neonatal Nightingale","4.1.14","3","3","no_prime_trial_41","41","RTL","","0","2","space","2","NA","NA","2","363.23970000009285","10488.151799998377","NA","NA","363.23970000009285","2","psycho","5, 1, 3, 2, 4, 6, 6, 3, 2, 4, 1, 5, 2, 3, 5, 4, 1, 6, 6, 3, 4, 1, 5, 2, 4, 5, 6, 3, 2, 1, 2, 3, 1, 4, 5, 6, 4, 6, 5, 2, 3, 1, 1, 3, 2, 4, 5, 6","False","1024","2","48000","-16","experiment","103","odd","462.9205208000003","614.0","922.0","165.0","699.0","74958.79630000127","NA","NA","5458.057699999699","462920.42150000087","462920.49370000133","NA","19279.39520000109","60359.899200000655","NA","5458.34190000096","469343.7396999998","462909.39020000043","NA","462947.8231000012","462953.407500001","23015.45360000091","468970.424000001","85447.63070000045","NA","NA","86411.68930000094","462909.371400001","469343.71070000087","468979.67620000057","462909.3306000013","463956.7521000008","463953.88939999975","86412.08150000057","462909.1377000004","463956.82850000047","463966.3412000009","19279.459600000337","Attentional Spatial Bias","0","0","0","41","اکنون چشم‌پیما را کالیبره می‌کنیم.<br><br>لطفاً نقطه متحرک را با چشمان خود دنبال کنید و سرتان را ثابت نگه دارید.<br><br>لطفاً منتظر بمانید.","از شرکت شما سپاسگزاریم!<br><br>آزمایش اکنون به پایان رسیده است.<br><br>لطفاً با آزمایشگر تماس بگیرید.","در این آزمایش، شما یک داستان کوتاه را که روی صفحه نمایش داده می‌شود، خواهید خواند.<br><br>لطفاً هر خط را با دقت بخوانید، زیرا در پایان آزمایش چند سؤال در مورد داستان از شما پرسیده خواهد شد.<br><br>پس از هر پاراگراف، یک جفت تصویر خواهید دید. به هر دو تصویر نگاه کنید و تعداد کل دایره‌ها را در دو تصویر بشمارید.<br><br>در صفحه بعد می‌توانید نمونه‌هایی از یک دایره صحیح و یک شکل نادرست را ببینید. فقط شکل‌هایی را بشمارید که با نمونه دایره صحیح مطابقت دارند.<br><br>برای شروع هر کلیدی را فشار دهید.","دایره شمارش شده را وارد کنید (۰-۳ را فشار دهید)","خوش آمدید! برای ادامه هر کلیدی را فشار دهید.","Farsi","1536","-154","154","-154","154","-267","267","-267","267"
"6","5000","8","undefined","undefined","undefined","undefined","#1a1a1a","6","psycho","True","psycho","psycho","uniform","undefined","undefined","undefined","0","NA","0","0","41","41","0","0","0","NA","0","41","41","NA","41","41","0","41","0","0","NA","0","41","41","41","41","41","41","0","41","41","41","0","85.29835944423785","Tue Jul 14 14:54:32 2026","1000","The main experiment item","False","V7_AttentionalSpatialBias_.osexp","C:\Users\plcm\Downloads","244.26789999962784","002.png","538.81344","342.84384","True","False","mono","False","18","no","white","no","yes","RTL","538.81344","342.84384","864","6","002.png","003.png","4","psycho","Farsi","41","41","C:\Users\plcm\Downloads\subject-103.csv","150","psycho","no","470871.9469000007","Neonatal Nightingale","4.1.14","1","1","no_prime_trial_42","42","RTL","","0","1","space","1","NA","NA","1","386.4851000016788","10488.151799998377","NA","NA","386.4851000016788","2","psycho","5, 1, 3, 2, 4, 6, 6, 3, 2, 4, 1, 5, 2, 3, 5, 4, 1, 6, 6, 3, 4, 1, 5, 2, 4, 5, 6, 3, 2, 1, 2, 3, 1, 4, 5, 6, 4, 6, 5, 2, 3, 1, 1, 3, 2, 4, 5, 6","False","1024","2","48000","-16","experiment","103","odd","469.4772881000008","460.0","1076.0","432.0","432.0","74958.79630000127","NA","NA","5458.057699999699","469477.16150000086","469477.26030000014","NA","19279.39520000109","60359.899200000655","NA","5458.34190000096","476271.65220000094","469465.27070000046","NA","469854.1256000008","469860.0172000006","23015.45360000091","475873.88120000105","85447.63070000045","NA","NA","86411.68930000094","469465.25180000026","476271.6256000003","475884.41729999974","469465.19890000124","470863.9303","470860.60390000057","86412.08150000057","469464.2276000013","470863.9886000001","470871.9079000002","19279.459600000337","Attentional Spatial Bias","0","0","0","42","اکنون چشم‌پیما را کالیبره می‌کنیم.<br><br>لطفاً نقطه متحرک را با چشمان خود دنبال کنید و سرتان را ثابت نگه دارید.<br><br>لطفاً منتظر بمانید.","از شرکت شما سپاسگزاریم!<br><br>آزمایش اکنون به پایان رسیده است.<br><br>لطفاً با آزمایشگر تماس بگیرید.","در این آزمایش، شما یک داستان کوتاه را که روی صفحه نمایش داده می‌شود، خواهید خواند.<br><br>لطفاً هر خط را با دقت بخوانید، زیرا در پایان آزمایش چند سؤال در مورد داستان از شما پرسیده خواهد شد.<br><br>پس از هر پاراگراف، یک جفت تصویر خواهید دید. به هر دو تصویر نگاه کنید و تعداد کل دایره‌ها را در دو تصویر بشمارید.<br><br>در صفحه بعد می‌توانید نمونه‌هایی از یک دایره صحیح و یک شکل نادرست را ببینید. فقط شکل‌هایی را بشمارید که با نمونه دایره صحیح مطابقت دارند.<br><br>برای شروع هر کلیدی را فشار دهید.","دایره شمارش شده را وارد کنید (۰-۳ را فشار دهید)","خوش آمدید! برای ادامه هر کلیدی را فشار دهید.","Farsi","1536","-308","308","-308","308","0","0","0","0"
"6","5000","8","undefined","undefined","undefined","undefined","#1a1a1a","7","psycho","False","psycho","psycho","uniform","undefined","undefined","undefined","0","NA","0","0","42","42","0","0","0","NA","0","42","42","NA","42","42","0","42","0","0","NA","0","42","42","42","42","42","42","0","42","42","42","0","320.5733654559742","Tue Jul 14 14:54:32 2026","1000","The main experiment item","False","V7_AttentionalSpatialBias_.osexp","C:\Users\plcm\Downloads","8.099099999526516","004.png","505.78944","424.9152","True","False","mono","False","18","no","white","no","yes","RTL","505.78944","424.9152","864","7","004.png","005.png","4","psycho","Farsi","42","42","C:\Users\plcm\Downloads\subject-103.csv","150","psycho","no","488569.2216000007","Neonatal Nightingale","4.1.14","1","1","prime_8","43","RTL","او زمستان را تنها گذراند و فکر می‌کرد زشت‌ترین موجود جهان است. سپس بهار آمد و سرما از بین رفت. یک روز قوهای سفید زیبایی را روی دریاچه دید و به سمتشان شنا کرد، در حالی که می‌ترسید آن‌ها هم او را فراری دهند.","0","2","space","2","NA","NA","2","477.25629999878583","10488.151799998377","NA","NA","477.25629999878583","2","psycho","5, 1, 3, 2, 4, 6, 6, 3, 2, 4, 1, 5, 2, 3, 5, 4, 1, 6, 6, 3, 4, 1, 5, 2, 4, 5, 6, 3, 2, 1, 2, 3, 1, 4, 5, 6, 4, 6, 5, 2, 3, 1, 1, 3, 2, 4, 5, 6","True","1024","2","48000","-16","experiment","103","odd","486.04519430000073","460.0","1076.0","432.0","432.0","74958.79630000127","NA","NA","5458.057699999699","486045.0842999999","486045.16890000016","NA","19279.39520000109","60359.899200000655","NA","5458.34190000096","494056.87410000066","486031.4820000003","NA","487549.5283","487554.9503000002","23015.45360000091","493570.22940000024","85447.63070000045","NA","NA","86411.68930000094","476396.3590000003","494056.76479999966","493577.8516000009","476396.29270000116","488559.92309999967","488555.4886000009","86412.08150000057","476395.73850000126","488559.9844999997","488569.19790000026","19279.459600000337","Attentional Spatial Bias","0","0","0","43","اکنون چشم‌پیما را کالیبره می‌کنیم.<br><br>لطفاً نقطه متحرک را با چشمان خود دنبال کنید و سرتان را ثابت نگه دارید.<br><br>لطفاً منتظر بمانید.","از شرکت شما سپاسگزاریم!<br><br>آزمایش اکنون به پایان رسیده است.<br><br>لطفاً با آزمایشگر تماس بگیرید.","در این آزمایش، شما یک داستان کوتاه را که روی صفحه نمایش داده می‌شود، خواهید خواند.<br><br>لطفاً هر خط را با دقت بخوانید، زیرا در پایان آزمایش چند سؤال در مورد داستان از شما پرسیده خواهد شد.<br><br>پس از هر پاراگراف، یک جفت تصویر خواهید دید. به هر دو تصویر نگاه کنید و تعداد کل دایره‌ها را در دو تصویر بشمارید.<br><br>در صفحه بعد می‌توانید نمونه‌هایی از یک دایره صحیح و یک شکل نادرست را ببینید. فقط شکل‌هایی را بشمارید که با نمونه دایره صحیح مطابقت دارند.<br><br>برای شروع هر کلیدی را فشار دهید.","دایره شمارش شده را وارد کنید (۰-۳ را فشار دهید)","خوش آمدید! برای ادامه هر کلیدی را فشار دهید.","Farsi","1536","-308","308","-308","308","0","0","0","0"
"6","5000","8","undefined","undefined","undefined","undefined","#1a1a1a","7","psycho","True","psycho","psycho","uniform","undefined","undefined","undefined","0","NA","0","0","43","43","0","0","0","NA","0","43","43","NA","43","43","0","43","0","0","NA","0","43","43","43","43","43","43","0","43","43","43","0","84.76796860701573","Tue Jul 14 14:54:32 2026","1000","The main experiment item","False","V7_AttentionalSpatialBias_.osexp","C:\Users\plcm\Downloads","65.4696999990847","006.png","507.63264000000004","310.32288","True","False","mono","False","18","no","white","no","yes","RTL","507.63264000000004","310.32288","864","7","006.png","007.png","4","psycho","Farsi","43","43","C:\Users\plcm\Downloads\subject-103.csv","150","psycho","no","495228.6718000014","Neonatal Nightingale","4.1.14","3","3","no_prime_trial_44","44","RTL","","0","1","space","1","NA","NA","1","391.95639999891864","10488.151799998377","NA","NA","391.95639999891864","2","psycho","5, 1, 3, 2, 4, 6, 6, 3, 2, 4, 1, 5, 2, 3, 5, 4, 1, 6, 6, 3, 4, 1, 5, 2, 4, 5, 6, 3, 2, 1, 2, 3, 1, 4, 5, 6, 4, 6, 5, 2, 3, 1, 1, 3, 2, 4, 5, 6","False","1024","2","48000","-16","experiment","103","odd","494.20450170000004","614.0","922.0","165.0","699.0","74958.79630000127","NA","NA","5458.057699999699","494204.38640000066","494204.4736999996","NA","19279.39520000109","60359.899200000655","NA","5458.34190000096","500631.59989999986","494189.9168","NA","494209.6653999997","494215.06060000136","23015.45360000091","500231.14410000015","85447.63070000045","NA","NA","86411.68930000094","494189.8981000013","500631.5720000002","500238.911800001","494189.8575000014","495217.9480000014","495215.17850000056","86412.08150000057","494189.5010999997","495218.01220000087","495228.6100000001","19279.459600000337","Attentional Spatial Bias","0","0","0","44","اکنون چشم‌پیما را کالیبره می‌کنیم.<br><br>لطفاً نقطه متحرک را با چشمان خود دنبال کنید و سرتان را ثابت نگه دارید.<br><br>لطفاً منتظر بمانید.","از شرکت شما سپاسگزاریم!<br><br>آزمایش اکنون به پایان رسیده است.<br><br>لطفاً با آزمایشگر تماس بگیرید.","در این آزمایش، شما یک داستان کوتاه را که روی صفحه نمایش داده می‌شود، خواهید خواند.<br><br>لطفاً هر خط را با دقت بخوانید، زیرا در پایان آزمایش چند سؤال در مورد داستان از شما پرسیده خواهد شد.<br><br>پس از هر پاراگراف، یک جفت تصویر خواهید دید. به هر دو تصویر نگاه کنید و تعداد کل دایره‌ها را در دو تصویر بشمارید.<br><br>در صفحه بعد می‌توانید نمونه‌هایی از یک دایره صحیح و یک شکل نادرست را ببینید. فقط شکل‌هایی را بشمارید که با نمونه دایره صحیح مطابقت دارند.<br><br>برای شروع هر کلیدی را فشار دهید.","دایره شمارش شده را وارد کنید (۰-۳ را فشار دهید)","خوش آمدید! برای ادامه هر کلیدی را فشار دهید.","Farsi","1536","-154","154","-154","154","-267","267","-267","267"
"6","5000","8","undefined","undefined","undefined","undefined","#1a1a1a","7","psycho","False","psycho","psycho","uniform","undefined","undefined","undefined","0","NA","0","0","44","44","0","0","0","NA","0","44","44","NA","44","44","0","44","0","0","NA","0","44","44","44","44","44","44","0","44","44","44","0","283.777568629494","Tue Jul 14 14:54:32 2026","1000","The main experiment item","False","V7_AttentionalSpatialBias_.osexp","C:\Users\plcm\Downloads","-1","none","-1","-1","False","False","mono","False","18","no","white","no","yes","RTL","510.04416000000003","550.27296","864","7","008.png","009.png","4","psycho","Farsi","44","44","C:\Users\plcm\Downloads\subject-103.csv","150","psycho","no","503292.0399000013","Neonatal Nightingale","4.1.14","2","2","no_prime_trial_45","45","RTL","","0","1","space","1","NA","NA","1","640.7093000016175","10488.151799998377","NA","NA","640.7093000016175","2","psycho","5, 1, 3, 2, 4, 6, 6, 3, 2, 4, 1, 5, 2, 3, 5, 4, 1, 6, 6, 3, 4, 1, 5, 2, 4, 5, 6, 3, 2, 1, 2, 3, 1, 4, 5, 6, 4, 6, 5, 2, 3, 1, 1, 3, 2, 4, 5, 6","False","1024","2","48000","-16","experiment","103","odd","500.7752739000007","501.0","1035.0","278.0","586.0","74958.79630000127","NA","NA","5458.057699999699","500775.1697000003","500775.2508000012","NA","19279.39520000109","60359.899200000655","NA","5458.34190000096","508943.9067000003","500763.24469999963","NA","502276.1576000012","502281.28319999995","23015.45360000091","508294.0193000013","85447.63070000045","NA","NA","86411.68930000094","500763.2145000007","508943.8702000007","508302.27329999977","500763.12780000083","503284.6035000002","503281.3829000006","86412.08150000057","500762.19730000047","503284.64750000054","503292.0016000007","19279.459600000337","Attentional Spatial Bias","0","0","0","45","اکنون چشم‌پیما را کالیبره می‌کنیم.<br><br>لطفاً نقطه متحرک را با چشمان خود دنبال کنید و سرتان را ثابت نگه دارید.<br><br>لطفاً منتظر بمانید.","از شرکت شما سپاسگزاریم!<br><br>آزمایش اکنون به پایان رسیده است.<br><br>لطفاً با آزمایشگر تماس بگیرید.","در این آزمایش، شما یک داستان کوتاه را که روی صفحه نمایش داده می‌شود، خواهید خواند.<br><br>لطفاً هر خط را با دقت بخوانید، زیرا در پایان آزمایش چند سؤال در مورد داستان از شما پرسیده خواهد شد.<br><br>پس از هر پاراگراف، یک جفت تصویر خواهید دید. به هر دو تصویر نگاه کنید و تعداد کل دایره‌ها را در دو تصویر بشمارید.<br><br>در صفحه بعد می‌توانید نمونه‌هایی از یک دایره صحیح و یک شکل نادرست را ببینید. فقط شکل‌هایی را بشمارید که با نمونه دایره صحیح مطابقت دارند.<br><br>برای شروع هر کلیدی را فشار دهید.","دایره شمارش شده را وارد کنید (۰-۳ را فشار دهید)","خوش آمدید! برای ادامه هر کلیدی را فشار دهید.","Farsi","1536","-267","267","-267","267","-154","154","-154","154"
"6","5000","8","undefined","undefined","undefined","undefined","#1a1a1a","7","psycho","False","psycho","psycho","uniform","undefined","undefined","undefined","0","NA","0","0","45","45","0","0","0","NA","0","45","45","NA","45","45","0","45","0","0","NA","0","45","45","45","45","45","45","0","45","45","45","0","283.777568629494","Tue Jul 14 14:54:32 2026","1000","The main experiment item","False","V7_AttentionalSpatialBias_.osexp","C:\Users\plcm\Downloads","-1","none","-1","-1","False","False","mono","False","18","no","white","no","yes","RTL","606.91968","162.44928","864","7","010.png","011.png","4","psycho","Farsi","45","45","C:\Users\plcm\Downloads\subject-103.csv","150","psycho","no","511612.3413000005","Neonatal Nightingale","4.1.14","4","4","no_prime_trial_46","46","RTL","","0","2","space","2","NA","NA","2","633.9230999983847","10488.151799998377","NA","NA","633.9230999983847","2","psycho","5, 1, 3, 2, 4, 6, 6, 3, 2, 4, 1, 5, 2, 3, 5, 4, 1, 6, 6, 3, 4, 1, 5, 2, 4, 5, 6, 3, 2, 1, 2, 3, 1, 4, 5, 6, 4, 6, 5, 2, 3, 1, 1, 3, 2, 4, 5, 6","False","1024","2","48000","-16","experiment","103","odd","509.0932240000002","768.0","768.0","124.0","740.0","74958.79630000127","NA","NA","5458.057699999699","509093.08820000116","509093.18429999985","NA","19279.39520000109","60359.899200000655","NA","5458.34190000096","517255.80700000137","509081.62179999996","NA","510595.4417000012","510601.0136000004","23015.45360000091","516612.59100000095","85447.63070000045","NA","NA","86411.68930000094","509081.6000000014","517255.77760000125","516620.9819000014","509081.5440000006","511604.7995000008","511601.56740000093","86412.08150000057","509081.1007000011","511604.8499000008","511612.2972000012","19279.459600000337","Attentional Spatial Bias","0","0","0","46","اکنون چشم‌پیما را کالیبره می‌کنیم.<br><br>لطفاً نقطه متحرک را با چشمان خود دنبال کنید و سرتان را ثابت نگه دارید.<br><br>لطفاً منتظر بمانید.","از شرکت شما سپاسگزاریم!<br><br>آزمایش اکنون به پایان رسیده است.<br><br>لطفاً با آزمایشگر تماس بگیرید.","در این آزمایش، شما یک داستان کوتاه را که روی صفحه نمایش داده می‌شود، خواهید خواند.<br><br>لطفاً هر خط را با دقت بخوانید، زیرا در پایان آزمایش چند سؤال در مورد داستان از شما پرسیده خواهد شد.<br><br>پس از هر پاراگراف، یک جفت تصویر خواهید دید. به هر دو تصویر نگاه کنید و تعداد کل دایره‌ها را در دو تصویر بشمارید.<br><br>در صفحه بعد می‌توانید نمونه‌هایی از یک دایره صحیح و یک شکل نادرست را ببینید. فقط شکل‌هایی را بشمارید که با نمونه دایره صحیح مطابقت دارند.<br><br>برای شروع هر کلیدی را فشار دهید.","دایره شمارش شده را وارد کنید (۰-۳ را فشار دهید)","خوش آمدید! برای ادامه هر کلیدی را فشار دهید.","Farsi","1536","0","0","0","0","-308","308","-308","308"
"6","5000","8","undefined","undefined","undefined","undefined","#1a1a1a","7","psycho","False","psycho","psycho","uniform","undefined","undefined","undefined","0","NA","0","0","46","46","0","0","0","NA","0","46","46","NA","46","46","0","46","0","0","NA","0","46","46","46","46","46","46","0","46","46","46","0","314.0134712776202","Tue Jul 14 14:54:32 2026","1000","The main experiment item","False","V7_AttentionalSpatialBias_.osexp","C:\Users\plcm\Downloads","-1","none","-1","-1","False","False","mono","False","18","no","white","no","yes","RTL","606.91968","162.44928","864","7","012.png","013.png","4","psycho","Farsi","46","46","C:\Users\plcm\Downloads\subject-103.csv","150","psycho","no","519919.2816000013","Neonatal Nightingale","4.1.14","5","5","no_prime_trial_47","47","RTL","","0","2","space","2","NA","NA","2","575.4752000011504","10488.151799998377","NA","NA","575.4752000011504","2","psycho","5, 1, 3, 2, 4, 6, 6, 3, 2, 4, 1, 5, 2, 3, 5, 4, 1, 6, 6, 3, 4, 1, 5, 2, 4, 5, 6, 3, 2, 1, 2, 3, 1, 4, 5, 6, 4, 6, 5, 2, 3, 1, 1, 3, 2, 4, 5, 6","False","1024","2","48000","-16","experiment","103","odd","517.3913200000006","614.0","922.0","699.0","165.0","74958.79630000127","NA","NA","5458.057699999699","517391.1836000007","517391.2904000008","NA","19279.39520000109","60359.899200000655","NA","5458.34190000096","525503.5728000002","517380.0088000007","NA","518896.4630999999","518902.307100001","23015.45360000091","524919.4281","85447.63070000045","NA","NA","86411.68930000094","517379.9894000003","525503.5439000003","524927.4397999998","517379.94290000095","519908.70970000105","519902.5426999997","86412.08150000057","517379.0151000012","519908.77270000055","519919.24760000076","19279.459600000337","Attentional Spatial Bias","0","0","0","47","اکنون چشم‌پیما را کالیبره می‌کنیم.<br><br>لطفاً نقطه متحرک را با چشمان خود دنبال کنید و سرتان را ثابت نگه دارید.<br><br>لطفاً منتظر بمانید.","از شرکت شما سپاسگزاریم!<br><br>آزمایش اکنون به پایان رسیده است.<br><br>لطفاً با آزمایشگر تماس بگیرید.","در این آزمایش، شما یک داستان کوتاه را که روی صفحه نمایش داده می‌شود، خواهید خواند.<br><br>لطفاً هر خط را با دقت بخوانید، زیرا در پایان آزمایش چند سؤال در مورد داستان از شما پرسیده خواهد شد.<br><br>پس از هر پاراگراف، یک جفت تصویر خواهید دید. به هر دو تصویر نگاه کنید و تعداد کل دایره‌ها را در دو تصویر بشمارید.<br><br>در صفحه بعد می‌توانید نمونه‌هایی از یک دایره صحیح و یک شکل نادرست را ببینید. فقط شکل‌هایی را بشمارید که با نمونه دایره صحیح مطابقت دارند.<br><br>برای شروع هر کلیدی را فشار دهید.","دایره شمارش شده را وارد کنید (۰-۳ را فشار دهید)","خوش آمدید! برای ادامه هر کلیدی را فشار دهید.","Farsi","1536","-154","154","-154","154","267","-267","267","-267"
"6","5000","8","undefined","undefined","undefined","undefined","#1a1a1a","7","psycho","False","psycho","psycho","uniform","undefined","undefined","undefined","0","NA","0","0","47","47","0","0","0","NA","0","47","47","NA","47","47","0","47","0","0","NA","0","47","47","47","47","47","47","0","47","47","47","0","314.0134712776202","Tue Jul 14 14:54:32 2026","1000","The main experiment item","False","V7_AttentionalSpatialBias_.osexp","C:\Users\plcm\Downloads","-1","none","-1","-1","False","False","mono","False","18","no","white","no","yes","RTL","606.91968","162.44928","864","7","014.png","015.png","4","psycho","Farsi","47","47","C:\Users\plcm\Downloads\subject-103.csv","150","psycho","no","528192.1344000002","Neonatal Nightingale","4.1.14","6","6","no_prime_trial_48","48","RTL","","0","1","space","1","NA","NA","1","666.9648999995552","10488.151799998377","NA","NA","666.9648999995552","2","psycho","5, 1, 3, 2, 4, 6, 6, 3, 2, 4, 1, 5, 2, 3, 5, 4, 1, 6, 6, 3, 4, 1, 5, 2, 4, 5, 6, 3, 2, 1, 2, 3, 1, 4, 5, 6, 4, 6, 5, 2, 3, 1, 1, 3, 2, 4, 5, 6","False","1024","2","48000","-16","experiment","103","odd","525.6749845000013","501.0","1035.0","586.0","278.0","74958.79630000127","NA","NA","5458.057699999699","525674.8653000013","525674.9560000007","NA","19279.39520000109","60359.899200000655","NA","5458.34190000096","533871.7511000014","525662.9001000001","NA","527175.6903000005","527181.387300001","23015.45360000091","533193.8365000006","85447.63070000045","NA","NA","86411.68930000094","525662.8669000001","533871.7204000005","533204.0284000013","525662.7652000006","528184.7619","528181.9640000012","86412.08150000057","525661.1776999999","528184.8241999997","528192.0882000013","19279.459600000337","Attentional Spatial Bias","0","0","0","48","اکنون چشم‌پیما را کالیبره می‌کنیم.<br><br>لطفاً نقطه متحرک را با چشمان خود دنبال کنید و سرتان را ثابت نگه دارید.<br><br>لطفاً منتظر بمانید.","از شرکت شما سپاسگزاریم!<br><br>آزمایش اکنون به پایان رسیده است.<br><br>لطفاً با آزمایشگر تماس بگیرید.","در این آزمایش، شما یک داستان کوتاه را که روی صفحه نمایش داده می‌شود، خواهید خواند.<br><br>لطفاً هر خط را با دقت بخوانید، زیرا در پایان آزمایش چند سؤال در مورد داستان از شما پرسیده خواهد شد.<br><br>پس از هر پاراگراف، یک جفت تصویر خواهید دید. به هر دو تصویر نگاه کنید و تعداد کل دایره‌ها را در دو تصویر بشمارید.<br><br>در صفحه بعد می‌توانید نمونه‌هایی از یک دایره صحیح و یک شکل نادرست را ببینید. فقط شکل‌هایی را بشمارید که با نمونه دایره صحیح مطابقت دارند.<br><br>برای شروع هر کلیدی را فشار دهید.","دایره شمارش شده را وارد کنید (۰-۳ را فشار دهید)","خوش آمدید! برای ادامه هر کلیدی را فشار دهید.","Farsi","1536","-267","267","-267","267","154","-154","154","-154"
